system,method,scenario_id,split,actual_case,forecast_case,horizon,gamma_Q,cost,perfect_cost,gap_percent,voltage_violation,solve_time_s,avg_step_time_s,max_step_time_s,solver_fail_count,timeout_count,completed,incomplete_reason,seed,solver_kind,solver_window,executed_steps,include_tail,max_steps,final_P_DG_5,final_SOC_BSS_9,step_costs_json,step_times_json,failure_message,experiment_tag
33,MPC-3,80,test_id,id_actual,id_reliable,3,,1750.6988581297453,,,,51.75100064277649,1.0781458467245102,13.82800006866455,0,0,True,,100080,pure_mpc,4,48,True,,1.0,0.1250000008052981,"[10.482018139143662, 14.052368896214753, 8.368416324427631, 11.555666360304798, 5.607606363758771, 9.201104499587116, 5.545716402509746, 10.481076291921031, 15.405441260602855, 5.951439941151344, 22.225361803920308, 27.206663364914398, 40.980445862796216, 26.457257634046854, 16.66519575758521, 5.837313129066636, 5.813144305224585, 4.579749779686162, 3.3464512541477394, 2.1132487292432884, 0.8801422047048304, 0.0, 0.0, 0.0, 1.2330379320254377, 6.1085914282768385, 33.75254304206829, 22.356918255749104, 33.06040616360896, 38.918413392758616, 64.13651672252345, 79.59463973995986, 104.97461863128841, 131.69161923875114, 94.92234791078151, 117.67535086918735, 54.65258367496772, 52.93589535959376, 57.31782922899325, 64.87999558653438, 70.66968459823302, 72.55979420687555, 64.03571792036274, 68.24031938297485, 73.08466817711293, 64.7912945202977, 64.48228202774276, 61.867961814120115]","[0.49900007247924805, 1.3940000534057617, 0.24400019645690918, 7.033999919891357, 0.0839998722076416, 0.7279999256134033, 0.31099987030029297, 0.621999979019165, 0.3020000457763672, 0.12599992752075195, 0.31999993324279785, 0.21800017356872559, 0.559999942779541, 1.1530001163482666, 1.5490000247955322, 0.08800005912780762, 0.08899998664855957, 0.4869999885559082, 0.5080001354217529, 0.03900003433227539, 0.03299999237060547, 0.5140001773834229, 0.40799999237060547, 0.0410001277923584, 1.3610000610351562, 13.82800006866455, 11.822999954223633, 2.2380001544952393, 1.8889999389648438, 0.48000001907348633, 0.12899994850158691, 0.27300000190734863, 0.36100006103515625, 0.3600001335144043, 0.30700016021728516, 0.07800006866455078, 0.16699981689453125, 0.17100000381469727, 0.16100001335144043, 0.15699982643127441, 0.08599996566772461, 0.07399988174438477, 0.14899992942810059, 0.08299994468688965, 0.07999992370605469, 0.07899999618530273, 0.04800009727478027, 0.018000125885009766]",,forecast_sensitivity
33,MPC-7,80,test_id,id_actual,id_reliable,7,,1668.182891861255,,,,1607.9619994163513,33.49920832117399,300.20099997520447,0,0,True,,100080,pure_mpc,8,48,True,,1.0,0.1250000022802441,"[10.48201604851235, 18.4827897151283, 14.990910376136583, 13.566753357673974, 5.883425537306248, 8.710129317871102, 5.747094557642912, 14.254628107773108, 22.232926448652833, 6.836305064219397, 25.102764692139203, 20.610924913470566, 40.98044440281129, 12.447775371421862, 6.1661499338273265, 4.932728, 5.954732784708715, 4.721327239254058, 3.488017693799401, 2.2548041489787343, 1.0216866045241038, 0.0, 0.0, 0.0, 1.2330379878195088, 22.176599653301587, 36.65003481578348, 22.35691842367638, 33.06040642832595, 38.918413605636566, 64.13653716213214, 79.59463960078946, 87.77213592741717, 103.19806958073838, 65.286721788389, 95.41301659964508, 54.652583607062674, 52.93589537914024, 57.317829197629386, 64.87999556159355, 70.66968458222628, 72.5597941797523, 64.03571793691457, 68.24031932192858, 73.08466811251594, 64.7912945380004, 64.48228192262368, 61.86796163236113]","[9.101999998092651, 300.20099997520447, 151.67599987983704, 300.17000007629395, 0.27900004386901855, 300.19599986076355, 3.2849998474121094, 31.43499994277954, 14.900000095367432, 28.65499997138977, 12.007999897003174, 9.535000085830688, 43.36500000953674, 10.973999977111816, 15.455999851226807, 12.829999923706055, 1.5909998416900635, 1.5269999504089355, 1.375, 1.8680000305175781, 1.809000015258789, 13.502000093460083, 10.717999935150146, 21.563999891281128, 1.7609999179840088, 264.39200019836426, 24.90399980545044, 5.4079999923706055, 1.6970000267028809, 1.7590000629425049, 1.7360000610351562, 1.2380001544952393, 0.9740002155303955, 0.25, 1.6439998149871826, 0.24099993705749512, 0.24199986457824707, 0.996999979019165, 1.1480000019073486, 0.3250000476837158, 0.2820000648498535, 0.22099995613098145, 0.20399999618530273, 0.1789999008178711, 0.14299988746643066, 0.10400009155273438, 0.06800007820129395, 0.024000167846679688]",,forecast_sensitivity
33,Proposed-H3,80,test_id,id_actual,id_reliable,3,0.3,1386.6191620364643,,,,29.789000988006592,0.6206041872501373,1.9230000972747803,0,0,True,,100080,proposed,4,48,True,,1.0,0.12499999981117517,"[43.16148344873406, 14.053861265932571, 8.368419654139988, 5.053511879461315, 6.16615, 6.16615, 6.16615, 6.16615, 7.330089962287649, 6.16615, 13.461580328103064, 26.219052834765776, 40.980445788473354, 16.12518959736911, 12.972088114895513, 6.16615, 6.16615, 6.16615, 4.932728, 4.044063791517877, 3.699402, 3.699402, 3.699402, 3.699402, 4.932727378501924, 6.16615, 6.16615, 6.16615, 6.16615, 6.16615, 20.01665753411342, 35.06517133887761, 60.09969840036587, 89.8355107266273, 62.78159649500154, 95.41301522094275, 44.62368401531272, 46.52232480053309, 49.60749733533076, 59.484908097193454, 64.57470454428336, 70.71950200196392, 62.23505324030902, 67.39557044524967, 71.9332368516398, 64.3245392396767, 64.03052414516628, 61.36316755969478]","[1.9230000972747803, 0.6530001163482666, 0.7760000228881836, 0.6119999885559082, 0.6140000820159912, 0.8029999732971191, 0.6159999370574951, 0.5759999752044678, 0.0820000171661377, 0.3969998359680176, 0.5759999752044678, 0.757000207901001, 0.6670000553131104, 0.626000165939331, 0.6749999523162842, 0.6100001335144043, 0.6610000133514404, 0.6469998359680176, 0.6940000057220459, 0.7929999828338623, 0.7130000591278076, 0.6340000629425049, 0.5550000667572021, 0.568000078201294, 0.6069998741149902, 0.47699999809265137, 0.6119999885559082, 0.6130001544952393, 0.5580000877380371, 1.3329999446868896, 0.6460001468658447, 0.7720000743865967, 0.6599998474121094, 0.5780000686645508, 0.562000036239624, 0.6099998950958252, 0.621999979019165, 0.5820000171661377, 0.5980000495910645, 0.6100001335144043, 0.5659999847412109, 0.5520000457763672, 0.6039998531341553, 0.6070001125335693, 0.6100001335144043, 0.0989999771118164, 0.05800008773803711, 0.02499985694885254]",,forecast_sensitivity
33,MPC-3,81,test_id,id_actual,id_reliable,3,,1667.9582633958096,,,,51.33900022506714,1.0695625046888988,8.70199990272522,0,0,True,,100081,pure_mpc,4,48,True,,1.0,0.12500000058713587,"[23.33884271283026, 7.390408816428465, 3.699401771531471, 8.93443076675958, 5.450661963250343, 14.14520746052375, 5.737565109656372, 9.095700733370027, 9.439754879939173, 9.317248530289076, 20.112155833198425, 26.715228198149703, 27.458468670769697, 29.62071317392268, 10.121871532716908, 5.704481545808442, 5.415104064173082, 4.181740518872682, 2.9484729740722564, 1.715301428771817, 0.4822258834713777, 0.0, 0.0, 0.0, 12.423839792106653, 35.772241609514694, 3.699401869669616, 18.43853891215748, 19.313460069585496, 35.38642202217725, 61.300789238477044, 87.90200543783754, 97.56779739148308, 103.04618075989454, 116.6989121309942, 112.77750304094592, 55.66889373535791, 66.0181679097315, 59.95167389291488, 77.0961950509157, 71.97509155253145, 61.191993704990054, 49.728950925218655, 56.06499556556008, 57.327933388668214, 55.14839296073207, 60.271744480934466, 62.162151384905414]","[0.07800006866455078, 2.4790000915527344, 0.09099984169006348, 7.46399998664856, 0.30700016021728516, 1.0829999446868896, 0.08700013160705566, 0.564000129699707, 1.2649998664855957, 0.9100000858306885, 0.36299991607666016, 0.22900009155273438, 1.994999885559082, 0.34599995613098145, 1.7060000896453857, 0.377000093460083, 0.0970001220703125, 0.4330000877380371, 0.04500007629394531, 0.43900012969970703, 0.434999942779541, 0.4570000171661377, 3.757999897003174, 3.006999969482422, 8.70199990272522, 5.442999839782715, 0.30699992179870605, 1.9930000305175781, 2.7089998722076416, 1.069000005722046, 0.28600001335144043, 0.09599995613098145, 0.10100007057189941, 0.4269998073577881, 0.10599994659423828, 0.10199999809265137, 0.17600011825561523, 0.0969998836517334, 0.22799992561340332, 0.09600019454956055, 0.0970001220703125, 0.2609999179840088, 0.20099997520446777, 0.24199986457824707, 0.25, 0.24700021743774414, 0.0690000057220459, 0.01900005340576172]",,forecast_sensitivity
33,MPC-7,81,test_id,id_actual,id_reliable,7,,1596.3408936620422,,,,1308.6599991321564,27.263749981919926,300.42700004577637,0,0,True,,100081,pure_mpc,8,48,True,,1.0,0.12500000209476145,"[24.56868830080551, 7.390408091995546, 3.6994019595521426, 13.726458984731249, 5.812839137040603, 15.3384221977935, 6.190826131854491, 13.878649429177187, 18.151834392018984, 15.234676651561989, 18.246798720549585, 26.71522653447675, 27.458468473727244, 15.842712133745177, 4.932728115816783, 4.974717452242211, 5.026991720679717, 3.7936583836592597, 2.5604210471387465, 1.3272797107522478, 0.8900115838919929, 0.0, 0.0, 0.7842238545605955, 23.094994994209923, 26.774309745457742, 4.483809027771994, 7.6468949711235625, 19.313460486636036, 35.386422700378645, 61.300789379562325, 87.90200550268223, 91.35400688678882, 82.19430209296351, 95.54022238586708, 92.19803744883718, 55.668893968662864, 66.01816791452366, 59.95167763239421, 77.0961950332765, 71.97509155745722, 61.1919972876189, 49.72895091347545, 56.064998854492465, 57.32793332690378, 55.14839289718441, 60.271744449236714, 62.1621511967654]","[94.27899980545044, 2.6569998264312744, 1.178999900817871, 300.42700004577637, 1.113999843597412, 84.72900009155273, 65.87299990653992, 53.14199995994568, 20.263000011444092, 53.11399984359741, 16.706000089645386, 13.430999994277954, 1.9160001277923584, 14.751999855041504, 5.789000034332275, 16.17799997329712, 12.63100004196167, 1.3650000095367432, 2.004000186920166, 10.361000061035156, 77.08899998664856, 12.661999940872192, 21.48900008201599, 19.727999925613403, 300.12800002098083, 48.01099991798401, 22.270999908447266, 17.685999870300293, 3.741000175476074, 1.3619999885559082, 1.4120001792907715, 1.872999906539917, 1.3519999980926514, 1.375, 0.247999906539917, 0.24099993705749512, 0.753000020980835, 0.23099994659423828, 0.7110002040863037, 0.23199987411499023, 0.2220001220703125, 0.9670000076293945, 0.6429998874664307, 0.1789999008178711, 1.7710001468658447, 0.27699995040893555, 0.07499980926513672, 0.020999908447265625]",,forecast_sensitivity
33,Proposed-H3,81,test_id,id_actual,id_reliable,3,0.3,1301.2690372024251,,,,28.686999559402466,0.5976458241542181,1.4519999027252197,0,0,True,,100081,proposed,4,48,True,,1.0,0.12499999981141227,"[56.388190995543376, 7.390410437214501, 3.699402, 4.932728, 6.16615, 6.16615, 6.16615, 6.16615, 6.16615, 6.16615, 11.695979969374584, 25.921240208581402, 27.45846851933647, 18.577783393244765, 7.401639973242143, 6.16615, 6.16615, 6.16615, 5.732822301216129, 4.499434028230828, 4.138088172268393, 3.6994020000000005, 3.699402, 4.310626168303408, 5.543999745487659, 6.16615, 5.578491842845432, 6.16615, 6.16615, 6.16615, 17.36443354626413, 43.32232239033185, 52.60633409931632, 58.86134272673081, 84.77806373386991, 92.19756462657003, 38.79599308873799, 54.21098270011677, 48.40901378561827, 70.46567554687498, 67.09182961544437, 56.12854893872791, 48.60447589464397, 56.06499294325767, 55.534300617893784, 53.889282416625015, 59.95374197110582, 62.16207880540659]","[0.2539999485015869, 0.6690001487731934, 0.503000020980835, 0.5799999237060547, 0.6190001964569092, 0.5499999523162842, 0.0989999771118164, 0.12400007247924805, 0.5499999523162842, 0.5, 0.5799999237060547, 0.6570000648498535, 0.5690000057220459, 0.5480000972747803, 0.4739999771118164, 0.5260000228881836, 1.4270000457763672, 0.5780000686645508, 0.5929999351501465, 0.5690000057220459, 0.5870001316070557, 0.47099995613098145, 0.5220000743865967, 0.6869997978210449, 0.630000114440918, 0.17699980735778809, 0.6349999904632568, 0.5639998912811279, 0.6649999618530273, 1.4519999027252197, 0.5829999446868896, 0.5169999599456787, 0.6089999675750732, 0.5779998302459717, 0.8379998207092285, 0.9890000820159912, 0.7899999618530273, 0.9140000343322754, 0.7860000133514404, 0.8090000152587891, 0.7569999694824219, 0.8390002250671387, 0.8480000495910645, 0.2349998950958252, 0.7689998149871826, 0.38300013542175293, 0.06099987030029297, 0.023000001907348633]",,forecast_sensitivity
33,MPC-3,82,test_id,id_actual,id_reliable,3,,1618.251724660957,,,,47.80600118637085,0.9959583580493927,13.72599983215332,0,0,True,,100082,pure_mpc,4,48,True,,1.0,0.1250000024781391,"[21.164019106972173, 4.58127717687117, 4.237034864826845, 4.805004447301543, 5.195224491855499, 8.842902906693404, 6.164347087592464, 13.946681696647607, 11.612423185860006, 10.334146900229378, 19.352682894474718, 22.435058565929495, 30.47539005487299, 24.662072920377895, 32.710471386029326, 8.18428723000262, 5.546259201509577, 5.7277285715849375, 4.494340694051879, 3.2610488170182688, 2.0278530438646274, 0.794753166323405, 0.0, 0.0, 1.233037664253865, 2.466171537664898, 18.440951561296874, 15.654385243693113, 32.48419504357457, 34.31307730816358, 43.688877934058624, 78.23701948097361, 90.94720657236145, 105.37248931292724, 122.63816276992108, 107.09388065519072, 46.966722266149915, 64.43558174903023, 62.95687576798267, 60.52193234823306, 62.362120390659, 58.54338428264624, 52.16307865533275, 54.43324260972327, 64.02372908867939, 58.76931450120859, 69.06454600086943, 60.88673350547301]","[0.30900001525878906, 2.1489999294281006, 2.9100000858306885, 0.31400012969970703, 0.315000057220459, 2.5889999866485596, 0.06100010871887207, 0.28999996185302734, 0.9750001430511475, 0.7819998264312744, 0.9490001201629639, 0.7649998664855957, 0.5170001983642578, 0.9440000057220459, 0.21600008010864258, 2.2330000400543213, 0.10899996757507324, 0.5310001373291016, 0.44500017166137695, 0.04500007629394531, 0.051000118255615234, 0.4290001392364502, 0.0410001277923584, 0.44499993324279785, 2.4689998626708984, 2.2280001640319824, 13.72599983215332, 4.5980000495910645, 1.4270000457763672, 0.9049999713897705, 0.434999942779541, 0.5590000152587891, 0.3469998836517334, 0.434999942779541, 0.14300012588500977, 0.1119999885559082, 0.24900007247924805, 0.09800004959106445, 0.16899991035461426, 0.17100000381469727, 0.2710001468658447, 0.10099983215332031, 0.21000003814697266, 0.15900015830993652, 0.24699997901916504, 0.24499988555908203, 0.06100010871887207, 0.026999950408935547]",,forecast_sensitivity
33,MPC-7,82,test_id,id_actual,id_reliable,7,,1538.3360136034592,,,,1609.0569996833801,33.522020826737084,300.15300011634827,0,0,True,,100082,pure_mpc,8,48,True,,1.0,0.12500000201514425,"[22.513985727912367, 4.581277178351094, 4.237034864832471, 4.932701431738836, 5.648754048706879, 10.646828914104212, 9.75767136429818, 17.95686541414071, 19.731330482162512, 18.853600981708198, 17.837881377207328, 6.16615, 30.475389875159884, 11.42209813680133, 21.982594259138715, 8.169785229406386, 5.6233529724772655, 5.968705361023186, 4.735298728505614, 3.5019881098608288, 2.268773477550366, 1.0356548611448342, 0.0, 7.504990843309723e-07, 17.257578977601845, 14.31168793994937, 22.47315704934466, 15.654368704561204, 32.48419533070987, 34.31307794896116, 43.68887206925243, 78.23701898193954, 75.9439983198033, 71.47999356698651, 93.19887437427975, 86.11816425118187, 46.966725854802306, 64.43558196626871, 62.956880354542044, 60.52195565144205, 62.362124018122024, 58.54338461703824, 52.16308080718347, 54.43324270798591, 64.02373232813179, 58.76931463654226, 69.0645460369138, 60.88673356318473]","[191.13199996948242, 5.036999940872192, 6.638000011444092, 0.36500000953674316, 2.640000104904175, 163.24200010299683, 84.48299980163574, 40.21399998664856, 37.460999965667725, 17.57099986076355, 11.95199990272522, 1.7009999752044678, 1.813999891281128, 17.532999992370605, 12.898000001907349, 44.014999866485596, 1.7609999179840088, 8.467000007629395, 2.1460001468658447, 24.82800006866455, 15.849999904632568, 300.15300011634827, 9.698999881744385, 28.658999919891357, 167.29800009727478, 300.0940001010895, 51.19099998474121, 17.203999996185303, 2.0269999504089355, 10.150999784469604, 17.005000114440918, 1.7409999370574951, 1.8489999771118164, 2.003000020980835, 0.28299999237060547, 2.0480000972747803, 1.2029998302459717, 0.3259999752044678, 0.3640000820159912, 0.3859999179840088, 1.127000093460083, 1.2330000400543213, 0.3059999942779541, 0.26400017738342285, 0.1830000877380371, 0.40000009536743164, 0.0820000171661377, 0.029999971389770508]",,forecast_sensitivity
33,Proposed-H3,82,test_id,id_actual,id_reliable,3,0.3,1276.1064481778747,,,,35.89099979400635,0.7477291623751322,2.1040000915527344,0,0,True,,100082,proposed,4,48,True,,1.0,0.12499999981132646,"[54.16867974900008, 37.16718616411767, 4.2370382744830435, 4.932728, 6.16615, 6.16615, 6.16615, 6.16615, 6.16615, 6.16615, 6.16615, 6.16615, 30.475389874991485, 10.270849030151787, 15.147629766188768, 6.16615, 6.16615, 6.16615, 6.16615, 6.024562849308485, 4.791151872327006, 3.699402, 3.699402, 4.792888361934694, 5.685820788459104, 5.98231574078422, 6.16615, 6.16615, 6.16615, 6.16615, 6.16615, 33.71562141846153, 46.01467197418997, 60.24786778949322, 93.19887296780726, 86.11816424914917, 33.67453139584062, 54.00191741106469, 52.60337676746867, 52.52096022862197, 56.13987623511849, 57.753697108551634, 50.33627833962586, 53.98972155723634, 63.51256667805741, 57.52778363198515, 68.39394622790797, 60.45699972554794]","[2.1040000915527344, 1.621000051498413, 0.1510000228881836, 0.10100007057189941, 0.5720000267028809, 0.5750000476837158, 0.5980000495910645, 0.6000001430511475, 0.22799992561340332, 0.05299997329711914, 0.5889999866485596, 0.7170000076293945, 0.7439999580383301, 0.7369999885559082, 0.7170000076293945, 0.7759997844696045, 0.8619999885559082, 0.7759997844696045, 0.8869998455047607, 0.8440001010894775, 0.7760000228881836, 0.7369999885559082, 0.7980000972747803, 0.877000093460083, 0.9000000953674316, 0.8810000419616699, 0.7549998760223389, 1.8010001182556152, 0.8610000610351562, 1.4010000228881836, 0.7319998741149902, 0.7650001049041748, 0.8000001907348633, 0.7779998779296875, 0.8299999237060547, 0.8559999465942383, 0.7920000553131104, 0.8369998931884766, 0.8009998798370361, 0.8050000667572021, 0.8669998645782471, 0.7699999809265137, 0.746999979019165, 0.7409999370574951, 0.21700000762939453, 0.4100000858306885, 0.07699990272521973, 0.026999950408935547]",,forecast_sensitivity
33,MPC-3,83,test_id,id_actual,id_reliable,3,,1699.9911551342036,,,,56.299999475479126,1.1729166557391484,15.706000089645386,0,0,True,,100083,pure_mpc,4,48,True,,1.0,0.12500000072835343,"[17.22111724901206, 9.508726749618866, 4.735440789440922, 4.932727793851666, 7.655447487818503, 5.3435867782300175, 11.302352713955894, 11.653234191184538, 6.16615, 6.957033541349288, 14.98685303464027, 24.27294614820901, 35.662218395945054, 23.609158989352885, 15.717898413198236, 18.26679216730212, 6.013648753266802, 4.780238622376002, 3.5469244914852016, 2.3137063605944013, 1.0805842297036004, 0.0, 0.0, 0.0, 1.2330379239939664, 28.72123120756221, 3.6994019225931853, 12.170584097659278, 32.21083161560226, 48.646087866041825, 62.45512982918797, 87.2329897675786, 112.7678088707163, 117.22389964070793, 133.56576944302623, 113.76993401219757, 51.410253857969344, 41.7570805655694, 59.404902392938915, 63.02261592292367, 56.865600177675475, 62.758635722043955, 64.53189047034198, 67.05815803756214, 63.26342737165204, 62.00681220977322, 59.303004235332054, 59.18528107301832]","[0.8220000267028809, 0.8450000286102295, 4.536999940872192, 0.10100007057189941, 3.5379998683929443, 0.4140000343322754, 1.3020000457763672, 0.501000165939331, 0.7359998226165771, 4.126999855041504, 0.7760000228881836, 0.6759998798370361, 0.5969998836517334, 1.6449999809265137, 7.0329999923706055, 0.5109999179840088, 0.14299988746643066, 0.6009998321533203, 0.5770001411437988, 0.5690000057220459, 0.6770000457763672, 0.04799985885620117, 0.06599998474121094, 0.04800009727478027, 1.619999885559082, 15.706000089645386, 0.15600013732910156, 2.0869998931884766, 1.693000078201294, 0.5260000228881836, 0.1789999008178711, 0.11800003051757812, 0.4440000057220459, 0.14499998092651367, 0.09200000762939453, 0.12100005149841309, 0.3020000457763672, 0.2980000972747803, 0.3229999542236328, 0.12299990653991699, 0.33899998664855957, 0.2630000114440918, 0.11899995803833008, 0.1360001564025879, 0.1940000057220459, 0.3059999942779541, 0.08800005912780762, 0.031999826431274414]",,forecast_sensitivity
33,MPC-7,83,test_id,id_actual,id_reliable,7,,1638.7697120805713,,,,1502.92999958992,31.311041658123333,300.2809998989105,0,0,True,,100083,pure_mpc,8,48,True,,1.0,0.1250000019254344,"[17.221117547602148, 13.100262013943185, 11.965453025544107, 4.932725935356503, 8.43379693211366, 5.474712872954419, 13.345529403638935, 16.063672776938482, 9.064476687272958, 12.595168446632524, 13.924862448805678, 6.298444084331625, 35.662218037092906, 11.42005213567272, 11.128489910766266, 18.266794611153337, 6.057351058462131, 4.823937526652929, 3.5907932499919157, 2.357571704904465, 1.1244461601829767, 0.0, 0.0, 0.0, 19.137244290176934, 30.953485158871988, 9.69326535542774, 12.170595526774402, 32.210832068320386, 48.64608812824112, 62.45512991842892, 87.23298975171187, 103.45113593317855, 95.48906096252139, 109.7864242944761, 90.1239147847355, 51.410254079253306, 41.75708051258391, 59.40490613996826, 63.02261592857613, 56.86560381998387, 62.75863571110594, 64.53189045950951, 67.05815801075101, 63.26342737543919, 62.006812254195474, 59.30300412234259, 59.18528092398365]","[91.03999996185303, 95.32399988174438, 300.2809998989105, 0.19299983978271484, 209.64400005340576, 1.573000192642212, 21.482999801635742, 25.638000011444092, 35.71600008010864, 25.39299988746643, 19.944999933242798, 15.759000062942505, 16.21999979019165, 76.96799993515015, 14.17300009727478, 14.56000018119812, 1.5740001201629639, 1.5120000839233398, 0.13499999046325684, 14.144999980926514, 9.33400011062622, 8.227999925613403, 41.33300018310547, 19.449000120162964, 300.1410000324249, 53.013999938964844, 42.72200012207031, 23.213000059127808, 5.578999996185303, 4.377000093460083, 1.3229999542236328, 4.158999919891357, 1.7699999809265137, 1.128999948501587, 0.3280000686645508, 0.2850000858306885, 0.27300000190734863, 1.008000135421753, 1.005000114440918, 0.2559998035430908, 0.8279998302459717, 0.9409999847412109, 0.2199997901916504, 0.1979999542236328, 0.17100000381469727, 0.27699995040893555, 0.06799983978271484, 0.02499985694885254]",,forecast_sensitivity
33,Proposed-H3,83,test_id,id_actual,id_reliable,3,0.3,1339.853199514662,,,,31.314000129699707,0.6523750027020773,1.7230000495910645,0,0,True,,100083,proposed,4,48,True,,1.0,0.12499999980965268,"[50.12685996989731, 9.508726734660915, 4.73544379016032, 4.932728, 6.16615, 6.16615, 6.16615, 6.16615, 6.16615, 6.16615, 6.16615, 13.781051998109925, 35.66221807414398, 15.509389825716617, 15.206413578899863, 18.26679491429411, 6.16615, 6.16615, 4.932728, 4.842236535314872, 3.940563822422171, 3.699402, 3.699402, 3.699402, 4.932728, 6.16615, 6.16615, 6.16615, 6.16615, 6.16615, 18.575295999775527, 42.488215145457325, 67.40206568651269, 71.5876101505111, 100.34492409684313, 88.17364695598759, 40.60385227630487, 35.118683889253894, 50.164885131704075, 57.614242441002595, 53.55132297485403, 58.671891466528876, 62.99111035667721, 66.13058484608815, 62.91730477951729, 62.006810796683375, 58.52328556669485, 59.185277710645636]","[0.2199997901916504, 0.7990000247955322, 0.5520000457763672, 0.6539998054504395, 0.7030000686645508, 0.6589999198913574, 0.6139998435974121, 0.5539999008178711, 0.11300015449523926, 0.5370001792907715, 0.6309998035430908, 0.7050001621246338, 0.689000129699707, 0.6010000705718994, 0.6099998950958252, 0.6669998168945312, 0.6749999523162842, 0.6289999485015869, 0.6620001792907715, 0.7360000610351562, 1.2009999752044678, 0.1549999713897705, 0.6669998168945312, 0.7390000820159912, 0.9360001087188721, 0.7139999866485596, 0.7209999561309814, 0.7230000495910645, 1.7230000495910645, 0.7599999904632568, 0.6459999084472656, 0.6480000019073486, 0.6850001811981201, 0.6800000667572021, 0.7650001049041748, 0.7730000019073486, 0.7060000896453857, 0.7230000495910645, 0.6750001907348633, 0.6110000610351562, 0.7070000171661377, 0.7349998950958252, 0.679999828338623, 0.7780001163482666, 0.7609999179840088, 0.29600000381469727, 0.06699991226196289, 0.029000043869018555]",,forecast_sensitivity
33,MPC-3,84,test_id,id_actual,id_reliable,3,,1798.6969717240127,,,,54.36399984359741,1.1325833300749462,6.4090001583099365,0,0,True,,100084,pure_mpc,4,48,True,,1.0,0.12500000114781143,"[11.655567806289627, 14.311011842018518, 3.985095847071901, 4.932727545160164, 10.645077195747982, 8.48353156652071, 6.146199792240929, 9.075404225275197, 8.907879218090798, 13.453599484091637, 19.469943462337778, 25.310760218958336, 22.907544587456556, 29.759123218614008, 14.031487801318875, 6.159752799174465, 5.916450674015457, 4.96004188538894, 3.726713759407092, 2.4934817156840245, 1.2603455903297227, 0.02730546534135357, 0.0, 3.146504687417533e-08, 1.2330379602656676, 28.953951610260436, 1.9141936133780528, 19.928363681322814, 54.52254350074213, 71.97326002277262, 61.81727502109704, 92.68380766956787, 116.63224115458183, 115.3078795725327, 134.5490854727039, 117.99201957399002, 48.69537527103896, 70.74847479734916, 58.406262358540026, 64.52794379999636, 57.11362589164803, 68.14666654820765, 65.11401899931039, 66.81908258660636, 55.73902130606435, 68.87507628132533, 65.60078629372933, 63.7839330049821]","[2.6069998741149902, 2.490000009536743, 3.693000078201294, 0.34400010108947754, 2.6740000247955322, 3.433000087738037, 0.07799983024597168, 2.442000150680542, 1.9930000305175781, 1.3989999294281006, 0.45399999618530273, 0.2980000972747803, 3.815000057220459, 0.3940000534057617, 1.0279998779296875, 0.3430001735687256, 0.07899999618530273, 3.882999897003174, 0.5339999198913574, 0.06299996376037598, 0.06599998474121094, 0.04200005531311035, 6.099999904632568, 1.622999906539917, 0.8999998569488525, 6.4090001583099365, 0.812999963760376, 3.306999921798706, 0.6710000038146973, 0.13000011444091797, 0.14299988746643066, 0.10500001907348633, 0.10699987411499023, 0.12100005149841309, 0.09499979019165039, 0.12199997901916504, 0.21000003814697266, 0.11400008201599121, 0.19700002670288086, 0.0989999771118164, 0.20200014114379883, 0.09500002861022949, 0.09500002861022949, 0.0989999771118164, 0.2650001049041748, 0.10799980163574219, 0.05800008773803711, 0.023999929428100586]",,forecast_sensitivity
33,MPC-7,84,test_id,id_actual,id_reliable,7,,1644.6649769921903,,,,1312.2070014476776,27.337645863493282,300.1980001926422,0,0,True,,100084,pure_mpc,8,48,True,,1.0,0.12499999980975743,"[11.655568693029798, 18.699923069686868, 7.696688305394307, 4.931074258468873, 12.231585594289013, 8.963561667377078, 7.685725772769027, 13.33506309363883, 13.217813760774344, 23.350586926583574, 25.854704198898787, 10.120750455409071, 22.907545913945476, 15.105825180196925, 5.719985890025314, 6.1223113192758065, 5.538941839997474, 4.568106468789065, 3.408208462106057, 2.175001129840658, 0.9418897979412442, 0.0, 0.3625742039011361, 0.9060619552542362, 2.139170461046, 16.456198987680313, 2.9735980698049054, 5.3435444884924355, 39.85780140503954, 64.30435515854957, 61.81727506744978, 92.68380744311952, 102.11603159011327, 86.03944032552948, 103.73632209023289, 88.1276654984322, 48.695412269231866, 70.7484746647971, 58.40626184148709, 64.52794260897736, 57.11362522980135, 68.1466661261077, 65.11399163224668, 66.81908245611139, 55.73902082036422, 68.8750754858287, 65.600785047404, 63.78393026674989]","[8.95799994468689, 300.17400002479553, 104.88100004196167, 0.2329998016357422, 300.1980001926422, 83.61300015449524, 31.374000072479248, 44.05200004577637, 22.157999992370605, 19.75, 17.08799982070923, 21.740000009536743, 1.744999885559082, 72.10400009155273, 6.135999917984009, 8.854000091552734, 2.5210001468658447, 11.460999965667725, 22.235000133514404, 1.8829998970031738, 13.960000038146973, 64.83200001716614, 19.460999965667725, 21.127000093460083, 4.716000080108643, 64.72800016403198, 1.5450000762939453, 24.97099995613098, 1.505000114440918, 1.555999994277954, 1.2209999561309814, 1.188999891281128, 1.0499999523162842, 0.2840001583099365, 0.25999999046325684, 1.5260000228881836, 0.9249999523162842, 0.28600001335144043, 1.7070000171661377, 0.877000093460083, 1.6460001468658447, 0.26800012588500977, 0.22800016403198242, 0.17800021171569824, 0.8050000667572021, 0.10799980163574219, 0.05900001525878906, 0.031000137329101562]",,forecast_sensitivity
33,Proposed-H3,84,test_id,id_actual,id_reliable,3,0.3,1397.440711336988,,,,28.690999507904053,0.5977291564146677,0.8220000267028809,0,0,True,,100084,proposed,4,48,True,,1.0,0.12499999981125945,"[44.4480224941322, 14.311015506683075, 3.985097261743644, 4.932728, 6.16615, 6.16615, 6.16615, 6.16615, 6.16615, 7.044710423629672, 12.706318646850338, 25.310758239672346, 22.90754595508878, 21.518592715292357, 10.158929683226066, 6.16615, 6.16615, 6.16615, 6.16615, 4.932728, 3.699402, 3.699402, 3.699402, 4.932728, 5.8186697269585546, 6.16615, 4.932728, 6.16615, 6.16615, 20.466578052629888, 17.797218518556193, 48.00071881527615, 71.30372370928285, 69.6784290064901, 98.43364852324152, 88.12735336097109, 38.17017388615608, 64.79406308315843, 49.46075122693818, 58.91602152124336, 53.161502245007846, 65.91610019428698, 62.01567765584721, 66.74889877005027, 55.161540470929644, 68.18359170415121, 65.14171113145076, 62.9304308080433]","[0.2089998722076416, 0.6719999313354492, 0.5639998912811279, 0.6999998092651367, 0.6500000953674316, 0.7359998226165771, 0.7269999980926514, 0.10599994659423828, 0.5490000247955322, 0.5950000286102295, 0.6690001487731934, 0.7349998950958252, 0.6459999084472656, 0.6299998760223389, 0.6150000095367432, 0.6510000228881836, 0.7050001621246338, 0.6679999828338623, 0.7230000495910645, 0.14099979400634766, 0.5529999732971191, 0.5630002021789551, 0.7720000743865967, 0.8220000267028809, 0.752000093460083, 0.6749999523162842, 0.685999870300293, 0.7109999656677246, 0.6929998397827148, 0.6349999904632568, 0.6089999675750732, 0.6449999809265137, 0.6630001068115234, 0.6670000553131104, 0.6919999122619629, 0.7190001010894775, 0.7060000896453857, 0.6630001068115234, 0.6650002002716064, 0.6510000228881836, 0.6410000324249268, 0.6909999847412109, 0.6779999732971191, 0.6740000247955322, 0.5699999332427979, 0.10500001907348633, 0.06799983978271484, 0.03099989891052246]",,forecast_sensitivity
33,MPC-3,85,test_id,id_actual,id_reliable,3,,1716.7474073616286,,,,65.03299975395203,1.3548541615406673,15.260999917984009,0,0,True,,100085,pure_mpc,4,48,True,,1.0,0.1250000007396079,"[21.230371346168674, 10.694659090826912, 11.110749488563254, 4.930329669550705, 6.546454202532584, 9.441545402804246, 16.13185251777844, 8.729615484323244, 5.917386319862043, 8.641154076207027, 19.461236861702602, 26.959258835681815, 33.24530053388029, 27.418223996847566, 14.561101768594613, 21.569010994662932, 5.5818916768163485, 4.348515150020343, 3.115234623224338, 1.8820500970622691, 0.6489615712661275, 0.0, 0.0, 0.0, 1.2330379498610387, 44.37074791149921, 23.437190409436813, 15.200204139083336, 13.4113208345978, 62.986702370422194, 63.74835727369536, 84.57529743074225, 109.34178598188981, 116.15066898545909, 117.2108812749415, 101.30004703027292, 50.78136600528996, 53.71374558528984, 62.32440284733289, 52.373430424876325, 67.35957921254803, 63.79449565356049, 64.51456603306139, 70.74743303365642, 54.37567531091623, 51.58256258395033, 49.89776612349032, 60.15123924737893]","[0.07899999618530273, 0.8940000534057617, 7.054999828338623, 0.0840001106262207, 2.749000072479248, 1.8829998970031738, 1.3849999904632568, 1.3460001945495605, 0.07399988174438477, 1.7000000476837158, 0.4609999656677246, 0.3130002021789551, 3.2150001525878906, 0.40799999237060547, 2.23799991607666, 0.47300004959106445, 0.2990000247955322, 0.4869999885559082, 0.4829998016357422, 0.051999807357788086, 0.046000003814697266, 0.04799985885620117, 5.63100004196167, 0.3899998664855957, 0.6760001182556152, 3.115000009536743, 6.950000047683716, 15.260999917984009, 3.0189998149871826, 0.47499990463256836, 0.35899996757507324, 0.33699989318847656, 0.37000012397766113, 0.37199997901916504, 0.12999987602233887, 0.09600019454956055, 0.2800002098083496, 0.11399984359741211, 0.10100007057189941, 0.29399991035461426, 0.09400010108947754, 0.31099987030029297, 0.11700010299682617, 0.10199999809265137, 0.26999998092651367, 0.2969999313354492, 0.06599998474121094, 0.03400015830993652]",,forecast_sensitivity
33,MPC-7,85,test_id,id_actual,id_reliable,7,,1662.4138647783489,,,,2243.2890005111694,46.73518751064936,300.2590000629425,0,0,True,,100085,pure_mpc,8,48,True,,1.0,0.12500000212976775,"[23.533537913872312, 12.896878722719787, 17.800892551848435, 4.932713301743276, 7.725552904662401, 9.538789990826988, 17.4545683889122, 13.269636366465068, 12.263947372326669, 13.035712077713903, 19.690791724838455, 13.528043594640605, 33.24530039255086, 14.141127286394191, 6.166149995791051, 10.876266566629287, 5.581884271413873, 4.348507745619934, 3.115227219900304, 1.8820426943145154, 0.6489541881793947, 0.0, 0.0, 0.0, 30.59611188192656, 44.37074159495712, 23.437291247409647, 17.262604354634046, 14.328398469884487, 62.986702642948366, 63.74835743829755, 84.57529759916441, 102.86202812581466, 94.8627611771362, 95.95097677833142, 80.13979603850204, 50.781369778858796, 53.71374561985618, 62.32440300367163, 52.37343365849938, 67.35957920144693, 63.79449563186877, 64.51456599793465, 70.74743298863632, 54.375678585014974, 51.582562604410356, 49.89776601360966, 60.151239074170995]","[73.3030002117157, 300.1510000228882, 300.125, 0.2220001220703125, 180.63299989700317, 300.1579999923706, 20.527000188827515, 63.84599995613098, 40.598999977111816, 29.35800004005432, 21.230000019073486, 16.305000066757202, 16.419000148773193, 14.547999858856201, 12.010999917984009, 18.294999837875366, 1.5279998779296875, 1.7330000400543213, 1.6640000343322754, 1.815999984741211, 300.2220001220703, 49.15299987792969, 25.498000144958496, 10.562999963760376, 300.2590000629425, 35.95899987220764, 34.55800008773804, 16.138000011444092, 38.39999985694885, 4.563999891281128, 1.6480000019073486, 2.687000036239624, 1.3589999675750732, 1.3569998741149902, 0.28299999237060547, 0.29600000381469727, 0.9130001068115234, 0.8280000686645508, 0.24700021743774414, 0.9850001335144043, 0.8850002288818359, 0.8599998950958252, 0.22300004959106445, 0.18799996376037598, 0.31800007820129395, 0.3020000457763672, 0.0969998836517334, 0.0279998779296875]",,forecast_sensitivity
33,Proposed-H3,85,test_id,id_actual,id_reliable,3,0.3,1354.5318203885606,,,,31.087000608444214,0.6476458460092545,0.8980000019073486,0,0,True,,100085,proposed,4,48,True,,1.0,0.12499999981113366,"[54.301030935672635, 10.694659582028844, 10.43318356229154, 4.932728, 6.16615, 6.16615, 7.062347739619732, 6.16615, 6.16615, 6.16615, 11.873635315105744, 26.773458145209133, 33.24530038523263, 16.0246162407593, 12.677453651862942, 21.569014471010398, 6.16615, 6.16615, 6.089093331123875, 4.855677329398105, 3.699402, 3.699402, 3.6971336575601743, 3.699402, 4.932728, 6.16615, 6.16615, 6.16615, 6.16615, 19.196097515134745, 19.669777290502182, 39.93809941434526, 64.21041769636452, 75.91800271260314, 85.50229080744221, 79.6370299858034, 41.991956757107324, 49.11071676639656, 53.64158758036862, 47.610389050654035, 63.167656635932055, 59.61977678526566, 63.041026626639514, 70.10937977907318, 53.706043965796916, 51.58254345346775, 49.069548427850485, 59.72156279093791]","[0.21700000762939453, 0.8239998817443848, 0.621999979019165, 0.6960000991821289, 0.6469998359680176, 0.7389998435974121, 0.6749999523162842, 0.6489999294281006, 0.5850000381469727, 0.6400001049041748, 0.5929999351501465, 0.7690000534057617, 0.7330000400543213, 0.6129999160766602, 0.5770001411437988, 0.6750001907348633, 0.7330000400543213, 0.6189999580383301, 0.7039999961853027, 0.7929999828338623, 0.753000020980835, 0.6099998950958252, 0.5460000038146973, 0.690000057220459, 0.8980000019073486, 0.6689999103546143, 0.6770000457763672, 0.6909999847412109, 0.8029999732971191, 0.7400000095367432, 0.6630001068115234, 0.6780002117156982, 0.5989999771118164, 0.625, 0.6619999408721924, 0.6410000324249268, 0.6830000877380371, 0.7360000610351562, 0.6840000152587891, 0.681999921798706, 0.8710000514984131, 0.875, 0.753000020980835, 0.8030002117156982, 0.4930000305175781, 0.35500001907348633, 0.07200002670288086, 0.032000064849853516]",,forecast_sensitivity
33,MPC-3,86,test_id,id_actual,id_reliable,3,,1667.5047021477392,,,,89.19400024414062,1.8582083384195964,28.643999814987183,0,0,True,,100086,pure_mpc,4,48,True,,1.0,0.12500000079512738,"[9.019058233156963, 11.910621754484803, 9.76507655100812, 4.932727334512696, 6.126602691485099, 9.440050567970957, 8.738045322918913, 10.864215934978693, 6.87690735226125, 8.58938971322022, 18.096970953772885, 25.721262382745252, 33.96410452183348, 35.63904929441291, 22.630716749512253, 6.16615, 6.050193629470559, 4.816780654296696, 3.583463679122833, 2.3502427039489695, 1.1171177287751057, 0.0, 0.0, 0.0, 0.6759368724475258, 26.752994527908122, 17.079464970777188, 4.3754966370153685, 26.674139134548824, 23.26495789923699, 69.33666660253972, 80.26243219624023, 92.9272397761042, 108.1845188541184, 103.38273060668608, 130.1285217524257, 57.16078787514772, 49.13443959963678, 61.052160054905514, 72.17437962347131, 63.80429756773422, 69.98062950285578, 58.28303774683457, 61.19091714342148, 55.49313639941373, 70.30602676407705, 66.63293269418843, 52.8481095921152]","[0.7460000514984131, 0.42799997329711914, 4.516000032424927, 0.3599998950958252, 0.0690000057220459, 1.8010001182556152, 10.509999990463257, 0.5019998550415039, 0.7379999160766602, 1.9219999313354492, 0.49699997901916504, 0.6319999694824219, 1.6470000743865967, 0.44099998474121094, 1.4059998989105225, 0.1400001049041748, 0.35000014305114746, 0.5829999446868896, 0.5120000839233398, 0.492999792098999, 0.5260000228881836, 0.44300007820129395, 0.0409998893737793, 0.45799994468688965, 2.694000005722046, 28.643999814987183, 16.626999855041504, 0.7179999351501465, 3.0510001182556152, 2.875, 0.6570000648498535, 0.6690001487731934, 0.48799991607666016, 0.440000057220459, 0.35500001907348633, 0.07800006866455078, 0.11500000953674316, 0.29000020027160645, 0.192000150680542, 0.09600019454956055, 0.192000150680542, 0.09500002861022949, 0.30299997329711914, 0.31400012969970703, 0.3269999027252197, 0.11299991607666016, 0.07599997520446777, 0.023999929428100586]",,forecast_sensitivity
33,MPC-7,86,test_id,id_actual,id_reliable,7,,1581.213020591333,,,,1904.3929998874664,39.67485416432222,300.4559998512268,0,0,True,,100086,pure_mpc,8,48,True,,1.0,0.12500000159634495,"[9.019065927829992, 14.571491021871367, 16.232955827751375, 4.932703450340989, 7.9095257599669395, 9.596631553035577, 10.069424781050582, 15.272189566296419, 13.653652449541891, 13.82054398536588, 23.288405902991585, 12.786820366666081, 33.964104346423966, 21.504848732657614, 6.166149836180142, 6.16615, 5.557172150292391, 4.323797547895689, 3.0905189455733812, 2.145461922111067, 1.219794041495128, 0.0, 0.0, 0.0, 8.064477252256948, 34.37028625552042, 16.21049283461091, 4.932728, 18.99912488207118, 24.78891093591149, 69.63511573029561, 80.79068304737235, 80.07311547950141, 81.48449615792842, 79.23674000203339, 109.27457697283101, 57.160788372001555, 49.13443966797794, 61.0521600602619, 72.17437962816521, 63.80429757106673, 69.98062951217929, 58.28304093933931, 61.190920654447766, 55.49313971963239, 70.30602668302183, 66.63293262494436, 52.84810949262334]","[40.50500011444092, 300.4559998512268, 300.2760000228882, 0.35000014305114746, 115.57100009918213, 150.30800008773804, 101.85400009155273, 23.46999979019165, 51.69199991226196, 31.10700011253357, 15.931999921798706, 30.055000066757202, 65.85800004005432, 35.39199995994568, 13.184000015258789, 7.085000038146973, 16.63100004196167, 1.627000093460083, 2.2239999771118164, 35.06599998474121, 55.73699998855591, 11.266999959945679, 18.943000078201294, 11.95300006866455, 300.1470000743866, 77.46099996566772, 32.66000008583069, 19.64199995994568, 2.003999948501587, 24.0770001411438, 1.5369999408721924, 1.676999807357788, 1.6039998531341553, 0.9680001735687256, 1.5869998931884766, 0.27300000190734863, 0.2869999408721924, 0.9179999828338623, 0.2999999523162842, 0.3300001621246338, 1.1670000553131104, 0.2819998264312744, 0.28099989891052246, 0.20799994468688965, 0.1940000057220459, 0.11999988555908203, 0.09100008010864258, 0.034999847412109375]",,forecast_sensitivity
33,Proposed-H3,86,test_id,id_actual,id_reliable,3,0.3,1335.8588037247207,,,,34.60599946975708,0.7209583222866058,2.2249999046325684,0,0,True,,100086,proposed,4,48,True,,1.0,0.12499999980902561,"[41.75725861312827, 11.910627280477728, 9.765080033862233, 4.932728, 6.16615, 6.16615, 6.16615, 6.16615, 6.16615, 6.16615, 8.650740914173598, 24.009163410279854, 33.964104344928366, 25.697977958278265, 18.446464534013266, 6.16615, 6.16615, 6.16615, 4.932728, 5.438703193912288, 4.235889236956919, 3.699402, 3.699402, 3.699402, 4.932727756197494, 6.16615, 6.16615, 6.16615, 6.16615, 6.16615, 25.45288543033206, 37.95079072185471, 52.82087522146196, 67.64468228971367, 75.23968947829057, 109.27457696904362, 39.5080732126877, 37.40496191485201, 48.25351217187306, 64.96393745452549, 56.84561718279734, 65.93740108234482, 55.760378991919914, 59.82737941101113, 55.48500280915656, 68.15724873795467, 66.38518487799581, 52.84810649069706]","[2.2249999046325684, 0.692000150680542, 0.7960000038146973, 0.8300001621246338, 0.7809998989105225, 0.7659997940063477, 0.810999870300293, 0.6050000190734863, 0.14499998092651367, 0.6380000114440918, 0.750999927520752, 0.8210000991821289, 0.7809998989105225, 0.6809999942779541, 0.6490001678466797, 0.7190001010894775, 0.7389998435974121, 0.7519998550415039, 0.10899996757507324, 0.8369998931884766, 0.8329999446868896, 0.6040000915527344, 0.6919999122619629, 0.6540000438690186, 0.8039999008178711, 0.7630000114440918, 0.7239999771118164, 0.7249999046325684, 1.6710000038146973, 0.746999979019165, 0.809999942779541, 0.6830000877380371, 0.7190001010894775, 0.687000036239624, 0.7119998931884766, 0.8769998550415039, 0.7910001277923584, 0.745999813079834, 0.7390000820159912, 0.7760000228881836, 0.684999942779541, 0.6940000057220459, 0.692000150680542, 0.7200000286102295, 0.6909999847412109, 0.14700007438659668, 0.06599998474121094, 0.026000022888183594]",,forecast_sensitivity
33,MPC-3,87,test_id,id_actual,id_reliable,3,,1687.1565588312644,,,,78.68499994277954,1.6392708321412404,17.23300004005432,0,0,True,,100087,pure_mpc,4,48,True,,1.0,0.12500000132884959,"[14.83385688272537, 13.034582107292952, 3.5393306215839586, 4.532780422791487, 5.765893076278774, 10.373031510366781, 7.22487660151788, 8.26665208970427, 11.650636965534883, 8.559290313644185, 22.951518329156904, 29.148948487779535, 33.295173422751084, 34.11254640588709, 19.751383465029413, 11.948142451876157, 5.252726359685009, 4.0193754527773295, 3.283672611419597, 2.377472263459825, 1.1443451685221335, 0.0, 0.0, 0.6529268289702473, 1.3502693696519747, 2.583412434132334, 7.075588850814007, 9.422522556210904, 24.451537157079905, 45.46313428126862, 73.08835644824742, 96.75407061457601, 115.71058974721466, 108.16741983183107, 127.94402707886242, 100.8282418839468, 58.50454005824146, 56.87860642017833, 69.93183627427356, 60.34514268799033, 68.12355123178168, 56.07725008650821, 48.818738601504684, 67.05472853748263, 53.814888702620806, 56.26478294914696, 58.76031106255212, 64.02385012639246]","[0.35699987411499023, 3.2980000972747803, 0.3510000705718994, 0.34999990463256836, 0.10500001907348633, 3.437000036239624, 3.864000082015991, 4.046999931335449, 0.6660001277923584, 1.9819998741149902, 0.45600008964538574, 0.29200005531311035, 1.0099999904632568, 0.3880000114440918, 0.7630000114440918, 4.9659998416900635, 4.111000061035156, 0.5099999904632568, 0.625, 7.71399998664856, 0.4830000400543213, 0.49000000953674316, 5.820000171661377, 3.1100001335144043, 2.6070001125335693, 0.5, 17.23300004005432, 4.1600000858306885, 1.3469998836517334, 0.5469999313354492, 0.14100003242492676, 0.10800004005432129, 0.10800004005432129, 0.434999942779541, 0.12399983406066895, 0.11500000953674316, 0.18399977684020996, 0.17699980735778809, 0.11100006103515625, 0.19499993324279785, 0.11400008201599121, 0.19900012016296387, 0.2329998016357422, 0.11700010299682617, 0.3039999008178711, 0.312999963760376, 0.09200000762939453, 0.026000022888183594]",,forecast_sensitivity
33,MPC-7,87,test_id,id_actual,id_reliable,7,,1606.3248428313289,,,,1935.2009992599487,40.31668748458227,300.25099992752075,0,0,True,,100087,pure_mpc,8,48,True,,1.0,0.12500000838719139,"[14.833882115252246, 17.1506521725902, 3.6994019165379477, 4.932727666287472, 6.563135198263216, 11.564102280285269, 9.145303604279654, 12.055858596116677, 20.081130901202407, 9.582355115035648, 32.35676943289435, 10.549393608847087, 33.295169917032105, 20.380840228506862, 6.16615, 8.099967927330653, 5.252732266816704, 4.0193813598748145, 3.1640485803164955, 2.3774782563873207, 1.1443511619831228, 0.0, 0.724795470587936, 1.9578899014679927, 1.5696730519676667, 10.26216043647802, 11.84984714195312, 6.407969726322933, 24.451537314919, 45.46313453331673, 73.08835655123838, 96.75407063757196, 109.23958467321515, 86.88006636413844, 104.79101154871972, 77.87168100413821, 58.50459739909044, 56.87860630475384, 69.93183595060454, 60.34514230404197, 68.1235501391041, 56.07724972873051, 48.81873814865689, 67.05472780895829, 53.81484197591333, 56.264782474231616, 58.76031068934724, 64.02384924602083]","[33.76899981498718, 300.25099992752075, 0.9470000267028809, 1.4229998588562012, 147.33200001716614, 287.0620000362396, 79.23399996757507, 26.33299994468689, 43.834999799728394, 20.34999990463257, 0.8310000896453857, 4.273999929428101, 22.103000164031982, 34.64800000190735, 10.45900011062622, 18.653000116348267, 1.5369999408721924, 1.6440000534057617, 14.199999809265137, 300.13899993896484, 12.740999937057495, 29.628000020980835, 13.348999977111816, 300.2000000476837, 5.269999980926514, 134.07299995422363, 27.685999870300293, 40.079999923706055, 2.9240000247955322, 2.868000030517578, 1.2029998302459717, 6.8440001010894775, 1.4800000190734863, 1.1349999904632568, 0.25999999046325684, 0.27900004386901855, 0.23799991607666016, 0.2390000820159912, 0.24199986457824707, 0.744999885559082, 0.2390000820159912, 0.7549998760223389, 0.8710000514984131, 0.1790001392364502, 2.2679998874664307, 0.28100013732910156, 0.0710000991821289, 0.029000043869018555]",,forecast_sensitivity
33,Proposed-H3,87,test_id,id_actual,id_reliable,3,0.3,1354.485650563655,,,,28.566999912261963,0.5951458315054575,1.6039998531341553,0,0,True,,100087,proposed,4,48,True,,1.0,0.12499999981146581,"[47.622491278880204, 13.034584209628607, 3.699402, 4.932728, 6.16615, 6.16615, 6.16615, 6.16615, 6.16615, 6.16615, 11.88345355384989, 25.489651296800353, 33.29517317571928, 23.501792808222632, 16.620451292786427, 11.948224300364025, 6.16615, 6.16615, 6.16615, 5.430517583981512, 4.197152840002265, 3.699402, 3.699402, 4.932728, 3.699402, 4.932728, 6.16615, 6.166149954060662, 6.16615, 6.16615, 28.903195008005092, 51.983451973717074, 70.41563735672823, 62.75642675551339, 92.62308693822011, 77.17804626956493, 46.261323660983855, 49.01532241510814, 60.15414795871874, 54.54432587469499, 63.07267845815106, 53.642893720715556, 46.14645360996765, 65.39797993395779, 51.23640612825449, 56.26478071838791, 58.5737365911776, 63.536522897492915]","[0.27300000190734863, 0.685999870300293, 0.46900010108947754, 0.624000072479248, 0.5800001621246338, 0.5969998836517334, 0.5490000247955322, 0.5230000019073486, 1.6039998531341553, 0.4069998264312744, 0.5320000648498535, 0.630000114440918, 0.6200001239776611, 0.5449998378753662, 0.5610001087188721, 0.5789999961853027, 0.5500001907348633, 0.5659999847412109, 0.5280001163482666, 0.6029999256134033, 0.5420000553131104, 0.5559999942779541, 0.5839998722076416, 1.4659998416900635, 0.5529999732971191, 0.6419999599456787, 0.6009998321533203, 1.190999984741211, 0.6050000190734863, 0.6459999084472656, 0.565000057220459, 0.5269999504089355, 0.5369999408721924, 0.5839998722076416, 0.6310000419616699, 0.6440000534057617, 0.6130001544952393, 0.6129999160766602, 0.5880000591278076, 0.5770001411437988, 0.5950000286102295, 0.5859999656677246, 0.6029999256134033, 0.5820000171661377, 0.5390000343322754, 0.2780001163482666, 0.06199979782104492, 0.031000137329101562]",,forecast_sensitivity
33,MPC-3,88,test_id,id_actual,id_reliable,3,,1686.1875810544693,,,,77.20499968528748,1.608437493443489,17.06499981880188,0,0,True,,100088,pure_mpc,4,48,True,,1.0,0.12500000091097815,"[18.327902610058707, 3.13995483285832, 5.534566398198963, 7.852767057949189, 12.564857293089249, 9.476982198752928, 12.463044257329816, 13.729204344895805, 8.696826648892031, 6.017909552075359, 20.088789705793033, 29.153130411702115, 30.90740540518624, 35.81094080561269, 22.116611724907294, 11.176422638012706, 6.16615, 5.466314149748933, 4.232946700903452, 2.9996752520546828, 1.7667195127709638, 0.5336399655235967, 0.0, 0.0, 27.78094197654205, 2.4661719389869488, 13.913608767684009, 11.69307122786691, 8.773157136682888, 52.40650758330932, 41.00374387293137, 90.21970059383557, 104.88687929136317, 111.31174497813328, 107.57447927950189, 103.54525644129806, 55.063430086709886, 55.045024373095636, 63.22925320697093, 58.46919935778256, 77.01871442067743, 71.58203583755821, 68.60628676698587, 50.095348072896684, 52.3595904641369, 62.23586342434933, 67.02144701401363, 61.663363474840736]","[0.2870001792907715, 5.163000106811523, 4.428999900817871, 8.819000005722046, 1.7630000114440918, 1.556999921798706, 1.0720000267028809, 0.34399986267089844, 1.8840000629425049, 0.06699991226196289, 0.3689999580383301, 0.25500011444091797, 2.2660000324249268, 0.3660001754760742, 0.10199999809265137, 0.3880000114440918, 0.09599995613098145, 0.5060000419616699, 0.046000003814697266, 0.04699993133544922, 0.04699993133544922, 0.037999868392944336, 4.447000026702881, 0.372999906539917, 17.06499981880188, 0.3859999179840088, 7.5959999561309814, 11.858999967575073, 1.4930000305175781, 0.30700016021728516, 0.622999906539917, 0.11100006103515625, 0.2909998893737793, 0.5720000267028809, 0.11700010299682617, 0.09800004959106445, 0.1770000457763672, 0.23099994659423828, 0.1660001277923584, 0.26800012588500977, 0.08299994468688965, 0.0969998836517334, 0.17199993133544922, 0.24600005149841309, 0.26999998092651367, 0.16499996185302734, 0.06099987030029297, 0.019999980926513672]",,forecast_sensitivity
33,MPC-7,88,test_id,id_actual,id_reliable,7,,1603.978344969068,,,,2190.2410006523132,45.630020846923195,302.7339999675751,0,0,True,,100088,pure_mpc,8,48,True,,1.0,0.12500000204279538,"[20.10799866034075, 3.139952799887154, 12.919141697601395, 11.593559232128634, 12.877342388558041, 9.079004155206041, 13.934066865841459, 18.049147798948717, 15.2393413041237, 10.42157372609216, 19.84369807653046, 18.22094031840754, 30.90735925730516, 21.415908317824318, 6.16615, 6.16615, 6.16615, 5.422409632020187, 4.1890455185321, 2.9557774051182557, 1.7226052918383616, 0.4895291779244242, 0.0, 0.0, 50.5141221582288, 12.62124070249203, 19.11558669288065, 11.693041718171418, 8.77315736003646, 52.40650770616713, 41.00374399012283, 90.21913062945399, 88.37109365553538, 79.42985071515845, 77.20961098125076, 79.2048471143755, 55.063430430544344, 55.04502443563661, 63.22925321973936, 58.46920253706544, 77.01871444403425, 71.5820358494749, 68.60628688535152, 50.09534812685604, 52.359590371349306, 62.23586334085527, 67.02144694613666, 61.663363333922135]","[89.4390001296997, 23.01199984550476, 271.27300000190735, 300.3129999637604, 199.93600010871887, 302.7339999675751, 49.96300005912781, 18.194000005722046, 39.5479998588562, 31.750999927520752, 12.891000032424927, 7.000999927520752, 11.941999912261963, 65.14900016784668, 69.29999995231628, 3.4519999027252197, 9.141000032424927, 37.47100019454956, 1.3650000095367432, 1.5260000228881836, 9.525000095367432, 12.122999906539917, 56.65400004386902, 17.996999979019165, 256.92700004577637, 133.83899998664856, 89.3420000076294, 26.901000022888184, 19.22699999809265, 3.7839999198913574, 1.6329998970031738, 1.1540000438690186, 1.25600004196167, 1.9670000076293945, 1.943000078201294, 1.876999855041504, 1.1070001125335693, 1.1419999599456787, 0.34800004959106445, 1.815999984741211, 0.33100008964538574, 0.32400012016296387, 0.33100008964538574, 2.185999870300293, 0.7290000915527344, 0.25100016593933105, 0.09100008010864258, 0.03500008583068848]",,forecast_sensitivity
33,Proposed-H3,88,test_id,id_actual,id_reliable,3,0.3,1354.3962099616717,,,,29.86099910736084,0.6221041480700175,2.3340001106262207,0,0,True,,100088,proposed,4,48,True,,1.0,0.12499999981119993,"[51.272044966645666, 35.704981478656336, 5.534553250996978, 4.932728, 6.16615, 6.16615, 6.16615, 6.16615, 6.16615, 6.16615, 6.16615, 14.585032056344534, 30.90740543606306, 25.855936336690824, 17.672230920797052, 11.17643187077168, 6.16615, 6.16615, 5.366086103741128, 4.132726374656307, 3.699402, 3.699402, 3.699402, 3.699402, 4.932728, 6.16615, 6.16615, 6.16615, 6.16615, 8.697362790312651, 6.16615, 45.54577452348747, 59.737675554110986, 67.95562344801183, 76.15791983987245, 79.20484711341605, 45.662265726471404, 48.85252667994249, 56.64778380499369, 53.161694384892314, 72.08667648585335, 69.07080301045589, 66.74921968630038, 50.09534707384311, 51.302474603717556, 62.00224963109395, 67.02144570570933, 61.247927103822995]","[0.3659999370574951, 0.8380000591278076, 0.12199997901916504, 0.6719999313354492, 0.880000114440918, 0.8489999771118164, 0.6119999885559082, 0.5269999504089355, 0.5290000438690186, 0.05899977684020996, 0.5740001201629639, 0.6310000419616699, 0.6129999160766602, 0.5490000247955322, 0.5779998302459717, 0.6039998531341553, 0.6319999694824219, 0.7939999103546143, 0.7030000686645508, 0.6340000629425049, 0.617999792098999, 0.5959999561309814, 0.6830000877380371, 0.6589999198913574, 2.3340001106262207, 0.16899991035461426, 0.7110002040863037, 0.2070000171661377, 0.7669999599456787, 0.809999942779541, 0.6909999847412109, 0.6830000877380371, 0.7829999923706055, 0.7269999980926514, 0.8220000267028809, 0.745999813079834, 0.6329998970031738, 0.6760001182556152, 0.6889998912811279, 0.6770000457763672, 0.7439999580383301, 0.8190000057220459, 0.7650001049041748, 0.6339998245239258, 0.14800000190734863, 0.20599985122680664, 0.0690000057220459, 0.029000043869018555]",,forecast_sensitivity
33,MPC-3,89,test_id,id_actual,id_reliable,3,,1792.3841699733814,,,,64.07999920845032,1.3349999835093815,11.102999925613403,0,0,True,,100089,pure_mpc,4,48,True,,1.0,0.12500000088047777,"[23.507936206666802, 10.819325249266315, 8.256431881696205, 4.932727709624072, 5.261210869945615, 6.952023840668597, 8.580040206547796, 13.965665751495067, 8.489634372333983, 10.787033715777742, 17.74491269663868, 28.677241637706636, 30.30754496672445, 28.216355596934264, 18.624526673344974, 6.083223740321681, 4.849808194924075, 5.024943416718254, 3.7916102391271544, 2.5583731840674244, 1.3252320071007373, 0.09218683049999471, 0.0, 0.0, 0.0, 1.2330379434774135, 42.39129308942564, 33.00717417742304, 41.609693941060684, 52.83131078934422, 55.21947241899162, 114.02496522897609, 83.4504141905704, 119.97340822708343, 126.76012689087678, 125.70385770440241, 58.6411738943547, 46.84222644870943, 63.48906132511836, 69.36247317127344, 65.95893574159764, 62.91824634434138, 69.04565721621813, 74.77291972365154, 62.64807714669315, 62.29620635292734, 60.583405103550064, 50.77304391518366]","[0.3080000877380371, 4.3999998569488525, 2.194000005722046, 0.09500002861022949, 0.3489999771118164, 2.2980000972747803, 11.102999925613403, 0.4700000286102295, 2.705000162124634, 1.2369999885559082, 1.1150000095367432, 0.42100000381469727, 0.7219998836517334, 0.5690000057220459, 1.7860000133514404, 0.17499995231628418, 0.08899998664855957, 0.690000057220459, 0.7639999389648438, 3.9579999446868896, 0.051999807357788086, 0.0409998893737793, 0.5409998893737793, 7.801000118255615, 0.628000020980835, 2.859999895095825, 4.7829999923706055, 3.0199999809265137, 2.2170000076293945, 0.7649998664855957, 0.8669998645782471, 0.15899991989135742, 0.7599999904632568, 0.5290000438690186, 0.39999985694885254, 0.11800003051757812, 0.27300000190734863, 0.44499993324279785, 0.3559999465942383, 0.13300013542175293, 0.14400005340576172, 0.3840000629425049, 0.14499998092651367, 0.1399998664855957, 0.41900014877319336, 0.44499993324279785, 0.09099984169006348, 0.11600017547607422]",,forecast_sensitivity
33,MPC-7,89,test_id,id_actual,id_reliable,7,,1681.9549985901897,,,,1587.7139990329742,33.07737497985363,300.34499979019165,0,0,True,,100089,pure_mpc,8,48,True,,1.0,0.12500000173799852,"[25.634380761666122, 13.777941868677848, 15.53963794119149, 4.932727871408202, 5.471605853420911, 6.16615, 10.721345623538795, 17.500167849983637, 13.594909715673202, 18.964009928024183, 14.213411728510906, 21.020025923873554, 30.307540840750356, 14.449141853951678, 6.16615, 5.191576213106572, 4.341260986531185, 4.96204343365459, 3.7287151518819663, 3.282475871937893, 2.049278326449318, 0.8161767809607433, 0.0, 0.0, 0.4607454282807944, 17.344271854392296, 41.42394724918955, 26.66445661949615, 36.8691234772386, 54.97890962324294, 55.219473271427, 107.36334680483073, 61.28043672485317, 86.67464952111989, 97.68736414451543, 105.82616599806781, 58.641174268131586, 46.84223009153017, 63.489061357603546, 69.3624731722567, 65.95893575604381, 62.9182494995079, 69.04565720771448, 74.7729197138735, 62.648077156526924, 62.29620627586969, 60.5834050404995, 50.77304380878455]","[56.0460000038147, 97.16699981689453, 300.31900000572205, 0.37000012397766113, 8.953999996185303, 300.34499979019165, 26.336999893188477, 34.110000133514404, 32.80900001525879, 67.28900003433228, 20.388000011444092, 13.92900013923645, 9.536999940872192, 17.177000045776367, 2.310999870300293, 13.57200002670288, 17.086999893188477, 14.223999977111816, 2.0439999103546143, 61.4280002117157, 10.575999975204468, 8.774999856948853, 63.98799991607666, 24.35800004005432, 16.460999965667725, 277.4269998073578, 26.439000129699707, 42.94599986076355, 2.0970001220703125, 2.1410000324249268, 5.164999961853027, 1.6460001468658447, 2.187999963760376, 0.3659999370574951, 0.4759998321533203, 0.38000011444091797, 0.4509999752044678, 1.7949998378753662, 0.42599987983703613, 0.4719998836517334, 0.4070000648498535, 1.7109999656677246, 0.4090001583099365, 0.31399989128112793, 0.21899986267089844, 0.41300010681152344, 0.11299991607666016, 0.1119999885559082]",,forecast_sensitivity
33,Proposed-H3,89,test_id,id_actual,id_reliable,3,0.3,1420.3767566817178,,,,44.459999084472656,0.9262499809265137,2.2840001583099365,0,0,True,,100089,proposed,4,48,True,,1.0,0.12499999981039145,"[56.58419009834297, 10.81932897816597, 8.256434994661369, 4.932728, 6.16615, 6.16615, 6.16615, 6.16615, 6.16615, 6.16615, 8.192538620238615, 26.660750696878118, 30.307544394479322, 18.03879833821621, 15.031541019098436, 6.16615, 6.16615, 6.16615, 4.932728, 6.16615, 4.932728, 3.699402, 3.699402, 3.7452290116198648, 3.699402, 4.932727793097792, 6.16615, 6.166149674040682, 6.16615, 11.104760422503487, 11.204950800631153, 70.89318737514553, 40.167180210479145, 79.490154025741, 97.68736414097243, 105.82616599726056, 52.391490287638476, 40.90668858816832, 55.19036825158615, 66.29487684971552, 62.75034543813087, 60.46963383673845, 67.97476461846117, 74.77060023974818, 62.3117754576613, 61.256519036621604, 60.44745671374898, 50.613050771926254]","[0.44299983978271484, 1.0179998874664307, 0.9560000896453857, 1.0849997997283936, 1.0, 1.0929999351501465, 0.9110000133514404, 0.8849999904632568, 0.9059998989105225, 0.7070000171661377, 1.003999948501587, 0.9699997901916504, 1.0950000286102295, 0.8599998950958252, 0.9570000171661377, 0.9739999771118164, 0.8639998435974121, 1.054999828338623, 0.8469998836517334, 1.0310001373291016, 0.878000020980835, 0.7430000305175781, 0.994999885559082, 1.1349999904632568, 0.8810000419616699, 1.3250000476837158, 0.8399999141693115, 2.2840001583099365, 1.0239999294281006, 1.1389999389648438, 0.9530000686645508, 0.9730000495910645, 1.0419998168945312, 0.931999921798706, 1.1600000858306885, 0.8020000457763672, 0.7680001258850098, 0.7780001163482666, 0.8489999771118164, 0.9749999046325684, 0.9849998950958252, 0.937999963760376, 1.0280001163482666, 0.9179999828338623, 0.9149999618530273, 0.33700013160705566, 0.10400009155273438, 0.09800004959106445]",,forecast_sensitivity
33,MPC-3,90,test_id,id_actual,id_reliable,3,,1706.3695133932881,,,,69.19499945640564,1.4415624886751175,19.51200008392334,0,0,True,,100090,pure_mpc,4,48,True,,1.0,0.12500000080856047,"[16.57657626639352, 9.294333541695792, 3.692950455391205, 4.926275692550095, 6.159674681808785, 6.085971252156352, 8.692166496836917, 8.407698168628562, 12.949069242878714, 10.974812772993186, 17.69399534790862, 29.694852590286224, 16.7295343637658, 16.24526223701128, 22.58665002548142, 13.223290651398464, 5.4298688017746475, 5.641601060502554, 4.408393270475937, 3.175108083387132, 1.941919000180926, 0.7088258125839682, 0.0, 0.0, 18.871901578444483, 1.845559775913836, 32.79686310995358, 4.3120190841253345, 33.57660054905122, 55.94544500858958, 43.83137913661931, 93.63819309079176, 96.33677334789637, 120.8816120157388, 115.36044915768717, 120.33762901188294, 44.01046891126645, 53.25841933204487, 68.36144262370185, 59.757191587854116, 69.43845912294186, 52.44734171523193, 61.72515271443709, 70.25492318258051, 66.76774838543078, 63.71264727672358, 68.42327119674083, 65.23919266154965]","[0.5520000457763672, 0.8559999465942383, 0.3580000400543213, 0.11899995803833008, 0.06800007820129395, 0.08799982070922852, 2.559000015258789, 2.5380001068115234, 0.7279999256134033, 0.7070000171661377, 0.4759998321533203, 0.312000036239624, 1.5880000591278076, 1.5729999542236328, 1.686999797821045, 1.5260000228881836, 0.46399998664855957, 0.18199992179870605, 0.09100008010864258, 0.07999992370605469, 0.09299993515014648, 0.6129999160766602, 0.07599997520446777, 0.08799982070922852, 19.51200008392334, 3.5399999618530273, 18.288000106811523, 0.9219999313354492, 3.4760000705718994, 0.6679999828338623, 0.7590000629425049, 0.6499998569488525, 0.5239999294281006, 0.17400002479553223, 0.18899989128112793, 0.1770000457763672, 0.4199998378753662, 0.31599998474121094, 0.17600011825561523, 0.3960001468658447, 0.1640000343322754, 0.47500014305114746, 0.1700000762939453, 0.17400002479553223, 0.2740001678466797, 0.18199992179870605, 0.09999990463256836, 0.04699993133544922]",,forecast_sensitivity
33,MPC-7,90,test_id,id_actual,id_reliable,7,,1568.573757199788,,,,1255.954999446869,26.1657291551431,300.2640001773834,0,0,True,,100090,pure_mpc,8,48,True,,1.0,0.12500000504642678,"[16.576578489446828, 14.353048621363843, 3.6994019040834623, 4.932715155630196, 9.018518993226365, 7.1784432389268895, 10.794992603630444, 13.193392064532379, 21.753553080626197, 16.965045250568785, 14.420324701762452, 20.595465175121426, 16.729498182318427, 5.947672157091452, 6.166147883534583, 6.591852303901623, 5.429869166350232, 6.029221808887606, 4.795810466372815, 3.5624951239322735, 2.3292757816255643, 1.096152438684904, 0.0, 0.0, 35.77222921902998, 1.9512752917449376, 37.455778452784244, 11.509148848407097, 32.11642914971584, 55.94544519594072, 43.83137906828441, 73.41698608009192, 60.58872510873598, 76.02351208736452, 85.93056508212119, 98.47654866893834, 44.01046877787584, 53.25841925175398, 68.36144256020457, 59.75719517137787, 69.43845902059881, 52.447341584894524, 61.72515259114283, 70.25492306847099, 66.76774820894147, 63.71264707811579, 68.4232708915108, 65.23919215012239]","[3.251999855041504, 300.2640001773834, 0.9529998302459717, 0.21799993515014648, 172.68600010871887, 267.3589999675751, 27.44600009918213, 27.04100012779236, 25.366999864578247, 18.763000011444092, 17.97099995613098, 13.964999914169312, 19.14199995994568, 16.725000143051147, 21.249000072479248, 16.687000036239624, 1.6150000095367432, 10.48199987411499, 2.735999822616577, 2.1489999294281006, 13.03499984741211, 16.402000188827515, 16.745999813079834, 23.357999801635742, 118.24400019645691, 18.037999868392944, 39.48099994659424, 28.388000011444092, 2.2860000133514404, 1.622999906539917, 2.0880000591278076, 1.380000114440918, 1.8379998207092285, 0.2869999408721924, 0.3039999008178711, 0.46199989318847656, 1.3029999732971191, 0.4200000762939453, 0.41499996185302734, 0.4270000457763672, 0.42600011825561523, 1.684000015258789, 0.3580000400543213, 0.29600000381469727, 0.2590000629425049, 0.1770000457763672, 0.11500000953674316, 0.04500007629394531]",,forecast_sensitivity
33,Proposed-H3,90,test_id,id_actual,id_reliable,3,0.3,1355.8246441747706,,,,44.84499979019165,0.934270828962326,2.4579999446868896,0,0,True,,100090,proposed,4,48,True,,1.0,0.12499999981185266,"[49.473245707791506, 9.294333546795972, 3.699402, 4.932728, 6.16615, 6.16615, 6.16615, 6.16615, 6.16615, 6.16615, 9.444579204136888, 28.870108970636117, 16.729534082506767, 7.9024113078721365, 17.538205583086956, 13.223293705537698, 6.16615, 6.16615, 5.64979399443248, 5.238931398557414, 4.005581566362676, 3.699402, 3.699402, 3.818732853194881, 5.0520681402017855, 4.936861133014759, 6.16615, 6.16615, 6.16615, 12.142382104942119, 6.16615, 48.86346550252664, 51.308558712071076, 76.02351067652732, 85.930557568395, 98.47654728747216, 38.87167254413357, 49.52794718930334, 60.617562763036844, 54.8622956348929, 66.51211499305829, 50.12974098679222, 60.46684541935341, 69.87105598616081, 65.22968941507047, 63.585300119135276, 67.58931213741606, 64.61366994035478]","[0.36100006103515625, 1.3630001544952393, 0.8460001945495605, 0.999000072479248, 1.0269999504089355, 0.9289999008178711, 0.9340000152587891, 0.8830001354217529, 0.7950000762939453, 0.7949998378753662, 0.9509999752044678, 1.0270001888275146, 0.6830000877380371, 0.749000072479248, 0.8489999771118164, 0.9389998912811279, 0.8910000324249268, 1.8389999866485596, 0.8959999084472656, 0.7390000820159912, 0.9119999408721924, 0.6500000953674316, 0.8220000267028809, 1.0230000019073486, 2.4579999446868896, 1.0220000743865967, 1.116999864578247, 2.2179999351501465, 1.059000015258789, 0.9279999732971191, 0.939000129699707, 0.9019999504089355, 1.0759999752044678, 0.9819998741149902, 1.1319999694824219, 1.1080000400543213, 0.8689999580383301, 0.7049999237060547, 0.8019998073577881, 0.9519999027252197, 1.0169999599456787, 0.9300000667572021, 0.8499999046325684, 0.8450000286102295, 0.7679998874664307, 0.1679999828338623, 0.06200003623962402, 0.03399991989135742]",,forecast_sensitivity
33,MPC-3,91,test_id,id_actual,id_reliable,3,,1744.7135049381511,,,,100.12900137901306,2.0860208620627723,21.98300004005432,0,0,True,,100091,pure_mpc,4,48,True,,1.0,0.12500000118108273,"[23.834475077679173, 13.685864788771234, 3.699359119357123, 10.499984887450783, 6.1661071123165865, 11.14516275584992, 12.856963161548656, 8.156321159934079, 9.328155325945755, 8.332529928981357, 15.988124729484538, 34.44070873187147, 42.23079773237474, 27.462111179312984, 20.948270853322693, 5.993696133350401, 4.760287555871307, 4.845874693046804, 3.612555453316048, 2.3793323182182182, 1.1462050784793163, 0.0, 0.0, 0.0, 30.885904688720135, 6.227858327491791, 10.992389958169428, 33.57864441917351, 23.765124619464487, 55.37421611415694, 68.98964162451924, 77.02723222270943, 110.35692739298207, 106.84808405720882, 132.66275147084124, 98.21805339832257, 60.23954266629645, 52.39087328606057, 59.35267330499039, 59.01029722465861, 54.72785699342595, 67.4715450049789, 63.315558748705826, 52.91812240752992, 68.13105996376079, 66.781121567966, 58.61428317078129, 55.3208545287535]","[0.13000011444091797, 0.3860001564025879, 0.7950000762939453, 11.76799988746643, 1.5320000648498535, 1.4270000457763672, 1.2100000381469727, 2.569000005722046, 0.6180000305175781, 1.6850001811981201, 0.5920000076293945, 0.33700013160705566, 0.5820000171661377, 1.1449999809265137, 1.2620000839233398, 0.755000114440918, 0.7809998989105225, 3.194000005722046, 0.5690000057220459, 0.08100008964538574, 14.100000143051147, 0.7070000171661377, 0.6610000133514404, 4.927999973297119, 21.98300004005432, 8.592000007629395, 6.765000104904175, 5.26200008392334, 1.0570001602172852, 0.36699986457824707, 0.4240000247955322, 0.13700008392333984, 0.16299986839294434, 0.9350001811981201, 0.18700003623962402, 0.182999849319458, 0.1510000228881836, 0.25500011444091797, 0.3429999351501465, 0.2980000972747803, 0.2669999599456787, 0.12199997901916504, 0.2049999237060547, 0.2089998722076416, 0.10000014305114746, 0.20000004768371582, 0.08599996566772461, 0.023999929428100586]",,forecast_sensitivity
33,MPC-7,91,test_id,id_actual,id_reliable,7,,1696.5235634179573,,,,1688.9529995918274,35.186520824829735,300.34499979019165,0,0,True,,100091,pure_mpc,8,48,True,,1.0,0.1249999998113633,"[25.10733659707214, 15.774879360931363, 3.699401927608185, 14.730762166235984, 6.994097893432173, 11.950741689848225, 14.82443656501065, 12.744150859529725, 13.973391153154987, 13.257249830355178, 13.995287110776008, 34.440705206746344, 42.230846764813016, 13.664501865458519, 6.166149973242523, 5.387832496088612, 4.15447118409094, 4.648085053988008, 3.4147812099479116, 2.181573366041783, 0.9484628041923254, 0.0, 0.0, 0.14126289144475604, 47.07554350952083, 18.66716130579459, 15.071958290628361, 32.63708382022511, 23.76512480083656, 55.374230550325265, 68.98964174877227, 77.02723222788413, 103.53501615303978, 84.85611018709483, 110.50374118174466, 76.31651821364584, 60.23954282198315, 52.390873218806604, 59.352676625403156, 59.01029726142867, 54.72788433453111, 67.47154487841354, 63.31555834147459, 52.9181222038402, 68.13105935565545, 66.78112012810624, 58.61428109696419, 55.32083319182878]","[54.36299991607666, 300.1860001087189, 1.2249999046325684, 151.82799983024597, 52.05400013923645, 300.34499979019165, 20.901999950408936, 53.5460000038147, 48.94700002670288, 32.788999795913696, 30.242000102996826, 17.736000061035156, 0.36100006103515625, 17.484999895095825, 12.023000001907349, 15.199000120162964, 11.713000059127808, 44.65900015830994, 1.8999998569488525, 10.384999990463257, 89.73000001907349, 43.06599998474121, 62.84500002861023, 20.472000122070312, 87.53600001335144, 137.61500000953674, 44.27999997138977, 1.7989997863769531, 5.177000045776367, 6.132999897003174, 1.3629999160766602, 1.4660000801086426, 1.123999834060669, 1.371000051498413, 0.254000186920166, 0.7660000324249268, 0.24899983406066895, 1.196000099182129, 0.882000207901001, 1.1459999084472656, 1.1119999885559082, 0.3469998836517334, 0.3250000476837158, 0.2650001049041748, 0.16699981689453125, 0.23599982261657715, 0.10800004005432129, 0.03500008583068848]",,forecast_sensitivity
33,Proposed-H3,91,test_id,id_actual,id_reliable,3,0.3,1378.494774891677,,,,32.80899930000305,0.6835208187500635,1.0420000553131104,0,0,True,,100091,proposed,4,48,True,,1.0,0.12499999981066603,"[56.94167621649591, 13.685692185928229, 3.699402, 5.18069436277589, 6.16615, 6.16615, 6.16615, 6.16615, 6.16615, 6.16615, 12.205922556303893, 34.44070795257482, 42.230797398067345, 21.197582145608003, 20.41801019332371, 6.16615, 6.16615, 6.16615, 5.654063780533512, 4.420681637443982, 4.04496682440374, 3.699402, 3.699402, 3.8175617761212193, 5.05089679827545, 6.16615, 6.16615, 6.16615, 6.16615, 11.598474977641791, 24.95093386681986, 32.450287194336234, 65.08565171095377, 62.936722594497375, 98.25859286707713, 70.63791603725537, 56.2989137697843, 49.93963067799694, 52.41333630615638, 54.69595315876155, 51.28846932616954, 66.28657366982743, 61.273603696309294, 52.91812147107743, 66.825858119946, 66.71665922762725, 58.50654426706438, 54.865122124519075]","[0.9240000247955322, 1.0420000553131104, 0.8829998970031738, 0.8860001564025879, 0.8489999771118164, 0.8420000076293945, 0.8450000286102295, 0.16199994087219238, 0.7780001163482666, 0.8680000305175781, 0.8550000190734863, 0.9179999828338623, 0.8969998359680176, 0.7850000858306885, 0.6850001811981201, 0.45200014114379883, 0.6369998455047607, 0.682999849319458, 0.6519999504089355, 0.6389999389648438, 0.7999999523162842, 0.6719999313354492, 0.5689997673034668, 0.6719999313354492, 0.9579999446868896, 0.1419999599456787, 0.6710000038146973, 1.0090000629425049, 0.7480001449584961, 0.7899999618530273, 0.6899998188018799, 0.5950000286102295, 0.562999963760376, 0.7030000686645508, 0.7300000190734863, 0.7699999809265137, 0.7219998836517334, 0.8470001220703125, 0.7149999141693115, 0.7389998435974121, 0.687000036239624, 0.7709999084472656, 0.6559998989105225, 0.7720000743865967, 0.2049999237060547, 0.22600007057189941, 0.0709998607635498, 0.03400015830993652]",,forecast_sensitivity
33,MPC-3,92,test_id,id_actual,id_reliable,3,,1558.6348526294316,,,,84.96499967575073,1.7701041599114735,18.20300006866455,0,0,True,,100092,pure_mpc,4,48,True,,1.0,0.12500000095557964,"[5.517877334537035, 16.436116598354342, 9.320412962174412, 11.060028865354166, 7.1841151419008344, 5.774614974694243, 5.491063339759648, 10.329164687447523, 15.288386781784991, 8.468100138525188, 11.084345245901183, 24.320007506571535, 39.40145293972756, 26.562200054161877, 11.868098262768555, 11.333078832869106, 5.036847010148015, 3.8035129065432014, 2.570274802438377, 1.3371326983335523, 0.10408659422872757, 0.0, 0.0, 0.0, 13.799389905460165, 2.0548929915789254, 3.2880909254513733, 6.02332160721178, 25.93027113041517, 20.185365422047656, 63.615185476206584, 70.69593565660962, 106.64411030690157, 124.06234747333315, 91.31038058948424, 123.72847704655634, 49.846693306819525, 56.60665803694246, 48.61760451085954, 63.90740842490697, 55.48437573979316, 55.25890773712643, 53.20851593127378, 65.4359173762228, 49.10955908357545, 64.32217443757654, 60.99135353278142, 52.21699830207299]","[5.385999917984009, 0.3539998531341553, 1.9549999237060547, 10.266999959945679, 2.132999897003174, 0.10299992561340332, 0.11100006103515625, 0.7039999961853027, 0.34200000762939453, 0.9119999408721924, 2.763000011444092, 0.692000150680542, 1.1489999294281006, 2.2139999866485596, 0.4939999580383301, 0.6100001335144043, 0.7260000705718994, 0.05900001525878906, 0.6749999523162842, 0.6860001087188721, 0.5539999008178711, 0.5280001163482666, 4.769999980926514, 0.4590001106262207, 16.935999870300293, 1.317000150680542, 0.43899989128112793, 2.2230000495910645, 18.20300006866455, 2.0369999408721924, 0.5789999961853027, 0.4680001735687256, 0.15199995040893555, 0.46900010108947754, 0.4289999008178711, 0.11500000953674316, 0.2739999294281006, 0.2630000114440918, 0.2779998779296875, 0.3080000877380371, 0.3359999656677246, 0.40200018882751465, 0.28600001335144043, 0.09799981117248535, 0.27699995040893555, 0.28299999237060547, 0.10899996757507324, 0.037999868392944336]",,forecast_sensitivity
33,MPC-7,92,test_id,id_actual,id_reliable,7,,1511.8154328840878,,,,2023.8310000896454,42.16314583520094,308.85399985313416,0,0,True,,100092,pure_mpc,8,48,True,,1.0,0.1249999998100326,"[5.517876903346794, 20.879441425832123, 15.949976559732406, 14.682383790953207, 6.16615, 5.633141674300546, 6.038431339589225, 14.636128530649962, 22.74995943883598, 11.399771596398734, 5.921311805703151, 6.766017397144165, 39.401420418884044, 15.797878225938444, 8.55130843798315, 11.3330613731736, 5.03684166789008, 3.8035075646267704, 2.570269461437751, 1.3371273583827, 0.10408125469360612, 0.0, 0.0, 0.0, 41.78538303294387, 2.4661720000000003, 7.174130889905378, 4.932728, 21.982180175086462, 20.185363020239986, 63.61518566669787, 70.69593576735335, 101.26650654764826, 103.78858952825574, 71.20951889931409, 103.43133662354651, 49.84671816137172, 56.606658174951995, 48.61760453194641, 63.9074119559836, 55.48437587170516, 55.258911162312444, 53.21046599667963, 65.43591672556616, 49.107740350602064, 64.32217283141587, 60.9913521329252, 52.21698861213949]","[21.825999975204468, 300.14800000190735, 300.20700001716614, 300.1489999294281, 91.64800000190735, 1.3650000095367432, 9.568000078201294, 28.894999980926514, 25.8989999294281, 29.289000034332275, 4.591000080108643, 17.763999938964844, 19.056999921798706, 29.947999954223633, 15.07699990272522, 12.720999956130981, 11.686000108718872, 2.3399999141693115, 2.683000087738037, 17.617000102996826, 8.931999921798706, 78.46799993515015, 15.253999948501587, 16.594000101089478, 161.0479998588562, 308.85399985313416, 69.4449999332428, 34.36999988555908, 18.233999967575073, 38.25399994850159, 11.199000120162964, 2.4020001888275146, 3.888000011444092, 1.9610002040863037, 2.5969998836517334, 0.40599989891052246, 0.48000001907348633, 0.3900001049041748, 2.5320000648498535, 0.44700002670288086, 1.3680000305175781, 1.2639999389648438, 1.312000036239624, 0.30100011825561523, 0.878000020980835, 0.3080000877380371, 0.12100005149841309, 0.046000003814697266]",,forecast_sensitivity
33,Proposed-H3,92,test_id,id_actual,id_reliable,3,0.3,1231.476801788358,,,,43.52299880981445,0.9067291418711344,1.694000005722046,0,0,True,,100092,proposed,4,48,True,,1.0,0.12499999981039625,"[38.125269990138605, 16.436118775936748, 9.320414532497647, 4.932728, 6.16615, 6.16615, 6.16615, 6.16615, 6.758949936347988, 6.16615, 6.16615, 18.22800456088211, 39.40145264847136, 18.665610789360457, 11.40632134085872, 11.3330815572098, 6.16615, 6.16615, 4.932728, 3.740128099934761, 3.699402, 3.699402, 3.699402, 3.699402, 4.932728, 3.7896000141619486, 5.022933033433852, 6.16615, 6.16615, 6.16615, 19.48566703293566, 26.432043057768645, 61.406368163908034, 78.37847653510485, 59.08967648531453, 103.43133652700689, 30.015685714314564, 43.11883227671672, 35.887690229244065, 54.40943511290733, 49.37061297058895, 51.51739343070292, 50.581982638925446, 64.45933564340017, 48.07757486961579, 63.79395677604212, 60.79520917760464, 51.57419786702278]","[1.694000005722046, 0.9680001735687256, 0.8700001239776611, 1.1180000305175781, 0.9829998016357422, 1.1579999923706055, 0.8949999809265137, 0.815000057220459, 0.14899992942810059, 0.8540000915527344, 0.9630000591278076, 1.0249998569488525, 1.0239999294281006, 0.9579999446868896, 0.7549998760223389, 0.8480000495910645, 0.7890000343322754, 0.8799998760223389, 0.9170000553131104, 1.2039999961853027, 0.8389999866485596, 0.8789999485015869, 0.9769999980926514, 0.9219999313354492, 1.0980000495910645, 1.1099998950958252, 1.1659998893737793, 1.0439999103546143, 0.9700000286102295, 0.9330000877380371, 0.8939998149871826, 1.0840001106262207, 0.875999927520752, 0.9920001029968262, 1.0509998798370361, 1.0339999198913574, 1.0920000076293945, 0.9539999961853027, 1.063999891281128, 1.0199999809265137, 0.9259998798370361, 0.9900000095367432, 0.8450000286102295, 1.1129999160766602, 0.20099997520446777, 0.39800000190734863, 0.11599993705749512, 0.06799983978271484]",,forecast_sensitivity
33,MPC-3,93,test_id,id_actual,id_reliable,3,,1637.3319171837081,,,,80.40000057220459,1.675000011920929,16.54700016975403,0,0,True,,100093,pure_mpc,4,48,True,,1.0,0.1250000009784015,"[16.17492914066864, 12.25543418690818, 8.877301187392437, 4.932700350691031, 8.129190617734965, 6.166142183372741, 15.274878196907059, 6.16615, 9.108083337804018, 13.148763223038971, 20.71621280710045, 26.960375747645244, 21.694150079752006, 24.846526866255203, 25.968293434456776, 5.233137448259613, 3.9997880665254644, 4.116346869476281, 2.883084496105489, 1.759641050910573, 0.677582641538365, 0.0, 0.0, 0.0, 1.2330379193661543, 7.042909800496364, 22.111897062545978, 15.269340409639423, 6.16615, 51.13053470789753, 63.676785262415706, 75.30767132604454, 83.22395026415455, 117.3712972916592, 126.91280960186826, 122.08025710170422, 42.427094288219536, 64.74763401538351, 56.70975460734655, 59.41606591465383, 69.87583239648089, 62.43596107275621, 66.44399184906077, 61.15507978478, 66.98454523554581, 54.458599026446116, 47.96118088229533, 54.100825430404115]","[0.9240000247955322, 0.8199999332427979, 2.874000072479248, 0.0989999771118164, 3.375999927520752, 0.10500001907348633, 1.6510000228881836, 0.4419999122619629, 2.073000192642212, 1.4920001029968262, 0.935999870300293, 0.4049999713897705, 3.3010001182556152, 2.0789999961853027, 3.6010000705718994, 0.4960000514984131, 1.0090000629425049, 0.8849999904632568, 0.08700013160705566, 5.063999891281128, 10.304999828338623, 0.7739999294281006, 0.6299998760223389, 0.09500002861022949, 1.065999984741211, 16.54700016975403, 4.503000020980835, 2.941999912261963, 5.624000072479248, 0.8169999122619629, 0.2330000400543213, 0.22300004959106445, 1.1589999198913574, 0.7060000896453857, 0.15400004386901855, 0.11500000953674316, 0.4179999828338623, 0.1510000228881836, 0.30299997329711914, 0.14499998092651367, 0.16499996185302734, 0.30299997329711914, 0.3210000991821289, 0.31400012969970703, 0.17600011825561523, 0.2949998378753662, 0.11300015449523926, 0.0840001106262207]",,forecast_sensitivity
33,MPC-7,93,test_id,id_actual,id_reliable,7,,1614.3466084632428,,,,2391.7469997406006,49.82806249459585,300.40700006484985,0,0,True,,100093,pure_mpc,8,48,True,,1.0,0.12500000188909968,"[17.11082799355564, 15.74917980962925, 16.170954269263323, 4.931232700439943, 8.696195807590671, 6.166149010162655, 16.634499122415797, 10.769409719448372, 14.076189375191195, 22.03348206092617, 20.81926094599073, 20.206371715318, 21.69414281436575, 10.777786592707635, 6.16615, 5.047780592788607, 3.8144456380969327, 3.8170437817306317, 2.583804624371855, 1.5476073021051662, 0.6775985214381643, 0.0, 0.0, 0.0, 29.81334714098605, 18.156890575034826, 22.11190436245673, 21.22412437730971, 9.315389176321084, 51.130534829692195, 63.67678767174976, 75.30767133658283, 82.45515364405874, 100.51118984719861, 104.64582379656366, 99.79111167506225, 42.427097697238885, 64.7476340516769, 56.70975462824039, 59.41606579731611, 69.87583244973916, 62.435961111658024, 66.44399183338669, 61.155079767205486, 66.98454520517701, 54.45859896156974, 47.961180810923786, 54.10082531855744]","[146.19500017166138, 300.1180000305176, 300.40700006484985, 0.3989999294281006, 300.29199981689453, 2.0210001468658447, 23.70299983024597, 40.75600004196167, 38.24799990653992, 29.41000008583069, 20.858999967575073, 18.76799988746643, 18.33400011062622, 16.365999937057495, 2.429999828338623, 18.24500012397766, 2.2679998874664307, 17.549000024795532, 12.417999982833862, 300.25300002098083, 71.90400004386902, 18.882000207901, 45.36299991607666, 10.52400016784668, 189.80800008773804, 279.9889998435974, 56.91700005531311, 24.336999893188477, 31.359999895095825, 34.29299998283386, 2.2950000762939453, 2.315999984741211, 5.013999938964844, 2.486999988555908, 1.3350000381469727, 0.3510000705718994, 1.4249999523162842, 0.4030001163482666, 0.3880000114440918, 1.2209999561309814, 0.3619999885559082, 0.4380002021789551, 0.2719998359680176, 0.21799993515014648, 0.2369999885559082, 0.33299994468688965, 0.13099980354309082, 0.10500001907348633]",,forecast_sensitivity
33,Proposed-H3,93,test_id,id_actual,id_reliable,3,0.3,1285.3156913584537,,,,46.7979998588562,0.9749583303928375,3.0959999561309814,0,0,True,,100093,proposed,4,48,True,,1.0,0.12499999981065144,"[49.04284518820523, 12.25543829601097, 8.877304456956512, 4.932728, 6.16615, 6.16615, 6.16615, 6.16615, 6.16615, 7.350269968728157, 14.493351125237055, 26.960372681220093, 21.694149786740766, 16.959320991383102, 22.723374509803463, 6.16615, 6.16615, 6.16615, 5.585225819635257, 4.991035332278032, 3.7577047949180162, 3.699402, 3.699402, 3.699402, 4.638040066296567, 5.494836407155099, 6.16615, 5.710206927684283, 6.043580963287029, 7.323707121738192, 19.719917574387566, 30.747201648153293, 38.367986304456956, 71.70634569806295, 90.2514446514766, 94.01785617576759, 25.7855760368207, 54.121665042371, 45.98509298124814, 53.07758455230381, 64.45338723909472, 59.22012129534188, 62.953069892913874, 59.333084636206436, 65.83306927757725, 53.47906512640851, 47.060970376673296, 53.77520441191114]","[3.0959999561309814, 1.2400000095367432, 1.0410001277923584, 1.0479998588562012, 1.0450000762939453, 1.1679999828338623, 0.8970000743865967, 0.2199997901916504, 0.9839999675750732, 0.7229998111724854, 0.8969998359680176, 1.005000114440918, 0.9559998512268066, 0.8849999904632568, 0.9229998588562012, 2.0830001831054688, 0.9639999866485596, 1.0190000534057617, 0.21199989318847656, 0.7990000247955322, 0.9580001831054688, 0.9320001602172852, 0.9050002098083496, 0.9140000343322754, 1.1949999332427979, 0.8589999675750732, 0.8190000057220459, 0.9000000953674316, 2.2690000534057617, 0.8779997825622559, 0.7789998054504395, 0.8370001316070557, 0.7929999828338623, 0.7909998893737793, 1.005000114440918, 1.184000015258789, 1.0399999618530273, 1.126000165939331, 1.051999807357788, 1.0299999713897705, 1.0109999179840088, 0.9500000476837158, 0.9090001583099365, 0.9100000858306885, 0.9249999523162842, 0.437999963760376, 0.1360001564025879, 0.04799985885620117]",,forecast_sensitivity
33,MPC-3,94,test_id,id_actual,id_reliable,3,,1653.5192611214925,,,,75.67899990081787,1.576645831267039,17.71499991416931,0,0,True,,100094,pure_mpc,4,48,True,,1.0,0.12500000072712214,"[21.692775432894514, 5.425861649543442, 3.5834274461468167, 11.290792043456248, 9.107272772858515, 5.625689374865625, 6.261028453051241, 10.645220707528647, 12.5234795386596, 12.867821968772246, 21.26227081874209, 26.346829161526188, 41.61517385382555, 29.499044103297997, 17.461866346750693, 16.902229093723953, 5.1501045072038485, 4.921447896932978, 3.6881227749231735, 2.4548937616791644, 1.2217606406631967, 0.0, 0.0, 0.0, 1.2330379411895933, 2.4661718923435383, 3.6994017801954393, 18.88929786089332, 6.16615, 32.41057508283483, 67.59465591843289, 86.81209253675327, 103.90116633442236, 118.76609251553884, 112.20552872609063, 105.04250407711001, 53.56541397038842, 59.688088194434506, 50.69640521414529, 52.870319772925725, 68.08675337199327, 61.1904903369987, 68.44538294860969, 55.486571353876116, 61.03841068947116, 53.3868866761693, 71.87290157005553, 68.45785000957427]","[0.15699982643127441, 2.569999933242798, 0.48799991607666016, 17.71499991416931, 13.541000127792358, 0.3789999485015869, 2.2080001831054688, 1.9680001735687256, 0.4270000457763672, 1.6559998989105225, 0.632000207901001, 0.4310002326965332, 0.6649999618530273, 0.39299988746643066, 0.5110001564025879, 0.5780000686645508, 0.7079999446868896, 5.989000082015991, 0.7239999771118164, 0.06199979782104492, 0.04399991035461426, 0.5099999904632568, 0.625, 6.708000183105469, 1.934999942779541, 0.8169999122619629, 0.34200000762939453, 5.418999910354614, 2.1399998664855957, 1.122999906539917, 0.440000057220459, 0.4049999713897705, 0.12000012397766113, 0.5339999198913574, 0.12900018692016602, 0.11600017547607422, 0.12199997901916504, 0.14999985694885254, 0.4240000247955322, 0.33299994468688965, 0.21399998664855957, 0.11800003051757812, 0.10599994659423828, 0.21799993515014648, 0.3540000915527344, 0.33899998664855957, 0.06399989128112793, 0.0279998779296875]",,forecast_sensitivity
33,MPC-7,94,test_id,id_actual,id_reliable,7,,1518.8252296372111,,,,1901.3119995594025,39.61066665748755,300.3949999809265,0,0,True,,100094,pure_mpc,8,48,True,,1.0,0.12500000643334647,"[22.907433083093892, 5.425860148503123, 3.699401915519502, 14.846994777968671, 11.266940337349101, 5.776141769088962, 8.42318506751646, 16.122529341833523, 20.236292095310663, 23.652220874789016, 26.044600888598886, 9.562694392222006, 41.61517254859972, 15.379483001811847, 6.012274181158675, 6.166149980690919, 4.932728, 4.684898866993097, 3.451592156991768, 2.2183814476244152, 0.9852667386230365, 0.0, 0.0, 1.2126049167771067, 6.720227846546264, 6.705062106417553, 4.912290144336872, 6.145710553476192, 6.16615, 32.41057530410994, 67.59708275996671, 83.70238412326333, 80.9536100007158, 81.47132515164829, 79.55025766001938, 83.08225951787716, 53.56541382214676, 59.68808812591911, 50.69640495935537, 52.870333757399294, 68.0867531667463, 61.19049018871318, 68.4453827902181, 55.48657099373612, 61.0384133852021, 53.38684623929186, 71.87290121044558, 68.45784929859508]","[106.76300001144409, 20.842999935150146, 2.0820000171661377, 266.4910001754761, 145.29299998283386, 2.1730000972747803, 44.47200012207031, 18.740000009536743, 23.14400005340576, 25.953999996185303, 20.200000047683716, 19.316999912261963, 36.037999868392944, 16.94099998474121, 2.2049999237060547, 12.254999876022339, 1.9110000133514404, 47.50999999046326, 2.0389997959136963, 2.5250000953674316, 10.75, 277.0640001296997, 14.832000017166138, 2.176999807357788, 300.3949999809265, 300.2590000629425, 116.32599997520447, 20.761000156402588, 27.800999879837036, 1.9119999408721924, 1.9759998321533203, 1.374000072479248, 0.49199986457824707, 0.48399996757507324, 0.16700005531311035, 0.44299983978271484, 1.2030000686645508, 0.2929999828338623, 1.628999948501587, 1.1990001201629639, 1.247999906539917, 0.39499998092651367, 0.30299997329711914, 0.29600000381469727, 0.16900014877319336, 0.3619999885559082, 0.07299995422363281, 0.03299999237060547]",,forecast_sensitivity
33,Proposed-H3,94,test_id,id_actual,id_reliable,3,0.3,1328.3458867467634,,,,42.293999671936035,0.8811249931653341,2.443000078201294,0,0,True,,100094,proposed,4,48,True,,1.0,0.12499999981181394,"[54.7130998395445, 38.027689126125644, 3.699402, 4.975850338421786, 6.16615, 6.16615, 6.16615, 6.16615, 6.16615, 6.16615, 6.16615, 7.021792199007452, 41.615173598801704, 18.51979481223256, 14.329479958398988, 16.90223138191437, 6.16615, 6.16615, 5.035004576569199, 3.801670616869183, 3.699402, 3.699402, 3.699402, 4.867719573210489, 6.101136512850409, 6.16615, 5.417687236087217, 6.16615, 5.734884127339714, 6.16615, 23.362570220649623, 42.10555312279244, 58.88895822605452, 74.48995704157696, 79.54554979674157, 83.080594488345, 33.25673534849939, 46.39322258357496, 36.91885712457044, 43.65569561490452, 61.136674463057794, 57.929366435794115, 67.49523519383547, 54.087901621223374, 60.13459964847211, 51.36515279721584, 71.08388419726201, 67.56075692481986]","[2.443000078201294, 0.8799998760223389, 0.12999987602233887, 0.6970000267028809, 0.810999870300293, 0.8580000400543213, 0.8389999866485596, 0.8349997997283936, 0.8289999961853027, 1.4690001010894775, 0.7739999294281006, 0.8240001201629639, 0.7929999828338623, 0.7190001010894775, 0.6119999885559082, 0.812999963760376, 0.9249999523162842, 0.9079999923706055, 0.20099997520446777, 0.9559998512268066, 0.8340001106262207, 0.7580001354217529, 0.8300001621246338, 1.0739998817443848, 1.1569998264312744, 1.008000135421753, 0.940000057220459, 2.197999954223633, 1.8029999732971191, 0.9790000915527344, 0.9300000667572021, 0.7439999580383301, 0.7969999313354492, 0.8670001029968262, 1.0910000801086426, 1.0520000457763672, 1.0769999027252197, 0.7929999828338623, 0.8970000743865967, 0.9579999446868896, 0.8799998760223389, 0.9000000953674316, 0.875, 0.9069998264312744, 0.13499999046325684, 0.38299989700317383, 0.07500004768371582, 0.03600001335144043]",,forecast_sensitivity
33,MPC-3,95,test_id,id_actual,id_reliable,3,,1603.4040323552476,,,,73.16399884223938,1.524249975879987,10.937999963760376,0,0,True,,100095,pure_mpc,4,48,True,,1.0,0.12500000082673807,"[15.286355845240099, 3.4468774403619578, 4.658552455871427, 4.932727723470603, 5.402543211280874, 6.309714081241086, 5.280551312988484, 6.166080601505607, 8.953035019136621, 14.327566076159147, 18.20519087133033, 29.283721188340877, 27.133748210218926, 35.861562393063444, 14.772951037245788, 15.960480663185276, 5.0364543766886865, 3.906760430479636, 2.785073504655001, 3.3085124793310827, 2.07553271379767, 0.8424291254214663, 0.0, 0.0, 1.233037644411797, 2.4116373268886986, 3.644862953872509, 6.645374705587842, 16.63177861682747, 52.76090626197611, 62.15264407101722, 81.1074141289556, 97.37015270042306, 106.39548033431386, 96.46303531473887, 129.93003744563856, 64.73712220058262, 49.543997364417635, 46.27242649893248, 64.73337490065322, 59.52974602882731, 61.54233352764876, 50.34364264789429, 64.48773369357217, 49.873473382800256, 69.40358771926373, 65.12341680549072, 67.13039531949896]","[0.3619999885559082, 8.271000146865845, 3.624000072479248, 0.11500000953674316, 0.47099995613098145, 3.865000009536743, 0.45799994468688965, 0.07899999618530273, 0.5090000629425049, 1.6159999370574951, 0.6480000019073486, 0.3899998664855957, 2.3289999961853027, 0.17199993133544922, 0.7359998226165771, 0.5519998073577881, 1.928999900817871, 5.731000185012817, 7.460999965667725, 2.765000104904175, 0.10099983215332031, 0.06299996376037598, 0.09200000762939453, 10.937999963760376, 2.9720001220703125, 0.8420000076293945, 0.7599999904632568, 3.803999900817871, 4.662999868392944, 0.5869998931884766, 0.620999813079834, 0.5659999847412109, 0.19700002670288086, 0.6610000133514404, 0.9149999618530273, 0.15199995040893555, 0.17499995231628418, 0.46399998664855957, 0.5320000648498535, 0.14800000190734863, 0.46000003814697266, 0.25300002098083496, 0.3359999656677246, 0.21700000762939453, 0.2819998264312744, 0.13499999046325684, 0.10100007057189941, 0.04399991035461426]",,forecast_sensitivity
33,MPC-7,95,test_id,id_actual,id_reliable,7,,1492.9369289816177,,,,1062.1090006828308,22.127270847558975,218.37799978256226,0,0,True,,100095,pure_mpc,8,48,True,,1.0,0.12500000199819172,"[15.286356644159625, 3.446876993352345, 11.416000125378533, 4.932715303914569, 6.166133405492201, 6.16615, 5.766741869022919, 10.399502003817002, 16.349303050631352, 20.807124558851882, 16.61413411676791, 29.283719998115096, 27.133743541329288, 22.338004909780814, 5.8299958623654895, 6.166148789948355, 4.932726790465822, 3.6994007910561937, 2.4661707917772286, 3.3085087498287375, 2.0753091784886655, 0.8422056075145651, 0.0, 0.9123028576783115, 2.1454118551400394, 3.138691591287835, 4.371973944023932, 5.605352296733469, 15.881383818153003, 52.760906546054684, 62.15264426268398, 81.10741330778913, 78.71078284647882, 75.52313347549381, 65.31656651887258, 107.1621327644483, 64.73712247085261, 49.544000340549026, 46.27242974049493, 64.73337491409616, 59.529746033611616, 61.54233355184043, 50.34364611614735, 64.4877337704148, 49.87347332136678, 69.40358765933397, 65.12341672306205, 67.13039517295189]","[78.90000009536743, 18.948999881744385, 218.37799978256226, 0.2909998893737793, 0.3410000801086426, 126.25699996948242, 7.36299991607666, 67.27500009536743, 50.21000003814697, 16.943000078201294, 19.045000076293945, 14.72599983215332, 19.698000192642212, 13.729000091552734, 20.414999961853027, 7.632000207901001, 2.4860000610351562, 2.2690000534057617, 1.7609999179840088, 33.58799982070923, 13.64299988746643, 1.883000135421753, 12.889999866485596, 69.5329999923706, 16.799000024795532, 26.973999977111816, 94.67600011825562, 30.130000114440918, 52.257999897003174, 2.1030001640319824, 1.8970000743865967, 1.5759999752044678, 2.003000020980835, 1.940999984741211, 1.9610002040863037, 1.819000005722046, 0.36699986457824707, 1.4749999046325684, 2.2990000247955322, 0.43400001525878906, 2.366000175476074, 0.4500000476837158, 0.41899991035461426, 0.2700002193450928, 1.4010000228881836, 0.16000008583068848, 0.08100008964538574, 0.04499983787536621]",,forecast_sensitivity
33,Proposed-H3,95,test_id,id_actual,id_reliable,3,0.3,1280.8902384122428,,,,41.86900091171265,0.8722708523273468,3.1429998874664307,0,0,True,,100095,proposed,4,48,True,,1.0,0.1249999998119027,"[48.14006956235815, 36.00210020250525, 5.8792003705425095, 4.932728, 6.16615, 6.16615, 6.16615, 6.16615, 6.16615, 6.16615, 6.16615, 6.648860657254076, 27.133747931993575, 22.33800803450712, 6.16615, 6.16615, 6.16615, 6.16615, 5.868745559966349, 6.16615, 4.932728, 3.699402, 3.699402, 3.699402, 3.699402, 4.259382049414234, 5.051703965276073, 4.998058121866718, 6.16615, 9.128501462515922, 18.06658606952095, 36.5581888901491, 52.35535818277687, 63.732949713225686, 64.81819668621793, 107.1621327633803, 50.50791454900378, 40.2476042485882, 35.49232660042142, 58.07284753707714, 54.3191278497388, 59.463763445905066, 49.76407568160482, 62.97738022611122, 48.599440602412244, 66.7988036990721, 64.96743753010801, 66.71471221872918]","[0.42799997329711914, 3.1429998874664307, 0.12199997901916504, 1.380000114440918, 0.10500001907348633, 0.7730000019073486, 0.10299992561340332, 2.197999954223633, 0.7330000400543213, 0.749000072479248, 0.08000016212463379, 0.12999987602233887, 0.8440001010894775, 0.9179999828338623, 0.1099998950958252, 0.10599994659423828, 0.9700000286102295, 0.9640002250671387, 0.24900007247924805, 1.1349999904632568, 0.9760000705718994, 0.8580000400543213, 0.875, 0.8910000324249268, 1.1419999599456787, 1.1929998397827148, 1.0450000762939453, 2.0260000228881836, 2.7039999961853027, 0.9809999465942383, 0.9099998474121094, 0.6960000991821289, 0.7840001583099365, 0.687000036239624, 0.996999979019165, 0.9930000305175781, 1.0350000858306885, 0.9890000820159912, 1.0880000591278076, 1.0190000534057617, 1.0850000381469727, 1.1190001964569092, 1.003000020980835, 0.192000150680542, 1.0309998989105225, 0.15799999237060547, 0.10199999809265137, 0.04999995231628418]",,forecast_sensitivity
33,MPC-3,96,test_id,id_actual,id_reliable,3,,1666.507291289621,,,,151.6830005645752,3.1600625117619834,23.582000017166138,0,0,True,,100096,pure_mpc,4,48,True,,1.0,0.12500000077525425,"[15.213147200714408, 14.908710006006341, 6.8806992340274995, 8.551004242978324, 6.275502737036822, 7.839208416998188, 6.114239602484801, 8.065611534810621, 7.5107329252160735, 6.703946606260821, 15.882793113418202, 23.909839522253876, 34.40906984875981, 14.394403379463979, 25.6229254408646, 5.708463853047679, 5.46317415032656, 4.229980629432356, 2.9967093296787755, 2.5120784028987244, 1.2789408292102564, 0.04589925652157223, 0.0, 5.5998956944043385, 2.0052647797939107, 6.113792989224332, 11.82016411379616, 5.705135136834062, 7.877862729725372, 51.27101041419049, 77.71860781030848, 92.01812752101732, 101.16460073731086, 103.55794502309091, 112.41807934290864, 103.42084075330767, 43.367295356692395, 65.92411952752845, 62.96503875808186, 62.230544504429574, 66.96436508515464, 66.69440510245428, 60.441446632210855, 73.72370145550096, 75.04157100060696, 65.10438598231012, 52.09336857440538, 66.74864200192245]","[0.5169999599456787, 0.7089998722076416, 4.769000053405762, 12.404000043869019, 3.7190001010894775, 12.28499984741211, 0.11999988555908203, 3.627000093460083, 1.946000099182129, 2.259000062942505, 1.0739998817443848, 0.37399983406066895, 1.1400001049041748, 3.11299991607666, 2.1540000438690186, 0.1940000057220459, 0.6289999485015869, 0.08999991416931152, 0.8410000801086426, 7.683000087738037, 0.7290000915527344, 0.0710000991821289, 0.07800006866455078, 7.6540000438690186, 5.446000099182129, 23.582000017166138, 23.472000122070312, 22.483999967575073, 2.372999906539917, 0.9330000877380371, 0.1979999542236328, 0.1679999828338623, 0.17499995231628418, 0.9769999980926514, 1.00600004196167, 0.20000004768371582, 0.5419998168945312, 0.17300009727478027, 0.30100011825561523, 0.16299986839294434, 0.1790001392364502, 0.10399985313415527, 0.3360002040863037, 0.11100006103515625, 0.14100003242492676, 0.2910001277923584, 0.10899996757507324, 0.039999961853027344]",,forecast_sensitivity
33,MPC-7,96,test_id,id_actual,id_reliable,7,,1581.0093081840932,,,,2345.436000108719,48.86325000226498,300.51799988746643,0,0,True,,100096,pure_mpc,8,48,True,,1.0,0.12500000187986832,"[16.62991326376443, 18.620403825743534, 10.681012785958139, 12.378205793850675, 6.16615, 8.480523039415946, 6.166149687847325, 11.561044965793508, 15.240738186838145, 11.60476462762448, 8.571213970051977, 9.543643338364705, 34.40903692976428, 6.16615, 17.358090930596454, 5.8818505906285035, 5.379222283678433, 4.145861531589902, 2.9125967795757677, 2.28717478751762, 1.0540547436828551, 0.7825351950108422, 0.0, 13.156155976925062, 2.319304435338192, 12.490231536409903, 7.501231511722191, 6.019248135245976, 7.877862065782388, 51.27101065481948, 77.71860789726558, 92.01812709253485, 88.33461773045104, 78.77056674006019, 87.00744681884316, 79.20566884933523, 43.3672996741172, 65.92411973717779, 62.96503882600023, 62.2305445418171, 66.96436509906957, 66.69440511478403, 60.441449736502065, 73.72370141528921, 75.04157096977515, 65.1043860235038, 52.09336848000138, 66.74864186402499]","[126.29099988937378, 235.1029999256134, 147.71399998664856, 300.51799988746643, 59.18499994277954, 297.5369999408722, 2.069000005722046, 32.329999923706055, 33.49499988555908, 66.28600001335144, 16.23099994659424, 17.503999948501587, 16.61299991607666, 39.4539999961853, 19.222000122070312, 1.4509999752044678, 8.091000080108643, 1.7049999237060547, 2.3970000743865967, 61.998000144958496, 300.17400002479553, 51.73699998855591, 13.315000057220459, 300.1470000743866, 7.069999933242798, 78.66700005531311, 23.792999982833862, 50.29700016975403, 11.325999975204468, 2.4659998416900635, 4.934999942779541, 2.065000057220459, 2.318000078201294, 2.3420000076293945, 2.243000030517578, 0.434999942779541, 1.7290000915527344, 0.42100000381469727, 0.45200014114379883, 1.2640001773834229, 1.1740000247955322, 0.44700002670288086, 0.38000011444091797, 0.31800007820129395, 0.23399996757507324, 0.3190000057220459, 0.12399983406066895, 0.04999995231628418]",,forecast_sensitivity
33,Proposed-H3,96,test_id,id_actual,id_reliable,3,0.3,1349.2053094603355,,,,42.56499981880188,0.8867708295583725,2.006999969482422,0,0,True,,100096,proposed,4,48,True,,1.0,0.12499999981043186,"[48.073683528510855, 14.908713984504143, 6.880702371950212, 4.932728, 6.16615, 6.16615, 6.16615, 6.16615, 6.16615, 6.16615, 6.16615, 16.489880137438995, 34.409072528520035, 8.278645023139006, 19.837848742942818, 6.16615, 6.16615, 6.16615, 5.432395591975403, 5.342498374845045, 4.109140481668552, 3.699402, 3.699402, 4.932728, 3.699402, 4.932728, 6.16615, 6.16615, 6.16615, 7.58296938881233, 33.388993337461194, 47.188588779497366, 56.088121429794015, 60.48055670070353, 78.87092974672572, 79.2056688478992, 31.869107549685438, 60.448691492725196, 54.389020279124, 56.38604763806456, 63.09664414328187, 63.18058960068529, 57.3063961954924, 73.72369884495033, 74.59623226069475, 63.1446530859222, 51.69084149894667, 66.74863787437432]","[0.38299989700317383, 1.2239999771118164, 1.2180001735687256, 1.0099999904632568, 1.1700000762939453, 0.8710000514984131, 1.2360000610351562, 0.8689999580383301, 0.22899985313415527, 0.7370002269744873, 1.1150000095367432, 1.136000156402588, 1.1939997673034668, 1.0889999866485596, 1.0119998455047607, 1.0409998893737793, 1.0789999961853027, 1.0190000534057617, 0.7720000743865967, 0.9000000953674316, 0.7659997940063477, 0.7290000915527344, 0.7280001640319824, 2.006999969482422, 0.7630000114440918, 0.8009998798370361, 0.8880000114440918, 0.8340001106262207, 1.9890000820159912, 0.7899999618530273, 0.7350001335144043, 0.8519999980926514, 0.8619999885559082, 0.745999813079834, 0.8039999008178711, 0.8900001049041748, 0.8630001544952393, 0.8029999732971191, 0.8659999370574951, 0.8670001029968262, 0.8609998226165771, 0.8859999179840088, 0.8469998836517334, 0.8359999656677246, 0.8910000324249268, 0.24099993705749512, 0.08299994468688965, 0.03299999237060547]",,forecast_sensitivity
33,MPC-3,97,test_id,id_actual,id_reliable,3,,1654.6971871283629,,,,63.43899941444397,1.3216458211342494,10.47000002861023,0,0,True,,100097,pure_mpc,4,48,True,,1.0,0.12500000061326128,"[23.476892858265742, 8.775729756383043, 3.6994013495100826, 4.930032029035361, 5.846988293947201, 7.045442308096641, 5.500041417049857, 10.672973387248843, 6.153630101225126, 13.81882028139338, 19.559469016234722, 24.03150567519046, 36.33583635830905, 27.693220798073902, 18.895763562431654, 9.282945659071377, 5.948201211585672, 4.7147961744851, 3.5877245171095797, 2.354503210264037, 1.1213779044186731, 0.0, 0.0, 0.0, 0.0, 12.88901659805693, 19.438383347446326, 29.479482042554928, 39.917760801614754, 58.96819014102168, 56.57794315533095, 82.00604242891023, 88.1543477743193, 120.47599730916971, 118.48136326023844, 107.85428341878061, 43.071272516101786, 48.087962312977965, 46.07812268156374, 64.38704971488481, 58.885974385473205, 64.22765286714662, 68.18184824533661, 52.73081058767631, 64.6222885313258, 54.34694063166778, 55.217778201185055, 57.1713803062499]","[0.11300015449523926, 0.9210000038146973, 0.4629998207092285, 0.11999988555908203, 0.09800004959106445, 10.47000002861023, 0.17100000381469727, 2.5460000038146973, 0.13299989700317383, 0.4479999542236328, 0.6059999465942383, 0.5790002346038818, 1.4019999504089355, 0.46000003814697266, 2.8529999256134033, 2.984999895095825, 0.20399999618530273, 0.7669999599456787, 4.4750001430511475, 0.7829999923706055, 0.07599997520446777, 0.7149999141693115, 0.06299996376037598, 0.7160000801086426, 7.23799991607666, 4.78600001335144, 6.101999998092651, 4.459000110626221, 2.998999834060669, 0.75, 0.6779999732971191, 0.41100001335144043, 0.12600016593933105, 0.11899995803833008, 0.13100004196166992, 0.12999987602233887, 0.4099998474121094, 0.40199995040893555, 0.3450000286102295, 0.15599989891052246, 0.41100001335144043, 0.28999996185302734, 0.14499998092651367, 0.3580000400543213, 0.2720000743865967, 0.42100000381469727, 0.0989999771118164, 0.03399991989135742]",,forecast_sensitivity
33,MPC-7,97,test_id,id_actual,id_reliable,7,,1522.7884597841664,,,,963.488000869751,20.07266668478648,115.97499990463257,0,0,True,,100097,pure_mpc,8,48,True,,1.0,0.12499999981096667,"[24.876594455923218, 8.775728936983164, 3.6994019313024475, 4.932561446966375, 6.165884186825863, 8.802648886343507, 6.16615, 16.570192001994137, 11.532560660750084, 22.93221633224148, 22.518871290916607, 6.16615, 36.3358207295493, 13.307202372073792, 8.153535339033123, 8.784853370112472, 6.10373811540896, 4.870320973311663, 3.636999838604956, 2.403774696715765, 1.1706455551930723, 0.0, 0.0, 0.0, 0.73411027837708, 16.565054550982765, 14.242693408177109, 19.351839786363623, 29.780350846193457, 58.96819046084963, 56.57794384768266, 81.83870850061024, 71.82163880912917, 92.27320621444792, 87.74372364784786, 87.97771580860854, 43.07127582264601, 48.08796589088448, 46.07812254461202, 64.3870216886983, 58.885977894566935, 64.22765269447542, 68.18184751430249, 52.7308139196318, 64.62228828812293, 54.346938272944186, 55.21777497441645, 57.16975299934519]","[70.23000001907349, 1.4619998931884766, 1.5299999713897705, 0.32700014114379883, 0.37000012397766113, 84.34100008010864, 66.72399997711182, 42.51600003242493, 71.53099989891052, 33.39100003242493, 22.985000133514404, 1.626000165939331, 34.4760000705719, 14.968000173568726, 66.90499997138977, 13.165000200271606, 10.901999950408936, 2.0929999351501465, 76.34300017356873, 2.621000051498413, 15.546000003814697, 11.983000040054321, 47.66499996185303, 11.800000190734863, 22.40499997138977, 115.97499990463257, 39.157999992370605, 56.94799995422363, 4.303999900817871, 1.871000051498413, 2.4539999961853027, 2.3389999866485596, 2.386000156402588, 0.48600006103515625, 0.5149998664855957, 1.193000078201294, 1.5729999542236328, 1.5889999866485596, 1.4579999446868896, 0.29399991035461426, 1.128000020980835, 0.32399988174438477, 0.37600016593933105, 0.3190000057220459, 0.2519998550415039, 0.4809999465942383, 0.11899995803833008, 0.0410001277923584]",,forecast_sensitivity
33,Proposed-H3,97,test_id,id_actual,id_reliable,3,0.3,1281.6894017747768,,,,43.722999811172485,0.9108958293994268,2.115000009536743,0,0,True,,100097,proposed,4,48,True,,1.0,0.1249999998108297,"[56.57639295247666, 8.775729751880586, 3.699402, 4.932728, 6.16615, 6.16615, 6.16615, 6.16615, 6.16615, 6.16615, 7.34628965711064, 18.10962932729985, 36.335836298189726, 17.13395331139176, 17.586759862016265, 9.28296885981641, 6.16615, 6.16615, 6.16615, 4.932728, 3.699402, 3.699402, 3.699402, 3.7207390820446617, 3.76695996635292, 5.000291223292662, 6.16615, 6.166149998867768, 6.166147973373031, 15.367252504999952, 12.586499685645624, 37.312765722551816, 45.909890223108185, 78.44133986567967, 87.74074775941172, 87.97762031792696, 32.016387014631775, 42.229427459116344, 38.60763477821873, 58.371502294212824, 53.43953306124163, 61.40230669921416, 66.78193436844796, 52.730808453426754, 63.35373678415167, 53.86349346795749, 54.78439835487591, 56.47971069584473]","[0.34400010108947754, 0.8629999160766602, 0.559999942779541, 0.8059999942779541, 0.8989999294281006, 1.0130000114440918, 1.0, 2.115000009536743, 0.934999942779541, 0.9119999408721924, 1.0820000171661377, 0.9950001239776611, 1.0490000247955322, 0.9260001182556152, 0.8989999294281006, 1.0120000839233398, 1.0829999446868896, 1.0360000133514404, 1.2339999675750732, 0.23599982261657715, 0.9509999752044678, 0.21799993515014648, 1.0099999904632568, 1.000999927520752, 1.1530001163482666, 1.1489999294281006, 1.13100004196167, 1.1419999599456787, 1.0209999084472656, 1.0259997844696045, 1.2249999046325684, 1.2920000553131104, 0.9939999580383301, 0.8410000801086426, 0.9179999828338623, 0.8900001049041748, 0.9850001335144043, 0.9040000438690186, 0.9389998912811279, 0.9290001392364502, 0.871999979019165, 0.9260001182556152, 0.9719998836517334, 0.8559999465942383, 0.8610000610351562, 0.38700008392333984, 0.09100008010864258, 0.039999961853027344]",,forecast_sensitivity
33,MPC-3,98,test_id,id_actual,id_reliable,3,,1631.8100350027046,,,,49.02799916267395,1.021416649222374,8.520999908447266,0,0,True,,100098,pure_mpc,4,48,True,,1.0,0.12500000063582978,"[19.0479503083156, 10.594131658865935, 6.372050080279016, 4.93272754387705, 5.395468414459589, 5.379866711039984, 5.668918800184031, 9.44055903929555, 14.2620776523937, 13.237726039551553, 16.665328661072135, 29.481094347911338, 35.48962444155661, 21.633624323271555, 30.796386518604038, 11.295265899628781, 5.557658916614759, 4.3242843582236095, 3.0911790667832486, 1.8579964132081783, 0.6249097599990523, 0.0, 0.0, 0.7931578504158086, 1.600709595820401, 2.8270796964187683, 4.060337614544254, 4.532408194429961, 9.568557930305978, 43.605024094436175, 69.18685374449117, 81.35389585868428, 108.79561593671792, 114.76207332517983, 106.6822629092635, 110.8005904725209, 48.6048742932205, 52.061950314971796, 59.76635012249404, 66.60931532691224, 54.567214385372466, 64.6695345423211, 62.32949774124623, 57.699128102007975, 49.37250750169937, 69.70726518334357, 67.34822246441765, 65.3567788463331]","[0.8240001201629639, 1.313999891281128, 5.979000091552734, 0.44899988174438477, 0.33899998664855957, 0.43600010871887207, 0.3450000286102295, 0.8289999961853027, 1.2749998569488525, 2.2109999656677246, 1.9159998893737793, 0.43199992179870605, 1.0290000438690186, 0.5939998626708984, 1.2319998741149902, 1.7050001621246338, 0.18899989128112793, 0.09200000762939453, 0.10500001907348633, 0.07899999618530273, 0.0820000171661377, 0.6979999542236328, 8.520999908447266, 3.259999990463257, 2.7330000400543213, 1.36899995803833, 0.6269998550415039, 0.9859998226165771, 1.113999843597412, 1.818000078201294, 0.23600006103515625, 0.2219998836517334, 0.5529999732971191, 0.4869999885559082, 1.0220000743865967, 0.18900012969970703, 0.312000036239624, 0.4240000247955322, 0.4789998531341553, 0.312999963760376, 0.38300013542175293, 0.3230001926422119, 0.30500006675720215, 0.40199995040893555, 0.46000003814697266, 0.17400002479553223, 0.1099998950958252, 0.051999807357788086]",,forecast_sensitivity
33,MPC-7,98,test_id,id_actual,id_reliable,7,,1516.7172647125851,,,,1151.4819996356964,23.989208325743675,300.14800000190735,0,0,True,,100098,pure_mpc,8,48,True,,1.0,0.12500000193043845,"[21.543261338844562, 10.594131554070454, 11.61518502188179, 4.931562368538959, 5.75548560401112, 5.418787186157426, 6.166148622533523, 13.966714288030353, 20.750439401697108, 20.529859770423826, 11.382880125988576, 29.481085700150075, 35.489624162198986, 6.953340182035606, 8.737882767829623, 6.16615, 5.355052583158534, 4.121693712273753, 2.888430841463219, 1.6552639701526433, 0.42219309984206693, 0.0, 0.0, 13.3008338375463, 2.466171954707657, 3.1591696531520324, 4.3924535999838135, 5.625833546787649, 10.23137713095154, 43.6050246813753, 69.18687939318522, 81.16094988945562, 86.41904541873252, 79.99169821853752, 76.18903374441766, 88.97096471233792, 48.60487455322464, 52.0619540556973, 59.76635388088952, 66.60931531509127, 54.56721781569584, 64.66953453839659, 62.329497722748705, 57.699131564705205, 49.37251091864983, 69.70726511196534, 67.3482224687106, 65.35677868435742]","[205.74199986457825, 3.7070000171661377, 133.35199999809265, 0.28600001335144043, 0.41100001335144043, 1.369999885559082, 5.479000091552734, 34.706000089645386, 25.868000030517578, 31.060999870300293, 24.217000007629395, 13.16100001335144, 4.196000099182129, 22.58399987220764, 57.95099997520447, 12.039999961853027, 2.6559998989105225, 2.5860002040863037, 2.325000047683716, 9.879999876022339, 16.868000030517578, 10.684999942779541, 74.78999996185303, 300.14800000190735, 12.347000122070312, 6.301000118255615, 58.241000175476074, 43.514999866485596, 10.73200011253357, 8.815000057220459, 1.8029999732971191, 0.36100006103515625, 1.245999813079834, 0.312999963760376, 1.875999927520752, 0.5069999694824219, 1.6729998588562012, 0.4740002155303955, 1.1610000133514404, 0.4399998188018799, 1.5509998798370361, 0.4249999523162842, 0.3559999465942383, 0.29799985885620117, 2.626999855041504, 0.1790001392364502, 0.11500000953674316, 0.057000160217285156]",,forecast_sensitivity
33,Proposed-H3,98,test_id,id_actual,id_reliable,3,0.3,1315.3267256590173,,,,40.74600005149841,0.8488750010728836,1.7409999370574951,0,0,True,,100098,proposed,4,48,True,,1.0,0.1249999998118296,"[51.97972103007344, 10.59413398753787, 6.372051701425168, 4.932728, 6.16615, 6.16615, 6.16615, 6.16615, 6.16615, 6.16615, 6.16615, 23.32077245936972, 35.489624211402855, 12.884844043782282, 24.814759014339998, 11.2952682725645, 6.16615, 5.442371502624256, 4.219871617612625, 3.7916919828853626, 3.699402, 3.699402, 3.6994020000000005, 4.932728, 3.699402, 4.932727617651981, 5.891889286124854, 4.658488634927661, 5.8918892888935535, 6.16615, 25.111515297692783, 36.93887279665252, 66.4365732474461, 72.15380437119659, 76.18025905553067, 88.97096471152804, 33.885385901134136, 41.503993116468095, 47.96694622061424, 58.923685765800464, 48.91648542698846, 60.9615208163387, 59.49149482439605, 57.404209049795526, 48.25391715969669, 69.32899603179241, 66.46769160002749, 64.69189161470207]","[0.45200014114379883, 1.1640000343322754, 0.7960000038146973, 0.8309998512268066, 0.7950000762939453, 1.0440001487731934, 1.7409999370574951, 0.18000006675720215, 0.7649998664855957, 0.9200000762939453, 1.062999963760376, 0.8929998874664307, 0.7519998550415039, 0.8430001735687256, 0.6809999942779541, 0.8910000324249268, 0.9259998798370361, 0.9509999752044678, 0.9360001087188721, 0.753000020980835, 0.8560001850128174, 0.8909997940063477, 0.7969999313354492, 1.0880000591278076, 0.9940001964569092, 1.0150001049041748, 1.002000093460083, 0.9219999313354492, 0.997999906539917, 1.0069999694824219, 0.945000171661377, 0.9490001201629639, 0.9769999980926514, 0.937000036239624, 1.062999963760376, 1.2069997787475586, 1.0869998931884766, 0.9660000801086426, 0.7869999408721924, 0.8510000705718994, 0.8810000419616699, 0.9270000457763672, 0.13299989700317383, 0.8550000190734863, 0.9159998893737793, 0.1679999828338623, 0.10100007057189941, 0.048999786376953125]",,forecast_sensitivity
33,MPC-3,99,test_id,id_actual,id_reliable,3,,1724.018727672381,,,,81.85099983215332,1.7052291631698608,11.823999881744385,0,0,True,,100099,pure_mpc,4,48,True,,1.0,0.12500000088715243,"[14.449656383225308, 12.27954623249995, 6.791290344504567, 4.5847439642221515, 11.34509733854846, 6.023482096755191, 9.713175497846, 12.052238369171056, 15.357707412265256, 15.365862013355198, 22.09211307757927, 32.579198492655664, 33.4780391534314, 29.10556920446367, 22.668692769680177, 5.969352753010085, 4.735946070180094, 4.936305580681891, 3.702979302719948, 2.68478679433781, 1.4516357758641036, 0.21858075739039706, 0.0, 0.0, 0.6647337035327542, 1.8978233635417896, 34.84428908220672, 39.760837959882984, 36.455406941563815, 26.328175498687777, 60.428339179712246, 87.45327113498409, 83.6209997600487, 117.72949569403211, 124.518307616812, 127.04583030256514, 44.1476444615874, 64.01677198122735, 56.770094286902264, 49.252637778731284, 57.98511761158002, 61.76751972880281, 61.82370216823704, 53.75804330504795, 65.07299569121716, 74.03556388577807, 67.93887798130221, 55.116249170009205]","[1.0880000591278076, 3.5279998779296875, 3.871000051498413, 0.5090000629425049, 11.823999881744385, 0.13400006294250488, 6.868000030517578, 0.4679999351501465, 1.9700000286102295, 0.8550000190734863, 0.41700005531311035, 0.3489999771118164, 2.5279998779296875, 0.5080001354217529, 1.8940000534057617, 2.868000030517578, 0.06499981880187988, 0.3410000801086426, 0.06999993324279785, 10.340999841690063, 0.7400000095367432, 0.6840000152587891, 8.02400016784668, 0.07299995422363281, 3.062999963760376, 1.5870001316070557, 3.4719998836517334, 4.20799994468689, 1.7860000133514404, 1.7660000324249268, 0.7039999961853027, 0.17600011825561523, 0.5329999923706055, 0.5190000534057617, 0.19700002670288086, 0.19300007820129395, 0.4500000476837158, 0.17599987983703613, 0.45399999618530273, 0.4519999027252197, 0.35699987411499023, 0.2720000743865967, 0.45799994468688965, 0.4779999256134033, 0.1940000057220459, 0.17400002479553223, 0.12999987602233887, 0.03500008583068848]",,forecast_sensitivity
33,MPC-7,99,test_id,id_actual,id_reliable,7,,1647.0825875150188,,,,2333.5370004177094,48.61535417536894,300.25499987602234,0,0,True,,100099,pure_mpc,8,48,True,,1.0,0.12499999980932176,"[14.449655528489794, 17.03960231624403, 13.725616115452151, 4.932727229854874, 11.613497688494407, 5.89782577388449, 11.446914840120115, 15.986447747457454, 22.005852113841435, 28.32354689442068, 18.31693756574788, 32.57919699239047, 33.478035890411824, 14.970718674505608, 6.166147109606074, 4.932725137228527, 3.6993991379508113, 4.772683324849123, 3.5393697825327717, 2.30615225857896, 1.0730309330212757, 0.0, 1.233038, 0.0, 1.2330379633328534, 11.761432582064035, 26.993698171565978, 41.515978302564314, 28.610321191725923, 26.32817319815144, 60.42833927956391, 87.45327115520111, 75.88382894147603, 95.59109067238465, 102.31141390391184, 104.79764728805877, 44.147644436121666, 64.01677197211777, 56.77009422279079, 49.252669583901756, 57.985133841576165, 61.76751965759491, 61.823705098368784, 53.75804598590676, 65.07299530179758, 74.03553166409775, 67.93887680696672, 55.1162452386946]","[41.31100010871887, 272.9909999370575, 300.2520000934601, 13.772000074386597, 300.24699997901917, 1.3959999084472656, 70.85699987411499, 43.14800000190735, 23.72000002861023, 15.776000022888184, 22.036999940872192, 39.4449999332428, 17.007999897003174, 17.1729998588562, 16.986999988555908, 18.03499984741211, 2.7749998569488525, 30.73099994659424, 2.48799991607666, 273.385999917984, 300.25499987602234, 13.551000118255615, 19.23300004005432, 17.592000007629395, 15.591000080108643, 300.1510000228882, 70.42900013923645, 2.7799999713897705, 2.2639999389648438, 31.88100004196167, 2.1550002098083496, 5.9700000286102295, 20.41599988937378, 0.46399998664855957, 0.4870002269744873, 0.4960000514984131, 1.555999994277954, 0.3039999008178711, 0.35199999809265137, 1.383000135421753, 1.3250000476837158, 0.37400007247924805, 0.377000093460083, 0.22699999809265137, 0.16700005531311035, 0.11600017547607422, 0.07899999618530273, 0.02700018882751465]",,forecast_sensitivity
33,Proposed-H3,99,test_id,id_actual,id_reliable,3,0.3,1365.945573191026,,,,42.74800086021423,0.8905833512544632,2.2079999446868896,0,0,True,,100099,proposed,4,48,True,,1.0,0.12499999980948333,"[47.305925192226184, 12.27954811918349, 6.791293533949286, 4.932728, 6.16615, 6.16615, 6.16615, 6.16615, 8.376733465376315, 10.704195705121835, 17.161794950866142, 32.57919634694997, 33.47803892283178, 21.965245526943626, 20.991620270813087, 6.16615, 6.16615, 6.16615, 5.436538478850051, 5.580021701006749, 4.371811740110904, 3.699402, 3.699402, 3.9584568755455383, 3.699402, 4.58842917181835, 5.82182437140824, 6.16615, 6.16615, 6.16615, 16.582138389275983, 42.68947866446041, 38.81793804180464, 74.01801668887785, 93.51729678836527, 103.18864497646837, 37.67627594717822, 58.72363060124878, 50.00545686881844, 42.73602014836994, 54.286232298117056, 60.357582596505836, 59.5030943819625, 53.49531997778833, 64.22060229559342, 73.98961484252597, 67.93887670067339, 55.11624460999008]","[0.26600003242492676, 1.0269999504089355, 0.6689999103546143, 0.7940001487731934, 0.7290000915527344, 0.8179998397827148, 0.8020000457763672, 0.14499998092651367, 0.1119999885559082, 0.6740000247955322, 0.7630000114440918, 0.7860000133514404, 0.9159998893737793, 0.9849998950958252, 0.9189999103546143, 0.9760000705718994, 0.9650001525878906, 1.0170001983642578, 1.0310001373291016, 1.1340000629425049, 1.0870001316070557, 0.9470000267028809, 1.0429999828338623, 1.1399998664855957, 0.943000078201294, 1.2049999237060547, 0.9920001029968262, 1.0450000762939453, 1.1499998569488525, 2.2079999446868896, 0.9210000038146973, 1.0099999904632568, 0.9880001544952393, 0.9860000610351562, 1.13100004196167, 1.1059999465942383, 1.0899999141693115, 1.0780000686645508, 0.937000036239624, 0.9270000457763672, 0.9290001392364502, 1.0410001277923584, 1.0219998359680176, 1.003999948501587, 0.9800000190734863, 0.17100000381469727, 0.1100001335144043, 0.029000043869018555]",,forecast_sensitivity
33,MPC-3,80,test_id,id_actual,high_error,3,,1731.283817143853,,,,58.42500066757202,1.2171875139077504,10.666000127792358,0,0,True,,100080,pure_mpc,4,48,True,,1.0,0.12500000135957814,"[10.482018139145396, 14.052368878997097, 10.131072347468418, 5.0535083379898, 6.8950365036276065, 10.68675690235522, 4.932728, 10.920227556792941, 16.70822851212463, 6.16615, 23.06768531404326, 27.20666336508541, 40.98044587651336, 25.109693505564096, 16.655971888870006, 6.1661340532344475, 6.16615, 4.932728, 3.699402, 2.4661720000000003, 1.233038, 0.0, 0.0, 0.0, 1.233038, 2.4661718904376615, 3.6994018513025755, 22.35692033399642, 33.060406092341765, 38.91841348809592, 64.13626908120989, 79.59463986512519, 105.3135670643636, 135.78479750644902, 101.5805757800377, 119.90382309417562, 54.6525836768757, 52.93589181089674, 57.317829313163024, 64.87999560678583, 70.66968119013934, 72.5597942623314, 64.03571802500426, 68.2403193405041, 73.09026240717841, 64.79129453542957, 64.48228200003852, 61.867961746158834]","[1.123000144958496, 2.5320000648498535, 10.666000127792358, 7.796999931335449, 3.81499981880188, 1.6319999694824219, 0.49000000953674316, 0.5849997997283936, 0.5910000801086426, 0.39100003242492676, 0.6110000610351562, 0.4290001392364502, 0.17499995231628418, 1.1530001163482666, 1.7420001029968262, 0.17299985885620117, 2.622000217437744, 0.8960001468658447, 1.0109999179840088, 0.7279999256134033, 0.6210000514984131, 0.09599995613098145, 0.6700000762939453, 0.6840000152587891, 2.2019999027252197, 1.178999900817871, 0.8190000057220459, 2.072000026702881, 2.6480000019073486, 2.0379998683929443, 0.4680001735687256, 0.882000207901001, 0.4780001640319824, 0.1640000343322754, 0.6059999465942383, 0.16899991035461426, 0.3680000305175781, 0.4830000400543213, 0.33500003814697266, 0.16199994087219238, 0.4240000247955322, 0.15599989891052246, 0.14300012588500977, 0.16300010681152344, 0.7679998874664307, 0.3190000057220459, 0.10599994659423828, 0.039999961853027344]",,forecast_sensitivity
33,MPC-7,80,test_id,id_actual,high_error,7,,1594.634280799972,,,,668.2369992733002,13.921604151527086,103.12399983406067,0,0,True,,100080,pure_mpc,8,48,True,,1.0,0.12499999981105755,"[12.476283228543382, 18.539365574716086, 15.564844550105446, 5.0535097740235475, 8.037237566418806, 8.557208413264592, 5.358815371611827, 13.157822974937153, 17.180271273050856, 16.085224956514466, 22.95600395359381, 27.206663366109325, 40.980462297056, 12.447777225938637, 6.16615, 5.338868510600561, 6.16615, 4.932728, 3.699402, 2.4661720000000003, 1.233038, 0.0, 1.233038, 2.4661720000000003, 2.4661720000000003, 3.6994019872674246, 4.93272798539278, 8.939368523278983, 33.060403504398, 38.918409209839204, 64.13653717017142, 75.1962999520779, 79.37503956026843, 98.82347909857019, 62.78159650337448, 95.41301522779594, 54.65258466587455, 55.24289615328846, 57.317829201190705, 64.87999549803747, 70.66968458640393, 72.55979410819516, 64.03461344400756, 67.52719993893234, 72.96258253889599, 64.79129439853939, 64.16725317025195, 60.782893337435326]","[30.741999864578247, 37.19199991226196, 103.12399983406067, 17.842999935150146, 36.36800003051758, 46.47000002861023, 16.41600012779236, 41.829999923706055, 16.473999977111816, 49.64299988746643, 6.638000011444092, 19.611999988555908, 15.579999923706055, 23.890000104904175, 22.19099998474121, 9.568000078201294, 21.317000150680542, 2.628999948501587, 2.7639999389648438, 17.0239999294281, 1.806999921798706, 2.5410001277923584, 2.7779998779296875, 2.621999979019165, 1.6389999389648438, 12.09500002861023, 19.91599988937378, 3.370000123977661, 27.026000022888184, 28.29099988937378, 2.205000162124634, 1.942000150680542, 2.5899999141693115, 2.3519999980926514, 3.6490001678466797, 1.866999864578247, 1.9099998474121094, 0.4790000915527344, 1.9239997863769531, 2.4609999656677246, 4.1570000648498535, 0.42799997329711914, 0.4739999771118164, 1.1089999675750732, 0.6069998741149902, 0.5469999313354492, 0.10300016403198242, 0.03299999237060547]",,forecast_sensitivity
33,Proposed-H3,80,test_id,id_actual,high_error,3,0.3,1423.0910986512215,,,,51.00000071525574,1.0625000149011612,2.8320000171661377,0,0,True,,100080,proposed,4,48,True,,1.0,0.12499999981105975,"[43.16148533768733, 14.05237245545671, 8.368419647807812, 42.891513987385046, 4.069089746980172, 5.3024445230739055, 6.16615, 4.932728001383667, 6.16615, 6.16615, 14.24174098667691, 25.34798798141095, 40.980445737629616, 18.748358024116122, 11.840388741469997, 6.16615, 6.16615, 6.16615, 4.932728, 4.044063791517878, 3.699402, 3.699402, 3.699402, 3.699402, 4.932728, 5.873473113583389, 5.929113000905858, 6.16615, 6.16615, 6.16615, 20.016657534156543, 35.065171338897166, 60.09969840152802, 89.83551072705063, 62.78159649500149, 95.41301522098881, 44.305408483670895, 44.36049378687613, 56.111535966526816, 63.51991854660455, 54.64766144716875, 72.5597941110712, 64.03571754152851, 67.60992357832241, 73.0238502386807, 64.79129439936185, 64.17810319934486, 60.79370855735662]","[2.8320000171661377, 1.2400000095367432, 1.5379998683929443, 1.871000051498413, 0.8899998664855957, 2.2880001068115234, 0.06599998474121094, 0.7910001277923584, 2.0919997692108154, 0.09400010108947754, 1.0269999504089355, 0.12900018692016602, 0.9950001239776611, 0.9309999942779541, 0.9620001316070557, 1.003000020980835, 1.0490000247955322, 0.9539999961853027, 1.0310001373291016, 0.937999963760376, 0.6909999847412109, 0.869999885559082, 0.8329999446868896, 0.8899998664855957, 1.1339998245239258, 1.180999994277954, 0.934999942779541, 2.058000087738037, 0.9900000095367432, 2.375999927520752, 0.9950001239776611, 1.0339999198913574, 0.9630000591278076, 1.0550000667572021, 1.0499999523162842, 1.0279998779296875, 0.9609999656677246, 1.061000108718872, 1.063000202178955, 1.1080000400543213, 1.1380000114440918, 0.6510000228881836, 1.2330000400543213, 1.183000087738037, 1.0959999561309814, 0.5280001163482666, 0.127000093460083, 0.04700016975402832]",,forecast_sensitivity
33,MPC-3,81,test_id,id_actual,high_error,3,,1658.9342445100826,,,,40.565999269485474,0.8451249847809473,4.260999917984009,0,0,True,,100081,pure_mpc,4,48,True,,1.0,0.12500000055897625,"[23.33884128386232, 7.390411766907373, 5.047011664435677, 9.429800567361491, 5.417106773592027, 12.752525143370285, 5.398875052319608, 9.672759115486318, 10.47325582257234, 9.317255028419108, 19.933984486570637, 26.715228198298853, 27.458471666487632, 29.61488509706202, 10.121868826616804, 5.704482499325876, 5.415103773241972, 4.181740228464183, 2.9484726831863872, 1.715301137908592, 0.4822255926307969, 0.0, 0.0, 1.2329813121470232, 11.760248214493204, 12.781426731175308, 3.989536013437748, 14.444132299514255, 19.313460323657075, 35.38642218551545, 61.30078936106252, 87.90200556763135, 97.56779750927252, 104.20323071497843, 130.8565744098254, 113.05985602558508, 55.668893714501635, 66.01816789406512, 59.9516739662725, 77.09619507977558, 71.97509156018666, 61.19199367848439, 49.728947417889394, 56.064995687596245, 57.32793336433943, 55.14838921447703, 60.27174446765091, 62.162151388428185]","[1.0769999027252197, 1.2239999771118164, 3.132999897003174, 1.070000171661377, 0.6579999923706055, 2.184999942779541, 0.24200010299682617, 0.5520000457763672, 4.117000102996826, 0.4629998207092285, 0.6460001468658447, 0.44299983978271484, 0.20600008964538574, 0.16299986839294434, 0.7219998836517334, 0.5610001087188721, 0.5150001049041748, 0.09000015258789062, 0.7869999408721924, 0.6679999828338623, 0.7690000534057617, 0.628000020980835, 1.0089998245239258, 0.14899992942810059, 4.260999917984009, 2.6429998874664307, 0.8949999809265137, 2.508000135421753, 2.0789999961853027, 0.6419999599456787, 0.18600010871887207, 0.5750000476837158, 0.17299985885620117, 0.6309998035430908, 0.15400004386901855, 0.19300007820129395, 0.1549999713897705, 0.31099987030029297, 0.4459998607635498, 0.1640000343322754, 0.1770000457763672, 0.5089998245239258, 0.5069999694824219, 0.4930000305175781, 0.16499996185302734, 0.46199989318847656, 0.11800003051757812, 0.04200005531311035]",,forecast_sensitivity
33,MPC-7,81,test_id,id_actual,high_error,7,,1540.7119675842987,,,,539.7600004673004,11.245000009735426,79.57599997520447,0,0,True,,100081,pure_mpc,8,48,True,,1.0,0.1250000032575901,"[23.33884128519596, 7.3904117683992165, 5.868956133481355, 17.85955826900282, 6.166149951018454, 12.332039282718895, 6.166149977060124, 13.516560922449354, 16.033691412348603, 17.238255053444234, 18.20280356120542, 26.71522684184169, 27.45846847373395, 15.842747589526335, 5.1267645835057145, 4.396242783359184, 4.966414390881272, 3.7330857693203923, 2.49985314733377, 1.266716525981142, 0.033675904993099894, 0.0, 1.23303660692192, 2.466167673772475, 3.6777385008739243, 4.911062814509038, 6.150960050814667, 6.16615, 19.313460765699688, 37.07679195675891, 61.300789376895864, 83.66105367793499, 81.49949415969988, 78.23071296574581, 94.06196641769726, 92.19768471325817, 55.856260564548, 66.01816738380765, 59.9516776390791, 77.09619495912894, 71.97509157740379, 61.191996361744884, 49.7289509766679, 56.064999318835866, 57.146661144676855, 55.14838897750017, 60.27174432173981, 62.16215105178181]","[2.015000104904175, 2.31600022315979, 23.388000011444092, 29.270999908447266, 22.460999965667725, 79.57599997520447, 6.246000051498413, 17.13700008392334, 6.644000053405762, 35.926000118255615, 21.983999967575073, 1.3250000476837158, 1.8329999446868896, 20.72499990463257, 25.881999969482422, 11.999000072479248, 1.9479999542236328, 2.3499999046325684, 10.797999858856201, 11.250999927520752, 2.38100004196167, 2.3439998626708984, 19.308000087738037, 16.79200005531311, 20.133000135421753, 53.592000007629395, 1.3650000095367432, 18.52400016784668, 37.205000162124634, 1.6440000534057617, 2.263000011444092, 1.9930000305175781, 1.8509998321533203, 2.2220001220703125, 0.4399998188018799, 0.5299999713897705, 3.2739999294281006, 4.75, 0.5370001792907715, 2.421999931335449, 0.47699999809265137, 6.300999879837036, 1.5220000743865967, 0.3789999485015869, 1.7730000019073486, 0.4980001449584961, 0.11899995803833008, 0.046000003814697266]",,forecast_sensitivity
33,Proposed-H3,81,test_id,id_actual,high_error,3,0.3,1345.0044723825788,,,,48.065999031066895,1.0013749798138936,2.7779998779296875,0,0,True,,100081,proposed,4,48,True,,1.0,0.12500000272072923,"[23.33884271404389, 7.390410403176346, 5.047004063336933, 9.429801183493511, 20.672639239584143, 12.95430030298499, 4.4268148735735755, 12.393603700600748, 10.573312591374144, 9.317254341557184, 20.789787457493468, 26.71522819891605, 27.45846847379876, 31.148318673881647, 10.121871795553437, 6.16615, 6.16615, 6.16615, 5.732822301216125, 4.499434028243894, 4.1380881725608365, 3.699402, 3.6994020000000005, 3.699402, 4.932728, 6.16615, 4.932728, 6.16615, 6.16615, 6.16615, 17.364433548903982, 43.322322390326896, 52.60633409931461, 58.86134272671231, 84.77806373394775, 92.19756462651634, 39.806900404483706, 53.8043878154532, 47.58102046036601, 77.09619377544682, 70.58567096494238, 56.02135614159787, 49.72895086069593, 56.06499886419059, 57.32793292590002, 55.14838904231798, 60.27174436735733, 62.16215111871524]","[1.3380000591278076, 1.4720001220703125, 0.5169999599456787, 0.7320001125335693, 0.8840000629425049, 1.0160000324249268, 2.7779998779296875, 1.0239999294281006, 1.503000020980835, 0.994999885559082, 0.9619998931884766, 1.1299998760223389, 0.929999828338623, 0.9289999008178711, 0.9219999313354492, 0.8829998970031738, 0.22600007057189941, 0.8250000476837158, 0.9609999656677246, 1.0820000171661377, 1.062000036239624, 0.8769998550415039, 0.9129998683929443, 0.9730000495910645, 1.430999994277954, 1.2079999446868896, 1.004000186920166, 0.9300000667572021, 2.69599986076355, 0.9750001430511475, 1.066999912261963, 0.9609999656677246, 0.931999921798706, 1.00600004196167, 1.1140000820159912, 1.0299999713897705, 0.9289999008178711, 1.0989999771118164, 0.8159999847412109, 0.9679999351501465, 0.13199996948242188, 1.0199999809265137, 1.0750000476837158, 1.003999948501587, 1.0939998626708984, 0.48399996757507324, 0.11800003051757812, 0.03900003433227539]",,forecast_sensitivity
33,MPC-3,82,test_id,id_actual,high_error,3,,1689.7658260551086,,,,48.24900031089783,1.0051875064770381,11.770999908447266,0,0,True,,100082,pure_mpc,4,48,True,,1.0,0.12500000121562949,"[21.16401895677454, 4.581277176408582, 6.0992196608536595, 4.851846800861744, 6.062572649683524, 6.155332199302729, 6.03053991005509, 12.121530090072778, 10.881007269075166, 9.006710831672253, 19.81048686647411, 20.7260487290283, 30.475387039404232, 32.069466669633876, 28.8760705202956, 8.184282902309281, 5.520188063785829, 5.752701274252436, 4.519484948708824, 3.286191135215513, 2.052993300518326, 0.8198914658211391, 0.0, 1.2330364131161844, 0.0, 1.2330379717141806, 37.44673835007379, 32.65819860180251, 49.52588510760996, 34.17653651896092, 43.68887804981032, 78.23701960437116, 90.94720689246205, 105.77932707861409, 130.24718696604583, 120.41823402583456, 46.96672591140898, 64.43557872024331, 62.95687680084593, 60.52195561366988, 62.36212186777031, 58.543384532159806, 52.16307555877167, 54.433242729792326, 64.02373239891621, 58.76931807695898, 69.06454614107501, 60.88673366287301]","[0.3960001468658447, 1.1039998531341553, 11.770999908447266, 0.4500000476837158, 2.7680001258850098, 0.3429999351501465, 0.3250000476837158, 2.077000141143799, 0.38000011444091797, 1.184000015258789, 0.46900010108947754, 0.2610001564025879, 0.5369999408721924, 0.15999984741210938, 1.5809998512268066, 0.69100022315979, 0.4789998531341553, 0.41899991035461426, 0.07899999618530273, 3.2829999923706055, 0.6410000324249268, 0.5260000228881836, 0.06500005722045898, 1.1389999389648438, 0.8539998531341553, 2.490999937057495, 2.5900001525878906, 0.7869999408721924, 1.5140001773834229, 2.4020001888275146, 0.7679998874664307, 0.5939998626708984, 0.18499994277954102, 1.063999891281128, 0.14700007438659668, 0.20799994468688965, 0.32000017166137695, 0.44499993324279785, 0.43899989128112793, 0.622999906539917, 0.19099998474121094, 0.16200017929077148, 0.5350000858306885, 0.2539999485015869, 0.15200018882751465, 0.26399993896484375, 0.09299993515014648, 0.03900003433227539]",,forecast_sensitivity
33,MPC-7,82,test_id,id_actual,high_error,7,,1588.0703702187416,,,,631.7789995670319,13.16206249097983,76.66400003433228,0,0,True,,100082,pure_mpc,8,48,True,,1.0,0.12499999981137984,"[21.164004792159684, 10.661758609096953, 4.237033850504311, 4.932728, 6.166149979417364, 6.641054487357403, 6.166148419670895, 8.894952161160901, 22.310634775543534, 23.933366583524325, 26.28320876109383, 22.435057240599953, 30.47538711800251, 10.270849125716104, 15.78624653701745, 5.271641095866708, 5.5381192008939655, 4.703553408001435, 3.4702452464965154, 3.3039111798351133, 2.070711966384826, 1.2330380000000005, 0.0, 1.233038, 2.4660940205765436, 2.4661698132389915, 22.47320685427569, 34.4717701726978, 32.484195365780806, 34.313077986747736, 43.68887808841013, 78.2370195244419, 87.64641740960492, 97.82816103078842, 99.72619106677539, 89.91627312154866, 48.64414697450733, 64.43753581268555, 62.95687796372113, 60.52195563579412, 62.36214241730976, 58.543384703460525, 52.16307930623928, 54.43324255068481, 64.02373225951003, 58.769312474077736, 67.59422362317535, 60.72044350434528]","[35.579999923706055, 41.99500012397766, 6.562999963760376, 76.66400003433228, 9.67300009727478, 37.638999938964844, 7.624000072479248, 6.909999847412109, 20.019999980926514, 4.25600004196167, 1.3940000534057617, 23.520999908447266, 13.355000019073486, 31.310999870300293, 54.924999952316284, 9.176000118255615, 14.699999809265137, 2.046999931335449, 2.6419999599456787, 17.221999883651733, 1.9879999160766602, 1.999000072479248, 2.3500001430511475, 16.330999851226807, 0.31400012969970703, 19.413000106811523, 36.480000019073486, 21.644999980926514, 33.30299997329712, 12.877000093460083, 19.805999994277954, 8.753999948501587, 7.311999797821045, 3.6639997959136963, 1.934000015258789, 0.46399998664855957, 2.4769999980926514, 0.4830000400543213, 2.6130001544952393, 6.367999792098999, 9.421000003814697, 0.36700010299682617, 1.0130000114440918, 2.318000078201294, 0.23200011253356934, 0.4930000305175781, 0.09500002861022949, 0.04799985885620117]",,forecast_sensitivity
33,Proposed-H3,82,test_id,id_actual,high_error,3,0.3,1334.383451850082,,,,44.9689998626709,0.9368541638056437,2.745000123977661,0,0,True,,100082,proposed,4,48,True,,1.0,0.12500000213664667,"[21.16402362112961, 4.581277190037348, 6.099274207545655, 4.932723616005316, 6.166150004919263, 6.16615, 6.16615, 11.269280854733427, 20.1923942274236, 6.16615, 18.60751562334402, 19.51121569476506, 30.475389875053743, 32.0694695082591, 28.87607035276411, 8.1842857482416, 6.16615, 6.16615, 6.16615, 6.0245628493698975, 4.791151870035287, 3.699402, 3.699402, 4.932728, 4.97444364686261, 3.9630653362769426, 5.196411858492769, 6.16615, 6.16615, 6.16615, 6.16615, 33.715621418454795, 46.01467197422225, 60.24786778964215, 93.19887297127997, 86.11816425041683, 46.96672562797705, 58.13141562538745, 59.571934425402574, 59.10028168903057, 62.36212181101855, 58.54338456055843, 52.163078865217116, 54.43324276503554, 64.02373241776327, 58.769317950686826, 69.0645460746902, 60.886733548038904]","[0.4249999523162842, 1.9860000610351562, 0.8529999256134033, 1.0820000171661377, 0.30700016021728516, 1.1649999618530273, 2.745000123977661, 0.9409999847412109, 1.0169999599456787, 1.0809998512268066, 1.1469998359680176, 1.1519999504089355, 0.8340001106262207, 0.9609999656677246, 0.942000150680542, 1.0329999923706055, 0.8779997825622559, 0.874000072479248, 0.8659999370574951, 0.8439998626708984, 1.001999855041504, 0.19000005722045898, 0.8380000591278076, 0.9210000038146973, 0.28299999237060547, 0.9819998741149902, 0.9249999523162842, 0.8559999465942383, 0.8310000896453857, 0.7400000095367432, 2.4719998836517334, 0.9479999542236328, 1.003000020980835, 1.1170001029968262, 1.0780000686645508, 1.0230000019073486, 0.9609999656677246, 0.940000057220459, 0.8620002269744873, 0.8450000286102295, 0.8910000324249268, 0.9919998645782471, 0.937000036239624, 0.9290001392364502, 0.9279999732971191, 0.24199986457824707, 0.07400012016296387, 0.026000022888183594]",,forecast_sensitivity
33,MPC-3,83,test_id,id_actual,high_error,3,,1658.6577834423365,,,,49.27499985694885,1.0265624970197678,6.513999938964844,0,0,True,,100083,pure_mpc,4,48,True,,1.0,0.1250000011082994,"[17.22111724917343, 9.508727401532003, 7.494874328942416, 4.932725750682313, 8.931079935130562, 5.23299108269042, 10.14898866672498, 12.741764981552615, 6.16615, 6.16615, 13.865657350633079, 13.238533899431811, 48.04260496124335, 27.99441779588563, 15.717919955254859, 18.266791825064285, 6.013646239359887, 4.780236108664744, 3.5469219779696015, 2.7869770931494324, 1.553818119563131, 0.32075514597682947, 0.0, 0.3333459411202676, 1.5664098948325629, 2.3310586366516706, 3.5642778978063774, 4.797593258119535, 34.07628699616976, 38.937714210666336, 62.45512986722886, 84.02331405177125, 112.76780892696821, 117.2239001214507, 126.06020776112896, 115.28021683217702, 51.41025383493719, 41.75708056724235, 59.40490241695247, 63.022615936606115, 56.86560384263023, 62.75863565687167, 64.53189046992556, 67.05815801735255, 63.263427421365094, 62.00681579623659, 59.30300419181615, 59.18528102568337]","[0.815000057220459, 0.9719998836517334, 3.3440001010894775, 0.4809999465942383, 0.622999906539917, 0.5250000953674316, 4.25600004196167, 0.3940000534057617, 0.4939999580383301, 4.356000185012817, 0.4240000247955322, 0.8659999370574951, 0.5699999332427979, 0.4590001106262207, 1.1419999599456787, 1.005000114440918, 0.5870001316070557, 0.6760001182556152, 0.7730000019073486, 4.161999940872192, 0.6700000762939453, 0.557999849319458, 0.5690000057220459, 6.513999938964844, 0.45399999618530273, 0.8090000152587891, 0.6490001678466797, 0.5239999294281006, 2.7130000591278076, 3.433000087738037, 0.5940001010894775, 0.9449999332427979, 0.17199993133544922, 0.8689999580383301, 0.13199996948242188, 0.11800003051757812, 0.377000093460083, 0.21799993515014648, 0.3939998149871826, 0.2649998664855957, 0.28999996185302734, 0.32200002670288086, 0.09099984169006348, 0.1940000057220459, 0.25099992752075195, 0.10699987411499023, 0.07999992370605469, 0.03900003433227539]",,forecast_sensitivity
33,MPC-7,83,test_id,id_actual,high_error,7,,1603.3022829777467,,,,786.4170000553131,16.383687501152355,308.6710000038147,0,0,True,,100083,pure_mpc,8,48,True,,1.0,0.1250000018638943,"[17.221113934925565, 16.966325363599555, 16.39546982772661, 4.932727989770344, 6.574720799146706, 6.162558361508072, 13.345529194592665, 12.74176730664663, 6.355153958298938, 18.288863921521422, 9.390859651166169, 7.727704763348034, 35.662211531400295, 10.344977201575997, 9.778186112317425, 13.10476973339475, 5.89024845675024, 4.656847930137274, 3.4235434041583024, 2.7869777574009595, 1.5538187847629492, 1.0337913094001758, 1.233038, 0.3333505671752818, 1.566414521279242, 26.348955550934733, 4.032830367376765, 8.88901499271424, 33.37248240497165, 48.64608807698899, 62.4551299351342, 80.72535249256735, 105.89299785727742, 96.78549830176766, 104.40614092739231, 93.62188158414472, 51.56289922617065, 44.58213827186355, 59.40490616831843, 63.02261814918823, 56.865384633226256, 62.75863573298881, 64.53189046255207, 64.18872141568946, 63.263427401542955, 62.006815702588646, 59.28222200870296, 59.185280931640804]","[17.55299997329712, 48.32299995422363, 308.6710000038147, 2.7750000953674316, 15.930000066757202, 0.41300010681152344, 1.373000144958496, 2.9010000228881836, 7.748000144958496, 15.819000005722046, 2.4789998531341553, 30.10800004005432, 15.66599988937378, 6.447999954223633, 40.3989999294281, 17.605000019073486, 15.789999961853027, 20.217000007629395, 15.916999816894531, 2.4070000648498535, 2.6639997959136963, 2.302999973297119, 2.322999954223633, 23.956000089645386, 8.072999954223633, 24.138999938964844, 5.942999839782715, 19.229999780654907, 10.032999992370605, 36.569000005722046, 1.5750000476837158, 30.330000162124634, 2.2159998416900635, 1.8610000610351562, 2.3550000190734863, 1.746999979019165, 1.5520000457763672, 2.0430002212524414, 2.5390000343322754, 0.3970000743865967, 1.3650000095367432, 9.841000080108643, 0.2590000629425049, 4.066999912261963, 0.20600008964538574, 0.13900017738342285, 0.10899996757507324, 0.0409998893737793]",,forecast_sensitivity
33,Proposed-H3,83,test_id,id_actual,high_error,3,0.3,1385.0500509162275,,,,51.17199969291687,1.0660833269357681,5.531000137329102,0,0,True,,100083,proposed,4,48,True,,1.0,0.12500000069097614,"[17.22129155513542, 9.508731778278488, 7.4947972843892305, 3.8734627279570537, 26.54130718304969, 9.275115797638678, 15.94382401202101, 12.741766175450948, 6.355155338916698, 6.16615, 15.245285977166764, 14.633195597026285, 48.11492941641411, 27.928143683290635, 15.717923066710574, 18.266794980600178, 6.16615, 6.16615, 4.932728, 4.842236535752975, 3.9405638224220043, 3.699402, 3.699402, 4.932728, 5.4325109294664715, 6.16615, 5.849894750182995, 6.008094748284125, 6.16615, 6.16615, 18.575295998760673, 42.48821514695196, 67.40206568651345, 71.58761015051417, 100.34492409683511, 88.17364695641335, 37.001222140974455, 36.3958388668786, 45.87686180532362, 59.82688125069003, 56.865603395083426, 56.231324878098064, 64.42310368409538, 66.90274372851725, 63.263427330477775, 62.00681572554679, 59.30300363672, 59.185281077678916]","[0.5180001258850098, 5.531000137329102, 0.3540000915527344, 1.1629998683929443, 1.7680001258850098, 0.7810001373291016, 0.9759998321533203, 0.9289999008178711, 0.937999963760376, 0.934999942779541, 1.0810000896453857, 0.8670001029968262, 0.9779999256134033, 0.9890000820159912, 0.9930000305175781, 1.0099999904632568, 0.7910001277923584, 0.5230000019073486, 0.8810000419616699, 2.509999990463257, 1.0699999332427979, 0.2070000171661377, 0.8229999542236328, 0.9790000915527344, 2.6629998683929443, 1.0879998207092285, 0.8989999294281006, 2.2929999828338623, 0.8840000629425049, 1.1150000095367432, 1.2009999752044678, 1.0320000648498535, 0.9649999141693115, 1.069000005722046, 1.1669998168945312, 1.1470000743865967, 1.0749998092651367, 1.0199999809265137, 0.9869999885559082, 0.9210000038146973, 1.0970001220703125, 0.5399999618530273, 0.9879999160766602, 0.9800000190734863, 0.13299989700317383, 0.16100001335144043, 0.11800003051757812, 0.03399991989135742]",,forecast_sensitivity
33,MPC-3,84,test_id,id_actual,high_error,3,,1810.9835324793025,,,,69.10300040245056,1.43964584171772,10.67799997329712,0,0,True,,100084,pure_mpc,4,48,True,,1.0,0.12500000141519926,"[11.655567603449976, 14.311011822129942, 3.9850952543365072, 4.932727197870175, 6.452599428230762, 9.7490337458821, 7.2506370097018715, 8.031830920302978, 10.204753189848345, 13.878328043739668, 18.16775189695248, 25.31075929876576, 29.59775166256297, 27.510310409346452, 14.031486414713449, 6.16615, 5.777143357768169, 5.086568035143031, 3.853230119811966, 2.6199881456846303, 1.387061952069133, 0.15401196083129243, 1.387061952069133, 0.15401196083129243, 0.4862492330676152, 30.046805721184406, 1.5994850957256692, 25.44905819351403, 58.88754330439479, 76.35118226598104, 61.81727502918368, 92.30832897454574, 116.63224091793725, 112.82852170230436, 127.07840369200784, 122.27330321501896, 48.69537524934302, 70.74847484714904, 58.40626234204432, 64.52794376263441, 57.11362591440136, 68.14666652259658, 65.11401560932259, 66.81908262363886, 55.7390213218198, 68.8750762895919, 65.60078629822361, 63.7839329716296]","[0.5260000228881836, 3.324000120162964, 0.9799997806549072, 0.42299985885620117, 10.67799997329712, 2.6679999828338623, 0.5199999809265137, 1.8209998607635498, 4.852999925613403, 0.4069998264312744, 0.556999921798706, 1.6120002269744873, 0.6419999599456787, 0.619999885559082, 2.3580000400543213, 0.5750000476837158, 0.4890000820159912, 0.5710000991821289, 1.6459999084472656, 0.8070001602172852, 0.09500002861022949, 0.6340000629425049, 5.476000070571899, 7.351000070571899, 3.871000051498413, 4.894000053405762, 2.4860000610351562, 0.9980001449584961, 2.578000068664551, 0.19000005722045898, 0.2200000286102295, 0.18899989128112793, 0.624000072479248, 0.2109999656677246, 0.20199990272521973, 0.1770000457763672, 0.2850000858306885, 0.18200016021728516, 0.367999792098999, 0.15600013732910156, 0.2990000247955322, 0.1679999828338623, 0.5120000839233398, 0.38000011444091797, 0.18000006675720215, 0.16699981689453125, 0.08299994468688965, 0.04999995231628418]",,forecast_sensitivity
33,MPC-7,84,test_id,id_actual,high_error,7,,1668.6929627706884,,,,789.9369990825653,16.45702081422011,189.40199995040894,0,0,True,,100084,pure_mpc,8,48,True,,1.0,0.12500000324834679,"[11.655571073795434, 14.702256531109771, 9.597355017285476, 4.932727990116596, 9.256328293169489, 9.556978921813666, 8.466685994947925, 10.69938069122531, 13.01093390851442, 27.81296691777844, 28.958006999159906, 11.955559365172657, 23.4254452043372, 15.105829543287568, 6.16615, 5.238600827895548, 5.443881217210841, 5.627739701436131, 4.3943596061980355, 3.1610755109599395, 1.9278874157218444, 1.233038, 2.4661720000000003, 1.233038, 2.466171813586033, 14.890803174866159, 2.4665188148478605, 12.318978612415314, 46.87140896644353, 68.94531285048139, 61.81727510680791, 83.35053534104084, 98.4305239482993, 88.07238450346695, 102.14120459158524, 97.32360915752623, 48.69537529880225, 70.7484748953546, 58.406262428221254, 64.5279437945792, 57.113625927723334, 68.14666664736089, 65.11401900723641, 66.81908267768623, 55.739021296726165, 68.87507623309654, 65.6007862082965, 63.78393274310185]","[3.9690001010894775, 23.555999994277954, 95.68799996376038, 1.3650000095367432, 115.49499988555908, 43.86199998855591, 22.450000047683716, 35.745999813079834, 10.044999837875366, 8.858999967575073, 5.788000106811523, 2.234999895095825, 64.04500007629395, 6.325000047683716, 189.40199995040894, 2.0950000286102295, 2.177999973297119, 4.312000036239624, 2.049999952316284, 0.37999987602233887, 2.0239999294281006, 16.723999977111816, 17.240000009536743, 2.2730000019073486, 2.555000066757202, 22.697999954223633, 0.367999792098999, 5.614000082015991, 3.138000011444092, 0.3789999485015869, 1.9219999313354492, 23.075999975204468, 4.210000038146973, 1.5079998970031738, 0.31800007820129395, 3.060999870300293, 15.740999937057495, 2.192999839782715, 4.701000213623047, 5.924000024795532, 3.3470001220703125, 1.818000078201294, 5.216000080108643, 1.1529998779296875, 2.626999855041504, 0.15799999237060547, 0.05900001525878906, 0.04699993133544922]",,forecast_sensitivity
33,Proposed-H3,84,test_id,id_actual,high_error,3,0.3,1406.2774090391179,,,,41.239999532699585,0.8591666569312414,2.1499998569488525,0,0,True,,100084,proposed,4,48,True,,1.0,0.12499999981136735,"[44.44802246014314, 14.311021919911727, 3.9899381595118877, 4.932728, 6.16615, 6.16615, 6.166149999529108, 6.16615, 6.16615, 7.571849689836135, 6.16615, 25.31076027878835, 27.85809663532831, 25.39669694892259, 12.675918235118726, 6.16615, 6.16615, 6.16615, 6.16615, 4.932728, 3.699402, 3.699402, 3.699402, 4.932728, 5.818670084923243, 6.16615, 4.932728, 6.16615, 6.16615, 20.46657805258824, 17.79721851793045, 48.00071881543633, 71.30372370902786, 69.67842900606617, 98.4342961412288, 88.1273533609669, 36.123627242948174, 69.4118528917307, 47.62714965828371, 60.99363779403021, 54.926478303807215, 67.93185936011574, 56.58750766645494, 66.81908252054576, 55.739021227174106, 68.87507614019685, 65.60078595576127, 63.462970262810984]","[1.0920000076293945, 1.1579999923706055, 1.0299999713897705, 2.1499998569488525, 0.8969998359680176, 0.8309998512268066, 0.37400007247924805, 1.0329999923706055, 2.0930001735687256, 0.7230000495910645, 1.1629998683929443, 0.6019999980926514, 0.6929998397827148, 0.6740000247955322, 0.8859999179840088, 0.8819999694824219, 0.8529999256134033, 0.9199998378753662, 1.001999855041504, 0.8259999752044678, 0.7690000534057617, 0.6860001087188721, 0.20600008964538574, 0.7730000019073486, 0.9930000305175781, 1.0179998874664307, 0.8910000324249268, 0.7910001277923584, 0.807999849319458, 0.9890000820159912, 0.9760000705718994, 0.8889999389648438, 0.7699999809265137, 0.8490002155303955, 0.7200000286102295, 0.753000020980835, 0.8220000267028809, 0.8259999752044678, 0.8530001640319824, 1.058000087738037, 1.0090000629425049, 1.0199999809265137, 0.9110000133514404, 0.9249999523162842, 0.8489999771118164, 0.12399983406066895, 0.04900002479553223, 0.03099989891052246]",,forecast_sensitivity
33,MPC-3,85,test_id,id_actual,high_error,3,,1692.687406901934,,,,101.06400084495544,2.1055000176032386,43.23200011253357,0,0,True,,100085,pure_mpc,4,48,True,,1.0,0.1250000010865602,"[21.230371345982896, 10.694658914665878, 10.43318350144623, 7.530056983772265, 6.728763414534383, 10.835084571176473, 17.636362025251046, 8.745432055436293, 6.102152422100464, 6.16615, 18.27843951219706, 26.959259893748815, 33.24530041212598, 22.874121113939026, 14.561116761619495, 21.56897983657118, 6.166016870657754, 4.932594881019106, 3.699268891380458, 2.46603890174181, 1.2329049121031619, 0.0, 0.0, 0.0, 1.233038, 44.37074775863895, 3.699402, 15.20026960334755, 12.957995473680452, 62.98670243674124, 63.74834541549746, 84.57529680545674, 109.34178642479111, 109.93159397787838, 118.37760953464071, 102.56209006326625, 50.78136608344, 53.71374575694603, 62.32440280281246, 52.37343377550759, 67.35957923111366, 63.79449549068918, 64.5145660789905, 70.74743297557781, 54.37567861115715, 51.582566101429315, 49.897766074745824, 60.15123920411581]","[0.07700014114379883, 0.7699999809265137, 1.0759999752044678, 5.6540000438690186, 2.2239999771118164, 0.4700000286102295, 0.4779999256134033, 0.5250000953674316, 0.07899999618530273, 0.4890000820159912, 0.5230000019073486, 0.25499987602233887, 0.5769999027252197, 0.5049998760223389, 2.567000150680542, 3.189000129699707, 0.15400004386901855, 0.7539999485015869, 0.682999849319458, 0.6420001983642578, 2.0240001678466797, 43.23200011253357, 4.996999979019165, 8.16700005531311, 1.750999927520752, 0.8330001831054688, 2.5360000133514404, 9.29800009727478, 0.7290000915527344, 1.0250000953674316, 0.5399999618530273, 0.7319998741149902, 0.45600008964538574, 0.5160000324249268, 0.18599987030029297, 0.1510000228881836, 0.3970000743865967, 0.14599990844726562, 0.28299999237060547, 0.15899991989135742, 0.14800000190734863, 0.1660001277923584, 0.15999984741210938, 0.14100003242492676, 0.27900004386901855, 0.1510000228881836, 0.12600016593933105, 0.04399991035461426]",,forecast_sensitivity
33,MPC-7,85,test_id,id_actual,high_error,7,,1664.5902920184492,,,,678.913999080658,14.144041647513708,89.38800001144409,0,0,True,,100085,pure_mpc,8,48,True,,1.0,0.1250000147493048,"[26.772682990167233, 10.694628300612608, 18.99842989537355, 7.367333875229145, 6.910403673195768, 11.941613300067946, 17.636359293945645, 10.007396279527608, 14.477780972716593, 9.488679053954213, 21.530510060908277, 6.16614951687768, 33.24529497155998, 18.179530242664423, 5.944914354250763, 15.48787309498771, 6.166149991505035, 4.93294791979729, 3.699621903283197, 2.466391886665611, 1.233257870548008, 0.00021985343032715444, 1.2332578704617108, 0.00021985434404910332, 30.593074505599894, 18.7443037094895, 23.434259752226918, 25.027883368139808, 19.746681538136563, 62.98670316206693, 63.74835742935943, 84.57529762028727, 109.34178531830791, 89.3897713116686, 98.20225523168088, 82.46534506510531, 52.029520416596945, 56.68021763125066, 62.324402914091834, 52.3734335959344, 67.35957918980321, 63.79449160597542, 64.51456580984555, 67.96688536886077, 54.37567826914608, 51.582566049406964, 48.60034862622957, 60.15123750316438]","[20.192999839782715, 12.763999938964844, 30.23799991607666, 56.22999978065491, 89.38800001144409, 24.948999881744385, 24.228999853134155, 27.79699993133545, 19.19100022315979, 21.85699987411499, 21.83899998664856, 8.681999921798706, 14.399999856948853, 49.151000022888184, 5.687999963760376, 29.331000089645386, 19.625999927520752, 0.3710000514984131, 2.4169998168945312, 2.4870002269744873, 15.519000053405762, 22.569000005722046, 25.011000156402588, 2.369999885559082, 38.96300005912781, 24.08400011062622, 9.403000116348267, 1.4190001487731934, 4.47599983215332, 2.184000015258789, 3.8320000171661377, 2.257999897003174, 1.0950000286102295, 3.007999897003174, 0.35700011253356934, 1.9900000095367432, 0.4589998722076416, 1.9089999198913574, 0.43199992179870605, 3.2019999027252197, 5.085000038146973, 25.069000005722046, 1.378999948501587, 0.21300005912780762, 1.503000020980835, 0.17499995231628418, 0.08800005912780762, 0.03399991989135742]",,forecast_sensitivity
33,Proposed-H3,85,test_id,id_actual,high_error,3,0.3,1369.032376029472,,,,43.64299988746643,0.9092291643222173,4.453000068664551,0,0,True,,100085,proposed,4,48,True,,1.0,0.12499999981118687,"[21.230371402582765, 10.694660915791186, 18.744707910633043, 11.043883907905094, 10.207666374431685, 10.84031221800507, 17.6363630522986, 8.748912360016028, 6.16615, 6.16615, 18.1151965868502, 26.959258836419174, 33.245300418229235, 22.58235069611782, 14.561136411010768, 21.569014440505043, 6.16615, 6.16615, 6.089093331123874, 4.855677329398105, 3.699402, 4.060470697701649, 3.6994020000000005, 4.120956742257928, 5.354315555804839, 6.16615, 6.16615, 6.16615, 6.16615, 19.196097516264857, 19.66977729114177, 39.938099415932975, 64.21041769732277, 75.91800271263479, 85.50229080761312, 79.63702998666363, 39.47146861319927, 53.71374531491278, 49.740553858042816, 51.932776774087834, 63.35556033084536, 54.200929705017856, 64.51456553716741, 67.28534168078644, 54.37567763591326, 51.58256603719045, 47.41566695767775, 59.98415496997463]","[2.0299999713897705, 4.453000068664551, 2.2709999084472656, 0.7899999618530273, 1.051999807357788, 0.20200014114379883, 0.6749999523162842, 0.7730000019073486, 0.9810001850128174, 0.6670000553131104, 0.7230000495910645, 0.8599998950958252, 0.7179999351501465, 0.8420000076293945, 0.6669998168945312, 0.6700000762939453, 0.7750000953674316, 0.7870001792907715, 0.7170000076293945, 0.8619999885559082, 1.8010001182556152, 1.005000114440918, 0.6040000915527344, 1.0439999103546143, 1.1029999256134033, 1.0299999713897705, 0.996999979019165, 0.9800000190734863, 0.8670001029968262, 0.9049999713897705, 0.8969998359680176, 0.8899998664855957, 0.9200000762939453, 0.8910000324249268, 0.8259999752044678, 0.8510000705718994, 0.804999828338623, 0.8710000514984131, 0.20099997520446777, 0.2090001106262207, 0.7879998683929443, 0.804999828338623, 0.9619998931884766, 0.8080000877380371, 0.7850000858306885, 0.12100005149841309, 0.11700010299682617, 0.04499983787536621]",,forecast_sensitivity
33,MPC-3,86,test_id,id_actual,high_error,3,,1739.155319916899,,,,42.92300033569336,0.8942291736602783,15.768999814987183,0,0,True,,100086,pure_mpc,4,48,True,,1.0,0.1250000007053575,"[9.019054874993747, 11.91062200510192, 9.765076565275152, 4.932727494335705, 5.748377798126995, 9.004077943468623, 7.636686777532993, 11.893778138525786, 7.413123913245734, 9.452710596380593, 18.665956181748683, 25.72126440201466, 33.96410444425661, 36.666583800074044, 22.63071665062298, 6.16615, 6.050180141493546, 4.8167671673694485, 3.5834501932453526, 2.350229219755249, 1.1171042466311467, 0.0, 0.0, 0.0, 0.33331556775495014, 29.84011478746446, 28.616554942924502, 3.69940029495645, 36.30035939401273, 13.468987738123024, 69.63511600693826, 82.63694449665732, 97.89687378363959, 113.21445215491283, 121.0958140990045, 155.84778625843347, 57.160787882906185, 49.134439588630215, 61.05215668380751, 72.1743796819027, 63.804297532078145, 69.98062953018994, 58.28304093308139, 61.19091727406812, 55.49313974591472, 70.306026704479, 66.6329326775441, 52.84810960327605]","[2.369000196456909, 1.8450000286102295, 1.1780002117156982, 0.3380000591278076, 0.46899986267089844, 0.6059999465942383, 0.49200010299682617, 0.37400007247924805, 0.8659999370574951, 0.5160000324249268, 0.9700000286102295, 0.40600013732910156, 0.5709998607635498, 0.15899991989135742, 0.4760000705718994, 0.5820000171661377, 0.8559999465942383, 0.6329998970031738, 0.6529998779296875, 0.6619999408721924, 0.04500007629394531, 0.49900007247924805, 0.07400012016296387, 0.0710000991821289, 2.8519999980926514, 15.768999814987183, 2.0989999771118164, 0.6419999599456787, 1.003000020980835, 0.5299999713897705, 0.11400008201599121, 0.18599987030029297, 0.3659999370574951, 0.13899993896484375, 0.4030001163482666, 0.16900014877319336, 0.15600013732910156, 0.2849998474121094, 0.47699999809265137, 0.15700006484985352, 0.3259999752044678, 0.2950000762939453, 0.2990000247955322, 0.4790000915527344, 0.1529998779296875, 0.18000006675720215, 0.09599995613098145, 0.037999868392944336]",,forecast_sensitivity
33,MPC-7,86,test_id,id_actual,high_error,7,,1673.8529837273168,,,,839.4040005207062,17.487583344181377,109.11299991607666,0,0,True,,100086,pure_mpc,8,48,True,,1.0,0.12500000117925564,"[9.019054697061351, 11.910672323363562, 16.611609527263532, 4.932725599389607, 7.053554950948911, 11.24649256332263, 9.075663913272912, 17.349225902480164, 9.59166371838297, 17.58482476629591, 27.238284344956043, 25.721262426495713, 33.96412258804908, 21.504833748086718, 6.16615, 6.065952615329807, 4.832538414272098, 3.599220287805524, 2.3659980867419304, 1.1328718860442728, 1.167641523518359, 1.233038, 1.233038, 0.0, 22.57233409715014, 34.370286333368696, 16.210491553098795, 29.094546754362685, 50.20307702943839, 18.472867626952283, 69.63511574019063, 73.29445348125172, 66.60099259401427, 91.37836917543869, 86.36035620023742, 126.81465951271076, 61.952114500011476, 49.72292718197283, 61.052160021159565, 72.17437953694953, 58.60862412462454, 69.98062955544624, 58.283040721404575, 61.19091004814155, 55.493139718062, 70.30602620091983, 66.63293259293026, 52.84810954439827]","[45.62100005149841, 0.4830000400543213, 31.997999906539917, 1.2720000743865967, 4.7820000648498535, 109.11299991607666, 58.930999994277954, 20.20199990272522, 11.386000156402588, 27.766000032424927, 18.657999992370605, 12.904000043869019, 1.568000078201294, 91.95000004768372, 51.89100003242493, 16.728000164031982, 2.690999984741211, 7.542999982833862, 2.2060000896453857, 2.4100000858306885, 17.41600012779236, 2.375, 2.503000020980835, 0.3020000457763672, 30.449000120162964, 42.025999784469604, 32.242999792099, 10.718999862670898, 0.5399999618530273, 27.947999954223633, 2.190999984741211, 33.33299994468689, 85.1710000038147, 3.255999803543091, 7.259000062942505, 1.8829998970031738, 0.5529999732971191, 2.8309998512268066, 0.7070000171661377, 0.47099995613098145, 4.398999929428101, 5.41700005531311, 3.7710001468658447, 1.1170001029968262, 0.18200016021728516, 0.1360001564025879, 0.0710000991821289, 0.032000064849853516]",,forecast_sensitivity
33,Proposed-H3,86,test_id,id_actual,high_error,3,0.3,1365.7998385006083,,,,46.016000270843506,0.9586666723092397,2.9250001907348633,0,0,True,,100086,proposed,4,48,True,,1.0,0.12500000126029473,"[9.019058236344733, 11.910626921512339, 9.765080029185427, 3.8317838383971985, 6.688147490130368, 12.809952974017051, 10.94356644252621, 11.893780770598102, 7.952644663392908, 9.452712063591374, 18.66595619668479, 25.72126239998061, 33.964104436924, 36.66658378053285, 22.631840565219896, 6.16615, 6.16615, 6.16615, 4.932728, 5.438703194349922, 4.235889237230355, 3.699402, 3.699402, 3.6985731203103756, 4.931898531608315, 6.165320465192432, 6.16615, 4.932728, 6.16615, 6.16615, 25.452885427953987, 37.95079072131883, 52.820875221627425, 67.6446822897118, 75.23968947801845, 109.27457697219982, 45.282452041972455, 39.95784207587594, 50.22663931268049, 72.14393386447158, 50.490423768732775, 65.95380557598855, 58.283040367977414, 59.14934903856569, 55.49313966250691, 70.30602521470259, 66.63293257423744, 52.84810953433661]","[2.3539998531341553, 0.9910001754760742, 1.508000135421753, 2.0799999237060547, 1.6609997749328613, 0.6490001678466797, 0.8059999942779541, 0.16100001335144043, 0.31599998474121094, 0.9449999332427979, 1.011000156402588, 0.9880001544952393, 0.10599994659423828, 0.5980000495910645, 0.6040000915527344, 1.061000108718872, 0.7119998931884766, 0.8849999904632568, 0.7739999294281006, 2.052999973297119, 0.9670000076293945, 0.8870000839233398, 0.7580001354217529, 0.7220001220703125, 0.9800000190734863, 1.0209999084472656, 0.9489998817443848, 0.8270001411437988, 2.9250001907348633, 1.0309998989105225, 0.8320000171661377, 0.8480000495910645, 0.872999906539917, 1.001999855041504, 0.9939999580383301, 1.122999906539917, 0.9659998416900635, 1.0260000228881836, 0.998999834060669, 0.20099997520446777, 1.0250000953674316, 1.1499998569488525, 1.127000093460083, 1.1739997863769531, 0.9970002174377441, 0.1960000991821289, 0.10800004005432129, 0.04500007629394531]",,forecast_sensitivity
33,MPC-3,87,test_id,id_actual,high_error,3,,1691.1212230426056,,,,83.05599999427795,1.730333333214124,10.752000093460083,0,0,True,,100087,pure_mpc,4,48,True,,1.0,0.12500000178717252,"[14.833859328340267, 13.034581805227079, 4.287398247617233, 3.699402, 5.734278518825858, 12.42734792968474, 9.249927257770917, 7.756644390792628, 12.93970690668758, 9.044879811246307, 23.58910886811895, 29.148948487631465, 33.295173844169845, 35.81646894859327, 19.751383759862186, 11.948227108185636, 5.252732259706261, 4.0193813533393605, 3.2131664355102116, 2.3774719224813943, 1.1443448275702475, 0.0, 0.0, 1.1288930874828411, 2.362018979306111, 3.5952408710732184, 3.6094266861029802, 4.842745597411396, 25.69138262343868, 45.463133723360805, 73.08835645968479, 96.75407030690286, 115.7105895247588, 108.16742046167673, 134.80211807875918, 94.74316568017431, 58.50454005687951, 56.87860643885041, 69.93183629352373, 60.3451427461332, 68.12355122719585, 56.07725013829016, 48.81873861631161, 67.05472849468791, 53.81488862745249, 56.264783132435454, 58.760311110152024, 64.02385006919918]","[1.186000108718872, 0.4159998893737793, 10.752000093460083, 0.9040000438690186, 7.011000156402588, 5.164000034332275, 1.3330001831054688, 1.863999843597412, 3.1999998092651367, 0.5699999332427979, 1.886000156402588, 0.3989999294281006, 0.7360000610351562, 0.5209999084472656, 0.6689999103546143, 0.4980001449584961, 0.8510000705718994, 10.078999996185303, 3.550999879837036, 6.210000038146973, 0.6739997863769531, 0.7100000381469727, 0.7549998760223389, 2.065000057220459, 1.686000108718872, 6.495999813079834, 1.11899995803833, 0.9419999122619629, 1.9800000190734863, 1.8450000286102295, 0.18800020217895508, 0.6779999732971191, 0.562000036239624, 0.5789999961853027, 0.44099998474121094, 0.18000006675720215, 0.15699982643127441, 0.17200016975402832, 0.17299985885620117, 0.15999984741210938, 0.15799999237060547, 0.312000036239624, 0.35500001907348633, 0.30100011825561523, 2.0299999713897705, 0.39800000190734863, 0.09800004959106445, 0.04200005531311035]",,forecast_sensitivity
33,MPC-7,87,test_id,id_actual,high_error,7,,1578.208987378323,,,,1182.9019992351532,24.643791650732357,271.3129999637604,0,0,True,,100087,pure_mpc,8,48,True,,1.0,0.12500000185871252,"[14.83385492188565, 17.87173358759972, 8.900582458665012, 4.932727680301468, 6.166149980213529, 7.855976523454085, 6.16615, 10.062950996631555, 20.8782862485694, 7.615559130256327, 32.356768978577186, 13.28642774572986, 33.295170836777956, 20.380864053719364, 6.166149983056914, 11.948224400632643, 5.1500039396508335, 4.756371225941447, 3.523058953429196, 2.2898426802829013, 1.233038, 1.233038, 0.0, 5.664576331990242, 2.4661720000000003, 3.699402, 4.932728, 6.16615, 24.451537089997657, 45.463134475145104, 73.08843652873175, 92.25487851099523, 101.65381191573348, 86.02755842545582, 95.66137587401445, 77.17804627143454, 58.5047621018604, 56.878610519666054, 69.93183627031065, 60.34514267529488, 68.12355116295402, 56.077250074882905, 48.818738502123686, 67.05472834072744, 53.8146856847435, 56.26478313017317, 58.76031110643928, 64.02385006027336]","[17.019999980926514, 33.573999881744385, 74.98900008201599, 7.115999937057495, 10.635999917984009, 169.39100003242493, 33.25499987602234, 14.394999980926514, 30.763000011444092, 10.2260000705719, 2.068000078201294, 18.407999992370605, 94.64599990844727, 65.58700013160706, 5.312999963760376, 2.1730000972747803, 1.936000108718872, 13.427000045776367, 2.011000156402588, 14.674999952316284, 8.66599988937378, 2.422999858856201, 8.678999900817871, 2.3340001106262207, 30.401999950408936, 271.3129999637604, 46.08299994468689, 19.717000007629395, 71.01400017738342, 65.15199995040894, 0.4649999141693115, 3.934999942779541, 0.4549999237060547, 9.227999925613403, 0.5169999599456787, 2.8430001735687256, 0.42599987983703613, 0.4680001735687256, 1.6469998359680176, 3.176999807357788, 2.2639999389648438, 2.7179999351501465, 1.500999927520752, 1.2070000171661377, 4.017999887466431, 0.46899986267089844, 0.12200021743774414, 0.04999995231628418]",,forecast_sensitivity
33,Proposed-H3,87,test_id,id_actual,high_error,3,0.3,1405.8460096793565,,,,48.7049994468689,1.0146874884764354,2.6999998092651367,0,0,True,,100087,proposed,4,48,True,,1.0,0.12500000433370612,"[23.27474873382812, 13.664994404577328, 3.5479070049233927, 10.181575809993237, 9.610609220412417, 13.459467474407504, 33.42449649494808, 5.357047069922552, 7.983101390241304, 9.044875875955324, 21.62368748042178, 29.148946419686617, 33.29517348563617, 32.29829694336648, 19.751386640915868, 11.948224598143302, 6.16615, 6.16615, 6.16615, 5.430517584174886, 4.197152840195624, 3.699402, 3.699402, 3.699402, 4.932728, 4.257086836934091, 5.275379431859745, 6.16615, 6.16615, 6.16615, 28.903195008636217, 51.983451973714175, 70.41563735671299, 62.75649683540384, 92.62308693778722, 77.17804627039858, 47.43084260190922, 52.47672011692785, 61.506693783396045, 60.3451410145675, 61.89406004722691, 56.07724908108511, 47.70141703775551, 61.464798099792894, 44.237719998556905, 56.2647830488729, 58.76031097451196, 64.02384975155657]","[1.6790001392364502, 1.1540000438690186, 1.0859999656677246, 0.3639998435974121, 2.6999998092651367, 1.1000001430511475, 2.177999973297119, 0.9570000171661377, 0.9489998817443848, 0.10400009155273438, 0.12899994850158691, 1.0469999313354492, 1.1630001068115234, 0.9409999847412109, 1.0180001258850098, 0.996999979019165, 0.9789998531341553, 1.0469999313354492, 0.9190001487731934, 1.1570000648498535, 0.9089999198913574, 1.0069999694824219, 0.9730000495910645, 1.2269999980926514, 2.615000009536743, 1.2799999713897705, 1.0290000438690186, 1.1949999332427979, 1.2150001525878906, 1.1689999103546143, 1.122999906539917, 0.9440000057220459, 1.060999870300293, 0.2049999237060547, 0.9690001010894775, 1.068000078201294, 0.9509999752044678, 0.937000036239624, 0.940000057220459, 0.9879999160766602, 0.18400001525878906, 0.7219998836517334, 0.9819998741149902, 1.0199999809265137, 1.7769999504089355, 0.4119999408721924, 0.0969998836517334, 0.03800010681152344]",,forecast_sensitivity
33,MPC-3,88,test_id,id_actual,high_error,3,,1625.5101792045248,,,,78.02999949455261,1.625624989469846,12.35699987411499,0,0,True,,100088,pure_mpc,4,48,True,,1.0,0.12500000132097772,"[18.327901257950817, 3.139958508295053, 5.5345502239940245, 9.937822722463356, 12.500631563316382, 11.535764877570227, 6.166149893150745, 14.980133456055981, 9.31326857993219, 6.1661463899466895, 17.94928124777796, 29.1531295872728, 33.39475851579903, 36.9388502012559, 21.602664417587334, 11.176408671455611, 6.16615, 6.16615, 4.93273517452965, 3.6994091739712185, 2.466179173412787, 1.2330451728543554, 7.172295923866916e-06, 1.2330451728543554, 1.724586291623705, 2.9577585596925697, 3.2765405613548757, 4.509833644818735, 14.586896499113529, 52.40650763972858, 41.00374371802174, 79.76782009434734, 104.68986366945782, 106.41682488096211, 97.26704050442304, 100.79906317948002, 55.06343000047202, 55.04502437939322, 63.229253193906736, 58.46920251834806, 77.01871433020555, 71.58203581430378, 68.60628674705231, 50.09534806972413, 52.35959049544852, 62.23586280512974, 67.02144702997157, 61.663363423802544]","[0.9029998779296875, 3.183000087738037, 4.216000080108643, 12.35699987411499, 3.009000062942505, 1.995999813079834, 0.10899996757507324, 0.6529998779296875, 0.3619999885559082, 0.19700002670288086, 1.6640000343322754, 0.35199999809265137, 0.6329998970031738, 0.1119999885559082, 0.48000001907348633, 5.424999952316284, 0.6349999904632568, 0.18000006675720215, 0.09600019454956055, 0.6419999599456787, 0.6289999485015869, 0.5989999771118164, 2.677999973297119, 6.226999998092651, 4.855000019073486, 4.043999910354614, 5.434999942779541, 6.578000068664551, 1.4029998779296875, 0.1979999542236328, 1.180999994277954, 1.6649999618530273, 0.1960000991821289, 0.7569999694824219, 0.5069999694824219, 0.3489999771118164, 0.21500015258789062, 0.5779998302459717, 0.15000009536743164, 0.31999993324279785, 0.21700000762939453, 0.17699980735778809, 0.34599995613098145, 0.5760002136230469, 0.6070001125335693, 0.2070000171661377, 0.0989999771118164, 0.03299999237060547]",,forecast_sensitivity
33,MPC-7,88,test_id,id_actual,high_error,7,,1559.5977959876755,,,,1020.6980011463165,21.26454169054826,142.45499992370605,0,0,True,,100088,pure_mpc,8,48,True,,1.0,0.12500000830131214,"[21.233449294946517, 3.1399576330604204, 14.770776116515616, 14.967836204260166, 11.331881294711012, 7.897728653022607, 6.16615, 19.677699439552843, 11.193846097721703, 14.922200112651398, 20.342012184362133, 12.991448762799982, 30.907403274849905, 24.74538147361794, 11.38891226494044, 9.246123757014523, 6.16615, 6.16615, 4.932728, 3.699402, 2.4661720000000003, 1.233038, 2.4661720000000003, 1.502323493788434, 21.589291587821016, 3.9687293738040466, 5.202076338351267, 6.16615, 8.77316129063755, 52.4065077228999, 41.00374401054097, 81.888965609971, 93.46546134014454, 79.85030064158548, 77.82493455616392, 81.51397221668871, 55.06343049878812, 55.045026628845285, 63.229252994610874, 58.46920240988162, 77.0187144225222, 71.5820356618687, 68.60628676839056, 50.09534805945905, 52.35958952974476, 62.23586274131546, 67.02144697127567, 61.663362554549224]","[26.236999988555908, 19.30900001525879, 108.51899981498718, 2.0209999084472656, 95.75300002098083, 142.45499992370605, 24.763999938964844, 22.46499991416931, 9.593000173568726, 93.40000009536743, 20.174999952316284, 0.46399998664855957, 19.47499990463257, 22.90999984741211, 69.77700018882751, 15.088000059127808, 13.694999933242798, 30.94600009918213, 2.044999837875366, 8.961000204086304, 2.5789999961853027, 2.203000068664551, 16.86900019645691, 13.901000022888184, 36.289000034332275, 56.38100004196167, 17.812999963760376, 28.157000064849854, 50.335999965667725, 1.9869999885559082, 5.144000053405762, 1.7590000629425049, 10.907000064849854, 1.4730000495910645, 2.202000141143799, 1.7829999923706055, 4.638000011444092, 1.6390001773834229, 0.3920001983642578, 4.707000017166138, 2.6720001697540283, 3.384000062942505, 0.34800004959106445, 3.2929999828338623, 1.4570000171661377, 0.19300007820129395, 0.0989999771118164, 0.0409998893737793]",,forecast_sensitivity
33,Proposed-H3,88,test_id,id_actual,high_error,3,0.3,1372.9199848561957,,,,53.58700084686279,1.1163958509763081,4.539999961853027,0,0,True,,100088,proposed,4,48,True,,1.0,0.12499999981127066,"[28.239740190759136, 33.56574133857862, 7.656245289977076, 4.419841375396505, 5.6532234534645, 6.16615, 6.16615, 9.847329308543348, 8.361214381843268, 6.16615, 15.075467497094904, 29.153127430288002, 30.907410546879042, 35.59718479174503, 20.266231247550586, 11.17643192034701, 6.16615, 6.16615, 5.366086103730351, 4.932728, 3.699402, 3.699402, 3.699402, 3.699402, 4.932728, 6.16615, 6.16615, 6.16615, 6.16615, 8.697362791076406, 6.16615, 45.54577452348574, 59.73767555457743, 67.95562344801161, 76.15791983907549, 79.20484711330468, 42.18790074900817, 45.64336830603625, 63.22925214901358, 57.24389437669595, 69.1025814135247, 68.88712030362946, 68.05352174080635, 50.09534805498545, 48.71345325970447, 62.235865277700064, 67.02144694837297, 61.597190130989354]","[0.8389999866485596, 3.56499981880188, 1.1370000839233398, 1.2109999656677246, 1.2829999923706055, 0.9739999771118164, 1.065000057220459, 1.2840001583099365, 0.9509999752044678, 1.2760000228881836, 4.539999961853027, 1.064000129699707, 0.11100006103515625, 1.0460000038146973, 1.0309998989105225, 1.133000135421753, 1.0749998092651367, 0.8730001449584961, 1.0800001621246338, 0.9869999885559082, 1.00600004196167, 0.20599985122680664, 1.0529999732971191, 1.0130000114440918, 2.2100000381469727, 1.1050000190734863, 1.0439999103546143, 1.0099999904632568, 0.9789998531341553, 1.058000087738037, 0.9010000228881836, 0.939000129699707, 1.069000005722046, 1.002000093460083, 1.2150001525878906, 1.0209999084472656, 1.126999855041504, 0.9879999160766602, 0.7369999885559082, 1.0800001621246338, 0.21000003814697266, 1.123000144958496, 1.1650002002716064, 1.75600004196167, 1.687000036239624, 0.20300006866455078, 0.11500000953674316, 0.039999961853027344]",,forecast_sensitivity
33,MPC-3,89,test_id,id_actual,high_error,3,,1811.5244399350768,,,,69.10399985313416,1.4396666636069615,8.549999952316284,0,0,True,,100089,pure_mpc,4,48,True,,1.0,0.12500000066769063,"[23.507936475569622, 10.819325198899278, 8.2564327761072, 4.486077195106595, 5.133551762264472, 6.350036132592224, 9.16669444322106, 15.067222841457312, 9.242017162574466, 11.144639389804723, 19.615583882669014, 28.6772423054147, 34.52578860290699, 22.53692716229952, 18.303165042553474, 6.16615, 4.932728, 5.809405191739729, 4.576184282369163, 3.3428862472636336, 2.1096839998702666, 0.8765777518428856, 0.0, 1.2330356558721947, 0.0, 1.0796890545383064, 38.55505433481012, 35.14764500155661, 45.36230473475403, 53.192359863939096, 55.21947303913032, 116.05887265268743, 82.85507570463403, 121.8691982411159, 130.02765796122608, 128.9463878794474, 58.64117392136192, 46.84222990523778, 63.48906138693631, 69.36247323202456, 65.95893570611078, 62.918246307357286, 69.04565720829304, 74.77291974851425, 62.648077211639965, 62.296206320156365, 60.5834050755867, 50.77304394162007]","[0.4590001106262207, 0.9690001010894775, 1.5899999141693115, 0.3529999256134033, 2.180000066757202, 4.549999952316284, 6.955999851226807, 0.22900009155273438, 1.1080000400543213, 4.48799991607666, 0.6459999084472656, 0.3939998149871826, 2.1529998779296875, 1.6579999923706055, 0.9070000648498535, 8.549999952316284, 0.6319999694824219, 0.8650000095367432, 0.09299993515014648, 3.493000030517578, 0.08100008964538574, 0.7010002136230469, 0.4200000762939453, 0.5090000629425049, 0.042999982833862305, 7.49399995803833, 5.888000011444092, 2.5759999752044678, 2.324000120162964, 0.6319999694824219, 1.0349998474121094, 0.22099995613098145, 0.23199987411499023, 0.49899983406066895, 0.1419999599456787, 0.10500001907348633, 0.17400002479553223, 1.136000156402588, 0.8410000801086426, 0.1530001163482666, 0.17600011825561523, 0.4350001811981201, 0.182999849319458, 0.14999985694885254, 0.26200008392333984, 0.2349998950958252, 0.09200000762939453, 0.09200000762939453]",,forecast_sensitivity
33,MPC-7,89,test_id,id_actual,high_error,7,,1663.810643501289,,,,534.6500005722046,11.138541678587595,49.18400001525879,0,0,True,,100089,pure_mpc,8,48,True,,1.0,0.12499999981030499,"[28.147613237909194, 15.994789328172535, 16.05735339436953, 4.932728, 4.7627072113695705, 5.996115844837514, 6.927514476105422, 12.936467189643494, 14.86889697324296, 12.23998133139002, 17.059576097159592, 28.677220264497446, 30.307544421384698, 14.449172289968768, 5.527307509009357, 6.16615, 4.932728, 5.770562068889534, 4.537170858071346, 3.3038758478288455, 2.070676637128963, 1.233038, 1.233038, 2.4661720000000003, 2.284826230052456, 3.518042112630144, 16.23613344464436, 5.984761877757702, 26.209109450649642, 54.97890961739616, 55.21947335949598, 114.03720529107235, 71.9715880605187, 100.08321875459606, 108.13325032023704, 107.10111003166412, 62.11223050267572, 46.842230029752756, 63.489061341565595, 69.36247313480023, 65.95893368074688, 62.9182495223827, 69.04565703584892, 74.77291972181592, 62.64807668704141, 59.534984456968544, 60.58225496671722, 50.18754488927971]","[27.807000160217285, 27.84000015258789, 29.014999866485596, 16.782999992370605, 2.4489998817443848, 1.8840000629425049, 4.0899999141693115, 18.02300000190735, 5.5329999923706055, 22.75499987602234, 25.93500018119812, 1.4709999561309814, 31.622999906539917, 17.450000047683716, 1.9890000820159912, 27.92199993133545, 2.255000114440918, 12.131999969482422, 2.0420000553131104, 25.249000072479248, 2.31000018119812, 11.463000059127808, 2.1679999828338623, 2.3999998569488525, 12.631999969482422, 28.07200002670288, 34.66300010681152, 29.674000024795532, 49.18400001525879, 19.751999855041504, 7.515000104904175, 2.442999839782715, 4.41100001335144, 0.565000057220459, 0.505000114440918, 1.7300000190734863, 1.88100004196167, 4.309000015258789, 2.9100000858306885, 0.47699999809265137, 0.4830000400543213, 6.2799999713897705, 3.5769999027252197, 0.2929999828338623, 0.1940000057220459, 0.3789999485015869, 0.07200002670288086, 0.06100010871887207]",,forecast_sensitivity
33,Proposed-H3,89,test_id,id_actual,high_error,3,0.3,1438.2409666591425,,,,39.903000593185425,0.8313125123580297,3.8889999389648438,0,0,True,,100089,proposed,4,48,True,,1.0,0.12500000176219409,"[30.93076482806551, 10.819328972341772, 8.25643499461362, 4.932728, 6.16615, 4.932728, 6.05053180860957, 14.408743330835025, 8.34530129391037, 9.791819383651113, 19.113857082532384, 28.677241638237852, 34.09876327900326, 22.32466895825346, 18.09182495436267, 6.16615, 6.16615, 6.16615, 4.932728, 6.16615, 4.932728, 3.699402, 3.699402, 3.709851898255014, 3.699402, 4.591963294252504, 5.825358768593284, 6.16615, 6.16615, 11.104760424648893, 11.204950800377494, 70.89318737585697, 40.167180210462966, 79.49015402573856, 97.6873641441722, 105.82616599716862, 56.319442363313925, 35.90674230698821, 52.25342967894626, 69.36247307069192, 65.95893545078047, 62.91824915165741, 69.0456571565852, 74.77291973889987, 62.64807715505115, 62.296206214428175, 60.583405102073215, 50.77304380578378]","[0.6119999885559082, 3.8889999389648438, 1.0410001277923584, 0.9249999523162842, 1.5980000495910645, 0.16299986839294434, 0.3539998531341553, 0.23600006103515625, 0.31100010871887207, 0.14699983596801758, 0.17499995231628418, 0.0989999771118164, 0.8640000820159912, 0.07699990272521973, 0.6319999694824219, 0.17300009727478027, 0.996999979019165, 0.10100007057189941, 0.20600008964538574, 2.942000150680542, 0.7260000705718994, 0.16200017929077148, 0.8450000286102295, 0.6969997882843018, 0.6640000343322754, 0.9040000438690186, 2.1089999675750732, 1.9530000686645508, 0.9300000667572021, 0.9350001811981201, 0.9630000591278076, 0.8009998798370361, 0.8059999942779541, 0.8370001316070557, 0.80899977684021, 0.810999870300293, 0.9740002155303955, 1.005000114440918, 1.011000156402588, 1.011000156402588, 0.9590001106262207, 0.8439998626708984, 1.0139999389648438, 0.9799997806549072, 1.0859999656677246, 0.3259999752044678, 0.09200000762939453, 0.10700011253356934]",,forecast_sensitivity
33,MPC-3,90,test_id,id_actual,high_error,3,,1706.2991388786486,,,,54.80399990081787,1.1417499979337056,13.051000118255615,0,0,True,,100090,pure_mpc,4,48,True,,1.0,0.12500000176429493,"[16.576574629081914, 9.294329736736238, 3.6994020000000005, 4.932727858097012, 6.16615, 8.432813818070223, 10.177029456576449, 9.514007870364617, 11.467448211535629, 11.612007315782257, 18.061103966976205, 29.69485352987946, 24.871974412495078, 10.058450006966726, 17.159438696294316, 13.223290104574962, 5.895358293068315, 6.16615, 4.932728, 3.6994020000000005, 2.4661720000000003, 1.233038, 2.4661720000000003, 1.2330523031385452, 2.132349364548936, 0.8992413530436273, 20.04304819423628, 12.907631591557532, 46.66731336832969, 60.22768452416048, 43.831379258829664, 93.63819325902993, 96.33677359831778, 121.64186222161182, 111.0264584586954, 120.5172748590225, 44.01046888275704, 53.25841927953246, 68.36144252721034, 59.75719177466492, 69.43845911802623, 52.44733779772871, 61.7251528385373, 70.25492319194375, 66.7677482501393, 63.712647291031125, 68.42327110609477, 65.23919255996077]","[0.5720000267028809, 1.2579998970031738, 0.8059999942779541, 0.37600016593933105, 0.13199996948242188, 2.61899995803833, 0.6410000324249268, 1.185999870300293, 4.0920000076293945, 0.43899989128112793, 0.6590001583099365, 0.432999849319458, 2.0929999351501465, 2.878000020980835, 0.8029999732971191, 1.058000087738037, 0.1919999122619629, 3.7710001468658447, 0.8429999351501465, 0.7200000286102295, 0.7620000839233398, 0.7259998321533203, 0.755000114440918, 0.5139999389648438, 0.9600000381469727, 0.6679999828338623, 13.051000118255615, 2.86899995803833, 2.6989998817443848, 0.7350001335144043, 0.7089998722076416, 0.20099997520446777, 0.5510001182556152, 0.1960000991821289, 0.5349998474121094, 0.2200000286102295, 0.4330000877380371, 0.3539998531341553, 0.2239999771118164, 0.4179999828338623, 0.15600013732910156, 0.5180001258850098, 0.11699986457824707, 0.19099998474121094, 0.34200000762939453, 0.1830000877380371, 0.10599994659423828, 0.039999961853027344]",,forecast_sensitivity
33,MPC-7,90,test_id,id_actual,high_error,7,,1603.8996350962445,,,,564.5070004463196,11.760562509298325,81.33299994468689,0,0,True,,100090,pure_mpc,8,48,True,,1.0,0.12500001327889254,"[16.576576608613905, 20.28637553229588, 3.1737688702146443, 4.407053922646391, 7.8467369961504065, 9.203162767352215, 9.639429438951112, 11.863523993923566, 24.149750122419604, 18.875244486667548, 19.123429955367612, 19.276916970890593, 16.729533244863454, 6.373511620763412, 6.16615, 5.657398474863372, 6.0267507103443085, 6.166147866825082, 4.932725867624888, 3.6993998682908917, 2.4661698690907934, 1.23303587029414, 2.4661698431595784, 1.233035844327483, 2.4661698326300994, 2.179030276907166, 34.30715647167638, 17.34327014868566, 28.97211547377632, 55.945445288194044, 43.831379306797075, 91.22146150965142, 88.10907710013498, 84.14910037986358, 85.93055757274938, 98.47666770448637, 44.01050081673555, 53.25841944965211, 68.36146085040704, 59.757195303206245, 69.43845914232062, 52.44734161850163, 61.725152724577, 70.25492316801791, 66.7677482951002, 63.71264724880525, 68.42316554714937, 65.23919112027777]","[32.04299998283386, 51.55900001525879, 4.808000087738037, 1.3360002040863037, 81.33299994468689, 26.867000102996826, 7.792999982833862, 23.507999897003174, 1.7549998760223389, 3.059000015258789, 8.3510000705719, 6.684000015258789, 8.062000036239624, 36.991000175476074, 46.97099995613098, 18.782000064849854, 7.976000070571899, 26.08899998664856, 2.3980000019073486, 2.6570000648498535, 2.510999917984009, 19.38699984550476, 0.3919999599456787, 19.569999933242798, 1.7739999294281006, 2.2849998474121094, 39.17700004577637, 24.241999864578247, 28.062999963760376, 2.376999855041504, 4.976999998092651, 0.46200013160705566, 2.305000066757202, 0.5430002212524414, 1.2409999370574951, 1.441999912261963, 1.6129999160766602, 0.49500012397766113, 0.48199987411499023, 6.233999967575073, 1.7829999923706055, 3.073000192642212, 0.33700013160705566, 0.28999996185302734, 0.20000004768371582, 0.1100001335144043, 0.08100008964538574, 0.03900003433227539]",,forecast_sensitivity
33,Proposed-H3,90,test_id,id_actual,high_error,3,0.3,1389.7925660604963,,,,42.80000042915344,0.8916666756073633,2.799999952316284,0,0,True,,100090,proposed,4,48,True,,1.0,0.12499999981149502,"[16.576578492558134, 9.294333547079091, 3.1137111674705253, 4.34699143675437, 26.9892214573061, 13.45673632670397, 11.728445364676219, 9.53478657860638, 11.474417643431547, 11.618965364496901, 18.064787509063017, 29.694852590573184, 24.874159773527076, 10.06065456998213, 17.161628855386297, 13.223292923423056, 6.16615, 6.16615, 5.649793994582872, 5.238931398769781, 4.005581566575027, 3.699402, 3.699402, 4.932728, 6.16615, 4.932728, 6.16615, 6.16615, 6.16615, 12.142382104299024, 6.16615, 48.863465502532506, 51.30855871207522, 76.02351067653038, 85.93055756901995, 98.4765472874391, 44.010467954438504, 47.46196309754612, 57.27807502904897, 54.90652957108828, 69.43845882108906, 50.819020644593294, 61.72515262021365, 70.25492304728124, 61.81210062885668, 63.71264719358803, 65.58622265359179, 63.50680238629847]","[0.7569999694824219, 1.0429999828338623, 2.799999952316284, 1.1130001544952393, 0.19899988174438477, 1.9700000286102295, 0.14399981498718262, 0.9539999961853027, 0.4500000476837158, 0.8439998626708984, 0.10699987411499023, 0.999000072479248, 1.0349998474121094, 0.10800004005432129, 0.9000000953674316, 0.9269998073577881, 0.6850001811981201, 0.312000036239624, 0.882000207901001, 1.00600004196167, 0.9300000667572021, 0.8829998970031738, 0.8550000190734863, 0.9510002136230469, 0.8890001773834229, 0.6769998073577881, 2.4670000076293945, 2.2890000343322754, 0.939000129699707, 0.8450000286102295, 0.9530000686645508, 1.0820000171661377, 1.1759998798370361, 0.9249999523162842, 0.867999792098999, 0.9590001106262207, 0.7380001544952393, 0.9699997901916504, 1.0350000858306885, 0.8499999046325684, 0.814000129699707, 1.004000186920166, 1.0099999904632568, 0.14499998092651367, 1.008000135421753, 0.1510000228881836, 0.11599993705749512, 0.03600001335144043]",,forecast_sensitivity
33,MPC-3,91,test_id,id_actual,high_error,3,,1728.1210901841641,,,,53.78500032424927,1.1205208400885265,12.874000072479248,0,0,True,,100091,pure_mpc,4,48,True,,1.0,0.12500000146945625,"[23.834494192417207, 13.685864027031071, 3.5768556828343367, 6.761817839873623, 10.556179033255848, 11.930647110257608, 14.543510810590007, 7.6756212334153755, 8.138899967417741, 8.135431532318897, 17.014299659674464, 34.44070702314676, 43.681368070256894, 26.71977377532167, 19.29069517343988, 5.993708245707997, 4.760299690049994, 4.778346441309228, 3.5450324583322743, 2.311814474721277, 2.92653037152213, 1.6933605343452052, 0.46028686199000823, 0.0, 6.95047682908389, 10.521248902064295, 11.449658131674878, 33.57864446678161, 27.505472730441, 55.374234350998755, 68.98963951557715, 77.02723227963659, 110.14050467108466, 94.96017890271747, 127.79059006009301, 109.10387979930232, 60.23954277528854, 52.390873277484275, 59.352673449938166, 59.01029729975144, 54.72785327981991, 67.47154501746036, 63.31555875218489, 52.91812242848765, 68.13105987405099, 66.78112151391392, 58.61428317374335, 55.3208544933555]","[0.08899998664855957, 2.9720001220703125, 0.7119998931884766, 3.2339999675750732, 1.0, 0.9530000686645508, 0.5269999504089355, 1.1630001068115234, 3.111999988555908, 0.33100008964538574, 1.9070000648498535, 0.5669999122619629, 0.14999985694885254, 2.055999994277954, 0.6480000019073486, 0.6740000247955322, 0.7569999694824219, 0.13300013542175293, 0.7290000915527344, 0.5850000381469727, 0.7620000839233398, 0.6570000648498535, 0.06799983978271484, 0.6380000114440918, 1.6699998378753662, 4.986999988555908, 12.874000072479248, 2.056999921798706, 0.6590001583099365, 0.684999942779541, 0.6230001449584961, 0.14699983596801758, 0.45599985122680664, 1.3489999771118164, 0.6279997825622559, 0.20000004768371582, 0.18600010871887207, 0.34600019454956055, 0.4680001735687256, 0.3229999542236328, 0.5139999389648438, 0.16300010681152344, 0.19699978828430176, 0.17499995231628418, 0.32400012016296387, 0.19300007820129395, 0.10500001907348633, 0.032000064849853516]",,forecast_sensitivity
33,MPC-7,91,test_id,id_actual,high_error,7,,1650.626288733001,,,,796.8630006313324,16.60131251315276,300.18800020217896,0,0,True,,100091,pure_mpc,8,48,True,,1.0,0.12499999981048313,"[24.89825451468308, 13.685692179753415, 3.6994007662145107, 5.180694648526273, 9.822660736595461, 14.291600133381944, 16.934329186288444, 11.835409066691343, 10.762975396825397, 15.041230809217534, 18.874987795670805, 24.757857672934716, 42.23079389261583, 16.97631354247777, 9.572539619527875, 5.99369595935251, 6.166149995967964, 6.16614935038002, 4.932727350930611, 3.6994013519810935, 2.4661713530315357, 1.2330373540968333, 2.466171353864756, 1.4937630936927007, 28.362156708764473, 3.213861333071697, 4.447145215018883, 28.23802458038351, 23.765131321564425, 63.876350445428564, 68.98964182502229, 77.02723225841312, 90.92246905454189, 74.42608979637217, 107.13177758390877, 88.72153099368789, 60.23954587393295, 53.79677200083506, 59.35267651056261, 59.01029728577015, 54.72785698592893, 67.4715453663594, 63.31523068169004, 52.918122527016976, 68.13105989820384, 66.78112136939113, 58.614282618535334, 53.96435937389489]","[19.621999979019165, 4.572000026702881, 7.2190001010894775, 17.972999811172485, 38.95799994468689, 27.05299997329712, 14.799000024795532, 27.060999870300293, 28.31600022315979, 9.97000002861023, 25.573999881744385, 7.92300009727478, 4.446000099182129, 2.314000129699707, 38.776000022888184, 19.546000003814697, 2.4070000648498535, 1.5740001201629639, 1.9820001125335693, 1.753999948501587, 1.685999870300293, 15.585000038146973, 2.000999927520752, 17.20199990272522, 300.18800020217896, 15.51800012588501, 22.188000202178955, 19.749000072479248, 61.151999950408936, 3.236999988555908, 2.047999858856201, 2.4220001697540283, 1.4709999561309814, 11.266000032424927, 2.0220000743865967, 1.63100004196167, 1.3450000286102295, 4.188999891281128, 2.740999937057495, 2.294999837875366, 2.4099998474121094, 0.4290001392364502, 1.1089999675750732, 0.2949998378753662, 0.2870001792907715, 0.3900001049041748, 0.11500000953674316, 0.05299997329711914]",,forecast_sensitivity
33,Proposed-H3,91,test_id,id_actual,high_error,3,0.3,1411.17294492989,,,,42.36300015449524,0.8825625032186508,3.4170000553131104,0,0,True,,100091,proposed,4,48,True,,1.0,0.12500000490410323,"[23.833572163535564, 17.19058347641921, 3.4494005265025516, 28.783683094241223, 13.401919876841992, 13.853514228235088, 13.791972014700445, 6.929307127909198, 7.763667998839149, 7.974814353559366, 16.900311055155825, 34.44070795269554, 42.4656152395923, 27.21884828693357, 19.788494181145822, 6.16615, 6.16615, 6.16615, 5.654063780761658, 4.420681636673269, 4.932728, 3.699402, 3.699402, 3.699402, 4.932728, 6.16615, 6.16615, 6.16615, 6.16615, 11.59847497737897, 24.950933866403425, 32.450287194343986, 65.08565171069122, 62.93672259657224, 98.25859286703546, 70.63791603811136, 60.239541742574396, 50.50860977205156, 48.193621648346884, 58.04425153690929, 48.41439904848472, 67.4715449357325, 60.761068570052906, 52.918122367780434, 65.99907845285105, 66.78112146017968, 58.6142830822957, 55.320854068352126]","[1.4930000305175781, 0.9340000152587891, 3.4170000553131104, 0.9440000057220459, 2.191999912261963, 0.3530001640319824, 0.40400004386901855, 1.1519999504089355, 1.1110000610351562, 0.8229999542236328, 1.0969998836517334, 0.1100001335144043, 0.9750001430511475, 0.2070000171661377, 1.0480000972747803, 0.8869998455047607, 1.0299999713897705, 0.20399999618530273, 1.1699998378753662, 0.8540000915527344, 2.135999917984009, 0.17300009727478027, 0.8980000019073486, 1.2279999256134033, 1.253000020980835, 1.0230000019073486, 1.1069998741149902, 0.8169999122619629, 0.9679999351501465, 0.9279999732971191, 0.8629999160766602, 0.9219999313354492, 0.8050000667572021, 0.9010000228881836, 0.8629999160766602, 0.9210000038146973, 0.8389999866485596, 0.9440000057220459, 0.9140000343322754, 0.9240000247955322, 0.8580000400543213, 0.9670000076293945, 0.15200018882751465, 0.1230001449584961, 0.13700008392333984, 0.1510000228881836, 0.10500001907348633, 0.037999868392944336]",,forecast_sensitivity
33,MPC-3,92,test_id,id_actual,high_error,3,,1576.0212898914092,,,,78.8360013961792,1.6424166957537334,18.41700005531311,0,0,True,,100092,pure_mpc,4,48,True,,1.0,0.12500000104035974,"[5.51787700648779, 16.436118768052772, 9.320414516643464, 4.932727918038286, 11.159414622996675, 6.866569535597427, 6.166148852297958, 8.884664575946116, 15.816630075003705, 7.5902317035277616, 11.322234355996164, 12.67809996870471, 47.907554373332026, 34.50542851040232, 11.86809783844225, 11.33306631393833, 5.774909831313712, 4.541518281604197, 3.3082227318946815, 2.0750231828191597, 0.8419196341209368, 0.0, 0.0, 0.0, 12.494792653761833, 2.054893397240357, 12.728204238814723, 6.0233150633128, 20.370620517643964, 18.201254245630235, 63.6151856493098, 64.30488626748146, 106.64411094516518, 124.06244252783831, 104.68117682052839, 126.98737156899858, 49.846689730154424, 56.606655187168855, 48.617604499214366, 63.907411904625754, 55.48437574590295, 55.25890782520033, 53.208515767836914, 65.43591737014575, 49.109559080268966, 64.3221744514871, 60.99135354497451, 52.216998291543014]","[1.684000015258789, 0.1400001049041748, 1.5220000743865967, 0.5160000324249268, 0.7739999294281006, 1.679999828338623, 1.6770000457763672, 6.386000156402588, 0.5590000152587891, 3.2380001544952393, 0.7669999599456787, 0.47099995613098145, 0.47099995613098145, 0.7110002040863037, 0.6780002117156982, 2.5970001220703125, 0.6159999370574951, 0.7030000686645508, 0.6150000095367432, 0.5840001106262207, 0.9300000667572021, 0.7450001239776611, 9.502000093460083, 0.07299995422363281, 18.41700005531311, 1.0310001373291016, 3.569000005722046, 3.444999933242798, 3.866000175476074, 3.9099998474121094, 0.6369998455047607, 1.0469999313354492, 0.2239999771118164, 0.17300009727478027, 0.20200014114379883, 0.1549999713897705, 0.4739999771118164, 0.5060000419616699, 0.6619999408721924, 0.3360002040863037, 0.5400002002716064, 0.4849998950958252, 0.4889998435974121, 0.1919999122619629, 0.48399996757507324, 0.1940000057220459, 0.11800003051757812, 0.0410001277923584]",,forecast_sensitivity
33,MPC-7,92,test_id,id_actual,high_error,7,,1540.6263629506088,,,,783.4170005321503,16.321187511086464,159.4869999885559,0,0,True,,100092,pure_mpc,8,48,True,,1.0,0.1249999998101706,"[5.517878022523163, 21.900490410438923, 10.231154341770697, 18.67990725999014, 8.342215224988522, 6.16614993215245, 6.16615, 14.08183959037992, 21.6434040373287, 6.166149951955631, 5.948875840637076, 4.932728, 46.829359620278446, 21.65907621640724, 11.868100521407738, 11.333048055962177, 5.774910025847472, 4.541518477122815, 3.30822292839808, 2.075023379307208, 1.233038, 0.0, 0.0, 0.0, 29.077462084564274, 2.4661720000000003, 9.279292151133946, 5.228248005098077, 24.889379828809027, 20.18536567638579, 63.61518568950557, 70.69593538159047, 106.64411082704356, 118.04329823143827, 73.44905437308641, 103.43133793361673, 49.84669318130621, 61.80068035423046, 48.61760454986135, 63.907411956989016, 55.48437585946751, 55.25891096133876, 50.103146960458886, 65.43591721038182, 48.990161174933604, 64.32217420569981, 60.99135307538329, 50.463851441389465]","[1.7039999961853027, 159.4869999885559, 29.97699999809265, 9.295000076293945, 37.42699980735779, 3.315000057220459, 7.602999925613403, 20.48800015449524, 17.377000093460083, 18.80999994277954, 2.365999937057495, 2.2669999599456787, 5.459000110626221, 20.509000062942505, 23.093000173568726, 16.15400004386902, 7.431999921798706, 9.365999937057495, 10.928999900817871, 1.9179999828338623, 2.4749999046325684, 10.315999984741211, 0.31999993324279785, 2.434000015258789, 29.625, 111.42300009727478, 18.606000185012817, 28.356000185012817, 20.973999977111816, 88.30599999427795, 23.943000078201294, 2.765000104904175, 1.9570000171661377, 3.2690000534057617, 2.325000047683716, 0.37800002098083496, 4.611999988555908, 0.6979999542236328, 3.2009999752044678, 0.33299994468688965, 3.0299999713897705, 8.233000040054321, 4.486000061035156, 1.178999900817871, 4.76800012588501, 0.2739999294281006, 0.0840001106262207, 0.0709998607635498]",,forecast_sensitivity
33,Proposed-H3,92,test_id,id_actual,high_error,3,0.3,1287.93342316686,,,,49.792999029159546,1.0373541464408238,4.141999959945679,0,0,True,,100092,proposed,4,48,True,,1.0,0.12500001104363212,"[5.520559159061047, 43.68921644434077, 16.069556852352914, 15.110402994839918, 11.808126566797856, 7.4380566987272125, 5.094857813928022, 8.70962388021012, 15.728197743421559, 7.546355788807646, 11.298940233289025, 12.65477805261072, 47.90755446474682, 34.50543156987606, 11.86810107438609, 11.333081493565903, 6.16615, 6.16615, 4.932728, 3.740128099934809, 3.699402, 3.699402, 3.6994020000000005, 3.699402, 4.932728, 3.699402, 4.932728, 6.16615, 6.16615, 6.16615, 19.48566703164405, 26.4320430596036, 61.40636816514115, 78.37847653512155, 59.089676486822725, 103.43133652723206, 26.73327953399461, 40.828120168582046, 37.18643054304213, 51.85080185638068, 51.006589796509466, 54.24983371876581, 51.629886108372155, 65.43591723208296, 49.109558696552675, 64.32217432901469, 60.99135339640678, 52.216997050694324]","[4.141999959945679, 0.7149999141693115, 1.0390000343322754, 2.816999912261963, 0.2350001335144043, 0.3400001525878906, 0.9219999313354492, 0.8059999942779541, 2.2219998836517334, 0.9939999580383301, 1.1279997825622559, 1.0049998760223389, 0.9820001125335693, 0.8580000400543213, 0.1100001335144043, 0.8810000419616699, 0.934999942779541, 0.806999921798706, 0.8420000076293945, 0.9839999675750732, 1.0250000953674316, 0.9389998912811279, 0.8550000190734863, 0.8919999599456787, 1.1529998779296875, 0.8429999351501465, 1.1389999389648438, 0.9749999046325684, 2.7279999256134033, 2.056999921798706, 1.011000156402588, 1.1299998760223389, 1.0, 0.9759998321533203, 1.0360000133514404, 1.0600001811981201, 0.9890000820159912, 1.0090000629425049, 1.0450000762939453, 0.9679999351501465, 1.0440001487731934, 1.0130000114440918, 0.9700000286102295, 0.16299986839294434, 0.6710000038146973, 0.17599987983703613, 0.11999988555908203, 0.04199981689453125]",,forecast_sensitivity
33,MPC-3,93,test_id,id_actual,high_error,3,,1715.9848590162246,,,,57.6270010471344,1.2005625218153,10.038000106811523,0,0,True,,100093,pure_mpc,4,48,True,,1.0,0.12500000141962755,"[16.174926372447757, 12.25543829140125, 8.877301146380775, 4.932701193371383, 8.648573017091977, 5.185880251424758, 16.716755571078842, 6.6535980543200814, 10.098673448836458, 13.148816305123269, 19.749391923643273, 26.960373881259862, 23.5315930260888, 27.858981435101235, 25.968293768975542, 6.16615, 4.932728, 3.715042998860767, 2.481985436665653, 3.074545010989711, 1.8413636516481042, 3.074545010696672, 1.8413636513550882, 0.6082782930134278, 0.3288377227797265, 0.9190452699823393, 43.486487828169984, 48.87928132846877, 25.662981279002143, 55.481738975236894, 63.67678757161768, 75.3076713724151, 83.22395013252168, 117.37129748665261, 121.98059117561007, 118.45233107135162, 42.4270942458387, 64.74763402414243, 56.70975464640392, 59.41606607167712, 69.87583241946196, 62.43596104979863, 66.4439917876278, 61.15507688508751, 66.98454169350741, 54.45859900376554, 47.96118085897441, 54.1008253763562]","[0.940000057220459, 1.059000015258789, 5.003999948501587, 0.12400007247924805, 2.9149999618530273, 0.5460000038146973, 0.18900012969970703, 2.759000062942505, 2.005000114440918, 0.21900010108947754, 0.8890001773834229, 0.6380000114440918, 3.4739999771118164, 0.9079999923706055, 0.5889999866485596, 3.505000114440918, 0.749000072479248, 1.0099999904632568, 0.07699990272521973, 10.038000106811523, 0.689000129699707, 0.8580000400543213, 0.749000072479248, 0.6989998817443848, 1.0829999446868896, 6.2179999351501465, 1.0329999923706055, 0.6550002098083496, 1.9110000133514404, 0.8710000514984131, 0.5880000591278076, 0.14100003242492676, 0.8489999771118164, 0.14800000190734863, 0.8430001735687256, 0.15999984741210938, 0.4479999542236328, 0.14099979400634766, 0.13199996948242188, 0.13700008392333984, 0.11800003051757812, 0.1359999179840088, 0.2780001163482666, 0.40000009536743164, 0.38499999046325684, 0.13900017738342285, 0.10299992561340332, 0.07799983024597168]",,forecast_sensitivity
33,MPC-7,93,test_id,id_actual,high_error,7,,1610.9861287337462,,,,901.822999715805,18.787979160745937,300.5590000152588,0,0,True,,100093,pure_mpc,8,48,True,,1.0,0.12500000249220608,"[16.19336209691621, 13.41374586635092, 18.390886510871248, 4.932727987644568, 6.166149955843419, 6.16615, 16.555353100546615, 13.316150276791795, 8.927773333121289, 30.003485879548762, 17.755904144713902, 26.960373682146084, 21.694149774398976, 10.77778929512059, 14.609638339768141, 4.932728, 3.699402, 2.5828257923648903, 2.5118602759869617, 2.3126856619901313, 1.233038, 2.4661720000000003, 2.4661720000000003, 2.0461476994632517, 1.233038, 18.156827207499123, 22.111902206556017, 25.623358445388437, 10.608070577082323, 51.13053485261339, 63.67678765734242, 75.30767136566077, 83.22394869905335, 107.7695302491279, 99.45004512666915, 95.86317332782251, 42.42715397423247, 64.7476339660206, 56.70975461808163, 59.416065974230456, 69.87583244441453, 62.435963872064896, 66.44399176308967, 61.15507981795584, 66.9845452514253, 54.45859879459751, 47.96112362515004, 54.10082524408034]","[3.609999895095825, 22.7810001373291, 31.68400001525879, 1.564000129699707, 300.5590000152588, 2.7269999980926514, 27.290000200271606, 27.048999786376953, 25.128999948501587, 14.447999954223633, 20.9229998588562, 19.68500018119812, 49.062999963760376, 18.235000133514404, 34.443000078201294, 2.4090001583099365, 2.5250000953674316, 13.464999914169312, 17.161999940872192, 22.36400008201599, 2.7899999618530273, 2.687000036239624, 13.558000087738037, 13.154000043869019, 2.3929998874664307, 40.34299993515015, 51.10099983215332, 32.033000230789185, 54.10099983215332, 8.355000019073486, 1.9829998016357422, 2.1689999103546143, 2.6010000705718994, 1.7799999713897705, 2.3529999256134033, 2.055999994277954, 1.0260000228881836, 2.740000009536743, 1.6040000915527344, 1.6899998188018799, 1.9240000247955322, 0.25300002098083496, 0.3410000801086426, 0.9900000095367432, 0.2629997730255127, 0.1770000457763672, 0.13299989700317383, 0.1099998950958252]",,forecast_sensitivity
33,Proposed-H3,93,test_id,id_actual,high_error,3,0.3,1331.3571723639413,,,,52.0629997253418,1.0846458276112874,9.728999853134155,0,0,True,,100093,proposed,4,48,True,,1.0,0.12500001542032801,"[49.042845174474536, 45.015346141751884, 8.877304452111293, 4.932728, 7.0168031228235295, 4.932728, 5.1594161776724885, 6.16615, 4.932728, 10.312711158510947, 6.416026452428637, 26.960372708388732, 21.694149908994365, 19.401913343992344, 25.968296940528475, 6.16615, 6.16615, 6.16615, 5.585225819623428, 4.9910354758090385, 3.757704937439185, 3.699402, 3.8372415351296683, 3.699402, 3.699402, 4.389723724463269, 5.623103457807101, 6.16615, 6.16615, 7.32370711966972, 19.719917573802256, 30.747201645811252, 38.36798630445578, 71.70634569777067, 90.2525112632431, 94.0178561782269, 30.237006628107018, 57.62497850229055, 51.80630109005973, 59.41606575367018, 66.79297146967757, 61.68119262528959, 59.40610041298908, 54.35702508915733, 66.98454504011048, 54.458598152326545, 45.413527644982246, 54.100823640352175]","[1.0870001316070557, 2.874000072479248, 3.0910000801086426, 1.2699999809265137, 9.728999853134155, 0.6460001468658447, 0.4290001392364502, 2.121000051498413, 2.2720000743865967, 0.693000078201294, 0.9560000896453857, 0.8019998073577881, 0.748999834060669, 0.692000150680542, 0.6759998798370361, 0.7009999752044678, 0.8080000877380371, 0.7369999885559082, 0.7139999866485596, 0.7410001754760742, 0.5850000381469727, 0.7829999923706055, 0.812999963760376, 0.6979999542236328, 0.7209999561309814, 1.0840001106262207, 1.1560001373291016, 0.9579999446868896, 0.8159999847412109, 0.8599998950958252, 0.7679998874664307, 0.9240000247955322, 0.8809998035430908, 0.8379998207092285, 0.7100000381469727, 1.0099999904632568, 0.872999906539917, 0.8299999237060547, 0.8499999046325684, 0.9820001125335693, 0.10199999809265137, 0.20199990272521973, 0.8299999237060547, 0.8559999465942383, 0.8340001106262207, 0.14800000190734863, 0.09099984169006348, 0.07200002670288086]",,forecast_sensitivity
33,MPC-3,94,test_id,id_actual,high_error,3,,1726.1064616388746,,,,39.28000020980835,0.8183333377043406,5.3440001010894775,0,0,True,,100094,pure_mpc,4,48,True,,1.0,0.12500000186659233,"[21.692772826668453, 5.425861649543423, 3.0926277824631634, 13.477130779905607, 14.201211565673404, 5.395056073676383, 7.966843467074192, 9.906556095429089, 13.13186282928789, 13.137879170121797, 18.386729899710332, 26.346828539434426, 41.61517408910997, 32.21667840223421, 17.46178546092205, 16.902228685405497, 6.16615, 4.932728, 3.6994020000000005, 2.4661720000000003, 1.233038, 0.0, 0.0, 1.233038, 1.6880570181587524, 1.203526071401131, 2.436657744178051, 36.30833402776877, 19.47819158897261, 32.81815636529968, 67.59708288792567, 86.8120927252058, 103.90116667608913, 120.12365338841983, 125.5112001769871, 123.3551131808028, 53.56541071193465, 59.688088195215094, 50.69640518402833, 52.870319890028625, 68.08675334684058, 61.19049037547566, 68.44538317344539, 55.48657134680171, 61.03841425336826, 53.38688662677525, 71.8729014989678, 68.45784986812352]","[0.125, 1.2799999713897705, 0.8519999980926514, 3.9260001182556152, 1.253000020980835, 0.39999985694885254, 0.5770001411437988, 1.121999979019165, 3.4839999675750732, 0.2780001163482666, 0.4679999351501465, 0.3470001220703125, 0.315000057220459, 0.437999963760376, 3.7339999675750732, 0.5069999694824219, 0.11600017547607422, 0.04999995231628418, 0.46700000762939453, 0.04399991035461426, 0.5220000743865967, 0.4159998893737793, 0.46700000762939453, 0.08299994468688965, 5.3440001010894775, 3.7350001335144043, 0.5539999008178711, 1.6019999980926514, 0.9700000286102295, 1.1779999732971191, 0.2110002040863037, 0.17400002479553223, 0.16299986839294434, 0.18900012969970703, 0.1529998779296875, 0.17199993133544922, 0.4289999008178711, 0.1700000762939453, 0.5139999389648438, 0.5539999008178711, 0.32400012016296387, 0.19499993324279785, 0.14500021934509277, 0.19700002670288086, 0.18000006675720215, 0.7049999237060547, 0.10899996757507324, 0.04199981689453125]",,forecast_sensitivity
33,MPC-7,94,test_id,id_actual,high_error,7,,1589.5930774015437,,,,541.4350008964539,11.279895852009455,240.9630000591278,0,0,True,,100094,pure_mpc,8,48,True,,1.0,0.1249999998128146,"[21.69277518858168, 5.425861650612804, 6.135802527253757, 12.273520023077385, 13.828041208043215, 6.126219306929499, 8.42318527998317, 16.202023155283253, 16.965120743483972, 27.24476466606356, 31.1450739130848, 17.67001626859745, 41.61517073974185, 15.37950418922309, 4.932728, 6.166149875282641, 5.249939791894591, 5.210973046462061, 3.9776253898734972, 2.7443737332849287, 1.511218076830247, 0.2781584197415599, 0.8683503890204999, 2.1014559964546793, 3.3346575817145303, 2.10145597486563, 12.39746468882511, 31.6527520353671, 5.80134879714223, 32.410575347476595, 67.59708281239043, 86.81209264728119, 88.12066466841085, 93.6231051855737, 84.70761274608823, 83.08059449688852, 53.565414643395286, 59.68808850312144, 50.69640527021652, 52.87032352714497, 68.08675343904622, 61.19286792788605, 68.44539144735307, 55.48657130535696, 61.038414187018695, 53.38465035274755, 71.87290086277838, 68.45783737465045]","[2.2179999351501465, 2.94599986076355, 23.854000091552734, 240.9630000591278, 7.4700000286102295, 17.943000078201294, 42.16000008583069, 2.2160000801086426, 22.45799994468689, 5.312999963760376, 18.983999967575073, 6.327000141143799, 3.7769999504089355, 2.8359999656677246, 9.618000030517578, 2.3510000705718994, 2.2780001163482666, 2.313000202178955, 2.561000108718872, 14.024999856948853, 2.0450000762939453, 11.170000076293945, 5.728000164031982, 2.300999879837036, 14.108000040054321, 2.240000009536743, 16.316999912261963, 8.878000020980835, 4.736000061035156, 8.95799994468689, 2.552000045776367, 1.6050000190734863, 0.5529999732971191, 6.306999921798706, 1.8310000896453857, 6.509999990463257, 2.3410000801086426, 0.3619999885559082, 4.1549999713897705, 3.44599986076355, 0.4779999256134033, 0.48800015449523926, 0.4720001220703125, 0.31799983978271484, 0.24500012397766113, 0.5559999942779541, 0.08700013160705566, 0.03699994087219238]",,forecast_sensitivity
33,Proposed-H3,94,test_id,id_actual,high_error,3,0.3,1433.5771361691618,,,,42.56399917602539,0.8867499828338623,3.0980000495910645,0,0,True,,100094,proposed,4,48,True,,1.0,0.12500000483800855,"[21.69277446081546, 5.425861653999206, 3.699402, 27.142321940490383, 17.860149832597088, 16.738848320867596, 15.321977273656067, 13.079654621734939, 28.53419694577562, 17.171913803107792, 16.347476539568856, 26.346828540190266, 41.615173760540664, 28.54454856512845, 17.461868897822484, 16.902231440826238, 6.16615, 6.16615, 5.035004576384696, 3.8016706166848615, 3.699402, 3.699402, 3.699402, 3.699402, 4.932728, 3.699402, 4.932728, 6.16615, 6.16615, 6.16615, 23.362570222353042, 42.105553122777835, 58.88895822605393, 74.48995704131451, 79.5455497968959, 83.08059449148773, 43.46769200545192, 54.69872492160206, 42.10228074718962, 49.92061385605591, 60.12102603495301, 61.19049024100373, 68.44538303557083, 55.486571279780215, 61.03841421160738, 53.386886270650514, 71.87290137641534, 68.45784949780729]","[1.6379997730255127, 0.3299999237060547, 3.0980000495910645, 1.494999885559082, 0.30299997329711914, 0.8710000514984131, 0.11899995803833008, 0.6530001163482666, 1.4580001831054688, 0.9249999523162842, 0.9190001487731934, 0.939000129699707, 0.9140000343322754, 1.0230000019073486, 0.0969998836517334, 0.22499990463256836, 0.8839998245239258, 0.9590001106262207, 0.7929999828338623, 0.25999999046325684, 0.8980000019073486, 0.9089999198913574, 0.9170000553131104, 2.9749999046325684, 1.1610000133514404, 0.7000000476837158, 0.9100000858306885, 1.2070000171661377, 0.9520001411437988, 2.2169997692108154, 0.7749998569488525, 0.8559999465942383, 0.7149999141693115, 0.9149999618530273, 1.0359997749328613, 0.8379998207092285, 0.9070000648498535, 0.18200016021728516, 0.9620001316070557, 0.9769999980926514, 0.9419999122619629, 0.9849998950958252, 0.13499999046325684, 0.8229999542236328, 0.13100004196166992, 0.5250000953674316, 0.07399988174438477, 0.03699994087219238]",,forecast_sensitivity
33,MPC-3,95,test_id,id_actual,high_error,3,,1686.2166054766487,,,,45.6010000705719,0.9500208348035812,6.4709999561309814,0,0,True,,100095,pure_mpc,4,48,True,,1.0,0.12500000178779594,"[15.286356464346133, 3.446874645620606, 4.658552455395681, 11.893283800900328, 4.981229724990541, 8.779692558775231, 4.932728880630466, 6.16615, 6.133843282144532, 13.829631422389017, 18.81343478819713, 27.894507637387406, 27.133745386279372, 33.32021451108995, 14.772951313939755, 15.96048025844649, 5.036457614365043, 3.906764244269684, 2.785070792855451, 3.3085122107878653, 2.0753126385443714, 0.842209067300872, 0.0, 0.0, 0.0, 19.504130783778212, 20.079173071256765, 22.87492924309711, 32.877851279664036, 52.76090647109972, 62.152643979761464, 81.10741419701255, 100.83281669343455, 109.3377572430936, 98.9743966979735, 137.01797241416946, 64.73712219908596, 49.54399756057459, 46.27242646201909, 64.73337491465551, 59.5297460358815, 61.54233359328025, 50.86985657462375, 64.48773306396781, 49.87347331388451, 68.89473403042958, 65.12341675598898, 67.13039519926039]","[1.3889999389648438, 6.4709999561309814, 1.3650000095367432, 2.624000072479248, 0.44899988174438477, 1.561000108718872, 0.6210000514984131, 0.10299992561340332, 0.07599997520446777, 0.9340000152587891, 0.6630001068115234, 0.5350000858306885, 0.7869999408721924, 0.6630001068115234, 0.6200001239776611, 0.49899983406066895, 0.7969999313354492, 0.5789999961853027, 3.6549999713897705, 0.49899983406066895, 0.49699997901916504, 0.05800008773803711, 0.05200004577636719, 0.43000006675720215, 4.3429999351501465, 1.377000093460083, 2.0939998626708984, 1.6029999256134033, 3.80899977684021, 0.9779999256134033, 0.6679999828338623, 0.6040000915527344, 0.15400004386901855, 0.5980000495910645, 0.7209999561309814, 0.10400009155273438, 0.1269998550415039, 0.3399999141693115, 0.41899991035461426, 0.16700005531311035, 0.44900012016296387, 0.13400006294250488, 0.15800023078918457, 0.16700005531311035, 0.3600001335144043, 0.17199993133544922, 0.08699989318847656, 0.0410001277923584]",,forecast_sensitivity
33,MPC-7,95,test_id,id_actual,high_error,7,,1521.0822825739851,,,,441.3839998245239,9.195499996344248,46.93499994277954,0,0,True,,100095,pure_mpc,8,48,True,,1.0,0.12500000178780693,"[15.286360164242305, 4.386882280719392, 10.109723301533384, 12.09046900988319, 6.5303316404918546, 8.797853384459216, 4.932728, 6.16615, 17.72048619786846, 19.282580973859638, 20.02650693872422, 29.13232429617345, 27.133744727528445, 22.33800146938085, 4.932728248529057, 6.166149979242945, 4.932728, 3.9067655886791455, 2.7850741581202074, 3.3085123929387446, 2.0753128216810715, 0.8422092494233205, 1.233722948046918, 1.233038, 2.364386631612552, 3.597608707697785, 4.460012068270438, 5.693397273673338, 20.608726656513973, 52.76090653171072, 62.15264421568213, 81.10741397081233, 79.24706476540429, 83.17627427061537, 70.06305534873117, 107.76180389913151, 64.73712230211815, 49.544140984725374, 46.27241322749466, 64.73337488991298, 59.52974604558988, 61.542339172648255, 50.86978350127852, 64.48773370144119, 49.873473312490205, 68.89466536965695, 65.1234167559885, 67.13039519925903]","[1.9160001277923584, 26.604000091552734, 23.27999997138977, 46.93499994277954, 18.169999837875366, 18.64199995994568, 2.184000015258789, 7.579999923706055, 22.682999849319458, 6.927999973297119, 2.6089999675750732, 13.999000072479248, 16.18499994277954, 22.64400005340576, 2.3389999866485596, 4.5329999923706055, 11.419000148773193, 7.878999948501587, 17.568000078201294, 8.510999917984009, 2.635999917984009, 6.631999969482422, 0.2799999713897705, 2.4780001640319824, 2.0490000247955322, 1.8559999465942383, 15.7260000705719, 24.299000024795532, 3.1700000762939453, 27.99399995803833, 8.549999952316284, 2.125, 1.88100004196167, 10.148000001907349, 4.74399995803833, 2.0450000762939453, 2.2130000591278076, 0.4519999027252197, 28.79100012779236, 1.5099999904632568, 5.930000066757202, 0.3680000305175781, 0.2949998378753662, 0.996999979019165, 1.2869999408721924, 0.16899991035461426, 0.10699987411499023, 0.04400014877319336]",,forecast_sensitivity
33,Proposed-H3,95,test_id,id_actual,high_error,3,0.3,1305.3034438435316,,,,48.600000619888306,1.0125000129143398,3.4489998817443848,0,0,True,,100095,proposed,4,48,True,,1.0,0.12500000265276934,"[15.286360222426225, 3.4468815533662354, 4.65855245488317, 11.893288140104435, 4.411610921272081, 11.198478939028542, 4.411610666291629, 7.842080030983863, 9.276743002239616, 14.847835546742154, 20.533809264175428, 29.28372118689036, 27.133748256385182, 33.96422034628356, 14.772954069528849, 15.960483367047335, 6.16615, 6.16615, 5.868745559956194, 6.16615, 4.932728, 3.699402, 3.699402, 4.024873932122775, 3.699402, 4.286483723550978, 5.519855420394321, 6.165599533521314, 6.16615, 9.128501463118745, 18.06658606923665, 36.558188890147726, 52.355358182781366, 63.73294971323838, 64.81819668589632, 107.16213276343085, 50.330783361786736, 37.378305130891015, 34.80213739827603, 60.10680822099646, 52.678755215456526, 61.54233339067603, 50.34364629584034, 63.43419235334917, 49.87347325722986, 65.25381349976992, 65.12341672310298, 67.13039509111239]","[3.4489998817443848, 2.3320000171661377, 1.3539998531341553, 0.8889999389648438, 1.3310000896453857, 0.3959999084472656, 0.3320000171661377, 0.9100000858306885, 1.2279999256134033, 0.09599995613098145, 0.10400009155273438, 0.7420001029968262, 0.7410001754760742, 0.9189999103546143, 0.8540000915527344, 0.8210000991821289, 0.08700013160705566, 0.7639999389648438, 0.9730000495910645, 1.2049999237060547, 0.9269998073577881, 0.874000072479248, 0.8399999141693115, 0.8450000286102295, 0.24499988555908203, 1.9120001792907715, 1.1390001773834229, 2.561000108718872, 2.5820000171661377, 1.1459999084472656, 1.1610000133514404, 1.1579999923706055, 1.2760000228881836, 1.005000114440918, 1.0160000324249268, 1.0320000648498535, 1.1030001640319824, 1.0210001468658447, 1.056999921798706, 1.0889999866485596, 1.000999927520752, 1.0699999332427979, 1.0740001201629639, 0.7599999904632568, 0.8459999561309814, 0.18199992179870605, 0.10299992561340332, 0.04800009727478027]",,forecast_sensitivity
33,MPC-3,96,test_id,id_actual,high_error,3,,1649.906797368721,,,,74.22000026702881,1.5462500055631,11.108000040054321,0,0,True,,100096,pure_mpc,4,48,True,,1.0,0.12500000102205022,"[15.213146037146199, 14.908713978124238, 10.418618022497569, 7.0808090941924196, 7.618205901438268, 6.166170000857824, 6.16615, 9.477568781409103, 6.16615, 7.131856492193095, 15.726244594845307, 23.909840277248755, 37.28527414836179, 18.085328639532086, 14.656496281550188, 5.708461282632895, 6.16615, 4.932728, 3.6994020000000005, 2.6279768848340885, 1.394830288810457, 0.16177969378682394, 0.0, 1.233038, 2.059577647864238, 3.611692997193791, 11.072964032749274, 5.456188045734589, 7.877863065163384, 39.44419692976132, 77.71860790144403, 90.62878280656764, 99.92897208684806, 103.2329772503351, 119.14905936948401, 102.49209598605395, 43.3672954436998, 65.92411960177562, 62.96503875721043, 62.23054444921775, 66.96436510535318, 66.69440509340109, 60.44144665002624, 73.72370148760145, 75.04157102689513, 65.10438276229274, 52.09336850149729, 66.74864197109007]","[0.6560001373291016, 0.9900000095367432, 11.108000040054321, 5.294999837875366, 3.5160000324249268, 3.059999942779541, 0.5610001087188721, 1.9119999408721924, 2.703000068664551, 0.501000165939331, 0.17100000381469727, 0.3619999885559082, 0.6679999828338623, 0.6880002021789551, 7.480999946594238, 0.6449999809265137, 0.8550000190734863, 0.6729998588562012, 0.7290000915527344, 1.4079999923706055, 0.6549999713897705, 10.516999959945679, 0.06099987030029297, 4.563999891281128, 0.6550002098083496, 2.2260000705718994, 2.380000114440918, 0.9500000476837158, 0.5910000801086426, 2.120000123977661, 0.17999982833862305, 0.1770000457763672, 0.501000165939331, 0.8849999904632568, 0.870999813079834, 0.17100000381469727, 0.4679999351501465, 0.1269998550415039, 0.1770000457763672, 0.1549999713897705, 0.12899994850158691, 0.315000057220459, 0.49000000953674316, 0.11699986457824707, 0.15400004386901855, 0.44900012016296387, 0.11100006103515625, 0.04199981689453125]",,forecast_sensitivity
33,MPC-7,96,test_id,id_actual,high_error,7,,1568.841890801351,,,,578.2519991397858,12.046916648745537,122.55899977684021,0,0,True,,100096,pure_mpc,8,48,True,,1.0,0.12500000153877283,"[16.62580184507767, 14.908712933656771, 9.947756001103587, 15.433220058853902, 6.3756885148978295, 11.0911630310727, 6.16615, 7.600978719190238, 14.340970429309674, 19.13918390057198, 6.166149886363861, 6.734584320854336, 34.40907448204674, 19.46202328299595, 8.170160201791042, 5.727892654966495, 6.16615, 4.932728, 3.699402, 4.652893770392249, 3.419589551557778, 2.4661720000000003, 1.233038, 2.4661720000000003, 2.0595779256702955, 3.2927762728681986, 11.072960260182043, 4.909750224127362, 8.193491490766265, 51.27101070972869, 77.71858091431909, 88.56672713233532, 78.15988697351902, 78.5712503137696, 93.11286501894783, 79.20566884938646, 43.36729945923525, 65.92411963749963, 62.965077278012714, 64.02691221000859, 66.96543965137111, 66.69441225310733, 60.441449793390845, 73.72339267818755, 75.0415709659945, 63.38000493003357, 52.09336836759977, 66.74864190658714]","[21.621000051498413, 4.884999990463257, 22.391000032424927, 47.49300003051758, 122.55899977684021, 23.57800006866455, 18.896000146865845, 1.2979998588562012, 23.212000131607056, 33.99399995803833, 2.052000045776367, 13.75, 1.9119999408721924, 30.549999952316284, 16.41600012779236, 0.2330000400543213, 1.5829999446868896, 17.71399998664856, 13.143999814987183, 20.450000047683716, 12.178999900817871, 14.632999897003174, 11.358999967575073, 26.490999937057495, 2.501000165939331, 8.01800012588501, 25.244999885559082, 2.2239999771118164, 4.632999897003174, 3.4149999618530273, 0.4660000801086426, 2.371000051498413, 5.815000057220459, 7.324999809265137, 2.882999897003174, 1.3510000705718994, 5.572000026702881, 0.497999906539917, 0.45399999618530273, 0.40799999237060547, 0.40600013732910156, 0.5390000343322754, 0.38899993896484375, 0.307999849319458, 0.23000001907348633, 0.5879998207092285, 0.15899991989135742, 0.06099987030029297]",,forecast_sensitivity
33,Proposed-H3,96,test_id,id_actual,high_error,3,0.3,1359.902890394033,,,,55.109999895095825,1.1481249978144963,6.105999946594238,0,0,True,,100096,proposed,4,48,True,,1.0,0.1250000016944423,"[15.213149181125242, 14.908713978599696, 13.02699463886348, 6.672664043349089, 19.395286869507604, 9.447569877574008, 6.163632177574398, 9.44688387781282, 6.16615, 7.131855817708406, 15.693713239389067, 23.9098374811933, 37.26558353047199, 18.06592951627738, 14.637265059668744, 6.16615, 6.16615, 6.16615, 5.432395591975402, 5.34249837495051, 4.109140481774217, 4.932728, 3.699402, 4.932728, 4.919214348400692, 6.152635296161014, 5.976437079869638, 5.103637714234986, 6.16615, 7.582969387553337, 33.38899333922304, 47.18858877949507, 56.088121428677404, 60.48055670064693, 78.87092974810737, 79.2056688451878, 23.52749652464984, 65.12623180964279, 54.27981986390664, 56.71341053650245, 64.91121537603043, 58.57498800654623, 51.76538749088498, 73.72370139338352, 75.04157091684732, 62.180583881750174, 52.093368301354005, 66.74864188716154]","[1.4500000476837158, 6.105999946594238, 0.8860001564025879, 2.5350000858306885, 2.3610000610351562, 0.25099992752075195, 0.8580000400543213, 1.1009998321533203, 2.1690001487731934, 1.1559998989105225, 1.1749999523162842, 1.0980000495910645, 1.0880000591278076, 1.2649998664855957, 0.9479999542236328, 1.0550000667572021, 0.9100000858306885, 1.0880000591278076, 1.0339999198913574, 1.1379997730255127, 0.2870001792907715, 1.0270001888275146, 0.8559999465942383, 1.119999885559082, 1.0150001049041748, 1.4950001239776611, 0.2070000171661377, 0.9930000305175781, 1.4900000095367432, 0.8339998722076416, 1.1560001373291016, 1.0399999618530273, 1.0399999618530273, 0.7280001640319824, 2.4730000495910645, 0.7539999485015869, 0.9760000705718994, 1.0489997863769531, 0.9879999160766602, 0.8980000019073486, 0.937000036239624, 0.8429999351501465, 1.0239999294281006, 0.8579998016357422, 0.8249998092651367, 0.4049999713897705, 0.08800005912780762, 0.032000064849853516]",,forecast_sensitivity
33,MPC-3,97,test_id,id_actual,high_error,3,,1647.4197511928126,,,,77.70800065994263,1.6189166804154713,12.940000057220459,0,0,True,,100097,pure_mpc,4,48,True,,1.0,0.12500000211344847,"[23.47689285826596, 8.775729007503962, 3.373443972866692, 7.063522997923037, 7.324764299339279, 8.870824208049335, 5.266462538176309, 7.165470664964384, 6.462224100345984, 14.514139996421774, 18.225098053482057, 24.03150576399272, 36.83563318659158, 32.24827567260648, 18.895779645158193, 9.282923811357788, 5.948198074013857, 4.714793058992431, 3.554902271871156, 2.524862089983344, 1.291723521121488, 0.05868095225963194, 0.0, 0.0, 1.4304750618542243e-05, 1.2330523057350573, 2.4661862493095326, 29.4792854794651, 39.91756436155379, 58.96819011342968, 55.347011608582974, 82.00611874027942, 84.66435815960224, 124.1338909878121, 130.80648531402983, 111.48265082593885, 43.071275931762266, 48.08796607824615, 46.0781226751165, 64.3870497400182, 58.88597803509473, 64.22765285598341, 68.18184824932962, 52.7308107467203, 64.62228844639317, 54.34694091551482, 55.217778203306914, 57.17138011954994]","[0.09200000762939453, 0.9280002117156982, 0.3600001335144043, 9.679999828338623, 1.2829999923706055, 1.8670001029968262, 0.5109999179840088, 3.3529999256134033, 0.5439999103546143, 1.5179998874664307, 1.0230000019073486, 1.0350000858306885, 0.42799997329711914, 0.36299991607666016, 1.1600000858306885, 3.3630001544952393, 6.205000162124634, 0.17499995231628418, 0.9119999408721924, 12.940000057220459, 0.628000020980835, 0.6429998874664307, 7.770999908447266, 7.341000080108643, 0.4869999885559082, 0.15400004386901855, 0.8950002193450928, 1.563999891281128, 0.8050000667572021, 2.316999912261963, 2.2150001525878906, 0.1660001277923584, 0.17799997329711914, 0.16199994087219238, 0.17799997329711914, 0.19499993324279785, 1.4820001125335693, 0.3080000877380371, 0.1699998378753662, 0.1809999942779541, 0.4140000343322754, 0.18500018119812012, 0.1679999828338623, 0.44100022315979004, 0.309999942779541, 0.47300004959106445, 0.10599994659423828, 0.03099989891052246]",,forecast_sensitivity
33,MPC-7,97,test_id,id_actual,high_error,7,,1474.91154812102,,,,516.0120010375977,10.750250021616617,52.38199996948242,0,0,True,,100097,pure_mpc,8,48,True,,1.0,0.12499999981096799,"[23.476891687319064, 12.87944581196313, 3.699401975287703, 4.932727975902782, 6.16615, 10.07532137432505, 6.16615, 13.720605126330174, 11.708989514087563, 16.700788181793506, 23.6956738409662, 6.166149997691819, 36.335827883025416, 13.307202329345825, 16.40723432316372, 9.282941688103353, 6.1661463556657425, 4.93272442941743, 3.6993984306953474, 2.601614209674098, 1.3684696668966647, 0.13542112411892018, 0.0, 1.2329414561693, 2.361611684714731, 3.594833544831188, 4.828151296245767, 6.061565156388841, 25.954009706533363, 61.47410381874911, 55.7275677483747, 82.00611778382451, 56.88742382821152, 85.94730117185256, 90.22370551315916, 87.97762031953474, 43.071276331125794, 48.087966296004346, 46.07820438520154, 64.39160536769603, 58.886003784480536, 64.22765433031579, 68.18184816511732, 52.73081409936813, 64.62228857865095, 54.34694077399022, 55.217777827286156, 57.16693922741991]","[20.33400011062622, 52.38199996948242, 1.7390000820159912, 3.6539998054504395, 25.17900013923645, 27.963000059127808, 47.73200011253357, 9.358000040054321, 29.638000011444092, 25.913000106811523, 4.544000148773193, 5.197999954223633, 15.230000019073486, 18.506999969482422, 8.95799994468689, 18.096999883651733, 41.312000036239624, 2.619999885559082, 2.5410001277923584, 2.5450000762939453, 2.572999954223633, 2.622999906539917, 16.256999969482422, 0.3490002155303955, 2.2760000228881836, 25.829999923706055, 4.477999925613403, 20.475000143051147, 2.1619999408721924, 2.0990002155303955, 26.97099995613098, 4.624000072479248, 3.830000162124634, 17.914000034332275, 0.6150000095367432, 2.0759999752044678, 10.6010000705719, 2.5329999923706055, 0.3380000591278076, 0.3169999122619629, 0.4790000915527344, 0.5220000743865967, 1.5869998931884766, 0.35000014305114746, 0.17799997329711914, 0.3789999485015869, 0.09799981117248535, 0.03400015830993652]",,forecast_sensitivity
33,Proposed-H3,97,test_id,id_actual,high_error,3,0.3,1294.6976908494428,,,,44.01099920272827,0.9168958167235056,3.259999990463257,0,0,True,,100097,proposed,4,48,True,,1.0,0.12499999981030219,"[23.476892858814068, 8.775730939610158, 3.699402, 4.932728, 6.16615, 12.175001489063934, 6.16614999893705, 6.039781348487, 6.16615, 9.94379542599, 18.225097933888463, 24.03150683835991, 36.83563027318658, 32.24827815872807, 18.89578713172073, 9.282969072587946, 6.16615, 6.16615, 6.16615, 4.932728, 3.699402, 3.699402, 3.699402, 4.915125614931814, 4.556641945695206, 5.790034670713679, 4.674488094131516, 5.9078899930823985, 6.1661498974643445, 15.367252504408386, 12.586499685223412, 37.31276572401347, 45.91079531850831, 78.4413398657218, 87.74074775941477, 87.97762031465797, 28.02183995536589, 44.269842244436106, 45.41001510656506, 60.828412696917766, 51.43106103944273, 62.573399435559324, 68.1135684142251, 52.7308139273376, 59.99988588606992, 54.34694041071449, 54.15546730857801, 53.87865756688982]","[3.259999990463257, 1.0959999561309814, 0.9040000438690186, 1.065999984741211, 1.0410001277923584, 0.8229999542236328, 1.0929999351501465, 0.9670000076293945, 0.2669999599456787, 0.8040001392364502, 1.0739998817443848, 1.055999994277954, 0.08500003814697266, 0.8799998760223389, 0.7999999523162842, 0.7809998989105225, 0.8630001544952393, 0.809999942779541, 0.9149999618530273, 1.9839999675750732, 0.7039999961853027, 0.18799996376037598, 0.8640000820159912, 0.937999963760376, 0.8389999866485596, 1.7999999523162842, 0.7940001487731934, 2.0379998683929443, 0.9470000267028809, 0.8009998798370361, 0.7899999618530273, 0.8919999599456787, 0.7819998264312744, 0.7320001125335693, 0.8989999294281006, 1.0350000858306885, 0.8910000324249268, 0.8409998416900635, 0.9619998931884766, 0.8510000705718994, 0.9549999237060547, 1.0870001316070557, 1.0270001888275146, 0.17600011825561523, 0.9440000057220459, 0.492999792098999, 0.0819997787475586, 0.08999991416931152]",,forecast_sensitivity
33,MPC-3,98,test_id,id_actual,high_error,3,,1646.2887898052525,,,,45.3129997253418,0.9440208276112875,5.498000144958496,0,0,True,,100098,pure_mpc,4,48,True,,1.0,0.1250000019504168,"[19.047950308327607, 10.59413165322264, 6.37205009497287, 4.932726486753334, 6.16615, 6.166148033856357, 5.625778670959502, 6.16615, 11.946335232315034, 13.165337478575662, 13.517337493903215, 29.481094348128615, 35.88140593546868, 27.912455749081218, 25.862856960014433, 11.29526576308987, 5.772377681728044, 4.538986329598622, 3.305690977603152, 2.0724916249736394, 0.839402575031836, 0.0, 1.233038, 0.3167914755802244, 1.3374538846284125, 2.570595500145322, 6.625380611109973, 5.037167745942305, 4.465488377460378, 47.947473265851954, 69.18687947821488, 81.35389602577084, 103.57709508009681, 117.87963511606509, 111.92347384509931, 124.07965487047827, 48.604874364319365, 52.06195399613483, 59.76635033240486, 66.60931536884482, 54.5672143497263, 64.66953454415695, 62.3294946163847, 57.69912823413007, 49.37251100652894, 69.70726517940565, 67.3482224573084, 65.35677868185962]","[0.07599997520446777, 0.45599985122680664, 3.934000015258789, 0.39100003242492676, 2.4809999465942383, 5.498000144958496, 0.6640000343322754, 2.0849997997283936, 3.383999824523926, 0.6059999465942383, 1.4749999046325684, 0.4089999198913574, 0.15700006484985352, 1.308000087738037, 0.8980000019073486, 0.5669999122619629, 0.5659999847412109, 0.06800007820129395, 0.9210000038146973, 0.684999942779541, 0.09200000762939453, 0.04500007629394531, 0.6649999618530273, 3.0810000896453857, 0.8450000286102295, 2.375999927520752, 2.6750001907348633, 1.2569999694824219, 0.6040000915527344, 1.123999834060669, 0.13499999046325684, 0.877000093460083, 0.49499988555908203, 0.12900018692016602, 0.7639999389648438, 0.21599984169006348, 0.22899985313415527, 0.3299999237060547, 0.33499979972839355, 0.2049999237060547, 0.4440000057220459, 0.3690001964569092, 0.3020000457763672, 0.38300013542175293, 0.43000006675720215, 0.13100004196166992, 0.10300016403198242, 0.042999982833862305]",,forecast_sensitivity
33,MPC-7,98,test_id,id_actual,high_error,7,,1579.9819616453756,,,,590.0269994735718,12.292229155699411,88.52999997138977,0,0,True,,100098,pure_mpc,8,48,True,,1.0,0.12500000573114967,"[26.28066686742744, 10.594133982034366, 6.372053077210014, 4.93272641614189, 6.16615, 6.16615, 6.166149674888517, 12.226471303355353, 13.061265038957503, 18.17974078885769, 6.6480934837941295, 29.48109006176597, 35.489621423411286, 13.618550734150897, 12.738894973212954, 10.668144576359404, 6.16615, 4.932728, 3.699402, 2.4661720000000003, 1.2333848074450462, 0.00034678136711705176, 1.2333848081880683, 1.362329879576773, 1.3374481174937818, 2.4661720000000003, 9.460887148322902, 17.75637984173226, 13.695532718634801, 43.60501969975797, 69.18687977543176, 81.353896048499, 94.20923926914298, 103.64558864927751, 86.61295845533552, 98.67549913542462, 48.60487447304548, 52.062068639336026, 59.76635390915099, 66.60931526746018, 54.56721780204436, 64.66953490333358, 62.32949767885985, 57.69913159016492, 49.372510698129894, 69.70726510793622, 67.34811182942202, 65.35677820929455]","[19.016000032424927, 2.123999834060669, 13.224999904632568, 0.25300002098083496, 88.52999997138977, 44.90500020980835, 2.131999969482422, 20.141000032424927, 47.98099994659424, 22.538000106811523, 15.245000123977661, 26.08899998664856, 17.26900005340576, 19.503000020980835, 28.10800004005432, 19.286999940872192, 16.360999822616577, 2.384999990463257, 2.3510000705718994, 2.188999891281128, 0.30699992179870605, 2.63700008392334, 2.0399999618530273, 15.8989999294281, 13.638000011444092, 17.562999963760376, 28.64400005340576, 21.070000171661377, 8.595999956130981, 43.33899998664856, 2.0289998054504395, 2.180999994277954, 2.1689999103546143, 1.7119998931884766, 2.0329999923706055, 5.052999973297119, 2.063999891281128, 0.3880000114440918, 0.37599992752075195, 1.5320000648498535, 3.3940000534057617, 0.39100003242492676, 1.4679999351501465, 0.3210000991821289, 1.3240001201629639, 0.11999988555908203, 0.06699991226196289, 0.039999961853027344]",,forecast_sensitivity
33,Proposed-H3,98,test_id,id_actual,high_error,3,0.3,1357.8553957043007,,,,50.5670006275177,1.053479179739952,2.687999963760376,0,0,True,,100098,proposed,4,48,True,,1.0,0.1249999998105497,"[19.047950318975143, 10.594133986516, 6.372053080056798, 4.932727999756905, 6.16615, 6.16615, 5.226269576498006, 6.339212514907894, 12.89090914165078, 13.63829433442337, 13.767056376230878, 29.481094348596898, 36.03143723576241, 28.062970598882657, 26.011936881784052, 11.295268669478293, 6.16615, 5.4423715030553055, 4.2198716180900275, 3.7916921686926264, 3.699402, 3.699402, 3.699402, 4.932728, 4.711528063865444, 3.9815929955646037, 5.214940952678776, 5.2033118520884, 3.9699647922997876, 13.226108884968866, 25.11151529831516, 36.93887279665776, 66.43657324744184, 72.1538043716846, 76.18030342339813, 88.97161885703291, 47.66534583847341, 47.528123470546554, 48.04706675895254, 62.807847661369685, 50.69587442874712, 58.81649519740859, 59.42029154948385, 57.69913149768274, 49.37251057107031, 69.70726510415352, 66.9638982133854, 65.35677552367251]","[2.687999963760376, 1.3270001411437988, 2.2259998321533203, 0.5750000476837158, 1.4589998722076416, 1.0320000648498535, 0.6909999847412109, 2.3480000495910645, 2.319999933242798, 1.1170001029968262, 1.1800000667572021, 1.0920000076293945, 0.9059998989105225, 0.9320001602172852, 1.0239999294281006, 1.000999927520752, 1.0950000286102295, 1.0950000286102295, 2.371999979019165, 0.38700008392333984, 0.939000129699707, 0.9550001621246338, 0.9159998893737793, 1.0090000629425049, 2.1030001640319824, 0.21200013160705566, 1.061000108718872, 1.1659998893737793, 0.7920000553131104, 1.0160000324249268, 1.0429999828338623, 1.190999984741211, 1.0120000839233398, 0.9790000915527344, 0.9249999523162842, 1.003999948501587, 0.9630000591278076, 0.9769999980926514, 0.9859998226165771, 0.934999942779541, 1.0179998874664307, 0.1510000228881836, 0.14100003242492676, 0.9579999446868896, 0.9549999237060547, 0.15700006484985352, 0.08800005912780762, 0.04800009727478027]",,forecast_sensitivity
33,MPC-3,99,test_id,id_actual,high_error,3,,1801.1293726437457,,,,42.124000549316406,0.8775833447774252,6.455000162124634,0,0,True,,100099,pure_mpc,4,48,True,,1.0,0.12500000084202062,"[14.449653722805639, 12.279546078206003, 6.791287854540304, 4.413892129462818, 11.255038311247501, 5.151472885885818, 12.41700864510818, 13.156225376733612, 15.682791956035812, 15.985094535280743, 21.428179508714244, 32.57919849268646, 33.47803920827368, 33.09003475244709, 22.66869654902915, 5.9693564042857385, 5.320663854290943, 4.445342222443646, 3.212054158831335, 4.445342221321252, 3.2120541577090296, 1.9788620940968062, 0.7457660314845673, 0.44979931246709076, 1.3330668308374112, 0.28244588593013054, 54.99641408206227, 62.14931070227492, 58.823359585819254, 39.460004659418296, 60.428339836920564, 87.45327124220233, 80.93787433248364, 112.86577326825017, 118.90233740800943, 127.20656287561934, 44.14764450129426, 64.01676866368079, 56.77009425911925, 49.2526378046989, 57.98511444477325, 61.76751976321551, 61.8237020128778, 53.75804327052, 65.07299568534829, 74.03556389207448, 67.93887799731097, 55.1162491756169]","[0.4289999008178711, 1.0310001373291016, 4.358999967575073, 1.9470000267028809, 4.375999927520752, 0.5230000019073486, 0.6740000247955322, 0.4790000915527344, 0.18199992179870605, 0.1419999599456787, 0.5710000991821289, 0.46199989318847656, 2.13100004196167, 0.6019999980926514, 0.38299989700317383, 0.4609999656677246, 0.6119999885559082, 1.0179998874664307, 0.7650001049041748, 0.5160000324249268, 0.7599999904632568, 0.7360000610351562, 0.07200002670288086, 2.315000057220459, 0.13499999046325684, 6.455000162124634, 1.945000171661377, 1.0, 0.6600000858306885, 0.6200001239776611, 0.17199993133544922, 0.17400002479553223, 0.7890000343322754, 0.1659998893737793, 0.5430002212524414, 0.13899993896484375, 0.3250000476837158, 0.4739999771118164, 0.15700006484985352, 0.4680001735687256, 0.43899989128112793, 0.17100000381469727, 0.5299999713897705, 0.503000020980835, 0.27499985694885254, 0.3059999942779541, 0.08599996566772461, 0.046000003814697266]",,forecast_sensitivity
33,MPC-7,99,test_id,id_actual,high_error,7,,1656.2148484815648,,,,568.0839998722076,11.835083330670992,85.46699976921082,0,0,True,,100099,pure_mpc,8,48,True,,1.0,0.12500000704996952,"[14.44965638463739, 18.696169839249755, 14.072044811899424, 4.9327279681724105, 11.569663614668535, 4.932728, 11.02451105626939, 16.842576146789014, 15.682789297086735, 31.924982434344706, 11.504249412482206, 32.57919849374033, 33.478038944505506, 14.970721510986138, 13.977071423923995, 4.932728, 5.99005221721715, 4.756643923479226, 3.523331629607288, 2.4760063017790723, 1.242871536204585, 0.009832771630030858, 1.233038, 0.4519489091059661, 1.4886868720062163, 2.7218407306255576, 23.466335766716938, 56.210513591649935, 28.610321205981137, 36.836609304679804, 60.532564571945144, 87.45327124846816, 72.14596957657479, 84.72821088955845, 103.42414649022923, 111.6575683525359, 44.147828902156654, 64.0167719024066, 56.77009422518056, 49.25264096453034, 57.98511763996308, 61.7675198468547, 61.8237053239106, 53.75804621668547, 65.07299567150955, 74.03538032852681, 67.93887782560273, 55.11624840548735]","[2.430999994277954, 61.39400005340576, 49.45700001716614, 17.569999933242798, 36.151999950408936, 17.348000049591064, 32.789000034332275, 24.019999980926514, 21.337000131607056, 2.187999963760376, 21.29800009727478, 2.4739999771118164, 3.046999931335449, 10.858000040054321, 62.54400014877319, 12.950999975204468, 2.0230000019073486, 2.2890000343322754, 2.5409998893737793, 2.363999843597412, 14.901000022888184, 2.2300000190734863, 2.3589999675750732, 0.3250000476837158, 2.2789998054504395, 7.900000095367432, 85.46699976921082, 8.938999891281128, 5.418999910354614, 1.9539999961853027, 2.3359999656677246, 2.2300000190734863, 22.336999893188477, 1.5259997844696045, 4.873000144958496, 0.507000207901001, 0.503000020980835, 1.5429999828338623, 0.5099999904632568, 4.582000017166138, 5.857000112533569, 0.3810000419616699, 0.43199992179870605, 0.876000165939331, 0.24499988555908203, 0.3920001983642578, 0.07200002670288086, 0.03399991989135742]",,forecast_sensitivity
33,Proposed-H3,99,test_id,id_actual,high_error,3,0.3,1393.2438940858694,,,,46.9109992980957,0.9773124853769938,3.0929999351501465,0,0,True,,100099,proposed,4,48,True,,1.0,0.1250000023930067,"[14.449656383749662, 12.279549491241285, 6.791293527796572, 3.699402, 15.786041475540657, 6.166149999558511, 11.34401531206834, 13.156227584590674, 15.944602629081563, 15.985094246181772, 21.2964942682352, 32.579196445138685, 33.47803921779518, 32.85399207057192, 22.66869649378605, 6.16615, 6.16615, 6.16615, 5.4365384787932385, 5.580023688697752, 4.371811740110898, 3.699402, 3.6994020000000005, 4.932728, 4.6270763486772495, 3.699402, 4.932728, 6.16615, 6.16615, 6.16615, 16.582138388621786, 42.68947866445381, 38.81793804003517, 74.01801668864567, 93.51729678789292, 103.18864497647266, 43.770416556931984, 56.32601986128039, 53.9818146282157, 42.475134568829894, 56.764489299331146, 61.46686106086094, 57.26944924306841, 53.75804583121918, 65.07299540986045, 74.03556377335157, 67.93887792206421, 55.116248983118034]","[1.0499999523162842, 2.5869998931884766, 0.9509999752044678, 3.0929999351501465, 0.24300003051757812, 0.4010000228881836, 0.9530000686645508, 0.9759998321533203, 1.0709998607635498, 1.0939998626708984, 0.9570000171661377, 1.2780001163482666, 1.0329999923706055, 0.21499991416931152, 1.0150001049041748, 1.0810000896453857, 0.9689998626708984, 2.187000036239624, 0.20000004768371582, 0.9019999504089355, 1.187000036239624, 0.81600022315979, 0.8560001850128174, 1.0839998722076416, 1.1630001068115234, 1.0479998588562012, 0.8179998397827148, 0.7440001964569092, 0.8959999084472656, 1.8849999904632568, 0.9579999446868896, 0.9860000610351562, 0.9559998512268066, 0.1549999713897705, 0.9129998683929443, 0.750999927520752, 0.7929999828338623, 0.9010000228881836, 1.053999900817871, 0.9939999580383301, 1.0899999141693115, 1.116999864578247, 1.0430002212524414, 0.8889999389648438, 1.0810000896453857, 0.3430001735687256, 0.08599996566772461, 0.04799985885620117]",,forecast_sensitivity
33,MPC-3,80,test_id,id_actual,biased_ood,3,,1664.3785950199272,,,,62.22099947929382,1.296270822485288,10.32200002670288,0,0,True,,100080,pure_mpc,4,48,True,,1.0,0.12500000806413827,"[10.48201713474944, 14.052373398140483, 13.638044523439515, 12.291641135495404, 6.54593562790598, 10.48229418257299, 4.937345344326136, 10.659977840913363, 13.759834581391553, 6.16615, 21.715076572559326, 27.206662911749227, 40.98044595997604, 27.44992570007347, 16.30227692081216, 6.16615, 6.16615, 4.932728, 3.6994020000000005, 2.4661720000000003, 1.233038, 0.0, 0.0, 1.233038, 2.4661720000000003, 3.699402, 4.932728, 5.894566423418855, 24.18249187948515, 38.91841351068439, 64.13653691099317, 79.59463968102939, 105.31356643491176, 135.07251259033978, 72.66984328699264, 95.41301661721774, 54.652583679146865, 52.93589537258438, 57.31782931655023, 64.87999576340411, 70.66968439908995, 72.55979435062551, 64.03571795946178, 68.24031935947693, 73.08466817526097, 64.79129455276089, 64.48228200910879, 61.867960913278786]","[1.0830001831054688, 0.15900015830993652, 0.6040000915527344, 2.9130001068115234, 3.3960001468658447, 5.065999984741211, 0.6080000400543213, 2.2200000286102295, 1.4089999198913574, 0.4570000171661377, 0.11299991607666016, 0.0989999771118164, 0.5590000152587891, 1.1659998893737793, 1.5109999179840088, 2.9589998722076416, 0.5199999809265137, 0.5269999504089355, 0.630000114440918, 5.513999938964844, 0.06800007820129395, 5.0909998416900635, 6.287999868392944, 0.7030000686645508, 0.5539999008178711, 0.5739998817443848, 10.32200002670288, 0.6480000019073486, 0.8059999942779541, 0.9570000171661377, 0.1659998893737793, 0.934999942779541, 0.9200000762939453, 0.12999987602233887, 0.8199999332427979, 0.18700003623962402, 0.12099981307983398, 0.31099987030029297, 0.12800002098083496, 0.10599994659423828, 0.12600016593933105, 0.10800004005432129, 0.11299991607666016, 0.1659998893737793, 0.12899994850158691, 0.12000012397766113, 0.07899999618530273, 0.032000064849853516]",,forecast_sensitivity
33,MPC-7,80,test_id,id_actual,biased_ood,7,,1519.8995527428388,,,,745.7009990215302,15.535437479615211,222.4449999332428,0,0,True,,100080,pure_mpc,8,48,True,,1.0,0.1249999998086412,"[16.147554633544704, 23.786065791202407, 18.30390501401991, 15.790645210741175, 8.037237679046541, 9.986737301672568, 6.16615, 11.958360099091008, 18.908609541995745, 14.470192858500921, 15.64233717329526, 19.628074516994122, 40.98044603733129, 13.403932159397346, 6.16614975683239, 6.16615, 6.16615, 4.932728, 3.699402, 2.4661720000000003, 1.233038, 0.0, 1.233038, 2.4661720000000003, 3.6994020000000005, 4.932728, 6.16615, 6.16615, 33.06040623775455, 38.918413551683024, 45.95015966875799, 35.065171366061094, 60.10289373434567, 89.83551216784497, 62.78159649961662, 95.41301448501821, 60.22881851563551, 60.91753890385278, 57.3178292109814, 64.87999758031191, 70.6696846019113, 72.55979415499539, 64.03572015922366, 68.24031920334667, 73.08466781485431, 64.79129435579853, 64.48225373417407, 48.86078902300551]","[12.373999834060669, 20.00599980354309, 31.852999925613403, 44.390000104904175, 222.4449999332428, 165.25099992752075, 23.981000185012817, 4.83299994468689, 11.79200005531311, 21.735000133514404, 2.495999813079834, 2.2809998989105225, 1.9670000076293945, 17.792999982833862, 6.3450000286102295, 14.101999998092651, 16.5479998588562, 2.3269999027252197, 11.614000082015991, 12.194999933242798, 2.8339998722076416, 2.5350000858306885, 2.4760000705718994, 8.838000059127808, 15.161999940872192, 11.271000146865845, 25.48099994659424, 2.1710000038146973, 4.482000112533569, 2.569000005722046, 2.442000150680542, 2.684000015258789, 0.5, 0.43400001525878906, 2.7200000286102295, 0.5390000343322754, 0.565000057220459, 2.5779998302459717, 2.6649999618530273, 0.5179998874664307, 2.0349998474121094, 0.5249998569488525, 0.3449997901916504, 1.3430001735687256, 0.9159998893737793, 0.5769999027252197, 0.11500000953674316, 0.05299997329711914]",,forecast_sensitivity
33,Proposed-H3,80,test_id,id_actual,biased_ood,3,0.3,1395.0250842442554,,,,52.273000955581665,1.0890208532412846,2.866000175476074,0,0,True,,100080,proposed,4,48,True,,1.0,0.12499999980788704,"[43.16148343438374, 14.052372459718987, 8.368419655476574, 5.053511875165481, 6.16615, 6.16615, 6.16615, 6.16615, 7.965050610968645, 6.16615, 14.288009673359705, 24.64243912832712, 40.980445845916876, 26.941119998999106, 15.78313630696019, 6.16615, 6.16615, 6.16615, 4.932728, 4.932728, 3.699402, 4.932728, 3.7381893711105185, 4.932728, 5.5337143315435116, 5.071941689142394, 5.929112989485698, 6.113983308917174, 6.16615, 6.16615, 20.016657534805724, 35.0651713388854, 60.09969840037169, 89.83551072693069, 62.78159649525427, 95.41301522106008, 48.9301258182968, 48.05093638680719, 57.15550159764527, 64.22360669417843, 57.54332923247784, 72.55979397036656, 64.0357171723354, 67.19263171483557, 68.63041212744763, 64.79129323504199, 60.8449124331876, 45.14042946485121]","[1.1600000858306885, 2.4189999103546143, 0.9960000514984131, 1.806999921798706, 1.187999963760376, 0.9159998893737793, 0.6689999103546143, 0.8810000419616699, 0.7470002174377441, 0.07899999618530273, 0.9330000877380371, 0.7519998550415039, 0.7070000171661377, 0.14600014686584473, 0.8989999294281006, 0.8899998664855957, 0.9759998321533203, 2.866000175476074, 1.9529998302459717, 2.122999906539917, 0.16900014877319336, 0.9459998607635498, 1.063000202178955, 2.1470000743865967, 0.8299999237060547, 0.8389999866485596, 0.7739999294281006, 2.1670000553131104, 2.7820000648498535, 0.997999906539917, 0.871999979019165, 1.0160000324249268, 1.0960001945495605, 1.0840001106262207, 0.9860000610351562, 1.1820001602172852, 1.0830001831054688, 1.0109999179840088, 1.073000192642212, 1.2170000076293945, 0.2910001277923584, 1.0520000457763672, 1.3889999389648438, 1.0109999179840088, 1.2050001621246338, 0.6480000019073486, 0.1380000114440918, 0.0970001220703125]",,forecast_sensitivity
33,MPC-3,81,test_id,id_actual,biased_ood,3,,1572.6493750811553,,,,55.54099893569946,1.1571041444937389,9.113999843597412,0,0,True,,100081,pure_mpc,4,48,True,,1.0,0.12500000453316512,"[23.33884037762851, 7.390409628555299, 8.12070621421957, 12.902606578792243, 6.16615, 10.068540813943965, 5.526598824634625, 10.296501623984753, 8.540273476858676, 9.317254928739622, 18.94670435886485, 26.715228198054866, 27.458468646030028, 21.440803415286624, 10.121868202638566, 6.16615, 6.16615, 4.932904255305481, 3.6995782415866016, 2.4663482426819217, 1.2332142289618888, 0.0001762152418560887, 1.2332142287964445, 2.4663482423536864, 3.699578256073694, 4.783070002984359, 3.9359549431194196, 10.039163379269572, 17.913900350595277, 33.736217868171124, 57.81102120765065, 85.17247367031649, 97.5677972495539, 104.20322890812346, 94.26817093746891, 92.19756462832558, 55.66889389702359, 66.01816790566401, 59.95167726964899, 77.09619508094633, 71.97509157412674, 61.191997170350405, 49.72895100547281, 56.064998947981884, 57.32793346094245, 55.14839303661414, 60.27174449481226, 62.16215089275955]","[0.9259998798370361, 0.5109999179840088, 0.5769999027252197, 0.750999927520752, 6.079999923706055, 0.5750000476837158, 0.9460000991821289, 1.7409999370574951, 1.1109998226165771, 0.5590000152587891, 0.21499991416931152, 0.09999990463256836, 0.9769999980926514, 2.265000104904175, 1.0429999828338623, 3.437000036239624, 2.6100001335144043, 0.07800006866455078, 0.6779999732971191, 2.5179998874664307, 8.032999992370605, 9.113999843597412, 0.23399996757507324, 0.10199999809265137, 5.270000219345093, 0.12899994850158691, 0.15400004386901855, 0.17199993133544922, 0.8519999980926514, 0.1640000343322754, 0.14400005340576172, 0.15900015830993652, 0.13199996948242188, 0.9919998645782471, 0.12999987602233887, 0.182999849319458, 0.13499999046325684, 0.16900014877319336, 0.20399999618530273, 0.1700000762939453, 0.16299986839294434, 0.18899989128112793, 0.18899989128112793, 0.16899991035461426, 0.14599990844726562, 0.19499993324279785, 0.11100006103515625, 0.03900003433227539]",,forecast_sensitivity
33,MPC-7,81,test_id,id_actual,biased_ood,7,,1465.1456965036743,,,,726.5679998397827,15.136833329995474,156.35700011253357,0,0,True,,100081,pure_mpc,8,48,True,,1.0,0.12499999980956523,"[26.951771650301936, 16.30482451131779, 13.61786489040346, 18.116733693535025, 6.16615, 15.11303807202144, 6.16615, 10.296502396116871, 11.699394942108468, 23.27661612631622, 20.136331695871704, 26.06566342359566, 27.45845944208181, 15.842712143465535, 4.932728, 4.045040527773315, 4.103321013796264, 2.870059729957735, 1.6368942897529482, 1.1222929571000637, 1.1324728289159456, 1.1661403776618409, 2.3992691693816304, 3.6324939610098386, 4.86581475274112, 6.099231544444122, 6.16615, 6.16615, 19.31346020757833, 35.386422132267384, 54.70955863366319, 46.7535914759111, 52.60633410545038, 58.861342731997894, 84.77806373895986, 92.19756604950861, 65.49000369577777, 66.01816781957206, 59.95168940589962, 77.0961950113132, 71.97509785541855, 61.191996805368966, 49.72895094533088, 56.06500035192901, 57.32793311089181, 55.14839281500234, 60.27174329369053, 52.723914178471894]","[55.73799991607666, 23.2260000705719, 156.35700011253357, 7.115000009536743, 40.54699993133545, 25.668999910354614, 59.09599995613098, 14.94700002670288, 5.267000198364258, 19.5239999294281, 3.7960000038146973, 1.8899998664855957, 26.777999877929688, 51.96600008010864, 16.700000047683716, 1.7750000953674316, 6.648000001907349, 34.28399991989136, 2.0279998779296875, 16.47000002861023, 1.997999906539917, 1.8930001258850098, 2.36899995803833, 3.009999990463257, 80.08599996566772, 41.009000062942505, 1.1419999599456787, 1.5509998798370361, 2.9060001373291016, 0.24399995803833008, 1.747999906539917, 1.803999900817871, 1.7940001487731934, 1.694000005722046, 1.625, 0.2719998359680176, 2.622999906539917, 1.741999864578247, 0.2970001697540283, 1.49399995803833, 0.25500011444091797, 2.6019999980926514, 1.0120000839233398, 0.21700000762939453, 0.754000186920166, 0.5, 0.07899999618530273, 0.026999950408935547]",,forecast_sensitivity
33,Proposed-H3,81,test_id,id_actual,biased_ood,3,0.3,1304.8181530638567,,,,35.38100028038025,0.7371041725079218,1.6419999599456787,0,0,True,,100081,proposed,4,48,True,,1.0,0.12499999980864085,"[56.388190994909685, 7.390410435787051, 3.699402, 4.932728, 6.16615, 6.16615, 6.16615, 6.16615, 6.16615, 9.317252687733065, 12.651091304827322, 21.696542803544126, 27.45846849080496, 20.247409540500847, 10.121871433641658, 6.16615, 6.16615, 6.16615, 5.732822301451268, 4.932728, 4.1380881724342045, 4.7151759032366884, 3.699402002082105, 3.699402, 4.932728, 6.16615, 6.1425499428393, 5.848124062108223, 6.16615, 6.16615, 17.364433548329963, 43.32232239098005, 52.60633409932229, 58.86134272669304, 84.77806373391694, 92.19756462346417, 42.105026113733615, 57.141205958950465, 50.126094507122886, 77.09619097881956, 70.60172460402191, 51.230296378583226, 49.72895082996217, 56.064998819957374, 56.214231037328005, 55.148391942915744, 56.49414489475637, 48.16479779909839]","[0.13499999046325684, 0.9830000400543213, 0.8659999370574951, 0.7589998245239258, 0.999000072479248, 0.7299997806549072, 0.8459999561309814, 0.7460000514984131, 0.12599992752075195, 0.7220001220703125, 0.7860000133514404, 0.08500003814697266, 0.6990001201629639, 0.7980000972747803, 0.7149999141693115, 0.7739999294281006, 0.7279999256134033, 0.8289999961853027, 0.818000078201294, 0.9930000305175781, 0.939000129699707, 0.804999828338623, 0.2200000286102295, 1.6419999599456787, 1.0299999713897705, 0.6100001335144043, 0.7309999465942383, 0.6370000839233398, 0.7079999446868896, 0.6610000133514404, 0.8250000476837158, 0.7909998893737793, 0.7070000171661377, 0.8139998912811279, 0.8620002269744873, 0.8810000419616699, 0.7640001773834229, 0.8039999008178711, 0.9110000133514404, 0.8159999847412109, 0.878000020980835, 0.8910000324249268, 0.8899998664855957, 0.9000000953674316, 0.7940001487731934, 0.5450000762939453, 0.10100007057189941, 0.08699989318847656]",,forecast_sensitivity
33,MPC-3,82,test_id,id_actual,biased_ood,3,,1611.885593395421,,,,60.703999042510986,1.2646666467189789,12.579999923706055,0,0,True,,100082,pure_mpc,4,48,True,,1.0,0.12500000831164507,"[21.164023551696324, 4.58127507117102, 10.75797975040113, 5.345629324521031, 6.16615, 7.1439741629356845, 6.157953316867315, 10.902901549711551, 12.140821643285427, 10.501948844843735, 17.62175924507626, 22.43505644421185, 30.475389952654908, 30.136306832041747, 30.67720301750063, 6.16615, 6.16615, 5.8294249200095996, 4.59602914158573, 3.6519575481796944, 2.4187313465570273, 1.185601039693604, 0.0, 1.233038, 0.7989176533457836, 12.191443763905617, 28.462798107161706, 21.6341097643029, 30.09929854920503, 32.35567357927292, 43.68887783149464, 78.2370196122966, 90.94720685879543, 105.77932699491474, 108.98999892619067, 86.11816582042049, 46.966725855111676, 64.43558189352137, 62.95688033224283, 60.5219555853597, 62.362121828448956, 58.543384705641344, 52.16307884754856, 54.43324275558134, 64.02373251126659, 58.76931802398845, 69.0645461139603, 60.886732778498875]","[0.10100007057189941, 0.2969999313354492, 1.5850000381469727, 10.848999977111816, 1.2770001888275146, 12.579999923706055, 0.35700011253356934, 1.2259998321533203, 0.4479999542236328, 0.5309998989105225, 0.12299990653991699, 0.12100005149841309, 1.6100001335144043, 1.6499998569488525, 0.11699986457824707, 2.5220000743865967, 4.421000003814697, 0.10599994659423828, 0.4830000400543213, 0.6970000267028809, 0.056999921798706055, 5.891999959945679, 0.7130000591278076, 0.08500003814697266, 0.5149998664855957, 5.776000022888184, 0.7669999599456787, 0.625999927520752, 0.752000093460083, 0.8610000610351562, 0.5739998817443848, 0.6269998550415039, 0.09800004959106445, 0.09200000762939453, 0.6990001201629639, 0.12199997901916504, 0.12399983406066895, 0.12399983406066895, 0.10500001907348633, 0.11699986457824707, 0.12000012397766113, 0.10299992561340332, 0.12899994850158691, 0.15400004386901855, 0.10899996757507324, 0.1509997844696045, 0.07500004768371582, 0.03600001335144043]",,forecast_sensitivity
33,MPC-7,82,test_id,id_actual,biased_ood,7,,1471.8492708392428,,,,883.5619990825653,18.407541647553444,300.14200019836426,0,0,True,,100082,pure_mpc,8,48,True,,1.0,0.12499999980925772,"[25.5641448389325, 15.12725357152762, 13.389138988978907, 7.664965597111354, 6.166149604873784, 10.784168355589582, 6.459633471173364, 9.110695925766585, 19.645285907760957, 22.120574803923628, 27.149886671164282, 22.435056780911353, 30.47538667588463, 10.270849213380032, 20.30724337130715, 6.16615, 4.932728, 4.459461849674188, 3.2261726880233748, 4.459461850674095, 3.2261726880233748, 1.992979526372579, 1.136085563141102, 2.3692120149176468, 2.9888082818292534, 4.222078966981802, 5.455445652106602, 10.22261777290231, 32.48419532995276, 34.31307789968923, 43.688878003610135, 58.68964772286401, 46.01467197736799, 60.24786779376496, 93.19887297216886, 86.11816425153974, 52.46552774045252, 69.3942114669469, 62.95686567949251, 60.52195565433151, 62.362121829735436, 58.55130279067941, 52.77372756433654, 54.43324267642203, 64.02373232191655, 58.76931783860142, 69.06454479478408, 50.24953589765466]","[19.22000002861023, 35.70300006866455, 168.24599981307983, 300.14200019836426, 1.8380000591278076, 17.522000074386597, 28.162999868392944, 24.55399990081787, 2.138000011444092, 1.5290000438690186, 1.7050001621246338, 17.48199987411499, 19.490999937057495, 19.0479998588562, 18.140999794006348, 57.63700008392334, 1.684000015258789, 1.6759998798370361, 1.8550000190734863, 41.16900014877319, 11.348999977111816, 0.21200013160705566, 10.940999984741211, 1.6420001983642578, 0.2779998779296875, 29.948999881744385, 22.161999940872192, 2.1989998817443848, 1.6560001373291016, 1.5720000267028809, 1.5899999141693115, 1.745999813079834, 1.742999792098999, 1.8239998817443848, 1.8570001125335693, 1.6110000610351562, 1.4839999675750732, 0.29199981689453125, 0.4140000343322754, 1.4720001220703125, 5.32699990272522, 0.31099987030029297, 1.0299999713897705, 1.2349998950958252, 0.15899991989135742, 0.45399999618530273, 0.07599997520446777, 0.03400015830993652]",,forecast_sensitivity
33,Proposed-H3,82,test_id,id_actual,biased_ood,3,0.3,1293.271790797551,,,,33.571001291275024,0.6993958602348963,2.2829999923706055,0,0,True,,100082,proposed,4,48,True,,1.0,0.12499999980870732,"[54.168679749103205, 4.581275888407827, 4.237034871041048, 4.932728, 6.16615, 6.16615, 6.16615, 6.16615, 6.166152177122818, 6.2210762067383625, 11.470919064058624, 20.168846866237626, 30.475389947967265, 29.525013353433593, 30.475166653261077, 6.16615, 6.16615, 6.16615, 6.16615, 6.024562849670349, 4.791151870335956, 4.326059758691291, 3.699402, 4.932728, 5.811931114282712, 6.16615, 5.751605802714576, 5.659704443506599, 6.16615, 6.16615, 6.16615, 33.715621418464536, 46.01467197318916, 60.247867789473624, 93.19887296813256, 86.11816425034603, 43.13432584273252, 52.92409420059278, 54.883073522600135, 49.978561197592335, 53.99718810991238, 58.54338440467572, 52.163078661042974, 54.433242613812354, 64.02373229145005, 57.896232829865006, 67.05236164660747, 47.53408846048839]","[0.19300007820129395, 2.171999931335449, 0.810999870300293, 0.7130000591278076, 0.7969999313354492, 0.7719998359680176, 0.10000014305114746, 0.690000057220459, 0.19300007820129395, 0.7000000476837158, 0.6940000057220459, 0.7969999313354492, 0.17599987983703613, 0.6820001602172852, 0.6979999542236328, 0.6410000324249268, 0.7159998416900635, 0.690000057220459, 0.7900002002716064, 2.2829999923706055, 0.14100003242492676, 0.7220001220703125, 0.7070000171661377, 0.6370000839233398, 0.9190001487731934, 0.7860000133514404, 0.6570000648498535, 0.6400001049041748, 0.6630001068115234, 0.6470000743865967, 0.6110000610351562, 0.7139999866485596, 0.809999942779541, 0.8350000381469727, 0.8380000591278076, 0.7150001525878906, 0.7100000381469727, 0.6550002098083496, 0.7920000553131104, 0.7209999561309814, 0.7039999961853027, 0.7320001125335693, 0.7230000495910645, 0.75, 0.7969999313354492, 0.5139999389648438, 0.08500003814697266, 0.037999868392944336]",,forecast_sensitivity
33,MPC-3,83,test_id,id_actual,biased_ood,3,,1596.0839468050235,,,,75.2829999923706,1.5683958331743877,13.04200005531311,0,0,True,,100083,pure_mpc,4,48,True,,1.0,0.12500000303281814,"[17.221115807525972, 9.508728112199922, 10.819174385262784, 6.645905123197199, 10.367208849617331, 6.166148204346655, 9.984676216937384, 12.085935093598065, 6.16615, 6.16615, 8.576464043477827, 24.2729461474375, 35.66222395539296, 21.246292404901816, 15.71792291605211, 18.266794869912403, 6.16615, 4.932728, 3.6994020000000005, 3.699402, 2.4661720000000003, 1.233038, 1.26471221184623, 2.4978446720975853, 3.7310771377299754, 4.932728, 4.932728, 4.932728, 5.1516782456352885, 44.53784413204694, 60.97686139024798, 87.23287712837896, 112.76407475861176, 117.2238958462826, 106.09285260478416, 88.17364695714991, 51.41025400626415, 41.757077194628955, 59.40490612625162, 63.02261588971848, 56.86560384895925, 62.75863574750677, 64.53189058486329, 67.05815801731826, 63.2634274314099, 62.00681573572705, 59.3030042214856, 59.185280786218804]","[0.09099984169006348, 0.8259999752044678, 1.1979999542236328, 13.04200005531311, 0.37000012397766113, 9.144000053405762, 4.14900016784668, 0.4290001392364502, 1.7790000438690186, 1.7929999828338623, 0.11400008201599121, 1.190999984741211, 0.46399998664855957, 2.9670000076293945, 0.42799997329711914, 0.5280001163482666, 4.4709999561309814, 0.681999921798706, 0.6000001430511475, 3.311999797821045, 5.866000175476074, 0.4500000476837158, 0.5470001697540283, 1.625999927520752, 1.7549998760223389, 1.065999984741211, 8.461999893188477, 0.9509999752044678, 0.6959998607635498, 2.131999969482422, 0.6940000057220459, 0.13700008392333984, 0.1359999179840088, 0.8130002021789551, 0.0969998836517334, 0.11600017547607422, 0.12299990653991699, 0.3639998435974121, 0.12199997901916504, 0.1119999885559082, 0.125, 0.7789998054504395, 0.11899995803833008, 0.10600018501281738, 0.12199997901916504, 0.09299993515014648, 0.06599998474121094, 0.029999971389770508]",,forecast_sensitivity
33,MPC-7,83,test_id,id_actual,biased_ood,7,,1473.29273608819,,,,550.1800000667572,11.462083334724108,121.93300008773804,0,0,True,,100083,pure_mpc,8,48,True,,1.0,0.12499999980937196,"[21.029159475640505, 20.210091951283555, 18.65894569209361, 9.180361373085173, 9.174390778854923, 6.16615, 13.345529142784777, 12.741764605591758, 6.355154496394714, 17.664644198577655, 7.378309692799184, 24.272944874550284, 35.66221795598967, 10.344972503179267, 6.16615, 6.816151781944304, 4.932728, 4.892415071151493, 3.659092208923242, 3.699402, 2.4661720000000003, 1.233038, 1.264712617663179, 2.497849083569351, 3.7310815495451624, 4.964410015445708, 4.98246873222039, 6.16615, 32.210831707471115, 48.64608787281332, 41.79872217960897, 42.48821518188984, 67.40206569122752, 71.58761015545382, 100.34492410124126, 88.17364695659971, 58.50345580130862, 45.99214562623369, 59.404917019831984, 63.022615962994486, 56.865603804587664, 62.75863581625942, 64.53189047530441, 67.05539154555032, 63.2634273899916, 62.00681571053077, 56.68266486165816, 50.89661042634548]","[26.6969997882843, 41.32800006866455, 64.40400004386902, 67.65299987792969, 14.130000114440918, 15.610000133514404, 1.055999994277954, 1.2300000190734863, 8.564000129699707, 0.375, 1.8659999370574951, 20.074999809265137, 1.7999999523162842, 13.773000001907349, 18.051000118255615, 121.93300008773804, 1.5859999656677246, 1.7680001258850098, 9.919000148773193, 1.6499998569488525, 1.6519999504089355, 1.5160000324249268, 1.562000036239624, 49.198999881744385, 28.891000032424927, 9.532999992370605, 1.309000015258789, 1.749000072479248, 1.9210000038146973, 1.7749998569488525, 1.6690001487731934, 1.804999828338623, 1.8960001468658447, 1.8310000896453857, 1.747999906539917, 1.0249998569488525, 1.7269999980926514, 0.3410000801086426, 0.27499985694885254, 0.3250000476837158, 0.32400012016296387, 3.1589999198913574, 0.2890000343322754, 0.7669999599456787, 0.19300007820129395, 0.11100006103515625, 0.08499979972839355, 0.03500008583068848]",,forecast_sensitivity
33,Proposed-H3,83,test_id,id_actual,biased_ood,3,0.3,1348.8726264383656,,,,33.41299819946289,0.6961041291554769,2.0969998836517334,0,0,True,,100083,proposed,4,48,True,,1.0,0.12499999980881721,"[50.126859970953234, 9.508726762581487, 4.735442302348137, 4.932728, 6.16615, 6.16615, 6.16615, 6.16615, 6.16615, 6.16615, 6.242458090912128, 16.323222759817824, 35.662224039382444, 21.246297570376427, 15.717922906327317, 18.266794867191194, 6.16615, 6.16615, 4.932728, 4.842236535449563, 4.932728, 3.699402, 3.699402, 4.932728, 5.432510929466359, 6.16615, 5.385713512446541, 5.423620528278206, 6.16615, 6.16615, 18.575295999773537, 42.48821514546242, 67.40206568651985, 71.58761015052161, 100.34492409670177, 88.1736469561493, 46.18256831203776, 41.731362213394014, 50.10143607504519, 61.78540662483686, 56.86560354465516, 53.379072443140146, 64.53189008366738, 64.48791166511718, 63.263427245319996, 62.00681569442906, 53.93224625263492, 48.16173147342867]","[0.7909998893737793, 1.7799999713897705, 0.7969999313354492, 0.6949999332427979, 0.9200000762939453, 0.6610000133514404, 0.7929999828338623, 0.7849998474121094, 0.14299988746643066, 0.6789999008178711, 0.07799983024597168, 0.8919999599456787, 0.08299994468688965, 0.12000012397766113, 0.7739999294281006, 0.7680001258850098, 0.6640000343322754, 0.7800002098083496, 0.7889997959136963, 0.14999985694885254, 0.7789998054504395, 0.6719999313354492, 0.7009999752044678, 2.0969998836517334, 0.7969999313354492, 0.9219999313354492, 0.14499998092651367, 0.6540000438690186, 0.7179999351501465, 0.684999942779541, 0.7880001068115234, 0.8350000381469727, 0.8339998722076416, 0.7799999713897705, 0.8340001106262207, 0.815000057220459, 0.7869999408721924, 0.75, 0.7849998474121094, 0.747999906539917, 0.747999906539917, 0.8659999370574951, 0.7059998512268066, 0.7709999084472656, 0.7590000629425049, 0.1359999179840088, 0.09800004959106445, 0.06100010871887207]",,forecast_sensitivity
33,MPC-3,84,test_id,id_actual,biased_ood,3,,1665.7367870481542,,,,64.89799904823303,1.3520416468381882,17.64199995994568,0,0,True,,100084,pure_mpc,4,48,True,,1.0,0.1250000063385047,"[11.655566993239574, 14.31101176688043, 8.326180172323612, 6.460351972260803, 11.048720243659925, 9.80367819006631, 7.6857268926267075, 8.481124262862746, 7.595117207644805, 13.878328756635156, 16.579225987410616, 25.31076021904198, 33.32707729466785, 26.299821160087532, 13.825549501012626, 6.16615, 6.166149980496755, 6.16615, 4.932728, 3.6994020000000005, 2.4661720000000003, 1.233038, 2.4661720000000003, 3.699402, 3.6404348834280778, 4.8737562932213825, 4.4622877800543685, 4.932728, 5.395781878582963, 64.08438967831285, 61.693148369159815, 89.99375751254733, 116.63223765785364, 110.59729042722108, 106.14974931275229, 88.1273533615936, 48.69537543966333, 70.74847498656287, 58.40626236671849, 64.52794383126343, 57.11362594997177, 68.1466667029304, 65.11401899522146, 66.81908262487238, 55.73902143899248, 68.87507629028985, 65.60078630805671, 63.783932357966485]","[0.33700013160705566, 2.9809999465942383, 0.9249999523162842, 8.105000019073486, 4.885999917984009, 2.642000198364258, 0.49499988555908203, 1.0980000495910645, 1.186999797821045, 0.45599985122680664, 0.14700007438659668, 0.09800004959106445, 1.0809998512268066, 2.2009999752044678, 0.47300004959106445, 0.3860001564025879, 2.9159998893737793, 17.64199995994568, 3.932999849319458, 0.5409998893737793, 0.05299997329711914, 0.6769998073577881, 0.5440001487731934, 6.0980000495910645, 0.5889999866485596, 0.4630000591278076, 0.10100007057189941, 0.08999991416931152, 0.6629998683929443, 0.10699987411499023, 0.3540000915527344, 0.09800004959106445, 0.0989999771118164, 0.08299994468688965, 0.08999991416931152, 0.6630001068115234, 0.14800000190734863, 0.11400008201599121, 0.12100005149841309, 0.10800004005432129, 0.11800003051757812, 0.10800004005432129, 0.13099980354309082, 0.1269998550415039, 0.3989999294281006, 0.11899995803833008, 0.07399988174438477, 0.029000043869018555]",,forecast_sensitivity
33,MPC-7,84,test_id,id_actual,biased_ood,7,,1530.625971561659,,,,565.4840006828308,11.78091668089231,77.21900010108948,0,0,True,,100084,pure_mpc,8,48,True,,1.0,0.12499999981143024,"[19.511434663181046, 21.817853775067544, 14.214232769099144, 8.187085218701966, 12.690629214369867, 10.732886389142443, 7.685726747629344, 10.445672909397, 10.204753574549851, 26.440211828311092, 27.854963583812165, 5.740831666242011, 28.972263162311563, 17.356319226106542, 6.16615, 5.58971744965025, 6.16615, 4.932728, 3.699402, 2.4661720000000003, 1.233038, 2.4661720000000003, 3.699402, 4.279751521516831, 3.6401532006703627, 4.87347458860912, 4.463180259002359, 4.932728, 5.502637128327056, 64.30435510248512, 51.24142126315954, 48.00071884108383, 71.3037251977131, 69.67842901193312, 98.4336499539153, 88.12735336177656, 48.69537520315353, 70.75617368522272, 58.40626244816032, 64.52794379327132, 57.11362589725321, 68.14666659107927, 65.1140189759825, 66.81908307659646, 55.73902127325376, 68.87507626976817, 65.60078621927904, 63.77656452087491]","[49.51799988746643, 38.86099982261658, 74.7720000743866, 77.21900010108948, 53.003000020980835, 33.92700004577637, 8.611000061035156, 21.39199995994568, 1.1170001029968262, 1.632000207901001, 0.35199999809265137, 0.2669999599456787, 22.941999912261963, 15.447999954223633, 65.91799998283386, 0.9350001811981201, 18.350000143051147, 1.689000129699707, 1.628000020980835, 9.469000101089478, 12.197999954223633, 12.22000002861023, 6.21399998664856, 0.30299997329711914, 1.808000087738037, 7.438999891281128, 0.24599981307983398, 1.6520001888275146, 1.630000114440918, 1.7929999828338623, 1.74399995803833, 1.7019999027252197, 0.3259999752044678, 1.7309999465942383, 0.33299994468688965, 1.7300000190734863, 5.746999979019165, 0.3229999542236328, 2.4560000896453857, 3.0260000228881836, 1.4049999713897705, 0.29200005531311035, 1.00600004196167, 0.2109999656677246, 0.6760001182556152, 0.11399984359741211, 0.06800007820129395, 0.0410001277923584]",,forecast_sensitivity
33,Proposed-H3,84,test_id,id_actual,biased_ood,3,0.3,1412.308808872874,,,,34.80899977684021,0.7251874953508377,2.072000026702881,0,0,True,,100084,proposed,4,48,True,,1.0,0.1249999998076535,"[44.44802248871021, 14.31101550801328, 3.985097270848981, 4.932728, 6.16615, 6.16615, 6.16615, 6.16615, 6.16615, 10.969955015671168, 11.92571563787983, 23.328595682767872, 31.641938453879362, 25.186287906196625, 13.085564519620878, 6.16615, 6.16615, 6.16615, 6.16615, 4.932728, 3.699402, 4.030944277805029, 4.932728, 4.932728, 5.81867017425088, 6.16615, 4.932728, 4.932728, 6.16615, 20.466578053535432, 17.79721851857873, 48.000718815269295, 71.3037237092964, 69.6784290063684, 98.43364852309912, 88.1273533610971, 43.74234719605013, 70.74847443473752, 52.05488026799781, 62.964101465308914, 55.961257078351665, 68.14666379417247, 57.84311388144694, 66.81908223941734, 54.563358515446076, 68.87507603332173, 61.791671952092756, 45.13588509164209]","[0.874000072479248, 2.072000026702881, 0.8320000171661377, 0.757000207901001, 0.6770000457763672, 0.7249999046325684, 0.7200000286102295, 0.7200000286102295, 0.7360000610351562, 0.6430001258850098, 0.7769999504089355, 0.09200000762939453, 0.5980000495910645, 0.10400009155273438, 0.10399985313415527, 0.6599998474121094, 0.5980000495910645, 0.6649999618530273, 0.7859997749328613, 0.7739999294281006, 0.12400007247924805, 0.6510000228881836, 1.7549998760223389, 1.9800000190734863, 0.746999979019165, 0.6949999332427979, 0.7099997997283936, 0.7190001010894775, 0.6499998569488525, 0.693000078201294, 0.6210000514984131, 0.7379999160766602, 0.814000129699707, 0.7839999198913574, 0.8179998397827148, 0.7810001373291016, 0.7519998550415039, 0.7690000534057617, 0.7439999580383301, 0.7369999885559082, 0.7669999599456787, 0.7649998664855957, 0.7899999618530273, 0.8629999160766602, 0.8100001811981201, 0.4509999752044678, 0.08600020408630371, 0.08100008964538574]",,forecast_sensitivity
33,MPC-3,85,test_id,id_actual,biased_ood,3,,1603.92989425291,,,,55.19600009918213,1.149916668732961,9.458999872207642,0,0,True,,100085,pure_mpc,4,48,True,,1.0,0.12499999981114368,"[21.230371345524688, 10.69466091439442, 14.940320600610907, 10.140298290305607, 7.886777888252752, 11.179316211976106, 17.6363615551759, 9.095214184018005, 6.16615, 7.196979227451992, 12.219502940987223, 26.959258838273193, 33.24530108985985, 22.323203815306577, 10.549848445581878, 17.42954350217792, 6.16615, 4.932729219792536, 3.6994032411594704, 2.4661732539126806, 3.699402, 2.4661720000000003, 3.5378486780032197, 3.491108589213578, 4.724418375270832, 4.932728, 4.932728, 4.932741187052619, 6.151890392160004, 62.787509968976636, 63.748357307447904, 84.57529476182674, 109.3390907963892, 111.61991929244704, 95.57973382652514, 79.63717325759885, 50.78136952698245, 53.713745960284726, 62.32440282653142, 52.373433699137124, 67.35957924121674, 63.79449558205636, 64.51456602138052, 70.74743297555219, 54.37567860866201, 51.58256615097935, 49.897765982040944, 60.15117668041255]","[0.07500004768371582, 0.10899996757507324, 0.5039999485015869, 9.458999872207642, 8.47000002861023, 2.5450000762939453, 0.4630000591278076, 1.6449999809265137, 3.0450000762939453, 2.945000171661377, 0.12400007247924805, 0.08500003814697266, 1.8149998188018799, 0.9100000858306885, 2.071000099182129, 0.48599982261657715, 0.4849998950958252, 1.1710000038146973, 0.5730001926422119, 1.0069999694824219, 6.976000070571899, 0.6700000762939453, 0.5759999752044678, 0.560999870300293, 2.372999906539917, 0.42299985885620117, 2.2260000705718994, 0.10299992561340332, 0.623999834060669, 0.13000011444091797, 0.12199997901916504, 0.0989999771118164, 0.08500003814697266, 0.1269998550415039, 0.7039999961853027, 0.12899994850158691, 0.1230001449584961, 0.12199997901916504, 0.12000012397766113, 0.11100006103515625, 0.10500001907348633, 0.127000093460083, 0.12299990653991699, 0.11300015449523926, 0.11299991607666016, 0.11299991607666016, 0.07899999618530273, 0.032000064849853516]",,forecast_sensitivity
33,MPC-7,85,test_id,id_actual,biased_ood,7,,1488.4148741058668,,,,425.2300000190735,8.858958333730698,77.44900012016296,0,0,True,,100085,pure_mpc,8,48,True,,1.0,0.1249999998088099,"[30.65677982977508, 18.372946589328656, 21.960103490820625, 11.126109343233114, 9.963102979960388, 12.258295344103754, 17.636354565044297, 10.007394983071636, 6.470511453644623, 9.488697111195368, 26.87425204420854, 6.0697989971795305, 33.245319202364904, 20.453597043195906, 6.16615, 15.466925309399079, 4.932728, 3.699402, 2.6603413596057948, 1.518642496949208, 2.75179873187649, 1.9960188521660989, 3.2292122513420005, 3.4910843320816456, 4.724394116203626, 5.298042812569965, 5.043872662834672, 6.201655100067288, 13.411322295228388, 62.986702561890276, 62.91611817357064, 39.938099454096964, 64.21041770310937, 75.91800271635874, 85.50229081215267, 79.6370315718204, 58.45140433529169, 58.96899892525782, 62.32440294539832, 52.37343366337379, 67.35957921797792, 63.79449564027143, 64.51456594818457, 70.74743284961652, 54.3756785485824, 51.582566112799135, 49.37986009164978, 48.258939537013994]","[14.668000221252441, 3.875, 20.08999991416931, 77.44900012016296, 34.77000021934509, 14.713000059127808, 4.7220001220703125, 20.35800004005432, 1.685999870300293, 1.7660000324249268, 2.365999937057495, 1.5920000076293945, 0.9739999771118164, 19.855000019073486, 24.127000093460083, 22.79199981689453, 12.652999877929688, 1.6689999103546143, 0.30299997329711914, 45.03699994087219, 16.138000011444092, 7.938999891281128, 20.63100004196167, 1.7579998970031738, 5.806000232696533, 20.01099991798401, 1.9249999523162842, 0.32899999618530273, 1.8550000190734863, 1.5370001792907715, 1.747999906539917, 1.8519999980926514, 1.8700001239776611, 1.8320000171661377, 1.7649998664855957, 0.3689999580383301, 0.35199999809265137, 0.49899983406066895, 0.2950000762939453, 3.8929998874664307, 2.5320000648498535, 1.5090000629425049, 1.2249999046325684, 0.874000072479248, 0.7039999961853027, 0.312999963760376, 0.11100006103515625, 0.09299993515014648]",,forecast_sensitivity
33,Proposed-H3,85,test_id,id_actual,biased_ood,3,0.3,1356.1159704405036,,,,36.182000398635864,0.7537916749715805,2.0439999103546143,0,0,True,,100085,proposed,4,48,True,,1.0,0.1249999998078899,"[54.30103093596558, 10.694660922505538, 10.433183563651784, 4.932728, 6.16615, 6.16615, 13.131163688507073, 6.16615, 6.16615, 6.16615, 11.998161378977965, 20.090364056157277, 33.24530116735169, 22.323197160284494, 10.549846458429716, 17.429547985578907, 6.16615, 6.16615, 6.089093331565699, 4.932728, 4.932728, 4.932728, 3.699402, 3.699434601720993, 4.9327606024277975, 6.16615, 6.16615, 6.16615, 6.16615, 19.1960975148317, 19.669777291152997, 39.938099414351825, 64.21041769637404, 75.91800271242333, 85.50229080732444, 79.6370299858954, 49.7303201757229, 53.7137454716123, 56.3956138144218, 52.37343348835895, 65.58994330694274, 54.30276491082685, 64.51456553999796, 70.73723405020502, 54.375678240907504, 51.582566070875465, 44.831475562113674, 43.72120453304045]","[2.0439999103546143, 0.26999998092651367, 0.8599998950958252, 0.7950000762939453, 0.8350000381469727, 0.7740001678466797, 0.809999942779541, 0.744999885559082, 0.7730000019073486, 0.6510000228881836, 0.06100010871887207, 0.7760000228881836, 0.7020001411437988, 0.8039999008178711, 0.6700000762939453, 0.7139999866485596, 0.8050000667572021, 0.7760000228881836, 0.8070001602172852, 0.7730000019073486, 1.7109999656677246, 0.8320000171661377, 0.8029999732971191, 0.25, 0.7609999179840088, 0.8110001087188721, 0.6660001277923584, 0.7589998245239258, 0.7590000629425049, 0.8640000820159912, 0.7979998588562012, 0.8880000114440918, 0.7799999713897705, 0.8329999446868896, 0.7760000228881836, 0.8299999237060547, 0.7380001544952393, 0.8289999961853027, 0.8240001201629639, 0.7929999828338623, 0.7170000076293945, 0.7769999504089355, 0.7980000972747803, 0.7820000648498535, 0.7799999713897705, 0.37600016593933105, 0.11399984359741211, 0.08799982070922852]",,forecast_sensitivity
33,MPC-3,86,test_id,id_actual,biased_ood,3,,1624.5692570447825,,,,62.69600009918213,1.306166668732961,11.280999898910522,0,0,True,,100086,pure_mpc,4,48,True,,1.0,0.12500000341226375,"[9.019055872957562, 11.910622917213493, 12.378897524335255, 7.35043873652893, 6.16615, 11.124509267627104, 9.328593991064839, 11.89377937743423, 6.9786498181424355, 8.39952307641663, 16.375288652350186, 25.72126440201798, 34.32140923193207, 36.46246200530343, 22.630719698106496, 6.16615, 6.166133751499301, 4.93271176932701, 3.699385770590329, 2.9047304752993925, 1.6715623351393405, 0.43849019497928804, 0.0, 0.7271160112913064, 1.960210511638392, 14.443211643299955, 6.207047106393092, 4.555288541610766, 24.196439041839064, 16.11608673770641, 69.6342038565174, 82.63694417185127, 90.87130815846555, 113.10458526055342, 94.73948887866086, 111.27593368698517, 57.16078802730387, 49.13443958395235, 61.052160110639804, 72.1743796970998, 63.804297539154014, 69.98062950086101, 58.283040950383274, 61.190920663798565, 55.49313985470639, 70.3060266992074, 66.6329326752789, 52.84810926731926]","[0.3190000057220459, 0.3660001754760742, 0.3689999580383301, 11.280999898910522, 7.5400002002716064, 1.1649999618530273, 1.130000114440918, 0.6100001335144043, 1.2939999103546143, 2.1480000019073486, 0.15400004386901855, 0.1119999885559082, 0.5039999485015869, 0.5199999809265137, 0.49199986457824707, 0.6110000610351562, 0.13100004196166992, 0.749000072479248, 0.5019998550415039, 0.6660001277923584, 4.3420000076293945, 8.205999851226807, 1.553999900817871, 0.5140001773834229, 4.83899998664856, 4.109999895095825, 1.1979999542236328, 0.10500001907348633, 0.30900001525878906, 3.2960000038146973, 0.10800004005432129, 0.6740000247955322, 0.503000020980835, 0.10299992561340332, 0.6649999618530273, 0.10800004005432129, 0.11800003051757812, 0.11699986457824707, 0.12199997901916504, 0.11899995803833008, 0.10399985313415527, 0.10199999809265137, 0.12899994850158691, 0.22100019454956055, 0.14899992942810059, 0.11699986457824707, 0.0710000991821289, 0.03000020980834961]",,forecast_sensitivity
33,MPC-7,86,test_id,id_actual,biased_ood,7,,1473.308332158861,,,,448.8300006389618,9.350625013311705,69.76500010490417,0,0,True,,100086,pure_mpc,8,48,True,,1.0,0.12499999980875373,"[9.01905395583264, 19.043945577106967, 20.924668562893395, 11.804040108913597, 9.234881267816498, 12.525238237809958, 10.258023260822657, 11.893781401322961, 10.849619622583198, 20.13137429974425, 20.39789147468607, 25.721264402917882, 33.964124096148396, 21.50484948423656, 7.424843789523412, 6.16615, 6.145537137443972, 4.912116755987028, 3.678792360269842, 2.9047304667933984, 1.6715623276340084, 1.233038, 1.233038, 1.233038, 2.466130802651626, 17.350636612798397, 4.93268679616889, 5.994119440452308, 18.99999254703894, 20.368863026907846, 47.857511336545365, 37.9507907525383, 52.82087522830177, 67.64468229525393, 75.23968948326214, 109.27457697303493, 65.72154882661266, 52.35758061924217, 61.05216143914517, 72.17437828668879, 63.80429701091112, 69.98062952310369, 58.28304082084021, 61.19092053635701, 55.49313972358846, 68.23103012642382, 66.19440420611267, 44.049043154394184]","[23.23200011253357, 9.499000072479248, 27.933000087738037, 37.48899984359741, 8.348999977111816, 69.76500010490417, 60.806999921798706, 0.9330000877380371, 2.7120001316070557, 15.607999801635742, 2.559999942779541, 3.1610000133514404, 0.28299999237060547, 18.20300006866455, 30.70900011062622, 14.7260000705719, 10.67900013923645, 10.197999954223633, 7.269999980926514, 1.929999828338623, 1.6079998016357422, 9.571000099182129, 1.636000156402588, 11.98800015449524, 0.2710001468658447, 24.88700008392334, 18.67199993133545, 1.937000036239624, 0.29399991035461426, 3.2709999084472656, 1.7340002059936523, 1.753000020980835, 5.371000051498413, 1.7569999694824219, 1.694000005722046, 0.3340001106262207, 0.3399999141693115, 0.4270000457763672, 0.3149998188018799, 0.30700016021728516, 1.4059998989105225, 1.380000114440918, 1.125, 0.24399995803833008, 0.1679999828338623, 0.13499999046325684, 0.07399988174438477, 0.08500003814697266]",,forecast_sensitivity
33,Proposed-H3,86,test_id,id_actual,biased_ood,3,0.3,1352.3001686177295,,,,33.78299951553345,0.7038124899069468,1.995999813079834,0,0,True,,100086,proposed,4,48,True,,1.0,0.12499999980807525,"[41.75725861351173, 11.910625148189558, 9.765080033861398, 4.932728, 6.16615, 6.16615, 6.16615, 7.160115700483864, 6.16615, 6.16615, 10.433351246553572, 21.029920979695394, 33.96457984470882, 36.21837036062255, 22.630719679578355, 6.16615, 6.16615, 6.16615, 4.932728, 5.438703194349021, 4.932728, 4.932728, 4.932728, 4.932728, 5.7318597280977555, 6.16615, 5.706409904417772, 4.6888705075553565, 5.922273525012856, 6.16615, 25.45288543110427, 37.950790723200925, 52.82087522149451, 67.64468228972076, 75.23968947872751, 109.27457696902103, 47.35802183814327, 42.57822806138824, 50.00527265647697, 72.06058862408528, 53.15108711429676, 64.81602844557493, 57.698998001127116, 58.77186538520686, 55.493139679872804, 64.84462160789101, 62.81424078972808, 40.70856983403119]","[0.3450000286102295, 0.28099989891052246, 0.7949998378753662, 0.9100000858306885, 0.6579999923706055, 1.6319999694824219, 0.8229999542236328, 0.7220001220703125, 0.7720000743865967, 0.7280001640319824, 0.687999963760376, 0.6099998950958252, 0.08800005912780762, 0.6559998989105225, 0.09799981117248535, 0.7160000801086426, 0.7769999504089355, 0.07299995422363281, 1.995999813079834, 0.6990001201629639, 1.555999994277954, 0.6570000648498535, 0.7220001220703125, 0.8190000057220459, 0.7720000743865967, 0.7000000476837158, 0.6520001888275146, 0.7649998664855957, 0.6710000038146973, 0.755000114440918, 0.6150000095367432, 0.7669999599456787, 0.7179999351501465, 0.7260000705718994, 0.7820000648498535, 0.7389998435974121, 0.7060000896453857, 0.7990000247955322, 0.7809998989105225, 0.8240001201629639, 0.755000114440918, 0.7170000076293945, 0.6629998683929443, 0.621999979019165, 0.7979998588562012, 0.4519999027252197, 0.08799982070922852, 0.09499979019165039]",,forecast_sensitivity
33,MPC-3,87,test_id,id_actual,biased_ood,3,,1630.0321710462927,,,,55.113999366760254,1.1482083201408386,12.522000074386597,0,0,True,,100087,pure_mpc,4,48,True,,1.0,0.1250000069826467,"[14.833859327920726, 13.034581930365245, 7.484381066908396, 4.580084123526648, 5.813503892910023, 10.537792629263445, 9.24992863074795, 8.876148374667132, 11.256825683877409, 9.044880649907304, 21.173108782180634, 29.1489484876438, 36.666554969683965, 28.876823470240822, 19.154750232147357, 11.948221068614771, 5.550641475241186, 4.317267476682375, 3.0839894667881484, 1.8986279955637837, 1.275270675844129, 0.042229407812924814, 1.2752706957696356, 2.5084079725393806, 3.7416412604358356, 3.699402, 4.932728, 4.932728, 23.10427691818145, 33.34483652259452, 73.08835643367267, 96.75404730112363, 115.7105897490267, 108.16742018647138, 105.14776599577088, 77.1780462707344, 58.504540216700235, 56.878606585315914, 69.93183632304164, 60.34514281340201, 68.1235512611523, 56.07725024635848, 48.81873885028094, 67.05472853752136, 53.814891997004125, 56.26478655550695, 58.76031111396238, 64.02384942118769]","[0.6660001277923584, 0.6559998989105225, 2.01200008392334, 0.2539999485015869, 12.522000074386597, 3.0220000743865967, 0.5869998931884766, 1.3309998512268066, 1.2329998016357422, 0.937999963760376, 0.317000150680542, 0.09099984169006348, 1.2239999771118164, 2.63100004196167, 2.177000045776367, 0.6769998073577881, 0.2720000743865967, 0.6529998779296875, 0.8220000267028809, 1.5790002346038818, 2.9649999141693115, 5.102999925613403, 6.389999866485596, 0.5140001773834229, 1.312000036239624, 0.08599996566772461, 0.12199997901916504, 0.7630000114440918, 0.1359999179840088, 1.9119999408721924, 0.11600017547607422, 0.10800004005432129, 0.1119999885559082, 0.11500000953674316, 0.10199999809265137, 0.13000011444091797, 0.10699987411499023, 0.11800003051757812, 0.11599993705749512, 0.10400009155273438, 0.13400006294250488, 0.11800003051757812, 0.14999985694885254, 0.13399982452392578, 0.22499990463256836, 0.14499998092651367, 0.07299995422363281, 0.039999961853027344]",,forecast_sensitivity
33,MPC-7,87,test_id,id_actual,biased_ood,7,,1467.2280971977652,,,,534.0290002822876,11.125604172547659,75.375,0,0,True,,100087,pure_mpc,8,48,True,,1.0,0.12499999981126662,"[18.844181982691087, 21.650384798774958, 14.186603820062366, 4.9327279884462945, 6.5560569275051535, 13.129280630231273, 7.2123748644424515, 10.062949722865593, 18.88418008467064, 9.044878826427556, 29.13056003323745, 19.03467047173546, 33.2951732423804, 20.380866043542554, 7.94833259981651, 6.166149974686564, 4.932728, 4.394222910255775, 3.1609388942917183, 2.3774809148340816, 1.233038, 2.4661720000000003, 1.9074870961744814, 3.1406736031783593, 4.3739561101307345, 4.395163211894472, 5.187419925475023, 4.932741188724681, 13.738239386435687, 44.65181184066569, 52.27244406564896, 51.983452001130544, 70.41563736297593, 62.7564267628882, 92.6230869425487, 77.1781682467862, 60.02459229663925, 56.87862035850341, 69.93183631828317, 60.345142722440634, 68.12355123384785, 56.07725012459733, 48.81873862688363, 67.05472851641296, 53.81487812614841, 56.26478653303364, 58.76031108544782, 62.55300077997113]","[39.25600004196167, 31.217999935150146, 36.57599997520447, 2.2899999618530273, 20.95799994468689, 59.944000005722046, 75.375, 0.3560001850128174, 8.470999956130981, 26.187999963760376, 1.7059998512268066, 1.8590002059936523, 6.805999994277954, 21.64800000190735, 55.23200011253357, 11.170000076293945, 1.682999849319458, 7.930999994277954, 15.422999858856201, 17.755000114440918, 1.5299999713897705, 10.095999956130981, 1.4660000801086426, 1.499000072479248, 9.606000185012817, 0.9309999942779541, 9.396999835968018, 1.003000020980835, 16.82800006866455, 18.753999948501587, 1.8220000267028809, 1.753000020980835, 1.8320000171661377, 1.560999870300293, 1.758000135421753, 0.37800002098083496, 0.31999993324279785, 0.3020000457763672, 0.32400012016296387, 1.8410000801086426, 1.5859999656677246, 2.0799999237060547, 1.2890000343322754, 1.250999927520752, 2.7259998321533203, 0.13899993896484375, 0.07300019264221191, 0.03900003433227539]",,forecast_sensitivity
33,Proposed-H3,87,test_id,id_actual,biased_ood,3,0.3,1363.7372245333115,,,,35.43200063705444,0.7381666799386343,2.2360000610351562,0,0,True,,100087,proposed,4,48,True,,1.0,0.12499999980812021,"[44.64839514089666, 13.03458421099948, 3.699402, 4.932728, 6.16615, 6.16615, 6.16615, 6.16615, 6.16615, 6.166161879921309, 15.503151612232797, 24.541704478883318, 36.10200990949422, 28.32027098354221, 18.876279535591934, 11.948224491264643, 6.16615, 6.16615, 6.16615, 5.430517584416621, 4.748525143973565, 4.932728, 3.699402, 4.458679370869985, 4.932728, 5.325514234754003, 4.932728, 5.346731110322216, 6.16615, 6.16615, 28.90319500864969, 51.983451973723284, 70.41667358738907, 62.75642675535509, 92.62308693807685, 77.17804626966301, 54.00398267309127, 56.1873909953346, 64.09382597241951, 60.3451421092468, 63.80031054552759, 56.07724953809684, 46.18691021524067, 61.69829764908526, 44.46723434489467, 56.26478616186349, 56.48905306812523, 47.020195040365536]","[2.0940001010894775, 0.9479999542236328, 0.8229999542236328, 0.9700000286102295, 0.870999813079834, 0.9090001583099365, 0.7190001010894775, 0.8229999542236328, 0.7179999351501465, 0.06200003623962402, 0.10699987411499023, 0.0710000991821289, 0.629000186920166, 0.7350001335144043, 0.7349998950958252, 0.7000000476837158, 0.8259999752044678, 0.6990001201629639, 0.7730000019073486, 0.7850000858306885, 0.7619998455047607, 0.8220000267028809, 2.2360000610351562, 0.2980000972747803, 0.6979999542236328, 0.6579999923706055, 0.8489999771118164, 0.8970000743865967, 0.6459999084472656, 0.7160000801086426, 0.6489999294281006, 0.7720000743865967, 0.7259998321533203, 0.8100001811981201, 0.7969999313354492, 0.747999906539917, 0.12799978256225586, 0.7969999313354492, 0.7279999256134033, 0.8300001621246338, 0.7480001449584961, 0.8900001049041748, 0.7400000095367432, 0.9380002021789551, 0.8930001258850098, 0.49500012397766113, 0.08299994468688965, 0.08099985122680664]",,forecast_sensitivity
33,MPC-3,88,test_id,id_actual,biased_ood,3,,1598.9905435607234,,,,62.75999975204468,1.307499994834264,14.980999946594238,0,0,True,,100088,pure_mpc,4,48,True,,1.0,0.1250000034295407,"[18.327905215669542, 3.139958074580206, 10.21509141431185, 11.726899969845016, 13.678759520191699, 11.900049930716193, 10.680722259813038, 14.276660091805047, 9.313267726777717, 6.16615, 14.878250473076424, 29.153130131530162, 31.27564826843608, 36.512520580192806, 18.624254403102213, 6.469225670134543, 6.16615, 6.16615, 4.932728, 3.699402, 2.4661720000000003, 1.233038, 2.4661720000000003, 3.699402, 4.932728, 4.932728, 4.932728, 4.932728, 4.932728, 49.7620867360763, 41.00374392450457, 86.28522228360968, 104.88687918908224, 109.7090850603763, 83.91776912139633, 79.20484711472676, 55.06343281563207, 55.045024421019164, 63.229253298770914, 58.46920259918053, 77.01871435959237, 71.58203586195651, 68.60628678829643, 50.09534807968659, 52.35959052978604, 62.23586342599256, 67.02144705962674, 61.663363161228624]","[0.0989999771118164, 0.36500000953674316, 0.4940001964569092, 1.0869998931884766, 3.814000129699707, 1.244999885559082, 14.980999946594238, 0.5269999504089355, 0.4889998435974121, 2.754999876022339, 0.41499996185302734, 0.09800004959106445, 0.2839999198913574, 0.35500001907348633, 1.0699999332427979, 3.5179998874664307, 0.10599994659423828, 2.063000202178955, 0.8139998912811279, 4.177999973297119, 0.6430001258850098, 8.485000133514404, 0.11800003051757812, 0.1380000114440918, 5.471999883651733, 0.6989998817443848, 2.0989999771118164, 0.6610000133514404, 0.505000114440918, 0.689000129699707, 0.6169998645782471, 0.1359999179840088, 0.0839998722076416, 0.8059999942779541, 0.6529998779296875, 0.13499999046325684, 0.26200008392333984, 0.3680000305175781, 0.1230001449584961, 0.11400008201599121, 0.11899995803833008, 0.1380000114440918, 0.125, 0.25800013542175293, 0.367999792098999, 0.0970001220703125, 0.06800007820129395, 0.023000001907348633]",,forecast_sensitivity
33,MPC-7,88,test_id,id_actual,biased_ood,7,,1441.621494663271,,,,661.6949982643127,13.78531246383985,94.70500016212463,0,0,True,,100088,pure_mpc,8,48,True,,1.0,0.12499999981013728,"[25.062423671272303, 10.20608997539021, 18.02699981383585, 15.941011029915181, 13.299344777068333, 11.103795908258785, 11.568369570556019, 14.980134674711037, 9.313071756513732, 16.28764179176175, 13.974030682568294, 29.153130492618573, 30.90740346804808, 24.203140297781466, 6.16615, 6.1661499067299435, 6.16615, 6.16615, 4.932728, 3.699402, 2.4661720000000003, 1.710791227222314, 2.9439624212324365, 3.699402, 4.932728, 4.932728, 4.932728, 5.3302894095562365, 6.16615, 52.40650769565413, 6.16615, 45.545774529395764, 59.73767555869873, 67.95562345201158, 76.15791984387509, 79.20484711222254, 56.14206812586966, 57.24238654717702, 63.22925309800164, 58.469202515875494, 77.01871443646544, 71.58203585624237, 68.60628677758464, 50.09534811197105, 52.35959027194646, 62.235863355126114, 67.02144700170403, 56.00653149840859]","[4.751999855041504, 94.70500016212463, 61.6489999294281, 15.355000019073486, 42.97000002861023, 42.88499999046326, 74.3349997997284, 1.7360000610351562, 0.8090000152587891, 17.77999997138977, 4.0909998416900635, 0.2980000972747803, 9.750999927520752, 26.269999980926514, 90.85999989509583, 15.31499981880188, 19.728999853134155, 54.240999937057495, 1.5819997787475586, 10.80400013923645, 25.11299991607666, 1.625999927520752, 1.7189998626708984, 13.638000011444092, 5.091000080108643, 1.6009998321533203, 1.5840001106262207, 0.2969999313354492, 1.6349999904632568, 1.7079999446868896, 1.5870001316070557, 1.6800000667572021, 1.7089998722076416, 1.6100001335144043, 1.6329998970031738, 1.7070000171661377, 0.3149998188018799, 0.3409998416900635, 0.3040001392364502, 1.813000202178955, 1.8900001049041748, 0.32399988174438477, 0.2519998550415039, 1.2200000286102295, 1.0889999866485596, 0.12599992752075195, 0.07499980926513672, 0.09099984169006348]",,forecast_sensitivity
33,Proposed-H3,88,test_id,id_actual,biased_ood,3,0.3,1347.1445407007068,,,,34.27499961853027,0.714062492052714,1.9190001487731934,0,0,True,,100088,proposed,4,48,True,,1.0,0.12499999980757576,"[18.32790501790394, 3.139960623096201, 10.215101235399082, 11.726904965193258, 13.678755469042496, 11.900047101204226, 10.680797985751223, 14.2766351030909, 9.313269041275952, 6.16615, 11.9543924496294, 29.15312958814232, 34.01364602639849, 37.83803732781381, 19.281777552567753, 6.795636041272094, 6.16615, 6.16615, 5.366086104649103, 4.932728, 3.699402, 4.821437162710075, 3.699402, 4.932728, 6.16615, 6.16615, 6.16615, 6.16615, 6.166149999542881, 8.697362791069356, 6.16615, 45.545774523492526, 59.73767555411845, 67.95562344785652, 76.15807752691394, 79.20484711191214, 44.66470887616119, 48.52920056369169, 62.83343906450735, 54.12708628170993, 67.1634791273409, 68.21877364069537, 67.07696250870775, 50.09534789211233, 49.26167976026081, 62.23586289555055, 67.0214457588432, 43.37406458107954]","[0.9079999923706055, 0.10299992561340332, 0.6749999523162842, 0.6959998607635498, 0.6719999313354492, 0.7309999465942383, 0.7400000095367432, 0.7190001010894775, 0.7139999866485596, 0.7360000610351562, 0.7130000591278076, 0.09100008010864258, 0.09299993515014648, 0.6119999885559082, 0.12099981307983398, 0.7019999027252197, 0.6680002212524414, 0.7670001983642578, 1.7380001544952393, 1.6999998092651367, 1.9190001487731934, 0.6749999523162842, 0.7349998950958252, 0.7200000286102295, 0.8350000381469727, 0.6359999179840088, 0.7349998950958252, 0.6610000133514404, 0.695000171661377, 0.747999906539917, 0.6419999599456787, 0.7209999561309814, 0.6970000267028809, 0.8030002117156982, 0.6610000133514404, 0.7209999561309814, 0.7739999294281006, 0.7610001564025879, 0.8179998397827148, 0.8320000171661377, 0.7740001678466797, 0.7619998455047607, 0.7950000762939453, 0.7879998683929443, 0.8279998302459717, 0.4660000801086426, 0.09499979019165039, 0.07899999618530273]",,forecast_sensitivity
33,MPC-3,89,test_id,id_actual,biased_ood,3,,1677.9412430481254,,,,57.16300010681152,1.1908958355585735,11.582000017166138,0,0,True,,100089,pure_mpc,4,48,True,,1.0,0.12500000275183007,"[23.50940610553773, 10.819326389544816, 11.976393912013016, 8.405902774652468, 5.658004075747877, 6.16615, 7.870543197696663, 15.067204998139449, 9.01998302885616, 8.765665017407839, 17.59919277480517, 28.677241640276208, 34.472402486002665, 24.705435292776073, 10.473252864916223, 6.16615, 4.932728, 6.16615, 4.932728, 3.699402, 2.4661720000000003, 1.233038, 0.8144247868234153, 2.047526195909603, 0.9605420803736088, 2.1936548653247585, 3.426863650326916, 4.660168435396783, 23.425613684592328, 47.46163233124628, 55.21947304604134, 116.08660679777257, 81.39474109160346, 124.6986260009339, 109.6113018808282, 105.82616599776007, 58.641174220315776, 46.842226566032956, 63.48906121984461, 69.36247311344366, 65.95893574611735, 62.918249399160295, 69.04565719054229, 74.77291977519103, 62.64807727028195, 62.29620633684752, 60.58340512397355, 50.773043683069396]","[0.6570000648498535, 0.7650001049041748, 0.9509999752044678, 1.75, 6.884999990463257, 4.664000034332275, 0.6310000419616699, 0.5139999389648438, 1.9049999713897705, 1.1560001373291016, 1.8450000286102295, 0.6329998970031738, 0.312000036239624, 2.067000150680542, 2.7290000915527344, 1.3000001907348633, 0.4960000514984131, 11.582000017166138, 0.5189998149871826, 0.8829998970031738, 0.4509999752044678, 3.0259997844696045, 0.5160000324249268, 0.5260000228881836, 1.5510001182556152, 1.678999900817871, 1.7620000839233398, 0.9609999656677246, 0.5969998836517334, 0.6030001640319824, 0.5069999694824219, 0.6549999713897705, 0.09500002861022949, 0.10500001907348633, 0.09599995613098145, 0.10000014305114746, 0.12599992752075195, 0.3619999885559082, 0.13399982452392578, 0.11599993705749512, 0.11400008201599121, 0.14700007438659668, 0.1099998950958252, 0.09300017356872559, 0.23799991607666016, 0.11899995803833008, 0.06299996376037598, 0.06699991226196289]",,forecast_sensitivity
33,MPC-7,89,test_id,id_actual,biased_ood,7,,1594.4863675371605,,,,628.6230003833771,13.096312507987022,137.0460000038147,0,0,True,,100089,pure_mpc,8,48,True,,1.0,0.12499999980864382,"[32.265391961228715, 21.02232997692936, 19.399037552903703, 7.070352792359855, 6.1661499765339896, 6.16615, 9.384869748963192, 13.390477412899756, 13.816305727040174, 16.672144290729477, 23.31459672448679, 27.172551923706507, 30.30754422261346, 14.449178889012478, 5.680284623377448, 6.16615, 4.932728, 4.858021851182134, 3.624701666603202, 2.5331241349167763, 1.2999849238788637, 2.4661720000000003, 2.6585046910925985, 3.699402, 2.481911149261735, 3.7151423744662417, 13.522596832138202, 6.16615, 26.209109474438243, 54.97889489776629, 55.219473228153184, 82.75448882508034, 40.167180215384796, 79.49015402935096, 97.6873641453501, 105.82628654414543, 66.98698824365924, 46.84223009207916, 63.48942085923702, 69.36247316602947, 65.9589357444493, 63.750307635286696, 69.04565719349068, 74.77291972836343, 62.648077144536245, 62.29620593530104, 60.58340495029429, 42.01484003843986]","[7.1519999504089355, 20.67300009727478, 21.483999967575073, 32.29699993133545, 125.93300008773804, 137.0460000038147, 15.158999919891357, 38.67400002479553, 0.8369998931884766, 14.367000102996826, 10.17799997329712, 1.6180000305175781, 13.760999917984009, 16.4760000705719, 1.6820001602172852, 82.7810001373291, 1.6519999504089355, 1.7569999694824219, 1.6730000972747803, 11.3510000705719, 10.342000007629395, 1.9950001239776611, 1.6969997882843018, 1.6600000858306885, 1.7740001678466797, 17.544999837875366, 7.598999977111816, 8.1010000705719, 2.0799999237060547, 1.190000057220459, 1.684999942779541, 1.9059998989105225, 1.749000072479248, 0.3320000171661377, 1.8370001316070557, 0.33099985122680664, 1.245999813079834, 1.5350000858306885, 0.3529999256134033, 1.878999948501587, 1.755000114440918, 0.4700000286102295, 2.2869999408721924, 0.21800017356872559, 0.17599987983703613, 0.1380000114440918, 0.10100007057189941, 0.09100008010864258]",,forecast_sensitivity
33,Proposed-H3,89,test_id,id_actual,biased_ood,3,0.3,1412.3700644144765,,,,31.35999894142151,0.6533333112796148,1.806999921798706,0,0,True,,100089,proposed,4,48,True,,1.0,0.1249999998074731,"[23.507938857546424, 10.81932898096773, 11.97645180048509, 8.40588220991423, 6.16615, 6.166150373722332, 7.002503987517804, 14.54430298103324, 8.613137131144533, 8.358829599776795, 17.165076985253144, 28.677241683030097, 34.47240236440105, 24.705435309040894, 10.473252793662347, 6.16615, 6.16615, 6.16615, 4.932728, 6.16615, 4.932728, 4.786286736385511, 3.699402, 3.699402, 4.932727999999999, 5.748179606668152, 5.809413510675628, 5.684017955851573, 6.16615, 11.104760423623636, 11.204950801282973, 70.89318737515275, 40.16718021048507, 79.49015402563067, 97.68736414088804, 105.82616599720562, 57.01050277278388, 36.249523031908986, 49.996862222827716, 69.3624730504798, 65.74128182385395, 60.1404784555928, 69.045655839415, 74.77291927292939, 62.648077055957025, 59.28671541813754, 59.376603506502484, 36.25548812274227]","[0.3559999465942383, 0.8289999961853027, 0.7000000476837158, 0.7060000896453857, 0.8880000114440918, 0.6630001068115234, 0.6589999198913574, 0.7080001831054688, 0.1099998950958252, 0.42100000381469727, 0.10800004005432129, 0.08499979972839355, 0.06399989128112793, 0.6970000267028809, 0.7330000400543213, 0.6710000038146973, 0.8299999237060547, 0.689000129699707, 0.7189998626708984, 1.806999921798706, 0.1789999008178711, 0.681999921798706, 0.9500000476837158, 0.7249999046325684, 0.6510000228881836, 0.21199989318847656, 0.6649999618530273, 0.6699998378753662, 0.7209999561309814, 0.6800000667572021, 0.7529997825622559, 0.7440001964569092, 0.9100000858306885, 0.820000171661377, 0.8039999008178711, 0.7849998474121094, 0.7569999694824219, 0.8450000286102295, 0.7979998588562012, 0.8389999866485596, 0.753000020980835, 0.8459999561309814, 0.8240001201629639, 0.8319997787475586, 0.8299999237060547, 0.4479999542236328, 0.10599994659423828, 0.08800005912780762]",,forecast_sensitivity
33,MPC-3,90,test_id,id_actual,biased_ood,3,,1606.7743807760385,,,,58.9399995803833,1.227916657924652,14.815999984741211,0,0,True,,100090,pure_mpc,4,48,True,,1.0,0.12500000755181,"[16.57657600307587, 9.294331266048015, 5.598651719612726, 8.953853847700723, 6.1661480149082015, 8.76068776986169, 10.425746484717916, 8.459743289505791, 12.32016640696984, 10.871025715712111, 14.463487605773295, 29.694851733978386, 29.32545503601134, 13.741946932081582, 19.19875443295907, 10.252048121897873, 6.16615, 6.16615, 4.932728, 3.6994020000000005, 2.4661720000000003, 1.233038, 2.4661720000000003, 3.6994020000000005, 3.699402, 4.026066246746129, 4.932728, 4.932728, 5.020512724155867, 55.945444798297736, 43.8313791147295, 84.94150466779402, 96.33677358676778, 121.64186218687101, 94.66048129375382, 98.4765472879799, 44.01046939305218, 53.25841936551683, 68.36144260724839, 59.757195275146366, 69.43845917428752, 52.447341728124314, 61.725153029974514, 70.2549232446407, 66.76774834915423, 63.71264732669174, 68.42327115751814, 65.23919183677347]","[0.11999988555908203, 0.7869999408721924, 3.3359999656677246, 14.815999984741211, 3.241999864578247, 1.6500000953674316, 1.9459998607635498, 1.1599998474121094, 3.5129997730255127, 0.44099998474121094, 0.11500000953674316, 0.1099998950958252, 0.7359998226165771, 3.0139999389648438, 0.5380001068115234, 3.2660000324249268, 3.247999906539917, 2.177999973297119, 3.318000078201294, 0.5869998931884766, 0.689000129699707, 0.5160000324249268, 0.5830001831054688, 1.5270001888275146, 0.0820000171661377, 0.3639998435974121, 1.0339999198913574, 0.9219999313354492, 0.5810000896453857, 0.6410000324249268, 0.11599993705749512, 0.6860001087188721, 0.08800005912780762, 0.6600000858306885, 0.0970001220703125, 0.6480000019073486, 0.12999987602233887, 0.11299991607666016, 0.13000011444091797, 0.1960000991821289, 0.1099998950958252, 0.3660001754760742, 0.08799982070922852, 0.10699987411499023, 0.11299991607666016, 0.12000012397766113, 0.0710000991821289, 0.0410001277923584]",,forecast_sensitivity
33,MPC-7,90,test_id,id_actual,biased_ood,7,,1454.6581745087865,,,,423.25299978256226,8.817770828803381,83.18799996376038,0,0,True,,100090,pure_mpc,8,48,True,,1.0,0.12499999981161963,"[16.576578489442053, 23.19679396974053, 3.6994014586465296, 12.668271757290078, 10.448380398779658, 9.203162870549416, 10.809303878126869, 10.084777559610764, 20.85250664455011, 15.037046489696051, 21.385494614827913, 19.0730739625495, 16.729534081908795, 11.06098703850261, 7.62302742758577, 6.1661469219333735, 6.16614999883119, 6.166146506061849, 4.932724507333793, 3.6993985082396397, 2.46616850914529, 1.233038, 2.4661720000000003, 3.699402, 4.153510043631239, 4.0260662687009034, 8.848598526184922, 6.173595623754216, 16.726119965450266, 55.945445178275605, 9.303051557479083, 48.86346551624066, 51.308558718202995, 76.02351068116258, 85.93055757333406, 98.47654685871048, 44.0106668533598, 54.555051457749805, 68.36144274677098, 59.75719539278429, 69.43845921553343, 52.447341708104226, 61.725152775051306, 70.25492321758631, 66.76774836983459, 63.71264730535061, 68.42327115808905, 63.98156020409301]","[2.0139999389648438, 26.115999937057495, 18.82699990272522, 47.52300000190735, 14.906999826431274, 1.0720000267028809, 1.1170001029968262, 3.6510000228881836, 1.7579998970031738, 0.2850000858306885, 2.4630000591278076, 1.6929998397827148, 1.9809999465942383, 35.71399998664856, 83.18799996376038, 59.79299998283386, 14.407000064849854, 17.255000114440918, 10.000999927520752, 1.7829999923706055, 1.6539998054504395, 14.009999990463257, 1.8600001335144043, 16.97699999809265, 1.7599999904632568, 1.7320001125335693, 21.240999937057495, 0.312999963760376, 2.121999979019165, 1.6649999618530273, 1.7849998474121094, 1.8529999256134033, 1.7089998722076416, 0.31100010871887207, 1.511000156402588, 0.2840001583099365, 0.33699989318847656, 0.312000036239624, 1.7980000972747803, 0.3399999141693115, 1.9739999771118164, 1.3399999141693115, 0.21500015258789062, 0.20399999618530273, 0.16100001335144043, 0.127000093460083, 0.07400012016296387, 0.03600001335144043]",,forecast_sensitivity
33,Proposed-H3,90,test_id,id_actual,biased_ood,3,0.3,1353.3465357723262,,,,37.68300008773804,0.7850625018278757,3.01200008392334,0,0,True,,100090,proposed,4,48,True,,1.0,0.12499999980785936,"[49.47324570905132, 9.295731921070711, 3.699402, 4.932728, 6.16615, 6.16615, 6.16615, 6.16615, 6.859160210299075, 7.226694990258445, 10.00210353753811, 26.364371339031784, 29.325465160852424, 13.741954811794862, 19.198777128635456, 10.251821587731897, 6.16615, 6.16615, 5.649793994941627, 5.238931399226215, 4.005581567135097, 4.388127638748756, 3.699402, 4.575248923647746, 5.808643096995072, 4.936861363007231, 6.16615, 5.752922188818786, 6.16615, 12.142382108295736, 6.16615, 48.86346550253443, 51.30855871353513, 76.02351067638672, 85.93055756886112, 98.47654728781731, 44.01046845823209, 49.13465497603378, 58.516908067423024, 55.4992921467267, 69.43833015567847, 49.81651975927331, 61.725147274024714, 70.0748907803837, 62.08875905458242, 63.71264714118154, 60.752465549844516, 45.90911198272666]","[0.9890000820159912, 0.7279999256134033, 0.9690001010894775, 3.01200008392334, 0.24100017547607422, 0.7269999980926514, 0.7109999656677246, 0.7640001773834229, 0.13100004196166992, 0.6730000972747803, 0.06500005722045898, 0.7559998035430908, 0.6640000343322754, 0.6830000877380371, 0.7070000171661377, 0.6619999408721924, 0.6899998188018799, 0.6120002269744873, 0.7409999370574951, 2.2170000076293945, 1.7360000610351562, 0.7839999198913574, 0.6420001983642578, 0.6589999198913574, 1.6619999408721924, 0.7009999752044678, 0.6619999408721924, 0.7079999446868896, 0.7260000705718994, 0.6949999332427979, 0.6749999523162842, 0.7420001029968262, 0.8519999980926514, 0.806999921798706, 0.7710001468658447, 0.7379999160766602, 0.750999927520752, 0.7649998664855957, 0.7339999675750732, 0.8040001392364502, 0.7269999980926514, 0.815000057220459, 0.7589998245239258, 0.7660000324249268, 0.7019999027252197, 0.43400001525878906, 0.0839998722076416, 0.039999961853027344]",,forecast_sensitivity
33,MPC-3,91,test_id,id_actual,biased_ood,3,,1642.0786889307942,,,,57.47099828720093,1.197312464316686,12.869999885559082,0,0,True,,100091,pure_mpc,4,48,True,,1.0,0.1250000097183649,"[23.8335702186346, 13.685692178031212, 5.038060238380705, 11.598339980393625, 10.08609212376652, 12.903973470079695, 14.824430628900418, 8.668713823851993, 7.281252037026917, 8.749879409584562, 14.204001462802928, 34.44070795491766, 42.230798008615075, 28.477866885832675, 14.392495826808087, 6.16615, 6.16615, 4.939248230538825, 3.7059217230350154, 2.472691232080665, 3.705921739359084, 2.472691231854004, 1.2395568893866782, 1.128015451044296, 2.36114127464936, 3.5943630981351444, 4.827680921620782, 17.511936130551966, 18.34308268129724, 55.37423474283632, 68.45587645898478, 77.02723221880993, 100.0870437301956, 99.66616303417167, 119.86925232162307, 74.27466945242178, 60.23954340812402, 52.39087354736919, 59.35267654853076, 59.01029727082404, 54.72785693609253, 67.47154507921421, 63.315558711662455, 52.91812250183847, 68.13105991144626, 66.78112152867332, 58.614283205872844, 55.3208534709227]","[0.09499979019165039, 0.10199999809265137, 8.296000003814697, 12.869999885559082, 0.6559998989105225, 0.5839998722076416, 0.4219999313354492, 0.9350001811981201, 2.4639999866485596, 0.4960000514984131, 0.6830000877380371, 0.08499979972839355, 0.41100001335144043, 0.4029998779296875, 1.501000165939331, 2.552000045776367, 11.89300012588501, 0.5959999561309814, 0.5879998207092285, 2.2159998416900635, 1.5729999542236328, 0.5250000953674316, 0.43599987030029297, 0.5850000381469727, 0.5, 0.1230001449584961, 0.0969998836517334, 0.6630001068115234, 1.1200001239776611, 0.5989999771118164, 0.14300012588500977, 0.10800004005432129, 0.682999849319458, 0.49499988555908203, 0.12600016593933105, 0.11099982261657715, 0.125, 0.3319997787475586, 0.11999988555908203, 0.10399985313415527, 0.12599992752075195, 0.11999988555908203, 0.30099987983703613, 0.11500000953674316, 0.14699983596801758, 0.12099981307983398, 0.09200000762939453, 0.03299999237060547]",,forecast_sensitivity
33,MPC-7,91,test_id,id_actual,biased_ood,7,,1499.9132642117559,,,,973.8869993686676,20.28931248684724,271.0829999446869,0,0,True,,100091,pure_mpc,8,48,True,,1.0,0.1249999998090528,"[28.948289619089056, 18.40899044495589, 11.705621165261569, 13.643745377664114, 9.075798823230851, 14.62935815085351, 14.824436485255394, 9.6747240402365, 10.762988773614154, 18.522765602326455, 15.25025810094352, 34.44070795341274, 42.23079595093376, 13.664479651397777, 6.16615, 6.16615, 6.16615, 6.16615, 4.932728, 3.699402, 4.932728, 3.699402, 2.4661720000000003, 2.4661720000000003, 6.680954446417381, 4.932728, 4.932728, 16.5759152149393, 23.76512345910767, 55.37423479644213, 36.99936383929012, 32.45028721407349, 65.08565171536982, 62.93672260106827, 98.258592868649, 70.63791604031228, 62.29030072467148, 58.271718255000174, 59.352676542340895, 59.01140354158479, 54.727857018886425, 68.3045899762287, 63.31556245738164, 52.91812251270009, 68.13105993083998, 66.78112144814811, 58.61428310374907, 46.920186365379536]","[18.323999881744385, 15.013000011444092, 57.86199998855591, 263.80200004577637, 73.42499995231628, 18.841000080108643, 1.8640000820159912, 11.741999864578247, 18.28499984741211, 1.50600004196167, 10.286999940872192, 1.7730000019073486, 17.445000171661377, 27.686000108718872, 28.360000133514404, 16.622999906539917, 271.0829999446869, 17.066999912261963, 13.891999959945679, 1.694000005722046, 9.81499981880188, 1.6610000133514404, 1.7019999027252197, 11.70799994468689, 20.432000160217285, 5.275000095367432, 1.5449998378753662, 1.25600004196167, 16.63700008392334, 1.7939999103546143, 1.7649998664855957, 1.7710001468658447, 1.8880000114440918, 1.8359999656677246, 1.8329999446868896, 1.7659997940063477, 0.34999990463256836, 0.41700005531311035, 0.4010000228881836, 0.3400001525878906, 1.7179999351501465, 0.31100010871887207, 0.3839998245239258, 0.23200011253356934, 0.16499996185302734, 0.12800002098083496, 0.08599996566772461, 0.0969998836517334]",,forecast_sensitivity
33,Proposed-H3,91,test_id,id_actual,biased_ood,3,0.3,1377.9501625397597,,,,39.046000480651855,0.8134583433469137,2.135999917984009,0,0,True,,100091,proposed,4,48,True,,1.0,0.12499999980739049,"[56.94167621072227, 13.685692182309921, 3.699401943449625, 5.1806943563539845, 6.16615, 6.336458616207744, 10.470631738638636, 6.16615, 6.16615, 6.999618793975878, 10.512370804848185, 34.44070795484256, 42.230797433143884, 28.47786642607315, 14.392477534498424, 6.16615, 6.16615, 6.16615, 5.654063781196726, 4.932728, 4.932728, 4.374169060177495, 3.6994020000000005, 3.699402, 4.932728, 6.16615, 6.16615, 6.16615, 6.16615, 11.598474979628529, 24.95093386746654, 32.450287194345584, 65.08565171095849, 62.93672259434093, 98.25859286413339, 70.63791603822352, 60.23954245931029, 52.39087308653795, 53.929571641894796, 57.84046816180743, 52.12225819887857, 67.47154482013065, 59.22517496388525, 52.91812231669242, 66.096093660517, 66.7811213143533, 57.02758705765478, 38.73411077256185]","[0.9859998226165771, 1.0049998760223389, 0.2480001449584961, 0.9740002155303955, 0.8090000152587891, 0.7599999904632568, 0.7569999694824219, 0.7789998054504395, 2.01200008392334, 0.6990001201629639, 0.7730000019073486, 0.9360001087188721, 0.7860000133514404, 0.08500003814697266, 0.7060000896453857, 0.10299992561340332, 0.8810000419616699, 0.6889998912811279, 0.7960000038146973, 2.135999917984009, 0.8359999656677246, 0.7309999465942383, 0.7320001125335693, 0.746999979019165, 0.8010001182556152, 0.8589999675750732, 0.8940000534057617, 1.6150000095367432, 0.7980000972747803, 0.8059999942779541, 0.8689999580383301, 0.7620000839233398, 0.7980000972747803, 0.8130002021789551, 0.8680000305175781, 0.7979998588562012, 0.8849999904632568, 0.8589999675750732, 0.8020000457763672, 0.8340001106262207, 0.8139998912811279, 0.9059998989105225, 0.8410000801086426, 0.9070000648498535, 0.8689999580383301, 0.5049998760223389, 0.08500003814697266, 0.09200000762939453]",,forecast_sensitivity
33,MPC-3,92,test_id,id_actual,biased_ood,3,,1502.1521453408789,,,,71.13000082969666,1.481875017285347,16.674999952316284,0,0,True,,100092,pure_mpc,4,48,True,,1.0,0.1250000046531815,"[5.517878130101126, 16.43612140839845, 10.668871573387865, 11.695764771745026, 11.62540728265613, 7.299590429080418, 6.16615, 9.886149912158379, 14.400686212697256, 6.16615, 8.79412504810087, 24.320005810145837, 42.34811115547132, 24.148313025340073, 11.020521714594338, 7.434120987657244, 6.16615, 4.932728, 3.6995754418938325, 2.466345429392885, 1.2332114168971533, 0.00017340339604944978, 1.2332114168971533, 0.00017340439604945308, 7.400805939414061, 2.4663454313249322, 5.080983947390712, 4.932901458205906, 20.261864369476548, 20.18536488856715, 53.37873428085747, 69.31562931297455, 106.64411001407561, 124.06244249806001, 72.3259143892898, 103.43133653060457, 49.84669335850725, 56.60665806125596, 48.617604569683905, 63.90741192587193, 55.48437576199094, 55.258911274070584, 53.208518895926964, 65.43591737612834, 49.10955909220568, 64.32217457800512, 60.991353569269535, 52.21699784331371]","[0.36100006103515625, 0.12400007247924805, 9.428999900817871, 16.674999952316284, 2.2860000133514404, 2.2820000648498535, 2.8580000400543213, 2.5979998111724854, 0.5509998798370361, 0.4509999752044678, 0.15799999237060547, 0.26200008392333984, 0.4760000705718994, 2.8949999809265137, 2.624000072479248, 0.751000165939331, 3.889000177383423, 0.6940000057220459, 0.07000017166137695, 0.6710000038146973, 0.560999870300293, 0.5150001049041748, 5.5959999561309814, 0.4440000057220459, 2.4789998531341553, 1.5769999027252197, 2.0210001468658447, 0.8380000591278076, 0.4679999351501465, 0.7580001354217529, 1.7839999198913574, 0.5970001220703125, 0.7360000610351562, 0.09300017356872559, 0.6340000629425049, 0.1380000114440918, 0.1269998550415039, 0.25300002098083496, 0.2740001678466797, 0.11299991607666016, 0.372999906539917, 0.11300015449523926, 0.11800003051757812, 0.10299992561340332, 0.11899995803833008, 0.1119999885559082, 0.05500006675720215, 0.026000022888183594]",,forecast_sensitivity
33,MPC-7,92,test_id,id_actual,biased_ood,7,,1393.08263151769,,,,809.3009991645813,16.860437482595444,300.1390001773834,0,0,True,,100092,pure_mpc,8,48,True,,1.0,0.12499999980760303,"[14.40853080494368, 24.462050601679035, 18.24871583863658, 17.596910067182847, 8.810649302122266, 6.16615, 6.16615, 11.674553038646748, 18.599311498511835, 9.325860536408562, 5.852071176045737, 13.859426654732768, 41.64731623232714, 12.956865586834276, 6.16615, 6.16615, 4.932728, 3.699402, 2.4661720000000003, 1.233038, 1.233038, 2.4661720000000003, 2.784352769743793, 1.551194019555279, 20.356696685016452, 4.017607558063002, 5.250958327284448, 6.16615, 20.261864537938706, 20.185361949699953, 55.86397719708183, 40.382663847829534, 61.406368168361965, 78.37847653943464, 59.08967649109719, 103.43133653106534, 49.84669455790861, 71.8050310269532, 48.617604530909816, 63.90741196432333, 55.48437580814026, 55.25891112998475, 53.208518652129115, 65.43590833345472, 49.109558886793096, 64.3221743102754, 60.991352775586606, 37.83099358098759]","[65.41799998283386, 54.665000200271606, 74.75699996948242, 5.062000036239624, 73.02099990844727, 22.626999855041504, 4.523000001907349, 2.05400013923645, 1.9199998378753662, 5.835000038146973, 1.931999921798706, 1.818000078201294, 5.358999967575073, 47.77999997138977, 21.91000008583069, 300.1390001773834, 7.599999904632568, 1.7869999408721924, 1.6510000228881836, 1.626999855041504, 1.5829999446868896, 13.401999950408936, 1.687000036239624, 0.19899988174438477, 11.54099988937378, 33.72099995613098, 1.5339999198913574, 8.786999940872192, 1.7400000095367432, 9.687000036239624, 1.246999979019165, 1.8250000476837158, 1.9479999542236328, 1.8259999752044678, 0.3399999141693115, 1.7349998950958252, 1.3329999446868896, 1.3869998455047607, 1.5480000972747803, 0.3259999752044678, 1.6129999160766602, 1.8440001010894775, 3.0, 0.23199987411499023, 3.070000171661377, 0.4530000686645508, 0.10899996757507324, 0.0989999771118164]",,forecast_sensitivity
33,Proposed-H3,92,test_id,id_actual,biased_ood,3,0.3,1239.9077463304623,,,,37.024999380111694,0.771354153752327,2.2960000038146973,0,0,True,,100092,proposed,4,48,True,,1.0,0.12499999980690935,"[38.12527187194908, 16.436118553935223, 9.320414530782376, 4.932728, 6.16615, 6.16615, 6.16615, 6.16615, 10.055725212745909, 6.16615, 6.16615, 17.66623428794644, 42.34810509056479, 24.148478804465753, 11.020450450758307, 7.434058544437725, 6.16615, 6.16615, 4.932728, 4.560848844768207, 3.6994020000000005, 4.19815659466953, 4.932728, 3.699402, 4.932728, 5.038274323814485, 4.932728, 4.932728, 6.166149999589123, 6.166149999523215, 19.48566703303635, 26.432043058414287, 61.40636816391511, 78.37847653508649, 59.089676485531875, 103.43133652704863, 35.087579772538724, 46.33713513250664, 40.095818887256904, 53.36344427598763, 52.70958342468649, 52.41299610944364, 52.141526862890984, 63.94918898695529, 49.109558492011644, 64.3221741920186, 58.72799772998617, 34.4183655511968]","[0.24399995803833008, 2.180999994277954, 0.7730000019073486, 0.7860000133514404, 0.8110001087188721, 0.8239998817443848, 0.8329999446868896, 0.7170000076293945, 0.1360001564025879, 0.6340000629425049, 0.8090000152587891, 0.8489999771118164, 0.7029998302459717, 0.08699989318847656, 0.6389999389648438, 0.750999927520752, 0.7380001544952393, 0.7569999694824219, 0.744999885559082, 2.2960000038146973, 0.6420001983642578, 0.7280001640319824, 0.7079999446868896, 0.685999870300293, 0.7320001125335693, 0.7149999141693115, 0.7630000114440918, 1.8469998836517334, 0.7829999923706055, 0.7039999961853027, 0.7200000286102295, 0.7359998226165771, 0.8499999046325684, 0.8199999332427979, 0.8220000267028809, 0.8410000801086426, 0.7939999103546143, 0.7450001239776611, 0.8020000457763672, 0.7189998626708984, 0.7030000686645508, 0.7260000705718994, 0.7749998569488525, 0.7799999713897705, 0.8480000495910645, 0.5449998378753662, 0.08500003814697266, 0.09299993515014648]",,forecast_sensitivity
33,MPC-3,93,test_id,id_actual,biased_ood,3,,1560.9952191226798,,,,51.55400085449219,1.0740416844685872,11.381999969482422,0,0,True,,100093,pure_mpc,4,48,True,,1.0,0.12500000704839762,"[16.174927309529256, 12.255435798743985, 13.036073154739267, 8.646643488562257, 9.471891194888155, 5.814037535852492, 16.71675405881052, 6.676683096350549, 8.595314190677023, 13.148788119619557, 17.281335020046058, 26.960376109507237, 22.935551903160885, 24.155505633058986, 25.96829700412676, 6.16615, 4.932728, 4.145381064111297, 2.912116370904086, 2.732628934504911, 1.4994741927024227, 2.732628935213732, 1.797184165912014, 3.030361126334833, 2.7045868238754136, 3.6994020000000005, 4.932728, 4.932728, 5.23900857174335, 50.962617585772115, 63.67678753309771, 75.3076529206856, 83.22394913485458, 117.3712972015006, 90.42377386625667, 94.01785617977887, 42.427097715691446, 64.74763405897443, 56.709754724705306, 59.41606659810063, 69.8758324461582, 62.435961075385016, 66.44399166847874, 61.15507678068712, 66.9845452435883, 54.45859903027265, 47.961180876341544, 54.10082467937529]","[0.312000036239624, 0.7599999904632568, 0.8480000495910645, 11.381999969482422, 3.385999917984009, 0.12399983406066895, 0.43400001525878906, 1.63100004196167, 1.247999906539917, 0.437000036239624, 0.16499996185302734, 0.1100001335144043, 0.557999849319458, 0.6230001449584961, 0.4179999828338623, 0.4869999885559082, 0.377000093460083, 1.437000036239624, 2.7210001945495605, 0.7130000591278076, 2.8500001430511475, 2.945000171661377, 3.6760001182556152, 4.21399998664856, 0.5499999523162842, 5.440000057220459, 0.11999988555908203, 0.09599995613098145, 0.1119999885559082, 0.1100001335144043, 0.6539998054504395, 0.12299990653991699, 0.6460001468658447, 0.08800005912780762, 0.125, 0.12099981307983398, 0.12800002098083496, 0.11800003051757812, 0.1100001335144043, 0.10500001907348633, 0.10500001907348633, 0.12599992752075195, 0.13400006294250488, 0.2950000762939453, 0.14400005340576172, 0.11400008201599121, 0.0710000991821289, 0.06299996376037598]",,forecast_sensitivity
33,MPC-7,93,test_id,id_actual,biased_ood,7,,1431.481424207229,,,,825.5789997577667,17.199562494953472,290.42899990081787,0,0,True,,100093,pure_mpc,8,48,True,,1.0,0.1249999998104278,"[22.76413013684398, 17.950815253113287, 20.663666733399396, 10.208513334182893, 10.468130046290883, 7.354829292668941, 15.800597449714758, 7.471810748043063, 12.889700937490483, 28.34467414378655, 20.7526538279789, 26.96037486891482, 21.694147813338972, 10.777792331767095, 6.16615, 6.16615, 4.932728, 3.699402, 2.572312382073126, 2.7326289599664624, 1.4994742181619227, 2.7326289609089622, 2.4661720000000003, 3.699397915728054, 2.778104153514957, 3.944014646436552, 5.177359687189132, 6.16615, 6.16615, 51.130669956911255, 53.47770635012369, 30.747201682137423, 38.367986310954244, 71.7063457031052, 90.25156781516816, 94.01785617979525, 42.427097598403414, 64.74763404502887, 56.70975491243873, 59.41606545712054, 69.87583242415026, 63.92775575094305, 66.44399183279067, 61.15507991003798, 66.98454531360423, 54.45859900415341, 47.96118084215701, 52.67389327669202]","[6.053999900817871, 17.28500008583069, 38.03699994087219, 290.42899990081787, 83.74300003051758, 75.97699999809265, 22.694000005722046, 17.472000122070312, 9.786999940872192, 2.073000192642212, 19.127000093460083, 1.628000020980835, 45.306999921798706, 35.71199989318848, 18.39400005340576, 15.979000091552734, 1.9060001373291016, 10.244999885559082, 17.38100004196167, 2.11299991607666, 1.7929999828338623, 1.878000020980835, 2.0379998683929443, 12.014999866485596, 15.828999996185303, 3.0290000438690186, 18.94000005722046, 19.948999881744385, 3.694000005722046, 0.3919999599456787, 1.8309998512268066, 1.8550000190734863, 1.755000114440918, 0.309999942779541, 0.38700008392333984, 2.004999876022339, 1.7749998569488525, 0.33700013160705566, 0.3020000457763672, 0.3659999370574951, 0.3190000057220459, 0.3059999942779541, 1.496999979019165, 0.21700000762939453, 1.1380000114440918, 0.11899995803833008, 0.11500000953674316, 0.04500007629394531]",,forecast_sensitivity
33,Proposed-H3,93,test_id,id_actual,biased_ood,3,0.3,1298.7045541396787,,,,38.999000549316406,0.8124791781107584,2.0409998893737793,0,0,True,,100093,proposed,4,48,True,,1.0,0.12499999980724938,"[49.04284518926546, 12.255438298797118, 8.877304458309574, 4.932728, 6.1661462280098585, 6.16615, 9.181834748792804, 6.16615, 6.16615, 12.705831750646635, 11.50414183855262, 22.779926052932304, 21.81986080074573, 23.036405072441276, 25.96829698243978, 6.16615, 6.16615, 6.16615, 5.585225820063462, 4.991035475824091, 4.932728, 4.932728, 3.6994020000000005, 4.932728, 5.9125366460223185, 4.6791343857081324, 4.946926156410873, 5.633537388581079, 6.04358096338052, 7.3237071197617984, 19.719917574407948, 30.747201645792842, 38.36798630642799, 71.70634569806491, 90.2514446514917, 94.01785617575396, 31.50992294352465, 59.872526558006555, 52.86390268026799, 59.416065701499, 67.01769788473086, 61.812770659357156, 59.88721692157412, 55.957768230257194, 64.05027636280658, 54.458598518036354, 41.14406143716757, 37.02206481382564]","[0.9719998836517334, 2.0409998893737793, 0.943000078201294, 0.8249998092651367, 0.2480001449584961, 0.929999828338623, 0.7929999828338623, 0.9110000133514404, 0.16300010681152344, 0.7760000228881836, 0.814000129699707, 0.9760000705718994, 0.9010000228881836, 0.7709999084472656, 0.8020000457763672, 0.8689999580383301, 0.9100000858306885, 0.8320000171661377, 1.748000144958496, 0.9509999752044678, 0.7940001487731934, 2.0169999599456787, 0.8710000514984131, 0.7290000915527344, 0.8309998512268066, 0.750999927520752, 0.7430000305175781, 0.7170000076293945, 0.6970000267028809, 0.6489999294281006, 0.7009999752044678, 0.7989997863769531, 0.7800002098083496, 0.7230000495910645, 0.8280000686645508, 0.8370001316070557, 0.7739999294281006, 0.8480000495910645, 0.7720000743865967, 0.7260000705718994, 0.14899992942810059, 0.7909998893737793, 0.7980000972747803, 0.7840001583099365, 0.8220000267028809, 0.5079998970031738, 0.30500006675720215, 0.07899999618530273]",,forecast_sensitivity
33,MPC-3,94,test_id,id_actual,biased_ood,3,,1601.884687614923,,,,56.489999532699585,1.1768749902645748,10.619999885559082,0,0,True,,100094,pure_mpc,4,48,True,,1.0,0.1250000138311378,"[21.694096718104323, 5.425857989728463, 3.6993391403214035, 14.364727714091988, 13.03753754905656, 6.033927472135948, 7.604705560595, 9.965238644639246, 10.146341306307118, 13.137878903651195, 17.377184169081108, 26.346828539424862, 41.6151716274296, 24.095887316285157, 12.347491967876604, 16.902231446715245, 6.16615, 5.740789559568333, 4.50740066548115, 3.274107771393967, 2.040910877306784, 0.8078099842195458, 0.5160327118548802, 1.7491108891884088, 2.9822850664692435, 2.6301098731541317, 3.6994008350004433, 18.889318421818327, 5.973473760777459, 12.972026461326367, 67.59708273839966, 86.81209267385283, 103.90114382104998, 120.12365813960552, 99.84125826189954, 83.0805944917581, 53.56541410018847, 59.68808825368158, 50.696405238851746, 52.87032327315208, 68.08675333683895, 61.190490383780606, 68.445384342444, 55.48657137363766, 61.03841427229949, 53.38689004687677, 71.87290154935002, 68.45784837425377]","[0.6309998035430908, 0.6660001277923584, 0.12099981307983398, 1.7000000476837158, 3.052000045776367, 0.08099985122680664, 1.7290000915527344, 10.619999885559082, 1.371000051498413, 0.41700005531311035, 0.1400001049041748, 0.08100008964538574, 0.3710000514984131, 1.4549999237060547, 2.5880000591278076, 0.1419999599456787, 3.1480000019073486, 0.35500001907348633, 0.48600006103515625, 0.5880000591278076, 0.5360000133514404, 3.941999912261963, 7.444999933242798, 0.10700011253356934, 2.4819998741149902, 0.49899983406066895, 4.431999921798706, 0.6059999465942383, 0.6349999904632568, 1.438000202178955, 0.625999927520752, 0.11800003051757812, 0.12199997901916504, 0.7379999160766602, 0.12099981307983398, 0.6059999465942383, 0.125, 0.12400007247924805, 0.44900012016296387, 0.7179999351501465, 0.12299990653991699, 0.12600016593933105, 0.11299991607666016, 0.12800002098083496, 0.12199997901916504, 0.16199994087219238, 0.07299995422363281, 0.032000064849853516]",,forecast_sensitivity
33,MPC-7,94,test_id,id_actual,biased_ood,7,,1463.451193732054,,,,359.2650001049042,7.484687502185504,52.705000162124634,0,0,True,,100094,pure_mpc,8,48,True,,1.0,0.12499999981123246,"[23.69540726401982, 10.524466690604044, 13.717185073222755, 16.660379760821083, 13.828041145460453, 6.166149693636934, 8.423183170327558, 12.37110044379357, 17.723555152465828, 26.322456363729074, 27.56642055951506, 22.688348544857845, 41.615171776711676, 15.379499038360365, 4.932728, 6.16615, 4.932728, 6.16615, 4.932728, 3.699402, 2.4661720000000003, 1.233038, 2.1098666326655784, 3.343068894835671, 4.457627470602366, 3.6254630423596086, 4.371464926741375, 9.644184695027995, 6.16615, 22.679841727747913, 52.81997600978735, 42.10555316285457, 58.888958231755, 74.4899570470834, 79.54567981864872, 83.08071521829686, 54.31052598421501, 62.838531637324465, 50.69640533041874, 52.870323239540895, 68.08675353008576, 61.19110977215534, 68.44713984397829, 55.4865713467221, 61.038414246277384, 53.38689006644753, 71.8729015125296, 64.68665966642642]","[5.525000095367432, 52.705000162124634, 35.93999981880188, 32.557000160217285, 4.516000032424927, 1.8399999141693115, 25.235000133514404, 0.2909998893737793, 7.009999990463257, 0.39100003242492676, 1.6369998455047607, 1.7760000228881836, 15.818000078201294, 23.5310001373291, 1.9559998512268066, 18.52900004386902, 1.8880000114440918, 42.50100016593933, 1.7709999084472656, 16.04199981689453, 7.2209999561309814, 15.835999965667725, 14.500999927520752, 1.5850000381469727, 5.950000047683716, 0.46399998664855957, 1.6850001811981201, 1.2739999294281006, 1.8489999771118164, 2.4029998779296875, 1.6649999618530273, 1.7209999561309814, 1.7909998893737793, 1.7739999294281006, 0.3469998836517334, 0.4089999198913574, 1.564000129699707, 0.30100011825561523, 1.8630001544952393, 1.8540000915527344, 0.29200005531311035, 0.3280000686645508, 0.31599998474121094, 0.2369999885559082, 0.18000006675720215, 0.2799999713897705, 0.0820000171661377, 0.03399991989135742]",,forecast_sensitivity
33,Proposed-H3,94,test_id,id_actual,biased_ood,3,0.3,1329.942741735306,,,,36.91800022125244,0.7691250046094259,3.0789999961853027,0,0,True,,100094,proposed,4,48,True,,1.0,0.12499999980831733,"[54.713099840679725, 5.425861655662973, 3.699402, 4.975850338001333, 6.16615, 6.16615, 6.16615, 6.16615, 6.16615, 13.116891606856342, 13.905934010221298, 24.787715197023395, 41.615173694657074, 22.307009591855874, 10.578425607298637, 16.9022314754819, 6.16615, 6.16615, 5.0350045776110255, 4.932728, 3.699402, 4.447336994008714, 3.699402, 4.932728, 6.16615, 6.16615, 5.785289340843196, 5.878943651261057, 5.588405398004802, 6.16615, 23.362570222729865, 42.105553123436, 58.88895822606078, 74.49113432537462, 79.54554979672118, 83.08059448864623, 39.613330779532866, 51.41707911923748, 38.887170010965164, 46.9842019662411, 59.2450987052961, 61.19048941970538, 68.4453829230015, 55.48657073089758, 61.0384141319934, 51.14523144162773, 67.0471415271781, 50.27993581719369]","[0.9779999256134033, 1.0900001525878906, 0.7159998416900635, 0.8220000267028809, 0.6809999942779541, 0.877000093460083, 0.7860000133514404, 0.7160000801086426, 2.0460000038146973, 0.6679999828338623, 0.6359999179840088, 0.7810001373291016, 0.6719999313354492, 0.7119998931884766, 0.7319998741149902, 0.6730000972747803, 0.6489999294281006, 0.6889998912811279, 3.0789999961853027, 0.7990000247955322, 0.689000129699707, 0.8060002326965332, 0.7850000858306885, 0.18899989128112793, 1.9630000591278076, 0.8630001544952393, 0.21000003814697266, 0.7149999141693115, 0.6559998989105225, 0.7380001544952393, 0.6919999122619629, 0.9110000133514404, 0.7820000648498535, 0.6959998607635498, 0.7950000762939453, 0.16299986839294434, 0.752000093460083, 0.8329999446868896, 0.745999813079834, 0.7590000629425049, 0.18499994277954102, 0.7980000972747803, 0.7829999923706055, 0.20099997520446777, 0.7060000896453857, 0.5810000896453857, 0.09099984169006348, 0.0280001163482666]",,forecast_sensitivity
33,MPC-3,95,test_id,id_actual,biased_ood,3,,1550.5791060203537,,,,48.940999269485474,1.019604151447614,8.28600001335144,0,0,True,,100095,pure_mpc,4,48,True,,1.0,0.12499999981129299,"[15.286360162707334, 3.4468802084855628, 7.574015850402583, 13.25955858641382, 6.16615, 8.046864837732713, 4.932728, 5.743215423527089, 7.126761821742087, 14.402402500888355, 13.821572575756893, 29.2837211878743, 27.782341817051588, 30.159113870008817, 11.679892665095608, 15.960483401490164, 6.16615, 4.932728, 3.699402, 4.325308299578831, 3.092202922059095, 1.8590201881487556, 0.6259334542384155, 1.8590150647964854, 2.356070345822908, 3.589291774503734, 4.822609203228031, 4.932728, 5.561401773353948, 35.07532661744962, 62.15264406184573, 81.10741423229821, 97.37015259337392, 109.33775738650266, 83.03494330127054, 107.16213276384, 64.73712236213923, 49.54400031783, 46.27242974523101, 64.73337492276423, 59.529746110544146, 61.542333589211715, 53.8962345286564, 64.48773362473132, 49.87347336870191, 69.40358555298118, 65.12341676519857, 63.701360240876376]","[0.1269998550415039, 0.7879998683929443, 8.28600001335144, 0.5709998607635498, 2.1089999675750732, 1.1729998588562012, 0.44099998474121094, 0.6629998683929443, 2.9860000610351562, 0.5340001583099365, 0.12999987602233887, 0.682999849319458, 0.7339999675750732, 0.4869999885559082, 3.0279998779296875, 0.2890000343322754, 6.273000001907349, 0.4589998722076416, 1.4530000686645508, 0.7419998645782471, 0.06699991226196289, 0.47300004959106445, 5.250999927520752, 3.569999933242798, 0.5260000228881836, 0.10199999809265137, 0.6970000267028809, 0.10100007057189941, 0.9219999313354492, 0.4700000286102295, 0.6210000514984131, 0.6459999084472656, 0.07999992370605469, 0.693000078201294, 0.6880002021789551, 0.6800000667572021, 0.11999988555908203, 0.127000093460083, 0.11300015449523926, 0.12599992752075195, 0.2560000419616699, 0.11800003051757812, 0.11100006103515625, 0.10500001907348633, 0.11100006103515625, 0.09399986267089844, 0.07500004768371582, 0.04200005531311035]",,forecast_sensitivity
33,MPC-7,95,test_id,id_actual,biased_ood,7,,1414.7094449411234,,,,429.5899999141693,8.949791664878527,63.43600010871887,0,0,True,,100095,pure_mpc,8,48,True,,1.0,0.12499999981114585,"[18.42558637224886, 9.251206482321132, 16.92626016639231, 13.458512848273326, 7.181109807563859, 8.617932091936062, 5.907592313799957, 6.16615, 13.79186560502859, 15.441144722908595, 10.323013962208496, 29.283721189988903, 27.133748005272345, 22.338008092993185, 6.16615, 15.96048128460168, 4.932728, 6.166147757606922, 4.932725757781445, 3.6993997806295575, 2.466169781802282, 1.233035782974962, 1.233038, 2.4661720000000003, 2.7907526732371073, 3.699402, 4.932728, 6.166600965637971, 15.88138760003963, 44.8237716226769, 45.42273458929539, 36.55818893242859, 52.35535818923151, 63.73294971754538, 64.81819669161801, 107.1651996378439, 64.73713028448198, 51.085146664894175, 46.272429716878534, 64.7333749462226, 59.52974614370013, 61.542341214899444, 53.09774095587203, 64.48773373390121, 49.873473364701, 69.40357033770943, 65.12341675809702, 62.97417039387895]","[5.6549999713897705, 17.375999927520752, 56.7189998626709, 29.89199995994568, 13.743000030517578, 8.85699987411499, 1.9730000495910645, 13.953999996185303, 0.3340001106262207, 0.28800010681152344, 0.23000001907348633, 1.5939998626708984, 17.16099977493286, 63.43600010871887, 40.35800004005432, 25.668999910354614, 1.7880001068115234, 1.6660001277923584, 14.090999841690063, 13.970999956130981, 1.9530000686645508, 13.528000116348267, 1.6749999523162842, 7.4049999713897705, 1.878000020980835, 1.7339999675750732, 51.94000005722046, 1.2739999294281006, 1.7969999313354492, 1.5960001945495605, 1.5839998722076416, 1.9059998989105225, 0.254000186920166, 1.9700000286102295, 1.7970001697540283, 0.3959999084472656, 0.3559999465942383, 0.3560001850128174, 4.142999887466431, 0.32200002670288086, 1.4560000896453857, 0.28299999237060547, 0.2630000114440918, 0.24700021743774414, 0.502000093460083, 0.10899996757507324, 0.07199978828430176, 0.03899979591369629]",,forecast_sensitivity
33,Proposed-H3,95,test_id,id_actual,biased_ood,3,0.3,1291.0736712531889,,,,36.13499975204468,0.7528124948342642,1.8420000076293945,0,0,True,,100095,proposed,4,48,True,,1.0,0.12499999980857929,"[48.14006956363116, 36.00210020182543, 4.658550784202958, 4.932728, 6.16615, 6.16615, 6.16615, 6.16615, 6.16615, 6.16615, 6.16615, 6.16615, 27.133747933226907, 22.33800806102318, 6.16615, 15.960483205127375, 6.16615, 6.16615, 5.868745560398728, 6.16615, 4.932728, 4.932728, 3.699402, 4.932728, 4.15096227338318, 3.699402, 4.932728, 4.998055287850285, 6.16615, 9.128501463486586, 18.066586070175678, 36.558188890152486, 52.355358182787086, 63.73294971325603, 64.81819668610369, 107.16213276357811, 58.735563897638336, 43.77599614304626, 37.41660354545874, 62.496587396606785, 55.0914293513801, 61.542333385958365, 50.343646100739804, 63.86790039663004, 49.87347289541641, 61.80181301261464, 62.5416590244776, 50.291635463012774]","[0.29799985885620117, 1.8420000076293945, 0.7649998664855957, 0.7590000629425049, 0.7669999599456787, 0.812999963760376, 0.07500004768371582, 1.503999948501587, 0.690000057220459, 0.7960000038146973, 0.6830000877380371, 0.7829999923706055, 0.9090001583099365, 0.7419998645782471, 0.693000078201294, 0.10199999809265137, 0.8380000591278076, 0.7649998664855957, 1.6529998779296875, 0.7980000972747803, 0.684999942779541, 0.7279999256134033, 0.6889998912811279, 0.7860000133514404, 0.7740001678466797, 0.7219998836517334, 0.7010002136230469, 0.7969999313354492, 0.812999963760376, 0.8229999542236328, 0.6630001068115234, 0.812999963760376, 0.8880000114440918, 0.8010001182556152, 0.7939999103546143, 0.8410000801086426, 0.7380001544952393, 0.8519999980926514, 0.814000129699707, 0.8569998741149902, 0.6949999332427979, 0.6999998092651367, 0.7879998683929443, 0.8139998912811279, 0.7610001564025879, 0.3819999694824219, 0.09599995613098145, 0.04500007629394531]",,forecast_sensitivity
33,MPC-3,96,test_id,id_actual,biased_ood,3,,1626.432596923565,,,,57.73900032043457,1.2028958400090535,12.312000036239624,0,0,True,,100096,pure_mpc,4,48,True,,1.0,0.12500000631377886,"[15.21441495290878, 14.911371515289067, 13.532080723817861, 11.063167953058368, 8.409542257081887, 8.401070634920636, 6.16615, 9.316395708692019, 6.554117839071133, 7.131856138406936, 9.04632040163967, 23.766916571005858, 43.23326404109084, 22.195246821845103, 12.729520321526246, 6.16615, 6.16615, 4.932728, 3.6994020000000005, 4.699910622096865, 3.4667761109690036, 2.646024688879029, 1.4128766888961095, 2.646024689750463, 3.879223827608524, 4.932728, 4.932728, 5.061618864905804, 7.8778627954341225, 50.81280949360404, 77.71859074337294, 91.35980163732943, 96.43940260553428, 103.59558061404674, 91.8102121757804, 79.20566885522568, 43.367298911181415, 65.9241198399656, 62.96503888836119, 62.230544651644024, 66.9643651543824, 66.69440509936581, 60.44144969041876, 73.72370155684526, 75.04157103195175, 65.10438595374492, 52.09336854094497, 66.74864131097087]","[0.6610000133514404, 0.12899994850158691, 2.0190000534057617, 2.9029998779296875, 4.551000118255615, 12.312000036239624, 0.42100000381469727, 1.5090000629425049, 3.247999906539917, 0.49000000953674316, 0.11800003051757812, 0.09500002861022949, 0.6009998321533203, 0.43199992179870605, 3.0840001106262207, 4.94599986076355, 4.452999830245972, 0.6970000267028809, 0.4660000801086426, 2.4610002040863037, 0.06500005722045898, 5.184999942779541, 0.6740000247955322, 0.11300015449523926, 0.10599994659423828, 0.6909999847412109, 0.12000012397766113, 0.6469998359680176, 0.13100004196166992, 0.6319999694824219, 0.10500001907348633, 0.6550002098083496, 0.13700008392333984, 0.7590000629425049, 0.11299991607666016, 0.10199999809265137, 0.7690000534057617, 0.10000014305114746, 0.11500000953674316, 0.1100001335144043, 0.11099982261657715, 0.12899994850158691, 0.12800002098083496, 0.08899998664855957, 0.127000093460083, 0.13199996948242188, 0.06299996376037598, 0.034999847412109375]",,forecast_sensitivity
33,MPC-7,96,test_id,id_actual,biased_ood,7,,1467.2076984609826,,,,501.6319992542267,10.450666651129723,123.93899989128113,0,0,True,,100096,pure_mpc,8,48,True,,1.0,0.12499999981040634,"[22.68296772414665, 19.141005204776615, 15.390061303313441, 16.319300383524116, 8.06550349270045, 11.091162267210454, 6.16615, 10.023627190988906, 10.809895822244725, 22.3280935962225, 7.203027020428504, 6.16615, 34.409072556039355, 19.909911646475564, 12.346138682508741, 6.16615, 4.932728, 4.699573969893071, 3.466266118133762, 4.699573970165151, 3.466266118905848, 3.4157856376618163, 2.1825867831387225, 3.415794706443277, 4.649053639951244, 4.932728, 6.16615, 4.932729067344713, 7.877862710835025, 51.27101023733499, 45.4961149447535, 47.18858880300072, 56.08812143408149, 60.48055670659497, 78.87092975079636, 79.20566884854757, 44.02930617705154, 65.94068260759317, 62.96588343109306, 67.56619816037706, 66.96440537822424, 66.69441502643525, 60.44144984838684, 73.72370143462199, 75.0415710005227, 65.10438534880728, 52.093368314822044, 60.98602539488501]","[18.856000185012817, 14.621000051498413, 75.11800003051758, 29.146999835968018, 123.93899989128113, 9.746000051498413, 2.7219998836517334, 4.357999801635742, 2.3450000286102295, 8.385999917984009, 19.8030002117157, 1.7999999523162842, 26.47099995613098, 39.706000089645386, 21.120999813079834, 26.6729998588562, 1.8499999046325684, 7.357000112533569, 1.938999891281128, 15.098999977111816, 1.7779998779296875, 10.918999910354614, 1.2100000381469727, 13.936000108718872, 0.2890000343322754, 1.946000099182129, 1.815000057220459, 1.7019999027252197, 1.6970000267028809, 1.7750000953674316, 1.8240001201629639, 1.928999900817871, 0.2779998779296875, 1.7829999923706055, 1.8900001049041748, 1.8670001029968262, 1.3500001430511475, 0.3559999465942383, 0.3429999351501465, 0.2929999828338623, 0.30500006675720215, 0.33699989318847656, 0.2969999313354492, 0.20299983024597168, 0.1809999942779541, 0.1510000228881836, 0.09299993515014648, 0.0279998779296875]",,forecast_sensitivity
33,Proposed-H3,96,test_id,id_actual,biased_ood,3,0.3,1355.1542438446643,,,,35.91199970245361,0.7481666604677836,2.1730000972747803,0,0,True,,100096,proposed,4,48,True,,1.0,0.12499999980872269,"[48.07368167679059, 14.90871398462281, 6.8807023709512265, 4.932728, 5.009476982736963, 6.16615, 6.16615, 6.602777792179886, 6.16615, 7.131855321008029, 9.04631845730412, 18.304706882763508, 43.23327584459924, 22.195254642855872, 12.729527940549819, 6.16615, 6.16615, 6.16615, 5.432395592412601, 5.342498374950588, 4.109140481774086, 4.932728, 3.699402, 4.932728, 5.307828972692039, 5.2165411162071225, 4.970044432705499, 5.4561880385485555, 6.16615, 7.582969388861812, 33.38899333746785, 47.188588779502325, 56.08812142868267, 60.481171213728956, 78.87092974688733, 79.20566884868157, 30.197273380690973, 65.92411923395422, 58.40371661957772, 59.15119275745546, 66.06799612584821, 60.00244138789706, 53.06439414132218, 73.7237013319857, 75.04157082246407, 59.62523666138381, 46.86094504372677, 52.67364868889286]","[2.1730000972747803, 0.9279999732971191, 0.35899996757507324, 0.7039999961853027, 1.066999912261963, 0.7669999599456787, 0.8279998302459717, 0.7760000228881836, 0.11700010299682617, 0.7330000400543213, 0.8429999351501465, 0.10199999809265137, 0.8050000667572021, 0.7630000114440918, 0.08299994468688965, 0.6619999408721924, 0.6970000267028809, 0.7999999523162842, 0.8009998798370361, 1.8490002155303955, 0.7780001163482666, 0.7139999866485596, 0.7430000305175781, 0.755000114440918, 0.7940001487731934, 0.7760000228881836, 0.1979999542236328, 0.7059998512268066, 0.7239999771118164, 0.8190000057220459, 0.7539999485015869, 0.75, 0.7940001487731934, 0.7480001449584961, 0.8310000896453857, 0.7569999694824219, 0.9139997959136963, 0.8659999370574951, 0.9259998798370361, 0.7799999713897705, 0.8680000305175781, 0.8199999332427979, 0.7690000534057617, 0.8689999580383301, 0.9040000438690186, 0.5529999732971191, 0.0969998836517334, 0.04799985885620117]",,forecast_sensitivity
33,MPC-3,97,test_id,id_actual,biased_ood,3,,1523.869210298434,,,,58.26799964904785,1.2139166593551636,13.248000144958496,0,0,True,,100097,pure_mpc,4,48,True,,1.0,0.12499999981085724,"[23.476892858263728, 8.775730932295541, 5.8706218185655334, 8.700968853581697, 6.16615, 9.667869445580532, 6.16615, 7.493885726362318, 6.16615, 13.021492773715671, 15.529121727585025, 24.031506837717494, 36.33583722506188, 22.31493933316206, 18.895784105414755, 9.282965773094102, 6.16615, 6.16614997979905, 4.932901500374548, 3.6995754868700987, 2.46656534742918, 1.2334313178116219, 2.4665653484327708, 3.634905905187262, 3.4755701607272242, 4.708878737106562, 4.932728, 4.932728, 4.932728, 41.82383132958253, 52.99292256078475, 82.00611728345407, 85.42220005641919, 121.94007826023366, 99.05239503352301, 87.97762031849497, 43.07127605252523, 48.08796619729378, 46.07816705978008, 64.38704974689688, 58.885977979080096, 64.2276528528351, 68.18184823641006, 52.730814076377534, 64.62228847708207, 54.346943901902456, 55.21777820787521, 57.17133747374464]","[0.0820000171661377, 0.22699999809265137, 2.4800000190734863, 4.01800012588501, 1.4920001029968262, 0.5980000495910645, 13.248000144958496, 2.996999979019165, 0.5779998302459717, 2.360999822616577, 0.12799978256225586, 0.29399991035461426, 0.4089999198913574, 1.7790000438690186, 0.4179999828338623, 0.5290000438690186, 0.49699997901916504, 6.031000137329102, 0.08299994468688965, 0.5469999313354492, 0.11599993705749512, 0.4549999237060547, 7.816999912261963, 0.09599995613098145, 0.10000014305114746, 0.08800005912780762, 5.396000146865845, 0.10000014305114746, 0.5099999904632568, 0.6380000114440918, 0.4269998073577881, 0.1119999885559082, 0.6489999294281006, 0.10699987411499023, 0.6449999809265137, 0.7160000801086426, 0.2219998836517334, 0.15700006484985352, 0.14499998092651367, 0.1269998550415039, 0.13100004196166992, 0.14899992942810059, 0.1119999885559082, 0.12000012397766113, 0.11999988555908203, 0.11300015449523926, 0.08000016212463379, 0.023999929428100586]",,forecast_sensitivity
33,MPC-7,97,test_id,id_actual,biased_ood,7,,302.5052802893716,,,,514.55299949646,17.743206879188275,159.98300004005432,1,0,False,solver_failure,100097,pure_mpc,8,29,True,,1.0,1.6249999968559177,"[28.32007248022223, 17.594810628927462, 7.5307645923195325, 6.957015277925386, 6.16614936613885, 10.075321328175734, 6.16615, 12.586960310665624, 14.301565815011926, 21.427347380933462, 21.18132272192018, 15.55189807731357, 36.33583482686404, 13.307202614021453, 6.166149972926845, 6.16615, 6.16615, 6.16615, 4.932728, 3.699402, 2.4661720000000003, 1.233038, 2.466168035536124, 3.6349055784439845, 3.4755701610543386, 4.708878718833721, 5.374060362653082, 5.4445300581610825, 22.90281198132304]","[12.45199990272522, 35.38499999046326, 37.10800004005432, 159.98300004005432, 2.8309998512268066, 9.144000053405762, 39.50099992752075, 1.5299999713897705, 7.083999872207642, 2.4139997959136963, 0.36700010299682617, 20.51699995994568, 19.81500005722046, 21.04100012779236, 13.151999950408936, 1.8380000591278076, 25.801999807357788, 67.32800006866455, 1.7820000648498535, 1.7220001220703125, 1.9609999656677246, 1.9920001029968262, 16.848999977111816, 1.7009999752044678, 1.8249998092651367, 4.329999923706055, 1.7400000095367432, 1.6670000553131104, 1.691999912261963]","method=MPC-7, scenario=97, forecast_case=biased_ood, actual_case=id_actual, horizon=7, t=29: Gurobi produced no solution: status=3, sol_count=0",forecast_sensitivity
33,Proposed-H3,97,test_id,id_actual,biased_ood,3,0.3,1283.6899292846515,,,,36.685999631881714,0.7642916589975357,2.243000030517578,0,0,True,,100097,proposed,4,48,True,,1.0,0.12499999980713969,"[56.576392862752726, 41.4927494331357, 3.699402, 4.932728, 6.16615, 6.16615, 6.16615, 6.16615, 6.16615, 6.16615, 6.16615, 6.16615, 36.335836248445275, 13.307202226997735, 9.940229537964479, 7.055475328939031, 6.16615, 6.16615, 6.16615, 4.932728, 3.699402, 4.932728, 4.8816444766666045, 4.932728, 4.396679133450239, 5.630059407363005, 4.932728, 5.444530080464495, 6.1661499995644125, 15.367252505032955, 12.586499686241245, 37.31276572256031, 45.909890223331466, 78.44133986556976, 87.74074775927251, 87.97762031797224, 34.21296815697202, 47.868782331055705, 46.07812180411312, 60.30717356521161, 50.52070145296397, 59.68970246895739, 68.18184792568735, 52.73081392115613, 63.782006936907635, 54.346943556429636, 51.23075157644054, 38.286956773032244]","[0.746999979019165, 2.243000030517578, 0.15400004386901855, 0.7609999179840088, 0.09200000762939453, 0.7450001239776611, 0.8370001316070557, 1.4509999752044678, 0.6919999122619629, 0.5580000877380371, 0.7079999446868896, 0.8080000877380371, 0.09400010108947754, 0.8489999771118164, 0.09500002861022949, 0.6730000972747803, 0.7750000953674316, 0.7030000686645508, 0.7699999809265137, 0.7860000133514404, 0.7119998931884766, 1.8650000095367432, 0.7260000705718994, 1.561999797821045, 0.7639999389648438, 0.7879998683929443, 0.6629998683929443, 0.6540000438690186, 1.6949999332427979, 0.6789999008178711, 0.6759998798370361, 0.7960000038146973, 0.6749999523162842, 0.8039999008178711, 0.7269999980926514, 0.746999979019165, 0.8040001392364502, 0.8309998512268066, 0.7649998664855957, 0.8090000152587891, 0.627000093460083, 0.7840001583099365, 0.7960000038146973, 0.7739999294281006, 0.7820000648498535, 0.4700000286102295, 0.09299993515014648, 0.07699990272521973]",,forecast_sensitivity
33,MPC-3,98,test_id,id_actual,biased_ood,3,,1600.2773211296026,,,,61.83799958229065,1.2882916579643886,14.338000059127808,0,0,True,,100098,pure_mpc,4,48,True,,1.0,0.12500000642699832,"[19.047950308325547, 10.59413398088101, 11.680218202415196, 5.86820660500987, 6.16615, 6.1661478181636316, 5.794987432049511, 8.226699380456763, 11.663997649015856, 12.817977839471851, 12.205944151462328, 29.481095757237277, 40.62895562454065, 25.101408944759108, 20.940568106167586, 11.295268520339283, 6.16615, 4.932728, 3.699402, 2.4661720000000003, 1.233038, 0.0, 1.233038, 2.4661720000000003, 3.699402, 4.932728, 4.932728, 4.932728, 4.14753414525556, 53.36159416428906, 69.18687932306563, 81.35384111461127, 102.17039389304611, 117.87963491436567, 86.7398115106471, 88.97096471306114, 48.60488905806728, 52.061953941165676, 59.76635395613143, 66.60931533809969, 54.567217928534575, 64.6695345069, 62.3294977150812, 57.69913173517245, 49.372511049721346, 69.7072651936551, 67.34822248611043, 65.35677812232645]","[0.08500003814697266, 0.21799993515014648, 0.5499999523162842, 14.338000059127808, 3.871000051498413, 3.7809998989105225, 0.5230000019073486, 11.52999997138977, 1.2680001258850098, 0.4679999351501465, 0.13899993896484375, 0.08500003814697266, 0.40400004386901855, 0.4889998435974121, 0.6599998474121094, 1.819000005722046, 2.5189998149871826, 0.49500012397766113, 0.4850001335144043, 1.7320001125335693, 1.3829998970031738, 0.3539998531341553, 0.5149998664855957, 0.9520001411437988, 0.13899993896484375, 8.559000015258789, 0.7189998626708984, 0.10299992561340332, 0.4550001621246338, 0.5830001831054688, 0.12999987602233887, 0.11500000953674316, 0.15199995040893555, 0.13100004196166992, 0.12299990653991699, 0.13400006294250488, 0.11800003051757812, 0.26999998092651367, 0.24299979209899902, 0.13100004196166992, 0.11800003051757812, 0.11400008201599121, 0.2610001564025879, 0.10599994659423828, 0.24300003051757812, 0.11399984359741211, 0.08100008964538574, 0.03299999237060547]",,forecast_sensitivity
33,MPC-7,98,test_id,id_actual,biased_ood,7,,1425.630974738197,,,,909.5370004177094,18.948687508702278,300.07599997520447,0,0,True,,100098,pure_mpc,8,48,True,,1.0,0.1249999998114705,"[29.742078838579417, 12.92460474461132, 15.472664457784408, 13.237335922230358, 7.031138976331456, 6.16615, 6.16615, 10.802319296715435, 15.471344705017616, 20.570495692651274, 15.683330472921925, 29.481093314186367, 35.48962416207878, 6.953343556097877, 7.002869570121158, 6.16615, 6.16615, 4.932728, 3.699402, 2.4661720000000003, 1.233038, 1.0333237452601085, 2.2664421965399844, 3.4996559140118144, 3.699402, 4.932728, 4.932728, 4.932728, 5.733572956050708, 43.605024494614916, 35.26308843926246, 36.93887281972732, 66.43657325277218, 72.15380437495598, 76.18025906155287, 88.97096471237215, 48.60487492803147, 52.06195891331427, 59.76635781939092, 66.60931531580357, 54.57724616152224, 67.19953439978735, 62.32949773345479, 57.69913164633194, 49.37251093169407, 69.7072651578995, 67.34822244559291, 62.917707608926065]","[1.936999797821045, 21.55299997329712, 300.07599997520447, 25.175000190734863, 36.64199995994568, 48.373000144958496, 39.54800009727478, 14.809000015258789, 3.9780001640319824, 4.250999927520752, 15.554999828338623, 17.58400011062622, 1.7749998569488525, 3.4779999256134033, 242.375, 19.633000135421753, 20.42900013923645, 9.14300012588501, 9.597000122070312, 1.749000072479248, 19.24399995803833, 0.23799991607666016, 1.3670001029968262, 4.180999994277954, 13.066999912261963, 12.798999786376953, 1.7380001544952393, 1.7920000553131104, 0.2609999179840088, 1.4879999160766602, 1.8989999294281006, 1.7760000228881836, 1.7809998989105225, 1.6480000019073486, 1.6540000438690186, 0.35199999809265137, 1.2719998359680176, 0.31399989128112793, 0.3490002155303955, 1.7620000839233398, 0.31400012969970703, 0.31100010871887207, 1.1419999599456787, 0.2049999237060547, 0.6730000972747803, 0.13199996948242188, 0.08099985122680664, 0.037000179290771484]",,forecast_sensitivity
33,Proposed-H3,98,test_id,id_actual,biased_ood,3,0.3,1318.8204067218046,,,,36.87700057029724,0.7682708452145258,2.3980000019073486,0,0,True,,100098,proposed,4,48,True,,1.0,0.12499999980836313,"[51.97972103035043, 43.37017152953825, 6.372053084056812, 4.932728, 6.16615, 6.16615, 6.16615, 6.16615, 6.16615, 6.16615, 6.16615, 6.166163067010083, 35.49192764395963, 8.927165700702247, 17.290035782818734, 10.963162425521832, 6.16615, 5.442371503138286, 4.219871617847613, 4.932728, 4.932728, 3.699402, 4.265465553926992, 4.932728, 4.007985654200462, 4.932728, 4.932728, 4.932728, 6.16615, 6.16615, 25.111515299016347, 36.938872797310566, 66.43657324744926, 72.15380437125029, 76.18025905553003, 88.97096470864261, 44.5760171966983, 46.868979441256116, 48.545504200791, 60.87282162714954, 49.10913898367257, 60.086450694963936, 58.82401340286228, 57.699131359349096, 49.37250994737156, 69.7072650085683, 61.410368788723844, 47.570123998127755]","[2.0420000553131104, 2.3980000019073486, 0.10700011253356934, 0.5220000743865967, 0.744999885559082, 0.6919999122619629, 0.814000129699707, 1.8569998741149902, 0.6469998359680176, 0.6299998760223389, 0.7409999370574951, 0.08899998664855957, 0.06500005722045898, 0.5910000801086426, 0.6640000343322754, 0.6840000152587891, 0.7319998741149902, 0.753000020980835, 0.6630001068115234, 1.7400000095367432, 1.8580000400543213, 0.6319999694824219, 0.18599987030029297, 0.7130000591278076, 0.22699999809265137, 0.17300009727478027, 0.6139998435974121, 0.6840000152587891, 1.5119998455047607, 0.6749999523162842, 0.7820000648498535, 0.7690000534057617, 0.6610000133514404, 0.8259999752044678, 0.814000129699707, 0.7720000743865967, 0.7730000019073486, 0.7960000038146973, 0.8020000457763672, 0.7690000534057617, 0.880000114440918, 0.7950000762939453, 0.7630000114440918, 0.8280000686645508, 0.8399999141693115, 0.3960001468658447, 0.07700014114379883, 0.0840001106262207]",,forecast_sensitivity
33,MPC-3,99,test_id,id_actual,biased_ood,3,,1635.9180468448562,,,,40.098000288009644,0.8353750060002009,6.726999998092651,0,0,True,,100099,pure_mpc,4,48,True,,1.0,0.12499999981024,"[14.449653888470328, 12.281170678294405, 10.637874745904039, 4.917425852400786, 11.442565749717328, 5.6823321326953105, 8.515612916591222, 13.156226276150228, 15.682790766274938, 15.98509309795275, 20.364248932538626, 32.57919849276159, 33.78653755623215, 27.409121830754643, 22.66869651952839, 6.166149875688958, 6.16615, 5.376709081205194, 4.143348524801344, 4.753599019288889, 3.520286961920522, 2.2872905500470777, 1.0541704755796881, 2.287290549927729, 3.5205066242296446, 2.287304853943898, 3.5205207559981226, 24.47234927186398, 31.07789673966861, 26.328175537887674, 60.42373416906638, 87.45327126998156, 82.49120717713406, 107.15919188182811, 106.99647368615109, 103.18864497764406, 44.14764476933137, 64.01677197708078, 56.770094262365305, 49.252641066381315, 57.985117618295064, 61.76751973668154, 61.82372349380991, 53.75804310727215, 65.07299558365291, 74.03556376507436, 67.9388779801779, 55.11623206461]","[0.09500002861022949, 0.6470000743865967, 1.2420001029968262, 6.726999998092651, 3.6080000400543213, 1.1460001468658447, 2.177999973297119, 1.248999834060669, 0.39099979400634766, 0.41299986839294434, 0.10399985313415527, 0.10100007057189941, 0.8610000610351562, 0.5230000019073486, 0.1099998950958252, 0.10699987411499023, 4.173999786376953, 0.6319999694824219, 0.05299997329711914, 1.2450001239776611, 0.6089999675750732, 0.05800008773803711, 6.466000080108643, 1.7810001373291016, 0.6160001754760742, 0.10199999809265137, 0.8250000476837158, 0.7920000553131104, 0.12900018692016602, 0.0970001220703125, 0.11999988555908203, 0.14299988746643066, 0.377000093460083, 0.3970000743865967, 0.1360001564025879, 0.09200000762939453, 0.13000011444091797, 0.11899995803833008, 0.1119999885559082, 0.1230001449584961, 0.1419999599456787, 0.1379997730255127, 0.1400001049041748, 0.3990001678466797, 0.11699986457824707, 0.2349998950958252, 0.06999993324279785, 0.026999950408935547]",,forecast_sensitivity
33,MPC-7,99,test_id,id_actual,biased_ood,7,,1566.2972151164558,,,,373.56100034713745,7.782520840565364,61.99000000953674,0,0,True,,100099,pure_mpc,8,48,True,,1.0,0.12499999981030839,"[22.60391388438546, 22.776106474631302, 16.451491005505286, 5.26103110669425, 13.894112526749907, 5.173104962473279, 12.417007750655749, 13.156226273989411, 16.50679177201875, 29.278545183441828, 21.71670160459798, 32.57917948318685, 33.478038876317974, 14.970721330082398, 6.6590277304539125, 6.166149734793668, 5.964963696205382, 4.731557355476564, 3.498247014247698, 4.731557355748776, 3.498247014653642, 2.2650326739246385, 1.240719469909094, 2.473854067818583, 3.699402, 2.466173806525454, 26.9936300391651, 37.432037884875655, 28.610321193031254, 28.03918430573352, 60.4283392391217, 55.85751280357367, 38.81992169163554, 74.01801669528952, 93.51729683300195, 103.18864640861563, 44.14766425454444, 64.0168372646511, 56.77014090393912, 49.25264105153459, 57.98553592514481, 62.86615353429469, 61.823705476800235, 53.75817825773823, 65.07299571952534, 74.03556382029556, 67.93887797076496, 54.06610968869128]","[17.759999990463257, 42.888999938964844, 61.99000000953674, 60.2279999256134, 7.42300009727478, 18.950999975204468, 16.33999991416931, 1.062000036239624, 0.7860000133514404, 0.3559999465942383, 15.422000169754028, 0.3059999942779541, 1.9600000381469727, 15.23800015449524, 17.050000190734863, 6.61299991607666, 4.444999933242798, 9.825999975204468, 1.6389999389648438, 15.293999910354614, 11.617000102996826, 1.6499998569488525, 1.5820000171661377, 1.6489999294281006, 4.005000114440918, 0.32400012016296387, 22.799000024795532, 1.8359999656677246, 1.6119999885559082, 0.2630000114440918, 1.8469998836517334, 0.3080000877380371, 0.4070000648498535, 1.9149999618530273, 0.32200002670288086, 0.2709999084472656, 0.29799985885620117, 0.3059999942779541, 0.3430001735687256, 3.004000186920166, 0.37400007247924805, 0.34400010108947754, 0.2739999294281006, 0.25, 0.15999984741210938, 0.1119999885559082, 0.07200002670288086, 0.03900003433227539]",,forecast_sensitivity
33,Proposed-H3,99,test_id,id_actual,biased_ood,3,0.3,1371.8988951337521,,,,37.02600026130676,0.7713750054438909,1.9890000820159912,0,0,True,,100099,proposed,4,48,True,,1.0,0.12499999980741472,"[47.305925192390845, 12.279548118989553, 6.791293535303428, 4.932728, 6.16615, 6.1661499997524505, 6.16615, 6.889468051867064, 13.335615115908524, 12.759575261209257, 14.69035338547037, 29.794987202486084, 33.47803935942872, 25.669969353083253, 22.66869650024693, 6.16615, 6.16615, 6.16615, 5.43653847939344, 5.580021701157998, 4.932728, 3.6994020000000005, 3.699402, 4.73801072388549, 4.43204127274801, 3.699402, 4.932728, 6.16615, 6.16615, 6.16615, 16.582138389267655, 42.689478664475594, 38.81793804017478, 74.01801668885568, 93.51729678861429, 103.18864497666635, 44.14764421120646, 61.37916515890173, 56.143884964015065, 41.58935640587654, 54.749634514499576, 61.767519479116366, 57.96522692811595, 52.86952965778529, 64.42737957915094, 74.03556191838703, 66.95190906937538, 39.81674644594559]","[1.9890000820159912, 0.9780001640319824, 0.7960000038146973, 0.7790000438690186, 0.8199999332427979, 0.23000001907348633, 0.8199999332427979, 0.6800000667572021, 0.1549999713897705, 0.059999942779541016, 0.8219997882843018, 0.7899999618530273, 0.8030002117156982, 0.7560000419616699, 0.10599994659423828, 0.7790000438690186, 0.6600000858306885, 1.7750000953674316, 0.6159999370574951, 1.7039999961853027, 0.8619999885559082, 0.6500000953674316, 0.7929999828338623, 0.7709999084472656, 0.8359999656677246, 0.6800000667572021, 0.7599999904632568, 0.8789999485015869, 0.7259998321533203, 0.684999942779541, 0.8259999752044678, 0.8360002040863037, 0.7069997787475586, 0.8940000534057617, 0.9940001964569092, 0.8110001087188721, 0.8090000152587891, 0.8190000057220459, 0.7799999713897705, 0.8840000629425049, 0.9069998264312744, 0.7760000228881836, 0.8629999160766602, 0.8539998531341553, 0.8340001106262207, 0.4869999885559082, 0.10199999809265137, 0.08300018310546875]",,forecast_sensitivity
