system,method,scenario_id,split,actual_case,forecast_case,horizon,gamma_Q,cost,perfect_cost,gap_percent,voltage_violation,solve_time_s,avg_step_time_s,max_step_time_s,solver_fail_count,timeout_count,completed,incomplete_reason,seed,solver_kind,solver_window,executed_steps,include_tail,max_steps,final_P_DG_5,final_SOC_BSS_9,step_costs_json,step_times_json,failure_message
33,MPC-3,80,test_id,id_actual,id_reliable,3,,1750.6988865261387,,,,51.231000900268555,1.067312518755595,12.805000066757202,0,0,True,,100080,pure_mpc,4,48,True,,1.0,0.1250000008052981,"[10.482018139143662, 14.052368896214753, 8.368416324427631, 11.555666360304798, 5.607606363758771, 9.201104499587116, 5.545716402509746, 10.481076291921031, 15.405441260602855, 5.951439941151344, 22.225361803920308, 27.206663364914398, 40.980445862796216, 26.457257634046854, 16.66519575758521, 5.837313129066636, 5.813144305224585, 4.579749779686162, 3.3464512541477394, 2.1132487292432884, 0.8801422047048304, 0.0, 0.0, 0.0, 1.2330379320254377, 6.108764882762916, 33.752673003789766, 22.35691814383785, 33.060406163603645, 38.91841369198173, 64.13651672877428, 79.5946397399563, 104.97452735523804, 131.6915575809789, 94.9222869791213, 117.67528952130216, 54.65258367496772, 52.93589535959376, 57.31782922899325, 64.87999558653438, 70.66968459823302, 72.55979420687555, 64.03571792036274, 68.24031938297485, 73.08466817711293, 64.7912945202977, 64.48228202774276, 61.867961814120115]","[0.5039999485015869, 1.4300000667572021, 0.2610001564025879, 7.368000030517578, 0.08300018310546875, 0.7010002136230469, 0.2890000343322754, 0.5869998931884766, 0.24300003051757812, 0.06100010871887207, 0.42100000381469727, 0.2239999771118164, 0.5720000267028809, 1.7060000896453857, 1.5220000743865967, 0.09999990463256836, 0.10299992561340332, 0.48600006103515625, 0.503000020980835, 0.039999961853027344, 0.03500008583068848, 0.47299981117248535, 0.3880000114440918, 0.04400014877319336, 1.5479998588562012, 12.805000066757202, 11.242999792098999, 2.2840001583099365, 1.871999979019165, 0.49900007247924805, 0.1269998550415039, 0.2890000343322754, 0.36100006103515625, 0.37400007247924805, 0.3400001525878906, 0.0820000171661377, 0.1679999828338623, 0.17699980735778809, 0.1549999713897705, 0.14599990844726562, 0.08299994468688965, 0.06800007820129395, 0.14700007438659668, 0.08999991416931152, 0.0840001106262207, 0.08100008964538574, 0.04700016975402832, 0.01699995994567871]",
33,MPC-5,80,test_id,id_actual,id_reliable,5,,1688.383861936713,,,,360.71299958229065,7.514854157964389,114.22399997711182,0,0,True,,100080,pure_mpc,6,48,True,,1.0,0.12500000203813483,"[10.482016945060398, 15.36092918577627, 13.850894621645246, 13.151143658027095, 5.6621126209833195, 8.455245822632968, 5.447463727408751, 9.333120222982853, 18.119058585327153, 12.580546011734954, 29.85818557120467, 27.20666336621545, 40.98044578467955, 12.447777790130488, 6.16615, 4.943738881420303, 5.971069839730987, 4.737810575918837, 3.504499747462748, 2.271284919006659, 1.0381660915660633, 0.0, 0.0, 0.0, 1.2330379489525063, 20.35364703457767, 36.65003427856402, 22.35691554905245, 33.060406290854885, 38.91841347558322, 64.13653709825053, 79.59462302012227, 94.22183337696184, 109.05977593006537, 72.29927010155987, 95.41301522185377, 54.65258581596501, 52.93589543260274, 57.317829245100185, 64.87999568966741, 70.66968459539933, 72.55979429568792, 64.035717939141, 68.24031933757966, 73.08466812910206, 64.79129456065371, 64.4822819381536, 61.86796166234691]","[5.317000150680542, 15.635999917984009, 20.646999835968018, 39.490999937057495, 2.0789999961853027, 22.481000185012817, 4.296000003814697, 29.688999891281128, 3.753999948501587, 11.781999826431274, 3.1410000324249268, 3.549999952316284, 3.3480000495910645, 7.259000062942505, 1.0069999694824219, 10.378000020980835, 0.7039999961853027, 0.08500003814697266, 0.7409999370574951, 0.7439999580383301, 0.7230000495910645, 0.5110001564025879, 4.940000057220459, 10.800000190734863, 1.933000087738037, 114.22399997711182, 20.47599983215332, 11.424000024795532, 3.190999984741211, 1.1519999504089355, 0.15400004386901855, 0.5539999008178711, 0.5809998512268066, 0.9240000247955322, 1.2829999923706055, 0.16100001335144043, 0.1679999828338623, 0.1700000762939453, 0.16499996185302734, 0.15400004386901855, 0.15600013732910156, 0.15000009536743164, 0.14399981498718262, 0.14499998092651367, 0.12599992752075195, 0.09099984169006348, 0.06200003623962402, 0.021999835968017578]",
33,MPC-7,80,test_id,id_actual,id_reliable,7,,1667.6646799909201,,,,1657.9630002975464,34.54089583953222,300.2279999256134,0,0,True,,100080,pure_mpc,8,48,True,,1.0,0.1250000022824648,"[10.48201604851235, 18.4827897151283, 14.990910376136583, 13.566753357673974, 5.883425537306248, 8.710129317871102, 5.747094557642912, 14.254628107773108, 22.232926448652833, 6.884738043574885, 25.078050740654326, 20.58603727622724, 40.98040975164869, 12.447741184402012, 6.166149933843153, 4.932727954205225, 5.954733026850719, 4.721327481377215, 3.4880179359037125, 2.2548043910641966, 1.0216868465907196, 0.0, 0.0, 0.0, 1.2330379877708562, 22.176599653271193, 36.65004220127037, 22.35691842092716, 33.06040642755465, 38.918413605210496, 64.13653716141059, 79.59463959043939, 87.60020421210795, 102.98885641154034, 65.1508837173819, 95.41301659964466, 54.65258360674725, 52.93589537865214, 57.317829197468306, 64.87999556144216, 70.66968458208083, 72.55979417961791, 64.03571793679602, 68.24031932179393, 73.08466811236967, 64.79129453781422, 64.48228192248214, 61.86796163208597]","[11.223000049591064, 300.2079999446869, 155.87400007247925, 300.14599990844727, 0.2649998664855957, 300.2279999256134, 3.502000093460083, 35.55799984931946, 17.10700011253357, 31.549999952316284, 16.41000008583069, 13.239000082015991, 32.49499988555908, 13.393999814987183, 13.551000118255615, 13.873000144958496, 1.6009998321533203, 1.0999999046325684, 1.2339999675750732, 1.7720000743865967, 1.628000020980835, 1.7119998931884766, 11.666000127792358, 30.41699981689453, 1.7960000038146973, 300.15300011634827, 17.83999991416931, 14.851999998092651, 1.5820000171661377, 1.8960001468658447, 1.6410000324249268, 1.2690000534057617, 0.9819998741149902, 0.2609999179840088, 1.5480000972747803, 0.2589998245239258, 0.24399995803833008, 1.1040000915527344, 1.2000000476837158, 0.33500003814697266, 0.24100017547607422, 0.25, 0.2350001335144043, 0.1830000877380371, 0.1490001678466797, 0.0989999771118164, 0.06500005722045898, 0.026000022888183594]",
33,Proposed-H3,80,test_id,id_actual,id_reliable,3,0.3,1386.6191620364643,,,,31.141000509262085,0.6487708439429601,1.9030001163482666,0,0,True,,100080,proposed,4,48,True,,1.0,0.12499999981117517,"[43.16148344873406, 14.053861265932571, 8.368419654139988, 5.053511879461315, 6.16615, 6.16615, 6.16615, 6.16615, 7.330089962287649, 6.16615, 13.461580328103064, 26.219052834765776, 40.980445788473354, 16.12518959736911, 12.972088114895513, 6.16615, 6.16615, 6.16615, 4.932728, 4.044063791517877, 3.699402, 3.699402, 3.699402, 3.699402, 4.932727378501924, 6.16615, 6.16615, 6.16615, 6.16615, 6.16615, 20.01665753411342, 35.06517133887761, 60.09969840036587, 89.8355107266273, 62.78159649500154, 95.41301522094275, 44.62368401531272, 46.52232480053309, 49.60749733533076, 59.484908097193454, 64.57470454428336, 70.71950200196392, 62.23505324030902, 67.39557044524967, 71.9332368516398, 64.3245392396767, 64.03052414516628, 61.36316755969478]","[1.9030001163482666, 0.5959999561309814, 0.6029999256134033, 0.7609999179840088, 0.6800000667572021, 0.8190000057220459, 0.7269999980926514, 0.5380001068115234, 0.08099985122680664, 0.48199987411499023, 0.7290000915527344, 0.7200000286102295, 0.6779999732971191, 0.6579999923706055, 0.695000171661377, 0.5850000381469727, 0.6640000343322754, 0.7010002136230469, 0.6840000152587891, 0.6040000915527344, 0.5509998798370361, 0.5230000019073486, 0.627000093460083, 0.6190001964569092, 0.7419998645782471, 0.5540001392364502, 0.7119998931884766, 0.6730000972747803, 0.5959999561309814, 1.4909999370574951, 0.684999942779541, 0.6929998397827148, 0.6190001964569092, 0.6400001049041748, 0.627000093460083, 0.753000020980835, 0.6089999675750732, 0.7170000076293945, 0.6119999885559082, 0.6639997959136963, 0.6460001468658447, 0.6559998989105225, 0.6430001258850098, 0.6959998607635498, 0.684999942779541, 0.10699987411499023, 0.07000017166137695, 0.023000001907348633]",
33,MPC-3,81,test_id,id_actual,id_reliable,3,,1667.9582633958096,,,,57.13700032234192,1.1903541733821232,9.835999965667725,0,0,True,,100081,pure_mpc,4,48,True,,1.0,0.12500000058713587,"[23.33884271283026, 7.390408816428465, 3.699401771531471, 8.93443076675958, 5.450661963250343, 14.14520746052375, 5.737565109656372, 9.095700733370027, 9.439754879939173, 9.317248530289076, 20.112155833198425, 26.715228198149703, 27.458468670769697, 29.62071317392268, 10.121871532716908, 5.704481545808442, 5.415104064173082, 4.181740518872682, 2.9484729740722564, 1.715301428771817, 0.4822258834713777, 0.0, 0.0, 0.0, 12.423839792106653, 35.772241609514694, 3.699401869669616, 18.43853891215748, 19.313460069585496, 35.38642202217725, 61.300789238477044, 87.90200543783754, 97.56779739148308, 103.04618075989454, 116.6989121309942, 112.77750304094592, 55.66889373535791, 66.0181679097315, 59.95167389291488, 77.0961950509157, 71.97509155253145, 61.191993704990054, 49.728950925218655, 56.06499556556008, 57.327933388668214, 55.14839296073207, 60.271744480934466, 62.162151384905414]","[0.0820000171661377, 3.3259999752044678, 0.09800004959106445, 7.996999979019165, 0.3339998722076416, 1.2260000705718994, 0.09100008010864258, 0.6610000133514404, 1.4520001411437988, 0.9720001220703125, 0.4010000228881836, 0.23199987411499023, 2.238999843597412, 0.4200000762939453, 1.9739999771118164, 0.3900001049041748, 0.13000011444091797, 0.45399999618530273, 0.046000003814697266, 0.46200013160705566, 0.4160001277923584, 0.44700002670288086, 4.397000074386597, 3.2699999809265137, 9.835999965667725, 5.943000078201294, 0.28799986839294434, 2.074000120162964, 2.868000030517578, 1.0769999027252197, 0.437000036239624, 0.1510000228881836, 0.09400010108947754, 0.5090000629425049, 0.10899996757507324, 0.10099983215332031, 0.19499993324279785, 0.09499979019165039, 0.24600005149841309, 0.10899996757507324, 0.09200000762939453, 0.26600003242492676, 0.21300005912780762, 0.2820000648498535, 0.2569999694824219, 0.27899980545043945, 0.07699990272521973, 0.02200007438659668]",
33,MPC-5,81,test_id,id_actual,id_reliable,5,,1650.061631646733,,,,726.8999998569489,15.143749997019768,300.1619999408722,0,0,True,,100081,pure_mpc,6,48,True,,1.0,0.125000002241488,"[23.338816395523214, 7.3904081226386475, 3.6994019458198215, 12.372163642381594, 5.636845782858764, 14.778428636149991, 5.740925940424139, 8.64010928907917, 12.804246690795598, 17.619801868002824, 25.79061738388767, 26.715226899078367, 27.458468473727656, 15.842747892256561, 4.93272820900452, 5.304499253582624, 5.3581769122226675, 4.124965512495477, 2.8917023865104725, 1.658535260525468, 0.42546413454046356, 0.0, 0.0, 0.12448492688580175, 26.439825464332117, 35.88730970182844, 6.265239122996431, 16.72389008133529, 19.31347454853349, 35.38642214422073, 61.30078937274705, 87.90200557239214, 97.5677977452242, 91.58451609123306, 105.15907249141512, 101.2763286811626, 55.668893823335495, 66.018167926889, 59.95167762227661, 77.09619504386578, 71.97509156347051, 61.19199718960512, 49.72895100605658, 56.06499887196564, 57.32793343515706, 55.14839297041096, 60.27174443941907, 62.16215117846945]","[12.468000173568726, 8.329999923706055, 0.6919999122619629, 33.543999910354614, 4.11299991607666, 31.01799988746643, 0.18400001525878906, 29.95799994468689, 11.881999969482422, 7.859999895095825, 9.301000118255615, 7.2820000648498535, 0.997999906539917, 0.5889999866485596, 2.930999994277954, 4.888999938964844, 7.697999954223633, 0.08499979972839355, 0.7829999923706055, 0.7480001449584961, 0.752000093460083, 300.1619999408722, 23.401000022888184, 18.421000003814697, 87.89900016784668, 38.59499979019165, 28.5479998588562, 19.48300004005432, 21.45300006866455, 1.1740000247955322, 0.9589998722076416, 0.8239998817443848, 0.8599998950958252, 1.0529999732971191, 0.6749999523162842, 0.17400002479553223, 0.1940000057220459, 0.15999984741210938, 0.17300009727478027, 0.19300007820129395, 0.1679999828338623, 0.19100022315979004, 3.7120001316070557, 0.17400002479553223, 1.755000114440918, 0.2970001697540283, 0.07200002670288086, 0.02500009536743164]",
33,MPC-7,81,test_id,id_actual,id_reliable,7,,1595.3342275148598,,,,1432.3360004425049,29.840333342552185,300.3789999485016,0,0,True,,100081,pure_mpc,8,48,True,,1.0,0.12500000209476145,"[24.56868830080551, 7.390408091995546, 3.6994019595521426, 13.726458984731249, 5.81283913304242, 15.338437404050028, 6.190823176261931, 13.87865511312733, 18.151871402305837, 15.234658003035323, 18.24678007731729, 26.7152263227853, 27.458468473727244, 15.842747686350576, 4.932728, 4.97471663538905, 5.0269875851910735, 3.7936542484925013, 2.5604169122938734, 1.3272755755952623, 0.5529083324523021, 0.0, 0.0, 0.7078618892185049, 24.14899185014776, 27.828226049621556, 4.40742922678492, 8.696639373595614, 19.313449912928643, 35.38642252523417, 61.30078937611317, 87.90200549692644, 90.13006927418985, 80.97364045005992, 94.29029107362206, 92.21806456592383, 55.66889396866289, 66.01816791452367, 59.951677632394194, 77.09619503327649, 71.97509155745723, 61.1919972876189, 49.72895091347545, 56.064998854492465, 57.32793332690378, 55.14839289718441, 60.271744449236714, 62.1621511967654]","[106.18700003623962, 3.1000001430511475, 1.5350000858306885, 300.0940001010895, 1.1979999542236328, 115.08200001716614, 94.00200009346008, 45.2039999961853, 37.026999950408936, 48.604000091552734, 13.401999950408936, 13.595999956130981, 1.5130000114440918, 14.7260000705719, 5.378000020980835, 12.696999788284302, 14.56000018119812, 1.4560000896453857, 1.814000129699707, 8.936999797821045, 91.8970000743866, 9.497999906539917, 16.38100004196167, 16.127000093460083, 300.3789999485016, 49.42300009727478, 21.686000108718872, 39.99900007247925, 32.27900004386902, 1.377000093460083, 1.4250001907348633, 2.244999885559082, 1.3229999542236328, 1.0950000286102295, 0.2720000743865967, 0.2869999408721924, 0.7690000534057617, 0.2719998359680176, 0.7300000190734863, 0.24399995803833008, 0.25300002098083496, 0.9939999580383301, 0.6840000152587891, 0.19299983978271484, 2.009999990463257, 0.27899980545043945, 0.07699990272521973, 0.026000022888183594]",
33,Proposed-H3,81,test_id,id_actual,id_reliable,3,0.3,1301.2690372024251,,,,29.37299919128418,0.6119374831517538,1.622999906539917,0,0,True,,100081,proposed,4,48,True,,1.0,0.12499999981141227,"[56.388190995543376, 7.390410437214501, 3.699402, 4.932728, 6.16615, 6.16615, 6.16615, 6.16615, 6.16615, 6.16615, 11.695979969374584, 25.921240208581402, 27.45846851933647, 18.577783393244765, 7.401639973242143, 6.16615, 6.16615, 6.16615, 5.732822301216129, 4.499434028230828, 4.138088172268393, 3.6994020000000005, 3.699402, 4.310626168303408, 5.543999745487659, 6.16615, 5.578491842845432, 6.16615, 6.16615, 6.16615, 17.36443354626413, 43.32232239033185, 52.60633409931632, 58.86134272673081, 84.77806373386991, 92.19756462657003, 38.79599308873799, 54.21098270011677, 48.40901378561827, 70.46567554687498, 67.09182961544437, 56.12854893872791, 48.60447589464397, 56.06499294325767, 55.534300617893784, 53.889282416625015, 59.95374197110582, 62.16207880540659]","[0.28999996185302734, 0.7929999828338623, 0.570000171661377, 0.6749999523162842, 0.684999942779541, 0.6419999599456787, 0.1119999885559082, 0.12999987602233887, 0.5730001926422119, 0.557999849319458, 0.687999963760376, 0.744999885559082, 0.6560001373291016, 0.625999927520752, 0.5720000267028809, 0.687000036239624, 1.622999906539917, 0.6189999580383301, 0.6779999732971191, 0.6710000038146973, 0.6450002193450928, 0.4700000286102295, 0.5720000267028809, 0.7219998836517334, 0.7439999580383301, 0.18799996376037598, 0.7070000171661377, 0.5909998416900635, 0.7160000801086426, 1.6059999465942383, 0.6319999694824219, 0.5929999351501465, 0.6729998588562012, 0.624000072479248, 0.7139999866485596, 0.7620000839233398, 0.6629998683929443, 0.7460000514984131, 0.6399998664855957, 0.6649999618530273, 0.6720001697540283, 0.6109998226165771, 0.625999927520752, 0.25099992752075195, 0.5750000476837158, 0.2720000743865967, 0.07299995422363281, 0.026999950408935547]",
33,MPC-3,82,test_id,id_actual,id_reliable,3,,1618.251724660957,,,,51.4529983997345,1.0719374666611354,14.340999841690063,0,0,True,,100082,pure_mpc,4,48,True,,1.0,0.1250000024781391,"[21.164019106972173, 4.58127717687117, 4.237034864826845, 4.805004447301543, 5.195224491855499, 8.842902906693404, 6.164347087592464, 13.946681696647607, 11.612423185860006, 10.334146900229378, 19.352682894474718, 22.435058565929495, 30.47539005487299, 24.662072920377895, 32.710471386029326, 8.18428723000262, 5.546259201509577, 5.7277285715849375, 4.494340694051879, 3.2610488170182688, 2.0278530438646274, 0.794753166323405, 0.0, 0.0, 1.233037664253865, 2.466171537664898, 18.440951561296874, 15.654385243693113, 32.48419504357457, 34.31307730816358, 43.688877934058624, 78.23701948097361, 90.94720657236145, 105.37248931292724, 122.63816276992108, 107.09388065519072, 46.966722266149915, 64.43558174903023, 62.95687576798267, 60.52193234823306, 62.362120390659, 58.54338428264624, 52.16307865533275, 54.43324260972327, 64.02372908867939, 58.76931450120859, 69.06454600086943, 60.88673350547301]","[0.26399993896484375, 2.3630001544952393, 3.628000020980835, 0.32899999618530273, 0.34800004959106445, 3.1529998779296875, 0.0690000057220459, 0.307999849319458, 1.1519999504089355, 0.9509999752044678, 1.1599998474121094, 0.8659999370574951, 0.5119998455047607, 1.126000165939331, 0.2350001335144043, 2.682999849319458, 0.11899995803833008, 0.5370001792907715, 0.437999963760376, 0.05000019073486328, 0.04999995231628418, 0.4270000457763672, 0.039999961853027344, 0.442000150680542, 2.6449999809265137, 2.2939999103546143, 14.340999841690063, 4.671999931335449, 1.3650000095367432, 0.8509998321533203, 0.4140000343322754, 0.5419998168945312, 0.30500006675720215, 0.42599987983703613, 0.11500000953674316, 0.12299990653991699, 0.26199984550476074, 0.10199999809265137, 0.18899989128112793, 0.1940000057220459, 0.2709999084472656, 0.10500001907348633, 0.20299983024597168, 0.17299985885620117, 0.2590000629425049, 0.2589998245239258, 0.06599998474121094, 0.026999950408935547]",
33,MPC-5,82,test_id,id_actual,id_reliable,5,,1574.0928146275207,,,,642.424998998642,13.38385414580504,300.2349998950958,0,0,True,,100082,pure_mpc,6,48,True,,1.0,0.12500000172248857,"[21.164010342894045, 4.581274805109022, 4.237034864831119, 4.932727779656723, 5.521903050418817, 9.693212969780198, 6.708347918580062, 12.934514728105125, 15.073248884149102, 19.22007374674228, 25.723188217430113, 11.454466419895267, 30.475387075430213, 13.79365400959892, 24.342684997287385, 8.184262602808552, 5.623352838864054, 5.968706362676409, 4.735299729655141, 3.501989107140547, 2.2687744747524543, 1.035655842730302, 0.0, 0.0, 0.8050664813638522, 11.20830127617318, 28.377911210328705, 21.54936163157568, 38.392282828106424, 34.31307782677456, 43.68887801851877, 78.23701961897608, 84.86386772861327, 85.4865696109986, 103.17931940947584, 87.69008974627835, 46.96672598628862, 64.43558194484297, 62.956880352462214, 60.52195564984633, 62.36212185618686, 58.54338443788241, 52.163078833706045, 54.43324274175982, 64.0237323470249, 58.769314662139315, 69.06454605999362, 60.88673359966859]","[12.027999877929688, 12.550000190734863, 6.190000057220459, 4.408999919891357, 4.821999788284302, 31.042999982833862, 20.073999881744385, 14.380000114440918, 16.759999990463257, 6.360000133514404, 2.8580000400543213, 1.9169998168945312, 10.401999950408936, 5.994999885559082, 4.351999998092651, 9.467000007629395, 0.7379999160766602, 7.9720001220703125, 0.8970000743865967, 21.21299982070923, 1.3040001392364502, 10.147000074386597, 7.0959999561309814, 10.849999904632568, 1.249000072479248, 300.2349998950958, 76.50599980354309, 18.11899995803833, 4.5929999351501465, 7.38100004196167, 3.36299991607666, 0.8249998092651367, 1.2019999027252197, 1.1979999542236328, 0.17200016975402832, 1.1109998226165771, 0.2070000171661377, 0.20399999618530273, 0.24300003051757812, 0.19299983978271484, 0.22900009155273438, 0.19900012016296387, 0.504000186920166, 0.19099998474121094, 0.20600008964538574, 0.372999906539917, 0.06999993324279785, 0.0279998779296875]",
33,MPC-7,82,test_id,id_actual,id_reliable,7,,1538.3360136034592,,,,1655.233999490738,34.48404165605704,300.1749999523163,0,0,True,,100082,pure_mpc,8,48,True,,1.0,0.12500000201514425,"[22.513985727912367, 4.581277178351094, 4.237034864832471, 4.932701431738836, 5.648754048706879, 10.646828914104212, 9.75767136429818, 17.95686541414071, 19.731330482162512, 18.853600981708198, 17.837881377207328, 6.16615, 30.475389875159884, 11.42209813680133, 21.982594259138715, 8.169785229406386, 5.6233529724772655, 5.968705361023186, 4.735298728505614, 3.5019881098608288, 2.268773477550366, 1.0356548611448342, 0.0, 7.504990843309723e-07, 17.257578977601845, 14.31168793994937, 22.47315704934466, 15.654368704561204, 32.48419533070987, 34.31307794896116, 43.68887206925243, 78.23701898193954, 75.9439983198033, 71.47999356698651, 93.19887437427975, 86.11816425118187, 46.966725854802306, 64.43558196626871, 62.956880354542044, 60.52195565144205, 62.362124018122024, 58.54338461703824, 52.16308080718347, 54.43324270798591, 64.02373232813179, 58.76931463654226, 69.0645460369138, 60.88673356318473]","[195.26600003242493, 5.182999849319458, 6.644000053405762, 0.31800007820129395, 2.632999897003174, 170.5640001296997, 99.56599998474121, 50.2720000743866, 42.47499990463257, 21.11400008201599, 12.537999868392944, 1.9549999237060547, 1.7839999198913574, 18.604000091552734, 13.125999927520752, 47.12599992752075, 1.4509999752044678, 7.9090001583099365, 2.2990000247955322, 24.044999837875366, 15.011000156402588, 300.1749999523163, 9.389999866485596, 29.147000074386597, 167.1470000743866, 300.17000007629395, 52.38900017738342, 16.881999969482422, 1.806999921798706, 9.901999950408936, 16.437999963760376, 1.7079999446868896, 1.6329998970031738, 1.4100000858306885, 0.24699997901916504, 1.497999906539917, 1.1949999332427979, 0.3039999008178711, 0.33299994468688965, 0.33499979972839355, 0.8949999809265137, 1.1990001201629639, 0.2910001277923584, 0.21700000762939453, 0.17600011825561523, 0.34999990463256836, 0.07500004768371582, 0.037999868392944336]",
33,Proposed-H3,82,test_id,id_actual,id_reliable,3,0.3,1276.1064481778747,,,,33.360000133514404,0.69500000278155,2.1410000324249268,0,0,True,,100082,proposed,4,48,True,,1.0,0.12499999981132646,"[54.16867974900008, 37.16718616411767, 4.2370382744830435, 4.932728, 6.16615, 6.16615, 6.16615, 6.16615, 6.16615, 6.16615, 6.16615, 6.16615, 30.475389874991485, 10.270849030151787, 15.147629766188768, 6.16615, 6.16615, 6.16615, 6.16615, 6.024562849308485, 4.791151872327006, 3.699402, 3.699402, 4.792888361934694, 5.685820788459104, 5.98231574078422, 6.16615, 6.16615, 6.16615, 6.16615, 6.16615, 33.71562141846153, 46.01467197418997, 60.24786778949322, 93.19887296780726, 86.11816424914917, 33.67453139584062, 54.00191741106469, 52.60337676746867, 52.52096022862197, 56.13987623511849, 57.753697108551634, 50.33627833962586, 53.98972155723634, 63.51256667805741, 57.52778363198515, 68.39394622790797, 60.45699972554794]","[2.1410000324249268, 1.5230000019073486, 0.12100005149841309, 0.07899999618530273, 0.5439999103546143, 0.5199999809265137, 0.5469999313354492, 0.5969998836517334, 0.17499995231628418, 0.0820000171661377, 0.5839998722076416, 0.7300000190734863, 0.6630001068115234, 0.6400001049041748, 0.5829999446868896, 0.7100000381469727, 0.7809998989105225, 0.7100000381469727, 0.812000036239624, 0.7610001564025879, 0.6590001583099365, 0.6420001983642578, 0.687000036239624, 0.8209998607635498, 0.7719998359680176, 0.7880001068115234, 0.7160000801086426, 1.7850000858306885, 0.7090001106262207, 1.440999984741211, 0.7349998950958252, 0.75, 0.7159998416900635, 0.7220001220703125, 0.7630000114440918, 0.7709999084472656, 0.8020000457763672, 0.8250000476837158, 0.7649998664855957, 0.742999792098999, 0.7079999446868896, 0.7289998531341553, 0.7090001106262207, 0.7270002365112305, 0.1700000762939453, 0.2969999313354492, 0.0710000991821289, 0.03399991989135742]",
33,MPC-3,83,test_id,id_actual,id_reliable,3,,1699.9911551342036,,,,57.04599857330322,1.1884583036104839,15.615999937057495,0,0,True,,100083,pure_mpc,4,48,True,,1.0,0.12500000072835343,"[17.22111724901206, 9.508726749618866, 4.735440789440922, 4.932727793851666, 7.655447487818503, 5.3435867782300175, 11.302352713955894, 11.653234191184538, 6.16615, 6.957033541349288, 14.98685303464027, 24.27294614820901, 35.662218395945054, 23.609158989352885, 15.717898413198236, 18.26679216730212, 6.013648753266802, 4.780238622376002, 3.5469244914852016, 2.3137063605944013, 1.0805842297036004, 0.0, 0.0, 0.0, 1.2330379239939664, 28.72123120756221, 3.6994019225931853, 12.170584097659278, 32.21083161560226, 48.646087866041825, 62.45512982918797, 87.2329897675786, 112.7678088707163, 117.22389964070793, 133.56576944302623, 113.76993401219757, 51.410253857969344, 41.7570805655694, 59.404902392938915, 63.02261592292367, 56.865600177675475, 62.758635722043955, 64.53189047034198, 67.05815803756214, 63.26342737165204, 62.00681220977322, 59.303004235332054, 59.18528107301832]","[0.7239999771118164, 0.9160001277923584, 5.628999948501587, 0.08299994468688965, 3.741999864578247, 0.3900001049041748, 1.4830000400543213, 0.36699986457824707, 0.7050001621246338, 4.787999868392944, 0.6010000705718994, 0.7100000381469727, 0.6119999885559082, 1.9279999732971191, 6.807999849319458, 0.4629998207092285, 0.13699984550476074, 0.47299981117248535, 0.5139999389648438, 0.4960000514984131, 0.5, 0.053999900817871094, 0.05900001525878906, 0.046000003814697266, 1.6180000305175781, 15.615999937057495, 0.14499998092651367, 2.2269999980926514, 1.556999921798706, 0.45600008964538574, 0.14600014686584473, 0.0969998836517334, 0.38299989700317383, 0.12799978256225586, 0.11399984359741211, 0.12199997901916504, 0.2890000343322754, 0.2349998950958252, 0.26799988746643066, 0.10899996757507324, 0.2910001277923584, 0.2109999656677246, 0.10100007057189941, 0.10899996757507324, 0.21000003814697266, 0.2799999713897705, 0.07899999618530273, 0.026999950408935547]",
33,MPC-5,83,test_id,id_actual,id_reliable,5,,1642.8807481830104,,,,603.249000787735,12.567687516411146,300.0920000076294,0,0,True,,100083,pure_mpc,6,48,True,,1.0,0.12500000177177223,"[17.22111725048292, 9.508727408083073, 8.580267915872065, 4.932727875725241, 7.667867366543995, 5.415431470295256, 11.401127563180491, 11.614190579354478, 8.672613936601465, 15.603045468150546, 20.238406474014294, 12.463559535699003, 35.66221691352273, 11.419995293065263, 11.128532968389287, 18.26679034656666, 6.05735105951177, 4.8239375277024905, 3.5907932280375476, 2.3575716823178037, 1.12444613659806, 0.0, 0.0, 0.0, 1.2330379593085599, 30.95346699340683, 9.693243135066979, 12.170581171085054, 32.21082130056014, 48.64608802800604, 62.45512988596061, 87.23298983961806, 108.74035012566681, 100.99134484298902, 114.96328820864768, 95.27201924479988, 51.41025393208679, 41.75708060750661, 59.404906208005954, 63.02261601695683, 56.865603790984515, 62.75863567257373, 64.5318904617973, 67.05815802250314, 63.26342738465706, 62.00681226244133, 59.303004145563406, 59.185280943103514]","[4.754999876022339, 7.13700008392334, 19.67199993133545, 0.4310002326965332, 41.1489999294281, 0.9739999771118164, 20.344000101089478, 24.23800015449524, 17.05999994277954, 13.835999965667725, 4.371000051498413, 3.6720001697540283, 9.5, 11.13700008392334, 9.55299997329712, 8.918999910354614, 1.0980000495910645, 1.1159999370574951, 0.09299993515014648, 0.9839999675750732, 1.0310001373291016, 11.699000120162964, 11.171000003814697, 12.16599988937378, 2.4560000896453857, 20.10199999809265, 300.0920000076294, 26.29200005531311, 6.074999809265137, 1.4809999465942383, 1.1170001029968262, 1.3299999237060547, 0.9409999847412109, 0.8720002174377441, 0.20399999618530273, 0.1809999942779541, 0.1809999942779541, 3.9790000915527344, 0.2200000286102295, 0.21600008010864258, 0.20099997520446777, 0.1919999122619629, 0.2070000171661377, 0.20000004768371582, 0.17200016975402832, 0.312000036239624, 0.08299994468688965, 0.03699994087219238]",
33,MPC-7,83,test_id,id_actual,id_reliable,7,,1638.7697157431462,,,,1515.864999294281,31.580520818630855,300.2430000305176,0,0,True,,100083,pure_mpc,8,48,True,,1.0,0.1250000019254344,"[17.221117546014437, 13.100262013943185, 11.965453025544107, 4.932725935356503, 8.43379693211366, 5.474712872954419, 13.345529403638935, 16.063672776938482, 9.064476687272958, 12.595168446632524, 13.924862448805678, 6.298444084331625, 35.662218037092906, 11.42005213567272, 11.128489910766266, 18.266794611153337, 6.057351058462131, 4.823937526652929, 3.5907932499919157, 2.357571704904465, 1.1244461601829767, 0.0, 0.0, 0.0, 19.137244290176934, 30.953485158871988, 9.69326535542774, 12.170599190937013, 32.21083206832038, 48.64608812824112, 62.45512991842892, 87.23298975171187, 103.45113593317855, 95.48906096252139, 109.7864242944761, 90.1239147847355, 51.410254079253306, 41.75708051258391, 59.40490613996826, 63.02261592857613, 56.86560381998387, 62.75863571110594, 64.53189045950951, 67.05815801075101, 63.26342737543919, 62.006812254195474, 59.30300412234259, 59.18528092398365]","[82.64399981498718, 99.8840000629425, 300.2430000305176, 0.24099993705749512, 214.62799978256226, 1.4900000095367432, 23.20799994468689, 26.4689998626709, 35.30200004577637, 25.901999950408936, 20.698999881744385, 16.60800004005432, 17.032999992370605, 74.90300011634827, 14.5, 14.730999946594238, 1.5420000553131104, 1.6489999294281006, 0.1099998950958252, 14.289000034332275, 9.441999912261963, 8.589999914169312, 41.78200006484985, 20.636000156402588, 300.15399980545044, 53.73800015449524, 46.723999977111816, 20.808000087738037, 6.453999996185303, 4.828999996185303, 1.6040000915527344, 4.614000082015991, 2.181999921798706, 1.4519999027252197, 0.3149998188018799, 0.32200002670288086, 0.29799985885620117, 1.246999979019165, 1.1629998683929443, 0.2760000228881836, 0.9449999332427979, 1.1170001029968262, 0.27300000190734863, 0.22300004959106445, 0.16700005531311035, 0.31100010871887207, 0.09500002861022949, 0.029000043869018555]",
33,Proposed-H3,83,test_id,id_actual,id_reliable,3,0.3,1339.853199514662,,,,34.667999505996704,0.7222499897082647,1.7719998359680176,0,0,True,,100083,proposed,4,48,True,,1.0,0.12499999980965268,"[50.12685996989731, 9.508726734660915, 4.73544379016032, 4.932728, 6.16615, 6.16615, 6.16615, 6.16615, 6.16615, 6.16615, 6.16615, 13.781051998109925, 35.66221807414398, 15.509389825716617, 15.206413578899863, 18.26679491429411, 6.16615, 6.16615, 4.932728, 4.842236535314872, 3.940563822422171, 3.699402, 3.699402, 3.699402, 4.932728, 6.16615, 6.16615, 6.16615, 6.16615, 6.16615, 18.575295999775527, 42.488215145457325, 67.40206568651269, 71.5876101505111, 100.34492409684313, 88.17364695598759, 40.60385227630487, 35.118683889253894, 50.164885131704075, 57.614242441002595, 53.55132297485403, 58.671891466528876, 62.99111035667721, 66.13058484608815, 62.91730477951729, 62.006810796683375, 58.52328556669485, 59.185277710645636]","[0.2710001468658447, 0.9960000514984131, 0.6689999103546143, 0.7950000762939453, 0.7990000247955322, 0.7929999828338623, 0.7539999485015869, 0.627000093460083, 0.12599992752075195, 0.5930001735687256, 0.7419998645782471, 0.8029999732971191, 0.7009999752044678, 0.7300000190734863, 0.7390000820159912, 0.7269999980926514, 0.7139999866485596, 0.6940000057220459, 0.7430000305175781, 0.7349998950958252, 1.0290000438690186, 0.14499998092651367, 0.6690001487731934, 0.7170000076293945, 0.9679999351501465, 0.7669999599456787, 0.7760000228881836, 0.7809998989105225, 1.7719998359680176, 0.9289999008178711, 0.681999921798706, 0.7829999923706055, 0.7330000400543213, 0.7260000705718994, 0.8669998645782471, 0.872999906539917, 0.8059999942779541, 0.817000150680542, 0.7829999923706055, 0.682999849319458, 0.7750000953674316, 0.8599998950958252, 0.8029999732971191, 0.8859999179840088, 0.8420000076293945, 0.32899999618530273, 0.0840001106262207, 0.031999826431274414]",
33,MPC-3,84,test_id,id_actual,id_reliable,3,,1798.6969717240127,,,,62.162001848220825,1.2950417051712673,7.006999969482422,0,0,True,,100084,pure_mpc,4,48,True,,1.0,0.12500000114781143,"[11.655567806289627, 14.311011842018518, 3.985095847071901, 4.932727545160164, 10.645077195747982, 8.48353156652071, 6.146199792240929, 9.075404225275197, 8.907879218090798, 13.453599484091637, 19.469943462337778, 25.310760218958336, 22.907544587456556, 29.759123218614008, 14.031487801318875, 6.159752799174465, 5.916450674015457, 4.96004188538894, 3.726713759407092, 2.4934817156840245, 1.2603455903297227, 0.02730546534135357, 0.0, 3.146504687417533e-08, 1.2330379602656676, 28.953951610260436, 1.9141936133780528, 19.928363681322814, 54.52254350074213, 71.97326002277262, 61.81727502109704, 92.68380766956787, 116.63224115458183, 115.3078795725327, 134.5490854727039, 117.99201957399002, 48.69537527103896, 70.74847479734916, 58.406262358540026, 64.52794379999636, 57.11362589164803, 68.14666654820765, 65.11401899931039, 66.81908258660636, 55.73902130606435, 68.87507628132533, 65.60078629372933, 63.7839330049821]","[3.3389999866485596, 3.2960000038146973, 4.585999965667725, 0.34599995613098145, 2.9519999027252197, 3.555000066757202, 0.09400010108947754, 2.865000009536743, 2.2700002193450928, 1.6470000743865967, 0.5099999904632568, 0.30699992179870605, 4.818000078201294, 0.4550001621246338, 1.253999948501587, 0.3819999694824219, 0.09000015258789062, 4.3500001430511475, 0.5410001277923584, 0.0559999942779541, 0.04399991035461426, 0.04500007629394531, 7.006999969482422, 1.8670001029968262, 0.9079999923706055, 6.914999961853027, 0.8700001239776611, 3.4189999103546143, 0.7280001640319824, 0.14100003242492676, 0.14800000190734863, 0.11700010299682617, 0.11999988555908203, 0.1700000762939453, 0.1230001449584961, 0.11800003051757812, 0.2220001220703125, 0.10300016403198242, 0.23199987411499023, 0.11600017547607422, 0.2089998722076416, 0.0970001220703125, 0.13299989700317383, 0.11299991607666016, 0.2800002098083496, 0.11400008201599121, 0.05800008773803711, 0.032000064849853516]",
33,MPC-5,84,test_id,id_actual,id_reliable,5,,1730.1780719284827,,,,456.92799949645996,9.519333322842916,70.25400018692017,0,0,True,,100084,pure_mpc,6,48,True,,1.0,0.12499999980976954,"[11.655567209291611, 15.736468490398408, 3.985079968604709, 4.9312578854163975, 12.214965082057084, 9.143089759336528, 6.16615, 8.468016687274805, 12.446411652967765, 22.25228424720533, 27.920744088000966, 23.610759644406095, 22.90754591394026, 15.105780322425705, 5.719986302281337, 6.1223135805153115, 5.4701953734088535, 4.590576966288861, 3.431152520285586, 2.1979434013586796, 0.9648302824317723, 0.0, 0.0, 0.0, 1.2330379482319935, 28.95392225127054, 1.9141936228282928, 19.928360465638082, 54.522543401686036, 71.97325995351459, 61.817275059399456, 92.68380767691283, 111.75793249881755, 96.19404109919384, 113.51306105804636, 97.07514613678747, 48.695375377146334, 70.74847482801644, 58.406284962028856, 64.52794272359529, 57.11549066252427, 68.146665857168, 65.11224292549342, 66.81908245634718, 55.73902081948799, 68.8750754816895, 65.60078503899261, 63.783930245769874]","[5.480000019073486, 20.169999837875366, 11.07800006866455, 0.15899991989135742, 32.03699994087219, 60.80399990081787, 14.983999967575073, 22.917999982833862, 15.202000141143799, 6.019999980926514, 2.312000036239624, 5.947000026702881, 1.0969998836517334, 37.25800013542175, 1.121000051498413, 9.83299994468689, 10.563999891281128, 9.340999841690063, 13.651000022888184, 0.9210000038146973, 0.9270000457763672, 6.175999879837036, 22.008999824523926, 24.80999994277954, 5.809000015258789, 70.25400018692017, 3.927999973297119, 31.591000080108643, 1.241999864578247, 0.8510000705718994, 0.6440000534057617, 2.192000150680542, 1.0120000839233398, 1.192000150680542, 0.19099998474121094, 0.21399998664855957, 0.5699999332427979, 0.21399998664855957, 0.25099992752075195, 0.1919999122619629, 0.23000001907348633, 0.17499995231628418, 0.20600008964538574, 0.1940000057220459, 0.7669999599456787, 0.10099983215332031, 0.05900001525878906, 0.029999971389770508]",
33,MPC-7,84,test_id,id_actual,id_reliable,7,,1644.6649769921903,,,,1348.8950006961823,28.101979181170464,300.21600008010864,0,0,True,,100084,pure_mpc,8,48,True,,1.0,0.12499999980975743,"[11.655568693029798, 18.699923069686868, 7.696688305394307, 4.931074258468873, 12.231585594289013, 8.963561667377078, 7.685725772769027, 13.33506309363883, 13.217813760774344, 23.350586926583574, 25.854704198898787, 10.120750455409071, 22.907545913945476, 15.105825180196925, 5.719985890025314, 6.1223113192758065, 5.538941839997474, 4.568106468789065, 3.408208462106057, 2.175001129840658, 0.9418897979412442, 0.0, 0.3625742039011361, 0.9060619552542362, 2.139170461046, 16.456198987680313, 2.9735980698049054, 5.3435444884924355, 39.85780140503954, 64.30435515854957, 61.81727506744978, 92.68380744311952, 102.11603159011327, 86.03944032552948, 103.73632209023289, 88.1276654984322, 48.695412269231866, 70.7484746647971, 58.40626184148709, 64.52794260897736, 57.11362522980135, 68.1466661261077, 65.11399163224668, 66.81908245611139, 55.73902082036422, 68.8750754858287, 65.600785047404, 63.78393026674989]","[8.888000011444092, 300.21600008010864, 109.92300009727478, 0.2780001163482666, 300.1399998664856, 91.3989999294281, 34.59600019454956, 46.5460000038147, 22.944000005722046, 20.241000175476074, 17.543999910354614, 22.66700005531311, 1.7929999828338623, 73.3050000667572, 6.573999881744385, 8.74399995803833, 2.515000104904175, 11.819000005722046, 23.259000062942505, 1.9769999980926514, 14.287999868392944, 67.13299989700317, 20.736000061035156, 22.280999898910522, 4.8440001010894775, 67.77799987792969, 1.7119998931884766, 27.074000120162964, 1.6729998588562012, 1.7029998302459717, 1.429999828338623, 1.3799998760223389, 1.186000108718872, 0.33500003814697266, 0.2779998779296875, 1.690999984741211, 0.9950001239776611, 0.3580000400543213, 1.9170000553131104, 0.9310002326965332, 1.9219999313354492, 0.2890000343322754, 0.3000001907348633, 0.2200000286102295, 0.8489999771118164, 0.11900019645690918, 0.0710000991821289, 0.03400015830993652]",
33,Proposed-H3,84,test_id,id_actual,id_reliable,3,0.3,1397.440711336988,,,,31.265000343322754,0.651354173819224,0.9279999732971191,0,0,True,,100084,proposed,4,48,True,,1.0,0.12499999981125945,"[44.4480224941322, 14.311015506683075, 3.985097261743644, 4.932728, 6.16615, 6.16615, 6.16615, 6.16615, 6.16615, 7.044710423629672, 12.706318646850338, 25.310758239672346, 22.90754595508878, 21.518592715292357, 10.158929683226066, 6.16615, 6.16615, 6.16615, 6.16615, 4.932728, 3.699402, 3.699402, 3.699402, 4.932728, 5.8186697269585546, 6.16615, 4.932728, 6.16615, 6.16615, 20.466578052629888, 17.797218518556193, 48.00071881527615, 71.30372370928285, 69.6784290064901, 98.43364852324152, 88.12735336097109, 38.17017388615608, 64.79406308315843, 49.46075122693818, 58.91602152124336, 53.161502245007846, 65.91610019428698, 62.01567765584721, 66.74889877005027, 55.161540470929644, 68.18359170415121, 65.14171113145076, 62.9304308080433]","[0.2650001049041748, 0.757000207901001, 0.6329998970031738, 0.7030000686645508, 0.7300000190734863, 0.744999885559082, 0.7899999618530273, 0.12599992752075195, 0.6310000419616699, 0.6649999618530273, 0.753000020980835, 0.7860000133514404, 0.7109999656677246, 0.6789999008178711, 0.7000000476837158, 0.7080001831054688, 0.7640001773834229, 0.7369999885559082, 0.7580001354217529, 0.14400005340576172, 0.6459999084472656, 0.7039999961853027, 0.7899999618530273, 0.9279999732971191, 0.7769999504089355, 0.7529997825622559, 0.7049999237060547, 0.7409999370574951, 0.7639999389648438, 0.7230000495910645, 0.6559998989105225, 0.7049999237060547, 0.6670000553131104, 0.6929998397827148, 0.7189998626708984, 0.7920000553131104, 0.7409999370574951, 0.7439999580383301, 0.7369999885559082, 0.7080001831054688, 0.7239999771118164, 0.7590000629425049, 0.7280001640319824, 0.7239999771118164, 0.6170001029968262, 0.13200020790100098, 0.06200003623962402, 0.0410001277923584]",
33,MPC-3,85,test_id,id_actual,id_reliable,3,,1716.7474073616286,,,,71.21099829673767,1.4835624645153682,17.090999841690063,0,0,True,,100085,pure_mpc,4,48,True,,1.0,0.1250000007396079,"[21.230371346168674, 10.694659090826912, 11.110749488563254, 4.930329669550705, 6.546454202532584, 9.441545402804246, 16.13185251777844, 8.729615484323244, 5.917386319862043, 8.641154076207027, 19.461236861702602, 26.959258835681815, 33.24530053388029, 27.418223996847566, 14.561101768594613, 21.569010994662932, 5.5818916768163485, 4.348515150020343, 3.115234623224338, 1.8820500970622691, 0.6489615712661275, 0.0, 0.0, 0.0, 1.2330379498610387, 44.37074791149921, 23.437190409436813, 15.200204139083336, 13.4113208345978, 62.986702370422194, 63.74835727369536, 84.57529743074225, 109.34178598188981, 116.15066898545909, 117.2108812749415, 101.30004703027292, 50.78136600528996, 53.71374558528984, 62.32440284733289, 52.373430424876325, 67.35957921254803, 63.79449565356049, 64.51456603306139, 70.74743303365642, 54.37567531091623, 51.58256258395033, 49.89776612349032, 60.15123924737893]","[0.08999991416931152, 1.0350000858306885, 7.906999826431274, 0.07699990272521973, 3.0299999713897705, 2.052999973297119, 1.3970000743865967, 1.5280001163482666, 0.07999992370605469, 1.8050000667572021, 0.4789998531341553, 0.2799999713897705, 3.627000093460083, 0.4049999713897705, 2.6419999599456787, 0.557999849319458, 0.3269999027252197, 0.48599982261657715, 0.4849998950958252, 0.04399991035461426, 0.05900001525878906, 0.04799985885620117, 5.977999925613403, 0.4179999828338623, 0.6600000858306885, 3.4129998683929443, 7.48199987411499, 17.090999841690063, 3.305999994277954, 0.5080001354217529, 0.37999987602233887, 0.35700011253356934, 0.3639998435974121, 0.37800002098083496, 0.12400007247924805, 0.1099998950958252, 0.3059999942779541, 0.11800003051757812, 0.10799980163574219, 0.30299997329711914, 0.08700013160705566, 0.32200002670288086, 0.13100004196166992, 0.09999990463256836, 0.312999963760376, 0.29399991035461426, 0.08899998664855957, 0.029000043869018555]",
33,MPC-5,85,test_id,id_actual,id_reliable,5,,1670.4778628526649,,,,855.7349991798401,17.827812482913334,300.2170000076294,0,0,True,,100085,pure_mpc,6,48,True,,1.0,0.1250000020275513,"[21.230370670273725, 10.694659002248184, 15.893449620589681, 5.242710723585286, 7.380563465076413, 9.445226291254468, 15.591217115898173, 8.505840349969015, 8.130275658019254, 16.74218987243684, 21.878085878821302, 25.700091995543907, 33.24529929058865, 14.141152601579996, 5.88532793758589, 13.637777057458656, 5.58188429523413, 4.34850776943834, 3.115400884427881, 1.8822163446894056, 0.64912780495093, 0.0, 0.0, 0.0, 25.645318606552753, 44.37074312445402, 23.437280028604675, 15.200269651027941, 13.411322313279872, 62.9867025084401, 63.74835739364771, 84.57529763732916, 106.05356374434221, 98.05668373951927, 99.14165904527863, 83.31301825537858, 50.78136969360791, 53.713745586093786, 62.324402861686195, 52.37343378425903, 67.3595792041224, 63.794495643653896, 64.51456608923928, 70.74743299637348, 54.37567859379206, 51.58256261436451, 49.89776602104787, 60.15123908689972]","[3.8540000915527344, 4.6600000858306885, 25.592000007629395, 13.657999992370605, 24.871999979019165, 42.76900005340576, 15.616999864578247, 32.156999826431274, 17.23099994659424, 13.544999837875366, 6.740000009536743, 1.0239999294281006, 10.91700005531311, 3.434000015258789, 4.189000129699707, 8.706000089645386, 1.1559998989105225, 1.191999912261963, 0.09299993515014648, 0.9960000514984131, 0.9440000057220459, 300.2170000076294, 30.812000036239624, 32.20300006866455, 108.99200010299683, 68.39100003242493, 37.51599979400635, 20.628999948501587, 15.569999933242798, 0.8589999675750732, 0.9140000343322754, 0.6760001182556152, 0.9119999408721924, 1.179999828338623, 0.2049999237060547, 0.8680000305175781, 0.20399999618530273, 0.21399998664855957, 0.1979999542236328, 0.2369999885559082, 0.2049999237060547, 0.18899989128112793, 0.21200013160705566, 0.18999981880187988, 0.33899998664855957, 0.33700013160705566, 0.09100008010864258, 0.028999805450439453]",
33,MPC-7,85,test_id,id_actual,id_reliable,7,,1662.4138627930606,,,,2304.959998846054,48.01999997595946,300.6819999217987,0,0,True,,100085,pure_mpc,8,48,True,,1.0,0.12500000212976775,"[23.533537913872312, 12.896878722719787, 17.800892551848435, 4.932713301743276, 7.725552904662401, 9.538789990826988, 17.4545683889122, 13.269636366465068, 12.263947372326669, 13.035712077713903, 19.690791724838455, 13.528043594640605, 33.24530039255086, 14.141127286394191, 6.166149995791051, 10.876266566629287, 5.581884271413873, 4.348507745619934, 3.115227219900304, 1.8820426943145154, 0.6489541881794046, 0.0, 0.0, 0.0, 30.59611188194176, 44.3707415949571, 23.437291247409636, 17.262604036012775, 14.328399398934472, 62.986702642948345, 63.748357438297575, 84.57529759916439, 102.86202747602049, 94.86276052686891, 95.9509761275956, 80.13979539356725, 50.781369778858796, 53.71374561985618, 62.32440300367163, 52.37343365849938, 67.35957920144693, 63.79449563186877, 64.51456599793465, 70.74743298863632, 54.375678585014974, 51.582562604410356, 49.89776601360966, 60.151239074170995]","[80.49599981307983, 300.6819999217987, 300.220999956131, 0.21300005912780762, 192.25999999046326, 300.20700001716614, 22.252000093460083, 66.23300004005432, 43.61800003051758, 30.164999961853027, 22.271999835968018, 16.969000101089478, 17.358999967575073, 14.75600004196167, 11.920999765396118, 19.703999996185303, 1.61899995803833, 1.9160001277923584, 1.6490001678466797, 1.8540000915527344, 300.2869999408722, 42.105000019073486, 23.317000150680542, 19.223000049591064, 300.1819999217987, 51.834999799728394, 41.01099991798401, 16.008999824523926, 44.7960000038147, 5.500999927520752, 1.7739999294281006, 2.5949997901916504, 1.4300000667572021, 1.5789999961853027, 0.3209998607635498, 0.2950000762939453, 1.0850000381469727, 0.9009997844696045, 0.2689998149871826, 1.1420001983642578, 0.8869998455047607, 0.8399999141693115, 0.24900007247924805, 0.19899988174438477, 0.31599998474121094, 0.31800007820129395, 0.09500002861022949, 0.03299999237060547]",
33,Proposed-H3,85,test_id,id_actual,id_reliable,3,0.3,1354.5318203885606,,,,32.22200059890747,0.6712916791439056,0.9230000972747803,0,0,True,,100085,proposed,4,48,True,,1.0,0.12499999981113366,"[54.301030935672635, 10.694659582028844, 10.43318356229154, 4.932728, 6.16615, 6.16615, 7.062347739619732, 6.16615, 6.16615, 6.16615, 11.873635315105744, 26.773458145209133, 33.24530038523263, 16.0246162407593, 12.677453651862942, 21.569014471010398, 6.16615, 6.16615, 6.089093331123875, 4.855677329398105, 3.699402, 3.699402, 3.6971336575601743, 3.699402, 4.932728, 6.16615, 6.16615, 6.16615, 6.16615, 19.196097515134745, 19.669777290502182, 39.93809941434526, 64.21041769636452, 75.91800271260314, 85.50229080744221, 79.6370299858034, 41.991956757107324, 49.11071676639656, 53.64158758036862, 47.610389050654035, 63.167656635932055, 59.61977678526566, 63.041026626639514, 70.10937977907318, 53.706043965796916, 51.58254345346775, 49.069548427850485, 59.72156279093791]","[0.25999999046325684, 0.8310000896453857, 0.6200001239776611, 0.7809998989105225, 0.7560000419616699, 0.7869999408721924, 0.7020001411437988, 0.6679999828338623, 0.6140000820159912, 0.6480000019073486, 0.6729998588562012, 0.7630000114440918, 0.6840000152587891, 0.7030000686645508, 0.6390001773834229, 0.6730000972747803, 0.7649998664855957, 0.7280001640319824, 0.690000057220459, 0.6340000629425049, 0.682999849319458, 0.7179999351501465, 0.5550000667572021, 0.6319999694824219, 0.9230000972747803, 0.7679998874664307, 0.6850001811981201, 0.7130000591278076, 0.7809998989105225, 0.7430000305175781, 0.7480001449584961, 0.7560000419616699, 0.6619999408721924, 0.7410001754760742, 0.7030000686645508, 0.7480001449584961, 0.7119998931884766, 0.7579998970031738, 0.750999927520752, 0.750999927520752, 0.7689998149871826, 0.7689998149871826, 0.6800000667572021, 0.7860000133514404, 0.5450000762939453, 0.3710000514984131, 0.11100006103515625, 0.0409998893737793]",
33,MPC-3,86,test_id,id_actual,id_reliable,3,,1667.5045179963429,,,,98.48800039291382,2.0518333415190377,34.420000076293945,0,0,True,,100086,pure_mpc,4,48,True,,1.0,0.12500000079512738,"[9.019058233156963, 11.910621754484803, 9.76507655100812, 4.932727334512696, 6.126602691485099, 9.440050567970957, 8.738045322918913, 10.864215934978693, 6.87690735226125, 8.58938971322022, 18.096970953772885, 25.721262382745252, 33.96410452183348, 35.63904929441291, 22.630716749512253, 6.16615, 6.050193629470559, 4.816780654296696, 3.583463679122833, 2.3502427039489695, 1.1171177287751057, 0.0, 0.0, 0.0, 0.675936876474915, 26.753196642163008, 17.07903142545762, 4.375496641008128, 26.67413907952277, 23.266361465322525, 69.33626518851865, 80.26216160915806, 92.92705803231593, 108.18439660644958, 103.39742706213359, 130.11344505012738, 57.160787875147655, 49.13443959963678, 61.05216005490551, 72.17437962347131, 63.80429756773422, 69.98062950285578, 58.28303774683457, 61.19091714342148, 55.49313639941373, 70.30602676407705, 66.63293269418843, 52.8481095921152]","[0.750999927520752, 0.48199987411499023, 5.309000015258789, 0.34800004959106445, 0.0820000171661377, 1.8250000476837158, 11.099999904632568, 0.48000001907348633, 0.7699999809265137, 2.2300000190734863, 0.4679999351501465, 0.7580001354217529, 1.7980000972747803, 0.4289999008178711, 1.5870001316070557, 0.12100005149841309, 0.3489999771118164, 0.5520000457763672, 0.5300002098083496, 0.5959999561309814, 0.4830000400543213, 0.4609999656677246, 0.05500006675720215, 0.46700000762939453, 3.2179999351501465, 34.420000076293945, 17.144999980926514, 0.6649999618530273, 2.6050000190734863, 3.8320000171661377, 0.6619999408721924, 0.6809999942779541, 0.35899996757507324, 0.34800004959106445, 0.38300013542175293, 0.08699989318847656, 0.11400008201599121, 0.2929999828338623, 0.20799994468688965, 0.0969998836517334, 0.1790001392364502, 0.11100006103515625, 0.27699995040893555, 0.2720000743865967, 0.2820000648498535, 0.12399983406066895, 0.06599998474121094, 0.029000043869018555]",
33,MPC-5,86,test_id,id_actual,id_reliable,5,,1610.2720283680455,,,,488.8129999637604,10.183604165911674,76.34700012207031,0,0,True,,100086,pure_mpc,6,48,True,,1.0,0.12500000145860748,"[9.019055762067138, 11.910621437341828, 15.60980101141789, 4.932727808529509, 7.303440092738976, 9.066408742958997, 7.510763449338057, 10.20211108504968, 10.085074941691268, 16.803260404571308, 24.23779999958488, 25.147570031826923, 33.964102950581655, 21.504848122196258, 6.055923952201397, 5.858332230815075, 5.760976020713268, 4.527585555488522, 3.2942910902637763, 2.0610926256728748, 0.8279901604480792, 0.0, 0.0, 0.0, 1.2330379459122625, 34.370286874645146, 16.21049357311188, 4.9327279458280895, 18.999115614651057, 24.788910826637597, 69.63511570781975, 82.6369442410214, 88.84729737669845, 92.61511558318985, 87.81730422927133, 114.44103638590747, 57.1607879476247, 49.13443964382672, 61.05216005480131, 72.17437972628102, 63.804297558162844, 69.9806295081532, 58.28304091534406, 61.19092066468905, 55.49313972852524, 70.30602669457326, 66.63293263615338, 52.84810950971878]","[13.58299994468689, 4.013999938964844, 29.948999881744385, 3.739000082015991, 24.211999893188477, 43.38199996948242, 20.902999877929688, 32.25999999046326, 16.536999940872192, 6.289000034332275, 2.130000114440918, 4.296000003814697, 16.96399998664856, 17.513999938964844, 0.4760000705718994, 6.11899995803833, 7.2820000648498535, 0.9149999618530273, 0.9240000247955322, 1.0830001831054688, 8.515999794006348, 5.430999994277954, 11.98799991607666, 7.460000038146973, 5.103000164031982, 76.34700012207031, 60.95899987220764, 39.480000019073486, 6.664000034332275, 6.2769999504089355, 1.0269999504089355, 1.0789999961853027, 1.0939998626708984, 1.0490000247955322, 1.190000057220459, 0.22300004959106445, 0.1940000057220459, 0.559999942779541, 0.20799994468688965, 0.18199992179870605, 0.19700002670288086, 0.2220001220703125, 0.20200014114379883, 0.20600008964538574, 0.1660001277923584, 0.11899995803833008, 0.06999993324279785, 0.029000043869018555]",
33,MPC-7,86,test_id,id_actual,id_reliable,7,,1581.1814121727973,,,,1887.373999595642,39.320291658242546,300.34299993515015,0,0,True,,100086,pure_mpc,8,48,True,,1.0,0.12500000159634686,"[9.019065927829992, 14.571491021871367, 16.232955827751375, 4.932703450340989, 7.9095257599669395, 9.596631553035577, 10.069424781050582, 15.272189566296419, 13.653652449541891, 13.82054398536588, 23.288405902991585, 12.786820366666081, 33.964104346423966, 21.504848732657614, 6.166149836180142, 6.16615, 5.557172150292391, 4.323797547895689, 3.0905189455733812, 2.145461922111067, 1.219794041495128, 0.0, 0.0, 0.0, 8.035087494739809, 34.37028625552332, 16.21049283466203, 4.932728, 18.999124882049273, 24.788910934810836, 69.63511573029005, 80.7901274757477, 80.07256097646659, 81.48394215306702, 79.2361854216576, 109.27457697283101, 57.160788371956876, 49.1344396679768, 61.0521600602616, 72.17437962816493, 63.80429757106651, 69.98062951217912, 58.28304093933912, 61.19092065444762, 55.49313971963227, 70.30602668302166, 66.63293262494419, 52.84810949262309]","[43.39100003242493, 300.34299993515015, 300.2119998931885, 0.31999993324279785, 117.51099991798401, 149.625, 101.12199997901917, 23.699999809265137, 51.246999979019165, 31.335000038146973, 16.390000104904175, 30.19099998474121, 67.12700009346008, 36.12599992752075, 12.433000087738037, 7.32699990272522, 16.306999921798706, 1.5350000858306885, 2.0250000953674316, 34.9449999332428, 54.8199999332428, 11.02999997138977, 18.164000034332275, 6.8480000495910645, 300.1529998779297, 83.6340000629425, 31.08899998664856, 22.395999908447266, 2.0349998474121094, 1.6749999523162842, 1.6319999694824219, 1.7259998321533203, 1.6070001125335693, 0.9869999885559082, 1.6529998779296875, 0.30700016021728516, 0.30900001525878906, 1.0210001468658447, 0.3269999027252197, 0.31400012969970703, 1.1540000438690186, 0.3059999942779541, 0.28299999237060547, 0.26399993896484375, 0.18000006675720215, 0.12800002098083496, 0.07700014114379883, 0.042999982833862305]",
33,Proposed-H3,86,test_id,id_actual,id_reliable,3,0.3,1335.8588037247207,,,,37.083000898361206,0.7725625187158585,2.4750001430511475,0,0,True,,100086,proposed,4,48,True,,1.0,0.12499999980902561,"[41.75725861312827, 11.910627280477728, 9.765080033862233, 4.932728, 6.16615, 6.16615, 6.16615, 6.16615, 6.16615, 6.16615, 8.650740914173598, 24.009163410279854, 33.964104344928366, 25.697977958278265, 18.446464534013266, 6.16615, 6.16615, 6.16615, 4.932728, 5.438703193912288, 4.235889236956919, 3.699402, 3.699402, 3.699402, 4.932727756197494, 6.16615, 6.16615, 6.16615, 6.16615, 6.16615, 25.45288543033206, 37.95079072185471, 52.82087522146196, 67.64468228971367, 75.23968947829057, 109.27457696904362, 39.5080732126877, 37.40496191485201, 48.25351217187306, 64.96393745452549, 56.84561718279734, 65.93740108234482, 55.760378991919914, 59.82737941101113, 55.48500280915656, 68.15724873795467, 66.38518487799581, 52.84810649069706]","[2.4750001430511475, 0.7350001335144043, 0.8640000820159912, 0.9279999732971191, 0.8640000820159912, 0.7760000228881836, 0.8969998359680176, 0.6419999599456787, 0.16200017929077148, 0.7269999980926514, 0.814000129699707, 0.8489999771118164, 0.7669999599456787, 0.7009999752044678, 0.687999963760376, 0.7320001125335693, 0.7950000762939453, 0.7290000915527344, 0.10699987411499023, 0.8130002021789551, 0.8930001258850098, 0.6549999713897705, 0.6940000057220459, 0.687999963760376, 0.8289999961853027, 0.7689998149871826, 0.754000186920166, 0.7739999294281006, 1.8020000457763672, 0.8239998817443848, 0.8039999008178711, 0.7709999084472656, 0.7750000953674316, 0.7130000591278076, 0.7909998893737793, 0.9800000190734863, 0.8630001544952393, 0.7950000762939453, 0.8199999332427979, 0.875, 0.817000150680542, 0.7519998550415039, 0.8280000686645508, 0.750999927520752, 0.749000072479248, 0.12900018692016602, 0.08800005912780762, 0.034999847412109375]",
33,MPC-3,87,test_id,id_actual,id_reliable,3,,1687.1565588312644,,,,81.99900007247925,1.7083125015099843,17.744999885559082,0,0,True,,100087,pure_mpc,4,48,True,,1.0,0.12500000132884959,"[14.83385688272537, 13.034582107292952, 3.5393306215839586, 4.532780422791487, 5.765893076278774, 10.373031510366781, 7.22487660151788, 8.26665208970427, 11.650636965534883, 8.559290313644185, 22.951518329156904, 29.148948487779535, 33.295173422751084, 34.11254640588709, 19.751383465029413, 11.948142451876157, 5.252726359685009, 4.0193754527773295, 3.283672611419597, 2.377472263459825, 1.1443451685221335, 0.0, 0.0, 0.6529268289702473, 1.3502693696519747, 2.583412434132334, 7.075588850814007, 9.422522556210904, 24.451537157079905, 45.46313428126862, 73.08835644824742, 96.75407061457601, 115.71058974721466, 108.16741983183107, 127.94402707886242, 100.8282418839468, 58.50454005824146, 56.87860642017833, 69.93183627427356, 60.34514268799033, 68.12355123178168, 56.07725008650821, 48.818738601504684, 67.05472853748263, 53.814888702620806, 56.26478294914696, 58.76031106255212, 64.02385012639246]","[0.3619999885559082, 3.74399995803833, 0.33099985122680664, 0.34999990463256836, 0.08999991416931152, 3.510999917984009, 3.9240000247955322, 4.2190001010894775, 0.692000150680542, 2.0490000247955322, 0.5240001678466797, 0.28800010681152344, 1.0520000457763672, 0.437000036239624, 0.7919998168945312, 5.111999988555908, 4.4100000858306885, 0.5080001354217529, 0.6699998378753662, 7.934000015258789, 0.5199999809265137, 0.5230000019073486, 6.16700005531311, 3.2850000858306885, 2.7319998741149902, 0.5779998302459717, 17.744999885559082, 4.288999795913696, 1.3240001201629639, 0.5610001087188721, 0.15399980545043945, 0.11100006103515625, 0.125, 0.48600006103515625, 0.13199996948242188, 0.11300015449523926, 0.18799996376037598, 0.18400001525878906, 0.11899995803833008, 0.21199989318847656, 0.14300012588500977, 0.2239999771118164, 0.252000093460083, 0.10300016403198242, 0.2980000972747803, 0.315000057220459, 0.08599996566772461, 0.03099989891052246]",
33,MPC-5,87,test_id,id_actual,id_reliable,5,,1648.5872572084154,,,,485.86799907684326,10.122249980767569,67.7020001411438,0,0,True,,100087,pure_mpc,6,48,True,,1.0,0.12500000186646243,"[14.833858492068822, 13.568800595102058, 3.6994018759418505, 4.932727459186732, 6.166117341387489, 10.994560105217555, 6.16615, 8.043636633759261, 15.330082304491066, 14.590495933853497, 32.35676788070569, 22.30085452228841, 33.29516740391141, 20.38084340131396, 6.16615, 8.100035010885053, 5.252726038370631, 4.019375131487959, 3.283236547095421, 2.377480549201888, 1.144353454619102, 0.0, 0.0, 1.2330376303841313, 1.3502727942520467, 13.283229538620322, 14.869626348436519, 9.422474783927425, 24.451537108287198, 45.4631344767879, 73.08835653865773, 96.75407070665717, 115.71058965428804, 96.14321990633836, 114.10795018330566, 87.10870659523177, 58.50454017105879, 56.87860643541249, 69.93183628392075, 60.34514268705705, 68.12355122403245, 56.07725019597999, 48.81873860151873, 67.0547285313496, 53.81489212279077, 56.264782921944466, 58.76031102798153, 64.02385005930645]","[5.980999946594238, 16.76699995994568, 0.625999927520752, 1.0340001583099365, 0.16500020027160645, 51.176000118255615, 13.852999925613403, 34.430999994277954, 17.89199995994568, 13.828999996185303, 0.9489998817443848, 2.0309998989105225, 13.884999990463257, 22.313999891281128, 1.0709998607635498, 9.297000169754028, 7.1579999923706055, 0.9240000247955322, 1.2089998722076416, 8.16100001335144, 11.97000002861023, 37.08299994468689, 23.14199995994568, 1.565000057220459, 5.351999998092651, 67.7020001411438, 57.842000007629395, 35.091999769210815, 6.003999948501587, 1.5909998416900635, 1.0260000228881836, 1.2620000839233398, 1.0230000019073486, 1.2019999027252197, 0.08000016212463379, 1.125999927520752, 0.21799993515014648, 0.2329998016357422, 0.2070000171661377, 0.23099994659423828, 0.1770000457763672, 0.19499993324279785, 4.628000020980835, 0.20199990272521973, 3.5269999504089355, 0.32399988174438477, 0.08000016212463379, 0.03099989891052246]",
33,MPC-7,87,test_id,id_actual,id_reliable,7,,1606.5022096471148,,,,2116.5780007839203,44.09537501633167,300.4449999332428,0,0,True,,100087,pure_mpc,8,48,True,,1.0,0.12500000838719139,"[14.833882115252246, 17.1506521725902, 3.6994019165379477, 4.932727666287472, 6.563135198263216, 11.564102280285269, 9.145303604279654, 12.055850019675173, 20.08113075943008, 9.54909648915859, 32.35673756670658, 10.581321245838138, 33.29512788922306, 20.38084461401619, 6.16615, 8.099990716611998, 5.252732264915654, 4.019381357973912, 3.164046511527837, 2.377481066335085, 1.1443539717121487, 0.0, 0.814162201463128, 2.0472635900546363, 1.569673051967524, 10.262160426296331, 11.849847141890752, 6.407971167104282, 24.451537314919086, 45.463134533316726, 73.08835655123836, 96.754070637572, 109.23958730024974, 86.88006810175585, 104.79101329108224, 77.87168274213033, 58.50459739909044, 56.87860630475384, 69.93183595060454, 60.34514230404197, 68.1235501391041, 56.07724972873051, 48.81873814865689, 67.05472780895829, 53.81484197591333, 56.264782474231616, 58.76031068934724, 64.02384924602083]","[33.22800016403198, 300.3369998931885, 0.875, 1.5049998760223389, 145.91600012779236, 288.9300000667572, 81.2039999961853, 26.935999870300293, 47.02500009536743, 20.098999977111816, 0.8710000514984131, 15.83400011062622, 24.25, 44.223000049591064, 10.437999963760376, 16.805000066757202, 1.6619999408721924, 1.753000020980835, 10.190999984741211, 300.3310000896454, 15.690000057220459, 51.45700001716614, 17.57800006866455, 300.4449999332428, 7.420000076293945, 232.8420000076294, 43.615999937057495, 47.382999897003174, 3.7269999980926514, 3.7320001125335693, 1.5399999618530273, 6.878999948501587, 1.9910001754760742, 1.4279999732971191, 0.28600001335144043, 0.3279998302459717, 0.2929999828338623, 0.2890000343322754, 0.2850000858306885, 0.9800000190734863, 0.2990000247955322, 0.9720001220703125, 1.1740000247955322, 0.2349998950958252, 2.822999954223633, 0.3489999771118164, 0.09000015258789062, 0.03400015830993652]",
33,Proposed-H3,87,test_id,id_actual,id_reliable,3,0.3,1354.485650563655,,,,35.922998666763306,0.7483958055575689,1.8870000839233398,0,0,True,,100087,proposed,4,48,True,,1.0,0.12499999981146581,"[47.622491278880204, 13.034584209628607, 3.699402, 4.932728, 6.16615, 6.16615, 6.16615, 6.16615, 6.16615, 6.16615, 11.88345355384989, 25.489651296800353, 33.29517317571928, 23.501792808222632, 16.620451292786427, 11.948224300364025, 6.16615, 6.16615, 6.16615, 5.430517583981512, 4.197152840002265, 3.699402, 3.699402, 4.932728, 3.699402, 4.932728, 6.16615, 6.166149954060662, 6.16615, 6.16615, 28.903195008005092, 51.983451973717074, 70.41563735672823, 62.75642675551339, 92.62308693822011, 77.17804626956493, 46.261323660983855, 49.01532241510814, 60.15414795871874, 54.54432587469499, 63.07267845815106, 53.642893720715556, 46.14645360996765, 65.39797993395779, 51.23640612825449, 56.26478071838791, 58.5737365911776, 63.536522897492915]","[0.3259999752044678, 0.8599998950958252, 0.554999828338623, 0.7990000247955322, 0.6929998397827148, 0.7760000228881836, 0.687999963760376, 0.6670000553131104, 1.8870000839233398, 0.5490000247955322, 0.6749999523162842, 0.8039999008178711, 0.745999813079834, 0.684999942779541, 0.7360000610351562, 0.7209999561309814, 0.7379999160766602, 0.6980001926422119, 0.6429998874664307, 0.7990000247955322, 0.6289999485015869, 0.7089998722076416, 0.7190001010894775, 1.7409999370574951, 0.6489999294281006, 0.812999963760376, 0.7630000114440918, 1.4839999675750732, 0.7549998760223389, 0.818000078201294, 0.6909999847412109, 0.7149999141693115, 0.6889998912811279, 0.7230000495910645, 0.7829999923706055, 0.8279998302459717, 0.7779998779296875, 0.7860000133514404, 0.7630000114440918, 0.7480001449584961, 0.7890000343322754, 0.7980000972747803, 0.7969999313354492, 0.7269999980926514, 0.7219998836517334, 0.34800004959106445, 0.07999992370605469, 0.03299999237060547]",
33,MPC-3,88,test_id,id_actual,id_reliable,3,,1686.1875810544693,,,,97.70199990272522,2.0354583313067756,20.93399977684021,0,0,True,,100088,pure_mpc,4,48,True,,1.0,0.12500000091097815,"[18.327902610058707, 3.13995483285832, 5.534566398198963, 7.852767057949189, 12.564857293089249, 9.476982198752928, 12.463044257329816, 13.729204344895805, 8.696826648892031, 6.017909552075359, 20.088789705793033, 29.153130411702115, 30.90740540518624, 35.81094080561269, 22.116611724907294, 11.176422638012706, 6.16615, 5.466314149748933, 4.232946700903452, 2.9996752520546828, 1.7667195127709638, 0.5336399655235967, 0.0, 0.0, 27.78094197654205, 2.4661719389869488, 13.913608767684009, 11.69307122786691, 8.773157136682888, 52.40650758330932, 41.00374387293137, 90.21970059383557, 104.88687929136317, 111.31174497813328, 107.57447927950189, 103.54525644129806, 55.063430086709886, 55.045024373095636, 63.22925320697093, 58.46919935778256, 77.01871442067743, 71.58203583755821, 68.60628676698587, 50.095348072896684, 52.3595904641369, 62.23586342434933, 67.02144701401363, 61.663363474840736]","[0.4010000228881836, 6.564000129699707, 6.053999900817871, 11.574000120162964, 2.1670000553131104, 1.8880000114440918, 1.2929999828338623, 0.4100000858306885, 2.422999858856201, 0.08799982070922852, 0.48000001907348633, 0.2990000247955322, 2.863999843597412, 0.4890000820159912, 0.127000093460083, 0.45399999618530273, 0.11800003051757812, 0.6679999828338623, 0.059999942779541016, 0.06000018119812012, 0.07200002670288086, 0.040000200271606445, 5.815000057220459, 0.4460000991821289, 20.93399977684021, 0.5069999694824219, 9.565999984741211, 14.901999950408936, 1.8529999256134033, 0.39800000190734863, 0.75, 0.11600017547607422, 0.38499999046325684, 0.7100000381469727, 0.14700007438659668, 0.12199997901916504, 0.20300006866455078, 0.309999942779541, 0.21599984169006348, 0.309999942779541, 0.10899996757507324, 0.12800002098083496, 0.22699999809265137, 0.3229999542236328, 0.32399988174438477, 0.19099998474121094, 0.07799983024597168, 0.03900003433227539]",
33,MPC-5,88,test_id,id_actual,id_reliable,5,,1623.8837426841374,,,,820.184999704361,17.087187493840855,291.6119999885559,0,0,True,,100088,pure_mpc,6,48,True,,1.0,0.1250000074215473,"[18.32790494019545, 3.1399577215227756, 9.689929113100806, 10.990816602256446, 12.940323623301161, 8.420318633347891, 11.839473769502517, 13.252627028840129, 11.443066058324742, 11.194796981366693, 27.962104349833844, 25.285459883845334, 30.907402095838933, 21.415907280730686, 7.495417335637898, 7.048394738653203, 6.16615, 5.466313879972553, 4.233093964611108, 2.9998224225186134, 1.7666468799258181, 0.533567337333023, 0.0, 0.0, 43.544425021877075, 2.4661719587277124, 19.11558437253937, 11.69300422531046, 8.773150606591464, 52.40650763792478, 41.00374397546944, 90.21970067673212, 99.321322419952, 90.5875545910017, 86.90992539838791, 82.93359735047538, 55.06343015066756, 55.04502438286556, 63.22925322153769, 58.46922303471867, 77.01871389066616, 71.58203023419159, 68.60628636314502, 50.09534798065681, 52.35957808869402, 62.23586304149436, 67.02144675574594, 61.6633626641046]","[0.19300007820129395, 12.015000104904175, 24.390000104904175, 37.39100003242493, 33.04800009727478, 40.7960000038147, 41.40899991989136, 22.829999923706055, 15.382999897003174, 16.800999879837036, 3.059000015258789, 3.680999994277954, 3.0410001277923584, 19.19099998474121, 17.075999975204468, 14.595999956130981, 0.7599999904632568, 1.1490001678466797, 0.10699987411499023, 1.251000165939331, 1.0360000133514404, 15.078999996185303, 291.6119999885559, 14.40499997138977, 62.96599984169006, 1.6979999542236328, 61.0939998626709, 29.918999910354614, 22.38599991798401, 1.1549999713897705, 1.1459999084472656, 0.6559998989105225, 0.7359998226165771, 0.6700000762939453, 1.2680001258850098, 1.2049999237060547, 0.21800017356872559, 0.22299981117248535, 0.2220001220703125, 0.5669999122619629, 0.1830000877380371, 0.1919999122619629, 0.1960000991821289, 2.1640000343322754, 0.6979999542236328, 0.21900010108947754, 0.07599997520446777, 0.029000043869018555]",
33,MPC-7,88,test_id,id_actual,id_reliable,7,,1603.9783404186524,,,,2359.868001461029,49.163916697104774,302.9190001487732,0,0,True,,100088,pure_mpc,8,48,True,,1.0,0.12500000204279538,"[20.10799866034075, 3.139952799887154, 12.919141697601395, 11.593559232128634, 12.877342388558041, 9.079004155206041, 13.934066865841459, 18.049147798948717, 15.2393413041237, 10.42157372609216, 19.84369807653046, 18.22094031840754, 30.90735925730516, 21.415908317824318, 6.16615, 6.16615, 6.16615, 5.422409632020187, 4.1890455185321, 2.9557774051182557, 1.7226052918383616, 0.4895291779244242, 0.0, 0.0, 50.5141221582288, 12.62124070249203, 19.11558669288065, 11.693037167755687, 8.77315736003646, 52.40650770616713, 41.00374399012283, 90.21913062945399, 88.37109365553538, 79.42985071515845, 77.20961098125076, 79.2048471143755, 55.063430430544344, 55.04502443563661, 63.22925321973936, 58.46920253706544, 77.01871444403425, 71.5820358494749, 68.60628688535152, 50.09534812685604, 52.359590371349306, 62.23586334085527, 67.02144694613666, 61.663363333922135]","[111.77600002288818, 28.92199993133545, 300.68499994277954, 300.32099986076355, 230.5880000591278, 302.9190001487732, 58.104000091552734, 21.90400004386902, 44.621999979019165, 34.80800008773804, 16.103000164031982, 8.978000164031982, 14.676000118255615, 76.21600008010864, 84.98300004005432, 4.259999990463257, 10.207000017166138, 46.0, 1.6600000858306885, 1.7850000858306885, 10.61900019645691, 13.786999940872192, 70.80200004577637, 19.786999940872192, 253.61500000953674, 134.56100010871887, 88.8529999256134, 25.296000003814697, 20.805999994277954, 4.380000114440918, 1.9930000305175781, 1.133000135421753, 1.1560001373291016, 1.7620000839233398, 1.7660000324249268, 1.7769999504089355, 1.0199999809265137, 1.0369999408721924, 0.28800010681152344, 1.7669999599456787, 0.3169999122619629, 0.3040001392364502, 0.25999999046325684, 2.2950000762939453, 0.6710000038146973, 0.1919999122619629, 0.07699990272521973, 0.029999971389770508]",
33,Proposed-H3,88,test_id,id_actual,id_reliable,3,0.3,1354.3962099616717,,,,32.21300029754639,0.6711041728655497,2.5870001316070557,0,0,True,,100088,proposed,4,48,True,,1.0,0.12499999981119993,"[51.272044966645666, 35.704981478656336, 5.534553250996978, 4.932728, 6.16615, 6.16615, 6.16615, 6.16615, 6.16615, 6.16615, 6.16615, 14.585032056344534, 30.90740543606306, 25.855936336690824, 17.672230920797052, 11.17643187077168, 6.16615, 6.16615, 5.366086103741128, 4.132726374656307, 3.699402, 3.699402, 3.699402, 3.699402, 4.932728, 6.16615, 6.16615, 6.16615, 6.16615, 8.697362790312651, 6.16615, 45.54577452348747, 59.737675554110986, 67.95562344801183, 76.15791983987245, 79.20484711341605, 45.662265726471404, 48.85252667994249, 56.64778380499369, 53.161694384892314, 72.08667648585335, 69.07080301045589, 66.74921968630038, 50.09534707384311, 51.302474603717556, 62.00224963109395, 67.02144570570933, 61.247927103822995]","[0.30099987983703613, 0.809999942779541, 0.11599993705749512, 0.6050000190734863, 0.7660000324249268, 0.7420001029968262, 0.7910001277923584, 0.6459999084472656, 0.7000000476837158, 0.08100008964538574, 0.754000186920166, 0.8480000495910645, 0.8010001182556152, 0.7090001106262207, 0.7739999294281006, 0.8199999332427979, 0.7990000247955322, 0.746999979019165, 0.7850000858306885, 0.6540000438690186, 0.6560001373291016, 0.7039999961853027, 0.7590000629425049, 0.7200000286102295, 2.5870001316070557, 0.1659998893737793, 0.7709999084472656, 0.19500017166137695, 0.7680001258850098, 0.8689999580383301, 0.6929998397827148, 0.6869997978210449, 0.7560000419616699, 0.7160000801086426, 0.7230000495910645, 0.7789998054504395, 0.7639999389648438, 0.7899999618530273, 0.7679998874664307, 0.7200000286102295, 0.7590000629425049, 0.7860000133514404, 0.7049999237060547, 0.682999849319458, 0.13700008392333984, 0.21700000762939453, 0.059999942779541016, 0.026000022888183594]",
33,MPC-3,89,test_id,id_actual,id_reliable,3,,1792.3841699733814,,,,60.5799994468689,1.2620833218097687,10.330999851226807,0,0,True,,100089,pure_mpc,4,48,True,,1.0,0.12500000088047777,"[23.507936206666802, 10.819325249266315, 8.256431881696205, 4.932727709624072, 5.261210869945615, 6.952023840668597, 8.580040206547796, 13.965665751495067, 8.489634372333983, 10.787033715777742, 17.74491269663868, 28.677241637706636, 30.30754496672445, 28.216355596934264, 18.624526673344974, 6.083223740321681, 4.849808194924075, 5.024943416718254, 3.7916102391271544, 2.5583731840674244, 1.3252320071007373, 0.09218683049999471, 0.0, 0.0, 0.0, 1.2330379434774135, 42.39129308942564, 33.00717417742304, 41.609693941060684, 52.83131078934422, 55.21947241899162, 114.02496522897609, 83.4504141905704, 119.97340822708343, 126.76012689087678, 125.70385770440241, 58.6411738943547, 46.84222644870943, 63.48906132511836, 69.36247317127344, 65.95893574159764, 62.91824634434138, 69.04565721621813, 74.77291972365154, 62.64807714669315, 62.29620635292734, 60.583405103550064, 50.77304391518366]","[0.30900001525878906, 4.398000001907349, 2.7059998512268066, 0.11400008201599121, 0.39300012588500977, 2.3399999141693115, 10.330999851226807, 0.40000009536743164, 2.4630000591278076, 1.1539998054504395, 0.9679999351501465, 0.31099987030029297, 0.5580000877380371, 0.43400001525878906, 1.5270001888275146, 0.13199996948242188, 0.06800007820129395, 0.48000001907348633, 0.4780001640319824, 3.9589998722076416, 0.056999921798706055, 0.046000003814697266, 0.4960000514984131, 8.023000001907349, 0.5509998798370361, 2.7160000801086426, 4.75600004196167, 2.7809998989105225, 2.192999839782715, 0.6990001201629639, 0.7769999504089355, 0.12599992752075195, 0.6610000133514404, 0.4509999752044678, 0.35700011253356934, 0.08699989318847656, 0.20799994468688965, 0.3730001449584961, 0.2889997959136963, 0.11699986457824707, 0.11300015449523926, 0.28999996185302734, 0.11800003051757812, 0.09200000762939453, 0.28600001335144043, 0.25999999046325684, 0.06699991226196289, 0.06699991226196289]",
33,MPC-5,89,test_id,id_actual,id_reliable,5,,1693.4604423926621,,,,391.64999985694885,8.159374997019768,66.51400017738342,0,0,True,,100089,pure_mpc,6,48,True,,1.0,0.12500001441744016,"[23.507938202591667, 11.383381296825721, 13.272310800503146, 4.932727867053644, 5.392956789226006, 6.158709620249898, 7.9590466847127885, 13.174482099192495, 11.518502662439356, 19.291311861989524, 19.842254535837213, 28.677239990423324, 30.30754334548442, 14.449176899096882, 5.878470828927086, 6.0212685356821405, 4.787857812169736, 4.908850201364582, 3.675526059900918, 2.442350164686135, 1.2092180201563034, 0.0, 0.0, 0.0, 0.9859043327276339, 2.219016052571874, 34.15875189267541, 19.421620711267487, 29.617773896712414, 54.978909480522, 55.21947329462173, 116.08660676011586, 78.45239731643598, 101.25657236528549, 107.99482283786027, 106.94603273722727, 58.64117400408485, 46.842230098772674, 63.48906133930635, 69.36247324516428, 65.95893581416719, 62.91824941978005, 69.04567824102689, 74.7729194445621, 62.6480746646471, 62.296193661319016, 60.58340426636058, 50.773042236934884]","[0.6629998683929443, 66.51400017738342, 25.925999879837036, 0.13400006294250488, 4.783999919891357, 0.12200021743774414, 28.009999990463257, 22.147000074386597, 16.57800006866455, 13.29200005531311, 5.366999864578247, 11.465999841690063, 12.641999959945679, 0.945000171661377, 0.8480000495910645, 4.31000018119812, 1.0530002117156982, 1.180999994277954, 0.8889999389648438, 15.240000009536743, 1.1200001239776611, 0.932999849319458, 9.654000043869019, 34.937999963760376, 22.266000032424927, 16.52999997138977, 36.24199986457825, 23.245999813079834, 7.4079999923706055, 1.1629998683929443, 1.2779998779296875, 0.7249999046325684, 0.6139998435974121, 0.20600008964538574, 0.15799999237060547, 0.18600010871887207, 0.19700002670288086, 0.8600001335144043, 0.18500018119812012, 0.17799997329711914, 0.21700000762939453, 0.2239999771118164, 0.2369999885559082, 0.17599987983703613, 0.1659998893737793, 0.2989997863769531, 0.06500005722045898, 0.06800007820129395]",
33,MPC-7,89,test_id,id_actual,id_reliable,7,,1681.9549985901897,,,,1515.3229994773865,31.569229155778885,300.5570001602173,0,0,True,,100089,pure_mpc,8,48,True,,1.0,0.12500000173799847,"[25.634380761666122, 13.777941868677848, 15.53963794119149, 4.932727871408202, 5.471605853420911, 6.16615, 10.721345623538795, 17.500167849983637, 13.594909715673202, 18.964009928024183, 14.213411728510906, 21.020025923873554, 30.307540840750356, 14.449141853951678, 6.16615, 5.191576213106572, 4.341260986531185, 4.96204343365459, 3.7287151518819663, 3.282475871937893, 2.049278326449318, 0.8161767809607433, 0.0, 0.0, 0.4607454282807944, 17.344271854392296, 41.42394724918955, 26.66445661949615, 36.8691234772386, 54.97890962324294, 55.219473271427, 107.36334680483073, 61.28043672485317, 86.67464952111989, 97.68736414451543, 105.82616599806781, 58.641174268131586, 46.84223009153017, 63.489061357603546, 69.3624731722567, 65.95893575604381, 62.9182494995079, 69.04565720771448, 74.77291971387348, 62.64807715652692, 62.29620627586971, 60.5834050404995, 50.77304380878456]","[52.97199988365173, 98.62800002098083, 300.31199979782104, 0.317000150680542, 7.9629998207092285, 300.5570001602173, 26.384999990463257, 32.45599985122681, 30.18400001525879, 63.026000022888184, 17.45300006866455, 14.194000005722046, 9.369999885559082, 13.934999942779541, 1.6449999809265137, 11.710999965667725, 14.598999977111816, 11.532999992370605, 1.559999942779541, 53.973000049591064, 9.06499981880188, 7.6600000858306885, 59.55800008773804, 21.65000009536743, 14.70199990272522, 262.33399987220764, 25.2979998588562, 36.78999996185303, 1.555999994277954, 1.508000135421753, 4.377999782562256, 1.059999942779541, 1.5260000228881836, 0.31399989128112793, 0.3320000171661377, 0.29200005531311035, 0.32700014114379883, 1.2109999656677246, 0.29200005531311035, 0.27500009536743164, 0.27699995040893555, 1.0440001487731934, 0.2690000534057617, 0.1960000991821289, 0.17400002479553223, 0.3190000057220459, 0.06200003623962402, 0.08099985122680664]",
33,Proposed-H3,89,test_id,id_actual,id_reliable,3,0.3,1420.3767566817178,,,,32.42500042915344,0.6755208422740301,1.625,0,0,True,,100089,proposed,4,48,True,,1.0,0.12499999981039145,"[56.58419009834297, 10.81932897816597, 8.256434994661369, 4.932728, 6.16615, 6.16615, 6.16615, 6.16615, 6.16615, 6.16615, 8.192538620238615, 26.660750696878118, 30.307544394479322, 18.03879833821621, 15.031541019098436, 6.16615, 6.16615, 6.16615, 4.932728, 6.16615, 4.932728, 3.699402, 3.699402, 3.7452290116198648, 3.699402, 4.932727793097792, 6.16615, 6.166149674040682, 6.16615, 11.104760422503487, 11.204950800631153, 70.89318737514553, 40.167180210479145, 79.490154025741, 97.68736414097243, 105.82616599726056, 52.391490287638476, 40.90668858816832, 55.19036825158615, 66.29487684971552, 62.75034543813087, 60.46963383673845, 67.97476461846117, 74.77060023974818, 62.3117754576613, 61.256519036621604, 60.44745671374898, 50.613050771926254]","[0.2990000247955322, 0.8050000667572021, 0.6289999485015869, 0.7309999465942383, 0.7239999771118164, 0.7320001125335693, 0.693000078201294, 0.6130001544952393, 0.6289999485015869, 0.5099999904632568, 0.6759998798370361, 0.747999906539917, 0.7070000171661377, 0.6689999103546143, 0.628000020980835, 0.6410000324249268, 0.6679999828338623, 0.687999963760376, 0.5900001525878906, 0.7160000801086426, 0.5739998817443848, 0.6029999256134033, 0.7039999961853027, 0.7799999713897705, 0.625999927520752, 0.8100001811981201, 0.685999870300293, 1.625, 0.7200000286102295, 0.7420001029968262, 0.7819998264312744, 0.6789999008178711, 0.6489999294281006, 0.687000036239624, 0.8199999332427979, 0.7300000190734863, 0.679999828338623, 0.6820001602172852, 0.7310001850128174, 0.7350001335144043, 0.7799999713897705, 0.7439999580383301, 0.7790000438690186, 0.7000000476837158, 0.8380000591278076, 0.2990000247955322, 0.07300019264221191, 0.0710000991821289]",
33,MPC-3,90,test_id,id_actual,id_reliable,3,,1706.3695133932881,,,,59.0119993686676,1.2294166535139084,16.5,0,0,True,,100090,pure_mpc,4,48,True,,1.0,0.12500000080856047,"[16.57657626639352, 9.294333541695792, 3.692950455391205, 4.926275692550095, 6.159674681808785, 6.085971252156352, 8.692166496836917, 8.407698168628562, 12.949069242878714, 10.974812772993186, 17.69399534790862, 29.694852590286224, 16.7295343637658, 16.24526223701128, 22.58665002548142, 13.223290651398464, 5.4298688017746475, 5.641601060502554, 4.408393270475937, 3.175108083387132, 1.941919000180926, 0.7088258125839682, 0.0, 0.0, 18.871901578444483, 1.845559775913836, 32.79686310995358, 4.3120190841253345, 33.57660054905122, 55.94544500858958, 43.83137913661931, 93.63819309079176, 96.33677334789637, 120.8816120157388, 115.36044915768717, 120.33762901188294, 44.01046891126645, 53.25841933204487, 68.36144262370185, 59.757191587854116, 69.43845912294186, 52.44734171523193, 61.72515271443709, 70.25492318258051, 66.76774838543078, 63.71264727672358, 68.42327119674083, 65.23919266154965]","[0.49200010299682617, 0.8139998912811279, 0.3299999237060547, 0.11099982261657715, 0.0820000171661377, 0.08600020408630371, 2.496999979019165, 2.4560000896453857, 0.7369999885559082, 0.6659998893737793, 0.440000057220459, 0.2990000247955322, 1.556999921798706, 1.4179999828338623, 1.6640000343322754, 1.500999927520752, 0.41900014877319336, 0.13699984550476074, 0.04900002479553223, 0.08100008964538574, 0.05099987983703613, 0.39999985694885254, 0.04699993133544922, 0.04999995231628418, 16.5, 3.0179998874664307, 15.417999982833862, 0.6470000743865967, 2.941999912261963, 0.49199986457824707, 0.5340001583099365, 0.43000006675720215, 0.3540000915527344, 0.11700010299682617, 0.11899995803833008, 0.12800002098083496, 0.28800010681152344, 0.1919999122619629, 0.11100006103515625, 0.30500006675720215, 0.09799981117248535, 0.3379998207092285, 0.1230001449584961, 0.0989999771118164, 0.18999981880187988, 0.09399986267089844, 0.06200003623962402, 0.029000043869018555]",
33,MPC-5,90,test_id,id_actual,id_reliable,5,,1616.8893981792462,,,,393.5060005187988,8.198041677474976,107.59299993515015,0,0,True,,100090,pure_mpc,6,48,True,,1.0,0.12500000189978677,"[16.57657848944124, 9.294330957625316, 3.699401884922315, 4.932727935187576, 7.002773029660871, 7.514727952888574, 8.865208088861467, 8.476802814708131, 16.9121462669328, 19.664621398094503, 22.579286542313113, 28.820922504461073, 16.72953408236919, 5.947658129540089, 6.16615, 6.591974592746945, 5.42986505917783, 6.029225321457608, 4.795813978243686, 3.5624986350297645, 2.3292793964534835, 1.0961560532314152, 0.0, 0.0, 17.79353708286775, 1.9512751745279744, 37.455777431186696, 11.509150371483848, 32.116430891444594, 55.94544509100057, 43.8313791441916, 93.63819309116842, 85.87802368073821, 92.67254387425382, 89.20714925101026, 98.4765472877985, 44.010469248292736, 53.25841937249926, 68.3614426462842, 59.75719527801656, 69.43845919682059, 52.44734171019498, 61.7251527321114, 70.25492318331654, 66.76774834831964, 63.71264732216072, 68.42327111311268, 65.23919254309783]","[2.7820000648498535, 9.549000024795532, 0.5730001926422119, 0.127000093460083, 21.832000017166138, 46.33899998664856, 26.289999961853027, 24.391000032424927, 5.78000020980835, 5.133999824523926, 3.259999990463257, 0.9249999523162842, 1.3429999351501465, 1.1549999713897705, 8.638999938964844, 11.891999959945679, 8.281000137329102, 4.3470001220703125, 0.8989999294281006, 1.0249998569488525, 0.08699989318847656, 6.447999954223633, 1.0379998683929443, 10.42300009727478, 107.59299993515015, 5.289000034332275, 30.511000156402588, 22.611000061035156, 17.457000017166138, 1.0829999446868896, 0.8559999465942383, 0.17999982833862305, 0.7430000305175781, 0.192000150680542, 0.19300007820129395, 1.065000057220459, 0.5710000991821289, 0.19899988174438477, 0.18799996376037598, 0.21900010108947754, 0.20099997520446777, 0.9920001029968262, 0.21799993515014648, 0.2049999237060547, 0.16000008583068848, 0.12900018692016602, 0.06100010871887207, 0.03099989891052246]",
33,MPC-7,90,test_id,id_actual,id_reliable,7,,1568.5737893099545,,,,1118.9579997062683,23.31162499388059,300.2339999675751,0,0,True,,100090,pure_mpc,8,48,True,,1.0,0.12500000504642678,"[16.576578489446828, 14.353113219212114, 3.6994019040833215, 4.9327151555571325, 9.018508137002597, 7.178435659842863, 10.794991908225022, 13.207834352059852, 21.74991679903036, 16.96142097192359, 14.416639679421309, 20.59179561403405, 16.72949817738405, 5.947658713289675, 6.166149651194836, 6.592023484224271, 5.429869166350232, 6.029221808887606, 4.795810466372815, 3.5624951239322735, 2.3292757816255643, 1.096152438684904, 0.0, 0.0, 35.77222921902998, 1.9512752917449376, 37.455778452784244, 11.509148848407097, 32.11642914971584, 55.94544519594072, 43.83137906828441, 73.41698608009192, 60.58872510873598, 76.02351208736452, 85.93056508212119, 98.47654866893834, 44.01046877787584, 53.25841925175398, 68.36144256020457, 59.75719517137787, 69.43845902059881, 52.447341584894524, 61.72515259114283, 70.25492306847099, 66.76774820894147, 63.71264707811579, 68.4232708915108, 65.23919215012239]","[2.6049997806549072, 300.2339999675751, 1.0160000324249268, 0.22099995613098145, 160.32599997520447, 207.2630000114441, 21.3510000705719, 26.358999967575073, 25.782000064849854, 20.47000002861023, 18.53600001335144, 13.507999897003174, 16.927000045776367, 1.621000051498413, 23.944999933242798, 14.894000053405762, 1.6190001964569092, 8.924000024795532, 1.9119999408721924, 1.6790001392364502, 10.798999786376953, 13.533999919891357, 13.444999933242798, 19.022000074386597, 105.3420000076294, 14.549999952316284, 34.212000131607056, 25.948999881744385, 1.7220001220703125, 1.5889999866485596, 1.5360000133514404, 1.0679998397827148, 1.5800001621246338, 0.31599998474121094, 0.3320000171661377, 0.2999999523162842, 1.0709998607635498, 0.28600001335144043, 0.2700002193450928, 0.33099985122680664, 0.30900001525878906, 1.3410000801086426, 0.2669999599456787, 0.19700002670288086, 0.15999984741210938, 0.11500000953674316, 0.08500003814697266, 0.037999868392944336]",
33,Proposed-H3,90,test_id,id_actual,id_reliable,3,0.3,1355.8246441747706,,,,36.81799936294556,0.7670416533946991,1.9470000267028809,0,0,True,,100090,proposed,4,48,True,,1.0,0.12499999981185266,"[49.473245707791506, 9.294333546795972, 3.699402, 4.932728, 6.16615, 6.16615, 6.16615, 6.16615, 6.16615, 6.16615, 9.444579204136888, 28.870108970636117, 16.729534082506767, 7.9024113078721365, 17.538205583086956, 13.223293705537698, 6.16615, 6.16615, 5.64979399443248, 5.238931398557414, 4.005581566362676, 3.699402, 3.699402, 3.818732853194881, 5.0520681402017855, 4.936861133014759, 6.16615, 6.16615, 6.16615, 12.142382104942119, 6.16615, 48.86346550252664, 51.308558712071076, 76.02351067652732, 85.930557568395, 98.47654728747216, 38.87167254413357, 49.52794718930334, 60.617562763036844, 54.8622956348929, 66.51211499305829, 50.12974098679222, 60.46684541935341, 69.87105598616081, 65.22968941507047, 63.585300119135276, 67.58931213741606, 64.61366994035478]","[0.25, 1.061000108718872, 0.687000036239624, 0.7519998550415039, 0.8689999580383301, 0.8519999980926514, 0.8469998836517334, 0.6960000991821289, 0.621999979019165, 0.6489999294281006, 0.7640001773834229, 0.809999942779541, 0.752000093460083, 0.7070000171661377, 0.7279999256134033, 0.7799999713897705, 0.6909999847412109, 1.6070001125335693, 0.7419998645782471, 0.753000020980835, 0.8059999942779541, 0.7020001411437988, 0.6659998893737793, 0.820000171661377, 1.9470000267028809, 0.75, 0.7899999618530273, 1.7709999084472656, 0.7369999885559082, 0.7200000286102295, 0.7200000286102295, 0.6780002117156982, 0.7769999504089355, 0.7159998416900635, 0.8450000286102295, 0.7919998168945312, 0.7669999599456787, 0.6970000267028809, 0.7179999351501465, 0.7669999599456787, 0.8009998798370361, 0.7590000629425049, 0.7290000915527344, 0.7339999675750732, 0.7679998874664307, 0.12199997901916504, 0.0709998607635498, 0.028999805450439453]",
33,MPC-3,91,test_id,id_actual,id_reliable,3,,1744.7135049381511,,,,93.03899908065796,1.9383124808470409,20.52500009536743,0,0,True,,100091,pure_mpc,4,48,True,,1.0,0.12500000118108273,"[23.834475077679173, 13.685864788771234, 3.699359119357123, 10.499984887450783, 6.1661071123165865, 11.14516275584992, 12.856963161548656, 8.156321159934079, 9.328155325945755, 8.332529928981357, 15.988124729484538, 34.44070873187147, 42.23079773237474, 27.462111179312984, 20.948270853322693, 5.993696133350401, 4.760287555871307, 4.845874693046804, 3.612555453316048, 2.3793323182182182, 1.1462050784793163, 0.0, 0.0, 0.0, 30.885904688720135, 6.227858327491791, 10.992389958169428, 33.57864441917351, 23.765124619464487, 55.37421611415694, 68.98964162451924, 77.02723222270943, 110.35692739298207, 106.84808405720882, 132.66275147084124, 98.21805339832257, 60.23954266629645, 52.39087328606057, 59.35267330499039, 59.01029722465861, 54.72785699342595, 67.4715450049789, 63.315558748705826, 52.91812240752992, 68.13105996376079, 66.781121567966, 58.61428317078129, 55.3208545287535]","[0.125, 0.3529999256134033, 0.7049999237060547, 11.71399998664856, 1.503000020980835, 1.4500000476837158, 1.1710000038146973, 2.50600004196167, 0.46199989318847656, 1.4819998741149902, 0.6689999103546143, 0.312000036239624, 0.5860002040863037, 1.0199999809265137, 1.1159999370574951, 0.5950000286102295, 0.5929999351501465, 3.0940001010894775, 0.5180001258850098, 0.05299997329711914, 12.255000114440918, 0.6180000305175781, 0.4700000286102295, 5.017999887466431, 20.52500009536743, 8.409000158309937, 6.115999937057495, 4.5849997997283936, 0.9960000514984131, 0.3509998321533203, 0.375, 0.13899993896484375, 0.11299991607666016, 0.7309999465942383, 0.12899994850158691, 0.14499998092651367, 0.11699986457824707, 0.2109999656677246, 0.2799999713897705, 0.27300000190734863, 0.20099997520446777, 0.11599993705749512, 0.20300006866455078, 0.19899988174438477, 0.12899994850158691, 0.1960000991821289, 0.07999992370605469, 0.031999826431274414]",
33,MPC-5,91,test_id,id_actual,id_reliable,5,,1716.2872940495533,,,,581.7849998474121,12.120520830154419,56.228999853134155,0,0,True,,100091,pure_mpc,6,48,True,,1.0,0.12500000200479103,"[23.833571086528064, 13.685672262216139, 3.6994000387040122, 14.13948969493041, 6.418477446779438, 11.759425732843063, 12.872031345457131, 7.613289614658047, 12.651103325914104, 16.848427625851386, 16.222851500607533, 34.440707007092236, 42.23079579702253, 13.66450439458394, 7.291726819373863, 5.804670134304753, 4.694860649972505, 4.840848391559362, 3.6075295430543526, 2.3745263265514533, 1.141399482767413, 0.0, 0.0, 0.0, 47.161462219956654, 20.614486952517673, 17.018049301919813, 33.578640996871805, 23.765124668794442, 55.37423487384761, 68.98964171922144, 77.02723226086432, 108.40983239565502, 89.70492859923759, 115.38957678452486, 81.14498294002463, 60.23954275294844, 52.390873297497855, 59.352676581652496, 59.01029724920396, 54.72785707656104, 67.47154499703743, 63.31555873874843, 52.91812239537503, 68.13106002780843, 66.78112145319886, 58.61428311792181, 55.32085442739188]","[9.656000137329102, 16.375, 2.5269999504089355, 35.51400017738342, 26.74399995803833, 39.97199988365173, 22.36899995803833, 41.3270001411438, 15.13100004196167, 9.118000030517578, 5.000999927520752, 0.7920000553131104, 16.705000162124634, 16.04699993133545, 23.457000017166138, 1.0750000476837158, 1.1579999923706055, 14.829999923706055, 0.9739999771118164, 0.09300017356872559, 27.94599986076355, 47.28800010681152, 23.872000217437744, 18.895999908447266, 56.228999853134155, 38.47099995613098, 44.88600015640259, 15.503000020980835, 1.622999906539917, 0.8350000381469727, 0.621999979019165, 0.9639999866485596, 1.0899999141693115, 1.2119998931884766, 0.18500018119812012, 1.0970001220703125, 0.20199990272521973, 0.2219998836517334, 0.2069997787475586, 0.20000004768371582, 0.22799992561340332, 0.22099995613098145, 0.2070000171661377, 0.22800016403198242, 0.14599990844726562, 0.20999979972839355, 0.09999990463256836, 0.029999971389770508]",
33,MPC-7,91,test_id,id_actual,id_reliable,7,,1696.3904044360493,,,,1725.1280000209808,35.94016666710377,300.23299980163574,0,0,True,,100091,pure_mpc,8,48,True,,1.0,0.1249999998113633,"[25.10733659707214, 15.774879360931363, 3.699401927608185, 14.730762166235984, 6.994097893432173, 11.950741689848225, 14.82443656501065, 12.726192474527409, 13.97789186449158, 13.261753670719319, 14.120163650659201, 34.440706782832635, 42.230797351656676, 13.664481605809607, 6.166149973043316, 5.382688871966112, 4.149327959875738, 4.642975397500789, 3.4096719511793983, 2.176464504359852, 0.9595163668096719, 0.0, 0.0, 0.17205836233806415, 46.64864112823976, 18.24273679367704, 14.647795017763539, 32.77763900045795, 23.765124806526835, 55.37423067434088, 68.98964175013313, 77.02723222979526, 103.7534872062859, 85.07293315058375, 110.72263907453794, 76.53201315736241, 60.239542821984095, 52.39087321880679, 59.35267662540316, 59.01029726142867, 54.72788433453113, 67.47154487841354, 63.3155583414746, 52.9181222038402, 68.13105935565545, 66.78112012810622, 58.614281096964184, 55.32083319182878]","[53.21300005912781, 300.23299980163574, 0.9070000648498535, 142.5479998588562, 55.281999826431274, 300.17899990081787, 21.735000133514404, 54.23699998855591, 41.21799993515015, 34.468000173568726, 28.700000047683716, 18.73099994659424, 1.8229999542236328, 14.45799994468689, 15.384000062942505, 12.337000131607056, 13.875, 71.1100001335144, 1.690000057220459, 9.957000017166138, 84.31900000572205, 28.42799997329712, 43.287999868392944, 21.98199987411499, 137.67899990081787, 141.24899983406067, 49.04299998283386, 1.7780001163482666, 4.944999933242798, 7.200999975204468, 1.49399995803833, 1.624000072479248, 1.4249999523162842, 1.684999942779541, 0.31400012969970703, 0.9079999923706055, 0.29400014877319336, 1.1450002193450928, 0.9300000667572021, 1.1100001335144043, 0.9630000591278076, 0.31399989128112793, 0.24899983406066895, 0.22099995613098145, 0.13499999046325684, 0.20600008964538574, 0.08599996566772461, 0.0280001163482666]",
33,Proposed-H3,91,test_id,id_actual,id_reliable,3,0.3,1378.494774891677,,,,30.7979998588562,0.6416249970595042,1.0419998168945312,0,0,True,,100091,proposed,4,48,True,,1.0,0.12499999981066603,"[56.94167621649591, 13.685692185928229, 3.699402, 5.18069436277589, 6.16615, 6.16615, 6.16615, 6.16615, 6.16615, 6.16615, 12.205922556303893, 34.44070795257482, 42.230797398067345, 21.197582145608003, 20.41801019332371, 6.16615, 6.16615, 6.16615, 5.654063780533512, 4.420681637443982, 4.04496682440374, 3.699402, 3.699402, 3.8175617761212193, 5.05089679827545, 6.16615, 6.16615, 6.16615, 6.16615, 11.598474977641791, 24.95093386681986, 32.450287194336234, 65.08565171095377, 62.936722594497375, 98.25859286707713, 70.63791603725537, 56.2989137697843, 49.93963067799694, 52.41333630615638, 54.69595315876155, 51.28846932616954, 66.28657366982743, 61.273603696309294, 52.91812147107743, 66.825858119946, 66.71665922762725, 58.50654426706438, 54.865122124519075]","[0.75, 0.8610000610351562, 0.7170000076293945, 0.7230000495910645, 0.6959998607635498, 0.6909999847412109, 0.7170000076293945, 0.1380000114440918, 0.5929999351501465, 0.7030000686645508, 0.6800000667572021, 0.7160000801086426, 0.7349998950958252, 0.6459999084472656, 0.6349999904632568, 0.3859999179840088, 0.681999921798706, 0.693000078201294, 0.695000171661377, 0.6480000019073486, 0.7820000648498535, 0.6690001487731934, 0.6459999084472656, 0.7569999694824219, 0.9149999618530273, 0.11700010299682617, 0.6729998588562012, 1.0419998168945312, 0.7039999961853027, 0.9159998893737793, 0.6960000991821289, 0.6699998378753662, 0.6689999103546143, 0.7089998722076416, 0.7760000228881836, 0.7999999523162842, 0.7030000686645508, 0.7290000915527344, 0.7190001010894775, 0.7159998416900635, 0.6919999122619629, 0.751000165939331, 0.624000072479248, 0.7369999885559082, 0.17300009727478027, 0.21399998664855957, 0.06400012969970703, 0.029999971389770508]",
33,MPC-3,92,test_id,id_actual,id_reliable,3,,1552.7649357817957,,,,80.56799983978271,1.67849999666214,15.944999933242798,0,0,True,,100092,pure_mpc,4,48,True,,1.0,0.12500000095557964,"[5.517877334537035, 16.436116598354342, 9.320412962174412, 11.060028865354166, 7.1841151419008344, 5.774614974694243, 5.491063339759648, 10.329164687447523, 15.288386781784991, 8.468100138525188, 11.084345245901183, 24.320007506571535, 39.40145293972756, 26.562200054161877, 11.868098262768555, 11.333078832869106, 5.036847010148015, 3.8035129065432014, 2.570274802438377, 1.3371326983335523, 0.10408659422872757, 0.0, 0.0, 0.0, 8.810002975393477, 2.054892982907199, 3.2880909096616153, 5.269930354004328, 25.930293330985045, 20.18536542111285, 63.615185473900894, 70.69593565466792, 106.64411028542038, 124.04036366038021, 91.25811545262098, 123.67556518256578, 49.846693306819326, 56.60665803694244, 48.61760451085953, 63.90740842490696, 55.48437573979316, 55.25890773712642, 53.208515931273766, 65.4359173762228, 49.10955908357545, 64.32217443757654, 60.99135353278142, 52.21699830207299]","[5.983000040054321, 0.33899998664855957, 2.1549999713897705, 10.01200008392334, 1.99399995803833, 0.07999992370605469, 0.11500000953674316, 0.6860001087188721, 0.32000017166137695, 0.8949999809265137, 2.4700000286102295, 0.6630001068115234, 1.1150000095367432, 2.263000011444092, 0.4659998416900635, 0.5729999542236328, 0.6429998874664307, 0.05000019073486328, 0.5339999198913574, 0.5240001678466797, 0.4099998474121094, 0.3819999694824219, 6.6529998779296875, 0.40400004386901855, 15.944999933242798, 2.618000030517578, 0.4500000476837158, 2.5889999866485596, 13.51799988746643, 1.315999984741211, 0.4809999465942383, 0.41899991035461426, 0.12400007247924805, 0.3960001468658447, 0.35199999809265137, 0.09500002861022949, 0.21700000762939453, 0.2089998722076416, 0.2630000114440918, 0.26799988746643066, 0.3039999008178711, 0.3280000686645508, 0.3169999122619629, 0.10500001907348633, 0.22900009155273438, 0.20099997520446777, 0.06399989128112793, 0.031000137329101562]",
33,MPC-5,92,test_id,id_actual,id_reliable,5,,1532.9951155131168,,,,733.7769989967346,15.28702081243197,144.0699999332428,0,0,True,,100092,pure_mpc,6,48,True,,1.0,0.12500000183642565,"[5.517874967482307, 18.284031438036482, 14.265853462291712, 12.712170633076813, 7.207476595897253, 5.601550090628266, 5.393329947126635, 9.93007012245279, 17.88972654690774, 16.043659922536087, 7.479559951072134, 18.286897071653847, 39.401451537832685, 15.79822682726445, 8.550926495213297, 11.333060496418959, 5.036845062633823, 3.8035109586806213, 2.5702728547274196, 1.3371307507742183, 0.1040846478210166, 0.0, 0.0, 0.0, 32.80817690859804, 2.0548931564355346, 12.728205313089827, 6.023299601187548, 25.930294160963935, 20.1853655308852, 63.61518563566861, 70.69593579570375, 105.70769862109987, 108.22484412185798, 75.62097764506463, 107.8463523108721, 49.846693383478225, 56.60665808981313, 48.61760463125188, 63.907412031264386, 55.48437566034911, 55.2589112730921, 53.20851886111628, 65.43591733059799, 49.10955902754871, 64.3221743761091, 60.991353473807735, 52.216998192732824]","[11.607999801635742, 24.663000106811523, 24.865999937057495, 54.806999921798706, 25.969000101089478, 0.2239999771118164, 0.6629998683929443, 34.05400013923645, 13.764999866485596, 15.91100001335144, 16.67899990081787, 0.929999828338623, 11.17300009727478, 21.842000007629395, 9.463000059127808, 10.407999992370605, 8.966000080108643, 0.9189999103546143, 0.9539999961853027, 0.8589999675750732, 6.20199990272522, 56.53600001335144, 75.35500001907349, 27.233999967575073, 144.0699999332428, 2.5139999389648438, 53.34699988365173, 34.49300003051758, 26.61899995803833, 5.832000017166138, 1.186000108718872, 0.8409998416900635, 0.9019999504089355, 0.6970000267028809, 3.6489999294281006, 0.20300006866455078, 0.19999980926513672, 0.1959998607635498, 2.878999948501587, 0.22899985313415527, 0.22300004959106445, 0.2109999656677246, 0.20800018310546875, 0.20600008964538574, 0.7309999465942383, 0.1940000057220459, 0.06800007820129395, 0.029000043869018555]",
33,MPC-7,92,test_id,id_actual,id_reliable,7,,1503.1720315849477,,,,1942.32399892807,40.46508331100146,300.3770000934601,0,0,True,,100092,pure_mpc,8,48,True,,1.0,0.1249999998100326,"[5.517876903346794, 20.879441425832123, 15.949976559732406, 14.682383790953207, 6.16615, 5.633141674300546, 6.038431339589225, 14.636128530649962, 22.74995943883598, 11.399771596398734, 5.921311805703151, 6.766017397144165, 39.401420418884044, 15.797878225938444, 8.55130843798315, 11.3330613731736, 5.036841407936395, 3.8035073046933237, 2.5702692015245354, 1.3371270984898493, 0.10408099582093225, 0.0, 0.0, 0.0, 41.785382974265545, 2.4661720000000003, 7.070541182142741, 4.932728, 20.261931101403462, 20.18535534800626, 63.61518566051709, 70.6959357493561, 99.06213478329705, 101.9185975433498, 68.46435365571337, 103.4313365303623, 49.846693810767896, 56.60665815943015, 48.61760452846478, 63.9074119546912, 55.48437587125682, 55.258911161509936, 53.210465991731446, 65.43591672556614, 49.10774034970447, 64.32217283141587, 60.99135213292521, 52.216988612139446]","[21.5310001373291, 300.21399998664856, 300.1340000629425, 300.3110001087189, 90.83599996566772, 1.1099998950958252, 8.480000019073486, 26.443000078201294, 22.776999950408936, 26.26799988746643, 4.330999851226807, 16.055000066757202, 18.960000038146973, 27.4229998588562, 11.77999997138977, 10.089999914169312, 11.568000078201294, 1.8970000743865967, 1.9900000095367432, 16.341000080108643, 8.9760000705719, 113.19400000572205, 9.579999923706055, 9.96500015258789, 111.125, 300.3770000934601, 54.175999879837036, 46.930999994277954, 17.61899995803833, 29.412999868392944, 1.7400000095367432, 1.5809998512268066, 2.822000026702881, 1.309999942779541, 6.82699990272522, 1.5769999027252197, 0.312999963760376, 0.2909998893737793, 1.7630000114440918, 0.3250000476837158, 0.9469997882843018, 0.9110000133514404, 0.8829998970031738, 0.20199990272521973, 0.627000093460083, 0.182999849319458, 0.08599996566772461, 0.0409998893737793]",
33,Proposed-H3,92,test_id,id_actual,id_reliable,3,0.3,1231.476801788358,,,,33.19399881362915,0.6915416419506073,1.5960001945495605,0,0,True,,100092,proposed,4,48,True,,1.0,0.12499999981039625,"[38.125269990138605, 16.436118775936748, 9.320414532497647, 4.932728, 6.16615, 6.16615, 6.16615, 6.16615, 6.758949936347988, 6.16615, 6.16615, 18.22800456088211, 39.40145264847136, 18.665610789360457, 11.40632134085872, 11.3330815572098, 6.16615, 6.16615, 4.932728, 3.740128099934761, 3.699402, 3.699402, 3.699402, 3.699402, 4.932728, 3.7896000141619486, 5.022933033433852, 6.16615, 6.16615, 6.16615, 19.48566703293566, 26.432043057768645, 61.406368163908034, 78.37847653510485, 59.08967648531453, 103.43133652700689, 30.015685714314564, 43.11883227671672, 35.887690229244065, 54.40943511290733, 49.37061297058895, 51.51739343070292, 50.581982638925446, 64.45933564340017, 48.07757486961579, 63.79395677604212, 60.79520917760464, 51.57419786702278]","[1.5960001945495605, 0.749000072479248, 0.6330001354217529, 0.820000171661377, 0.7029998302459717, 0.8339998722076416, 0.7950000762939453, 0.7239999771118164, 0.0989999771118164, 0.6189999580383301, 0.7450001239776611, 0.7300000190734863, 0.752000093460083, 0.7029998302459717, 0.5810000896453857, 0.623999834060669, 0.6340000629425049, 0.6729998588562012, 0.6749999523162842, 0.9289999008178711, 0.6719999313354492, 0.6600000858306885, 0.747999906539917, 0.6769998073577881, 0.8350000381469727, 0.8009998798370361, 0.8459999561309814, 0.7919998168945312, 0.7569999694824219, 0.7080001831054688, 0.6919999122619629, 0.747999906539917, 0.7189998626708984, 0.812999963760376, 0.7960000038146973, 0.8259999752044678, 0.7390000820159912, 0.7379999160766602, 0.8050000667572021, 0.7039999961853027, 0.6779999732971191, 0.687999963760376, 0.6919999122619629, 0.8559999465942383, 0.15199995040893555, 0.30900001525878906, 0.07699990272521973, 0.04799985885620117]",
33,MPC-3,93,test_id,id_actual,id_reliable,3,,1637.3319171837081,,,,66.00999999046326,1.3752083331346512,13.468999862670898,0,0,True,,100093,pure_mpc,4,48,True,,1.0,0.1250000009784015,"[16.17492914066864, 12.25543418690818, 8.877301187392437, 4.932700350691031, 8.129190617734965, 6.166142183372741, 15.274878196907059, 6.16615, 9.108083337804018, 13.148763223038971, 20.71621280710045, 26.960375747645244, 21.694150079752006, 24.846526866255203, 25.968293434456776, 5.233137448259613, 3.9997880665254644, 4.116346869476281, 2.883084496105489, 1.759641050910573, 0.677582641538365, 0.0, 0.0, 0.0, 1.2330379193661543, 7.042909800496364, 22.111897062545978, 15.269340409639423, 6.16615, 51.13053470789753, 63.676785262415706, 75.30767132604454, 83.22395026415455, 117.3712972916592, 126.91280960186826, 122.08025710170422, 42.427094288219536, 64.74763401538351, 56.70975460734655, 59.41606591465383, 69.87583239648089, 62.43596107275621, 66.44399184906077, 61.15507978478, 66.98454523554581, 54.458599026446116, 47.96118088229533, 54.100825430404115]","[0.7739999294281006, 0.6540000438690186, 2.631999969482422, 0.08799982070922852, 3.0810000896453857, 0.0710000991821289, 1.4270000457763672, 0.3489999771118164, 1.9530000686645508, 1.2690000534057617, 0.6410000324249268, 0.3080000877380371, 3.265000104904175, 1.8950002193450928, 3.109999895095825, 0.375, 0.6510000228881836, 0.6500000953674316, 0.06100010871887207, 4.224999904632568, 8.519999980926514, 0.5320000648498535, 0.3919999599456787, 0.05499982833862305, 0.8630001544952393, 13.468999862670898, 3.625, 2.3440001010894775, 4.58899998664856, 0.5249998569488525, 0.1770000457763672, 0.11899995803833008, 0.7330000400543213, 0.4309999942779541, 0.10599994659423828, 0.10899996757507324, 0.3320000171661377, 0.10199999809265137, 0.2049999237060547, 0.11500000953674316, 0.10800004005432129, 0.18199992179870605, 0.18999981880187988, 0.21300005912780762, 0.11699986457824707, 0.22900009155273438, 0.08599996566772461, 0.06299996376037598]",
33,MPC-5,93,test_id,id_actual,id_reliable,5,,1615.4219146070618,,,,521.6280000209808,10.867250000437101,60.319000005722046,0,0,True,,100093,pure_mpc,6,48,True,,1.0,0.1250000016492743,"[16.174929165791543, 12.255434205376536, 14.34999794709157, 4.931105427998271, 8.548743280015568, 6.130145579298651, 14.698277297889332, 6.16615, 11.594181745035247, 21.639378414407588, 28.42906258838125, 26.960373616509642, 21.69414974151435, 10.777792226685314, 6.898432169881511, 5.1714931708462775, 3.938148587060052, 3.8493150698441605, 2.616247106888718, 1.6002719285115161, 0.6775964051339984, 0.0, 0.0, 0.0, 15.851332340749424, 18.156830206609044, 22.111896827713714, 15.269347702183588, 6.16615, 51.13053477501297, 63.6767876648365, 75.30767136783696, 83.22395021372752, 108.42766636378812, 112.5644446321574, 107.71750905970374, 42.4270976352057, 64.74763403173374, 56.70975461458913, 59.416066023229604, 69.87583243157528, 62.4359610525701, 66.44399184087787, 61.15507977924974, 66.9845452164449, 54.458598975866266, 47.9611808291292, 54.10082534811003]","[3.6470000743865967, 6.398000001907349, 25.763999938964844, 0.1770000457763672, 52.712000131607056, 0.17400002479553223, 18.115000009536743, 23.561000108718872, 16.91000008583069, 2.9070000648498535, 1.315999984741211, 10.990000009536743, 1.1779999732971191, 6.53600001335144, 28.39299988746643, 9.825000047683716, 1.122999906539917, 14.218000173568726, 0.09200000762939453, 13.723999977111816, 14.467999935150146, 18.717000007629395, 17.884999990463257, 19.76199984550476, 54.59499979019165, 60.319000005722046, 45.236000061035156, 23.48900008201599, 17.34000015258789, 1.3250000476837158, 0.872999906539917, 1.2939999103546143, 3.258000135421753, 1.0260000228881836, 0.6959998607635498, 0.19899988174438477, 1.3420000076293945, 0.20399999618530273, 0.22799992561340332, 0.21399998664855957, 0.20300006866455078, 0.22699999809265137, 0.18999981880187988, 0.20399999618530273, 0.19300007820129395, 0.23199987411499023, 0.08500003814697266, 0.06400012969970703]",
33,MPC-7,93,test_id,id_actual,id_reliable,7,,1614.236563121582,,,,2231.2530007362366,46.484437515338264,300.35199999809265,0,0,True,,100093,pure_mpc,8,48,True,,1.0,0.12500000188909968,"[17.110832033255715, 15.734798280622561, 16.144423206202156, 4.931235225417676, 8.70203190918464, 6.1661490229560965, 16.64205641946591, 10.775239887166272, 14.082030731814482, 22.039398753564917, 20.825148941272573, 20.212291127778514, 21.69410893245626, 10.777789505454209, 6.16615, 5.047781275371189, 3.814446320626386, 3.8170436349666015, 2.5838044776192493, 1.435731561629782, 0.6775970810471139, 0.0, 0.0, 0.0, 29.81334714110474, 18.156855732071545, 22.111904362457196, 21.22412908985216, 9.315391436542697, 51.13053483092549, 63.67678767174977, 75.30767133658283, 82.45515528837058, 100.51119149720776, 104.64582544702401, 99.79111332713126, 42.427097697238885, 64.7476340516769, 56.70975462824039, 59.41606579731611, 69.87583244973916, 62.435961111658024, 66.44399183338669, 61.155079767205486, 66.98454520517701, 54.45859896156974, 47.961180810923786, 54.10082531855744]","[212.03700017929077, 300.35199999809265, 300.2700002193451, 0.26600003242492676, 170.55499982833862, 1.5429999828338623, 21.54300022125244, 36.456000089645386, 65.12899994850159, 22.972000122070312, 17.980000019073486, 16.142000198364258, 15.004999876022339, 13.380000114440918, 1.50600004196167, 13.532000064849854, 1.434999942779541, 13.925000190734863, 8.182999849319458, 300.2019999027252, 36.194000005722046, 18.59600019454956, 45.598999977111816, 10.631999969482422, 171.5059998035431, 255.1289999485016, 52.508999824523926, 19.448999881744385, 24.92899990081787, 49.25399994850159, 1.695000171661377, 1.6690001487731934, 4.226000070571899, 2.0439999103546143, 0.9809999465942383, 0.3190000057220459, 1.0720000267028809, 0.2779998779296875, 0.27900004386901855, 0.9140000343322754, 0.309999942779541, 0.27900004386901855, 0.2519998550415039, 0.21000003814697266, 0.15200018882751465, 0.20600008964538574, 0.08500003814697266, 0.07200002670288086]",
33,Proposed-H3,93,test_id,id_actual,id_reliable,3,0.3,1285.3156913584537,,,,35.11600065231323,0.7315833469231924,2.3970000743865967,0,0,True,,100093,proposed,4,48,True,,1.0,0.12499999981065144,"[49.04284518820523, 12.25543829601097, 8.877304456956512, 4.932728, 6.16615, 6.16615, 6.16615, 6.16615, 6.16615, 7.350269968728157, 14.493351125237055, 26.960372681220093, 21.694149786740766, 16.959320991383102, 22.723374509803463, 6.16615, 6.16615, 6.16615, 5.585225819635257, 4.991035332278032, 3.7577047949180162, 3.699402, 3.699402, 3.699402, 4.638040066296567, 5.494836407155099, 6.16615, 5.710206927684283, 6.043580963287029, 7.323707121738192, 19.719917574387566, 30.747201648153293, 38.367986304456956, 71.70634569806295, 90.2514446514766, 94.01785617576759, 25.7855760368207, 54.121665042371, 45.98509298124814, 53.07758455230381, 64.45338723909472, 59.22012129534188, 62.953069892913874, 59.333084636206436, 65.83306927757725, 53.47906512640851, 47.060970376673296, 53.77520441191114]","[2.3970000743865967, 0.932999849319458, 0.6700000762939453, 0.6909999847412109, 0.7129998207092285, 0.877000093460083, 0.6719999313354492, 0.13299989700317383, 0.7250001430511475, 0.5869998931884766, 0.6620001792907715, 0.7179999351501465, 0.6979999542236328, 0.6540000438690186, 0.6570000648498535, 1.6150000095367432, 0.6809999942779541, 0.7019999027252197, 0.1510000228881836, 0.5710000991821289, 0.6720001697540283, 0.6449999809265137, 0.6549999713897705, 0.6650002002716064, 0.812999963760376, 0.7420001029968262, 0.7230000495910645, 0.7440001964569092, 1.7940001487731934, 0.619999885559082, 0.6449999809265137, 0.7330000400543213, 0.746999979019165, 0.7350001335144043, 0.7350001335144043, 0.8819999694824219, 0.7899999618530273, 0.7979998588562012, 0.7279999256134033, 0.7130000591278076, 0.750999927520752, 0.7920000553131104, 0.690000057220459, 0.7139999866485596, 0.6619999408721924, 0.3020000457763672, 0.08899998664855957, 0.029999971389770508]",
33,MPC-3,94,test_id,id_actual,id_reliable,3,,1653.5192611214925,,,,67.58900141716003,1.408104196190834,16.29800009727478,0,0,True,,100094,pure_mpc,4,48,True,,1.0,0.12500000072712214,"[21.692775432894514, 5.425861649543442, 3.5834274461468167, 11.290792043456248, 9.107272772858515, 5.625689374865625, 6.261028453051241, 10.645220707528647, 12.5234795386596, 12.867821968772246, 21.26227081874209, 26.346829161526188, 41.61517385382555, 29.499044103297997, 17.461866346750693, 16.902229093723953, 5.1501045072038485, 4.921447896932978, 3.6881227749231735, 2.4548937616791644, 1.2217606406631967, 0.0, 0.0, 0.0, 1.2330379411895933, 2.4661718923435383, 3.6994017801954393, 18.88929786089332, 6.16615, 32.41057508283483, 67.59465591843289, 86.81209253675327, 103.90116633442236, 118.76609251553884, 112.20552872609063, 105.04250407711001, 53.56541397038842, 59.688088194434506, 50.69640521414529, 52.870319772925725, 68.08675337199327, 61.1904903369987, 68.44538294860969, 55.486571353876116, 61.03841068947116, 53.3868866761693, 71.87290157005553, 68.45785000957427]","[0.10800004005432129, 2.38700008392334, 0.3690001964569092, 16.29800009727478, 12.19100022315979, 0.29000020027160645, 1.8350000381469727, 1.8440001010894775, 0.34800004959106445, 1.6380000114440918, 0.49200010299682617, 0.2949998378753662, 0.627000093460083, 0.38699984550476074, 0.4630000591278076, 0.4549999237060547, 0.5449998378753662, 5.074000120162964, 0.5279998779296875, 0.051000118255615234, 0.05200004577636719, 0.5289998054504395, 0.4679999351501465, 5.865000009536743, 1.6390001773834229, 0.6940000057220459, 0.33500003814697266, 4.984000205993652, 1.8220000267028809, 1.0520000457763672, 0.3539998531341553, 0.3819999694824219, 0.10699987411499023, 0.5269999504089355, 0.12600016593933105, 0.13499999046325684, 0.1119999885559082, 0.10900020599365234, 0.32899999618530273, 0.31599998474121094, 0.18799996376037598, 0.13400006294250488, 0.10899996757507324, 0.21600008010864258, 0.3190000057220459, 0.35500001907348633, 0.07300019264221191, 0.03299999237060547]",
33,MPC-5,94,test_id,id_actual,id_reliable,5,,1578.2383560851863,,,,433.85299921035767,9.038604150215784,116.49399995803833,0,0,True,,100094,pure_mpc,6,48,True,,1.0,0.12500000195379288,"[21.69277518842514, 5.425857670203445, 3.699401879835906, 13.545322958710232, 10.206536740291035, 5.72665113805201, 6.164056746772446, 10.867452407783727, 16.0427526725083, 20.79292919564121, 29.362788654087858, 25.21130855815594, 41.615171794289445, 15.379501237647563, 6.01227280050426, 6.16615, 4.932728, 4.683121607388946, 3.449815035723273, 2.2166044640575984, 0.9834898923919242, 0.0, 0.0, 0.13876737660883198, 1.3718161463624552, 2.6049609226397124, 5.565317142607702, 16.978468251485136, 6.16615, 32.410575254950444, 67.59708278522243, 86.81209261818672, 102.64289616828368, 99.05978529019038, 92.53729588458563, 85.39097630346664, 53.56541405933851, 59.68808824548938, 50.696405228507075, 52.87032315821264, 68.08675337368345, 61.190490423655675, 68.44538521014354, 55.486571331546116, 61.038414229458596, 53.38688670262543, 71.87290147817058, 68.45784985729505]","[1.0350000858306885, 8.386000156402588, 1.1489999294281006, 32.866000175476074, 43.1470000743866, 0.6289999485015869, 0.14899992942810059, 23.68500018119812, 15.093999862670898, 4.200000047683716, 3.2879998683929443, 7.1559998989105225, 18.223999977111816, 3.7790000438690186, 0.7200000286102295, 8.657999992370605, 0.8889999389648438, 12.024999856948853, 0.9210000038146973, 0.9500000476837158, 0.945000171661377, 116.49399995803833, 0.8769998550415039, 1.2279999256134033, 1.9629998207092285, 1.2249999046325684, 83.5090000629425, 16.020999908447266, 11.796000003814697, 1.5149998664855957, 0.7929999828338623, 0.9149999618530273, 0.6759998798370361, 0.872999906539917, 0.20800018310546875, 0.2109999656677246, 0.20099997520446777, 0.2070000171661377, 4.648000001907349, 1.1340000629425049, 0.2199997901916504, 0.19499993324279785, 0.20600008964538574, 0.18799996376037598, 0.16299986839294434, 0.3970000743865967, 0.06599998474121094, 0.029000043869018555]",
33,MPC-7,94,test_id,id_actual,id_reliable,7,,1518.8252296372111,,,,1785.5979986190796,37.199958304564156,300.3430001735687,0,0,True,,100094,pure_mpc,8,48,True,,1.0,0.12500000643334647,"[22.907433083093892, 5.425860148503123, 3.699401915519502, 14.846994777968671, 11.266940337349101, 5.776141769088962, 8.42318506751646, 16.122529341833523, 20.236292095310663, 23.652220874789016, 26.044600888598886, 9.562694392222006, 41.61517254859972, 15.379483001811847, 6.012274181158675, 6.166149980690919, 4.932728, 4.684898866993097, 3.451592156991768, 2.2183814476244152, 0.9852667386230365, 0.0, 0.0, 1.2126049167771067, 6.720227846546264, 6.705062106417553, 4.912290144336872, 6.145710553476192, 6.16615, 32.41057530410994, 67.59708275996671, 83.70238412326333, 80.9536100007158, 81.47132515164829, 79.55025766001938, 83.08225951787716, 53.56541382214676, 59.68808812591911, 50.69640495935537, 52.870333757399294, 68.0867531667463, 61.19049018871318, 68.4453827902181, 55.48657099373612, 61.0384133852021, 53.38684623929186, 71.87290121044558, 68.45784929859508]","[103.54700016975403, 17.513999938964844, 1.553999900817871, 244.5550000667572, 137.83599996566772, 1.9809999465942383, 43.87399983406067, 17.72000002861023, 21.509000062942505, 23.782000064849854, 18.132999897003174, 17.457000017166138, 33.9539999961853, 13.928999900817871, 1.6159999370574951, 10.726999998092651, 1.4210000038146973, 43.80399990081787, 1.5779998302459717, 1.9040000438690186, 9.554999828338623, 241.54699993133545, 13.294999837875366, 1.7179999351501465, 300.1749999523163, 300.3430001735687, 106.42199993133545, 18.80299997329712, 23.65400004386902, 1.5779998302459717, 1.628000020980835, 1.1779999732971191, 0.35199999809265137, 0.3510000705718994, 0.13700008392333984, 0.3169999122619629, 1.0169999599456787, 0.3020000457763672, 1.3819999694824219, 0.9609999656677246, 0.9960000514984131, 0.312000036239624, 0.27499985694885254, 0.1960000991821289, 0.20599985122680664, 0.4009997844696045, 0.06599998474121094, 0.03600001335144043]",
33,Proposed-H3,94,test_id,id_actual,id_reliable,3,0.3,1328.3458867467634,,,,36.797998905181885,0.7666249771912893,2.110999822616577,0,0,True,,100094,proposed,4,48,True,,1.0,0.12499999981181394,"[54.7130998395445, 38.027689126125644, 3.699402, 4.975850338421786, 6.16615, 6.16615, 6.16615, 6.16615, 6.16615, 6.16615, 6.16615, 7.021792199007452, 41.615173598801704, 18.51979481223256, 14.329479958398988, 16.90223138191437, 6.16615, 6.16615, 5.035004576569199, 3.801670616869183, 3.699402, 3.699402, 3.699402, 4.867719573210489, 6.101136512850409, 6.16615, 5.417687236087217, 6.16615, 5.734884127339714, 6.16615, 23.362570220649623, 42.10555312279244, 58.88895822605452, 74.48995704157696, 79.54554979674157, 83.080594488345, 33.25673534849939, 46.39322258357496, 36.91885712457044, 43.65569561490452, 61.136674463057794, 57.929366435794115, 67.49523519383547, 54.087901621223374, 60.13459964847211, 51.36515279721584, 71.08388419726201, 67.56075692481986]","[1.9089999198913574, 0.6649999618530273, 0.08999991416931152, 0.687999963760376, 0.747999906539917, 0.6319999694824219, 0.6710000038146973, 0.6740000247955322, 0.6670000553131104, 1.2820000648498535, 0.7119998931884766, 0.8289999961853027, 0.8529999256134033, 0.7339999675750732, 0.6649999618530273, 0.7739999294281006, 0.7209999561309814, 0.7320001125335693, 0.13399982452392578, 0.7710001468658447, 0.7920000553131104, 0.7919998168945312, 0.6909999847412109, 0.8849999904632568, 0.9259998798370361, 0.7860000133514404, 0.804999828338623, 2.110999822616577, 1.7820000648498535, 0.7349998950958252, 0.7689998149871826, 0.6830000877380371, 0.7300000190734863, 0.7160000801086426, 0.8660001754760742, 0.8859999179840088, 0.9110000133514404, 0.7850000858306885, 0.8830001354217529, 0.747999906539917, 0.7419998645782471, 0.7430000305175781, 0.7360000610351562, 0.7849998474121094, 0.11700010299682617, 0.3380000591278076, 0.07200002670288086, 0.031999826431274414]",
33,MPC-3,95,test_id,id_actual,id_reliable,3,,1603.4040323552476,,,,62.486000537872314,1.30179167787234,8.971999883651733,0,0,True,,100095,pure_mpc,4,48,True,,1.0,0.12500000082673807,"[15.286355845240099, 3.4468774403619578, 4.658552455871427, 4.932727723470603, 5.402543211280874, 6.309714081241086, 5.280551312988484, 6.166080601505607, 8.953035019136621, 14.327566076159147, 18.20519087133033, 29.283721188340877, 27.133748210218926, 35.861562393063444, 14.772951037245788, 15.960480663185276, 5.0364543766886865, 3.906760430479636, 2.785073504655001, 3.3085124793310827, 2.07553271379767, 0.8424291254214663, 0.0, 0.0, 1.233037644411797, 2.4116373268886986, 3.644862953872509, 6.645374705587842, 16.63177861682747, 52.76090626197611, 62.15264407101722, 81.1074141289556, 97.37015270042306, 106.39548033431386, 96.46303531473887, 129.93003744563856, 64.73712220058262, 49.543997364417635, 46.27242649893248, 64.73337490065322, 59.52974602882731, 61.54233352764876, 50.34364264789429, 64.48773369357217, 49.873473382800256, 69.40358771926373, 65.12341680549072, 67.13039531949896]","[0.3399999141693115, 8.182999849319458, 3.421999931335449, 0.09800004959106445, 0.3660001754760742, 3.609999895095825, 0.3920001983642578, 0.08500003814697266, 0.4739999771118164, 1.5310001373291016, 0.5080001354217529, 0.307999849319458, 2.0349998474121094, 0.11599993705749512, 0.5659999847412109, 0.4720001220703125, 1.8250000476837158, 5.414000034332275, 6.331999778747559, 2.243000030517578, 0.05900001525878906, 0.0410001277923584, 0.06399989128112793, 8.971999883651733, 2.455000162124634, 0.5910000801086426, 0.5550000667572021, 3.056999921798706, 3.429999828338623, 0.3940000534057617, 0.39300012588500977, 0.37400007247924805, 0.11599993705749512, 0.4719998836517334, 0.6979999542236328, 0.08899998664855957, 0.1360001564025879, 0.3059999942779541, 0.3490002155303955, 0.10199999809265137, 0.2820000648498535, 0.20000004768371582, 0.2839999198913574, 0.20600008964538574, 0.3080000877380371, 0.12800002098083496, 0.07599997520446777, 0.029000043869018555]",
33,MPC-5,95,test_id,id_actual,id_reliable,5,,1568.7482959522968,,,,225.64200091362,4.70087501903375,27.76699995994568,0,0,True,,100095,pure_mpc,6,48,True,,1.0,0.12500000195836009,"[15.286357394935138, 3.4468713199430288, 4.658552114870672, 4.932727919900497, 5.916628375527068, 7.171970044614483, 5.385012301240379, 6.151037715884556, 12.627261846307423, 22.780857477710214, 24.60874170209143, 29.28371997110522, 27.133742325621235, 22.338005196997365, 6.16615, 6.16615, 4.932859031887267, 3.699533021688364, 2.4759591617535905, 3.308508380060842, 2.0753088087513873, 0.8422052378060348, 0.0, 0.559391607702041, 1.792473099194745, 2.4116379141292485, 3.859242231780289, 6.645359752592414, 16.631761891125212, 52.76090654276364, 62.15264431334888, 81.10741429852655, 97.37015275658057, 98.58758248865014, 88.6826867463954, 122.07762325945377, 64.73712227426827, 49.54400028009104, 46.272429732461546, 64.73337491701115, 59.52974601714866, 61.542333553262644, 50.343646135358696, 64.48773378696544, 49.873473339489, 69.40358776160288, 65.12341672576616, 67.13039517793237]","[4.3420000076293945, 9.516000032424927, 3.7750000953674316, 0.14299988746643066, 0.1549999713897705, 19.311000108718872, 1.0310001373291016, 0.16700005531311035, 13.795000076293945, 0.8889999389648438, 1.4539999961853027, 8.726999998092651, 10.793000221252441, 15.33899998664856, 0.7839999198913574, 1.1129999160766602, 0.10899996757507324, 0.8920001983642578, 17.249000072479248, 18.505000114440918, 0.875999927520752, 0.07800006866455078, 7.165999889373779, 13.365000009536743, 3.9639999866485596, 2.0340001583099365, 11.086000204086304, 27.76699995994568, 14.881999969482422, 0.878000020980835, 1.1099998950958252, 1.5179998874664307, 1.1740000247955322, 3.2200000286102295, 1.1349999904632568, 0.19700002670288086, 0.20799994468688965, 0.2109999656677246, 4.591000080108643, 0.18600010871887207, 0.21799993515014648, 0.19499993324279785, 0.19000005722045898, 0.1770000457763672, 0.8980000019073486, 0.11699986457824707, 0.07200002670288086, 0.040000200271606445]",
33,MPC-7,95,test_id,id_actual,id_reliable,7,,1493.2882758848293,,,,946.1830003261566,19.71214584012826,175.9100000858307,0,0,True,,100095,pure_mpc,8,48,True,,1.0,0.12500000199818925,"[15.286356644159625, 3.4468769933523418, 11.416000125378533, 4.932715303914569, 6.166133405492201, 6.16615, 5.766741869022919, 10.399514599322432, 16.34933548513228, 20.807108766449232, 16.614119030509215, 29.283719323252797, 27.13374330913679, 22.338003619713852, 5.829995371159269, 6.166149851659534, 4.932728, 3.699402, 2.4661720000000003, 3.308511437286351, 2.075311865103069, 0.8422082939198092, 0.0, 0.9606613214218624, 2.1937740839556956, 3.2033726255109083, 4.436660013272641, 5.670043401007801, 15.881387750859092, 52.760906546112224, 62.152644262816196, 81.10741332927017, 78.74105009691247, 75.53829318923371, 65.33167939110766, 107.16213276444832, 64.73712247104646, 49.54400034056248, 46.272429740498715, 64.73337491409677, 59.5297460336123, 61.54233355184073, 50.343646116147596, 64.48773377041535, 49.87347332136693, 69.40358765933419, 65.12341672306219, 67.1303951729522]","[75.47199988365173, 14.694000005722046, 175.9100000858307, 0.20099997520446777, 0.19499993324279785, 108.47900009155273, 5.710999965667725, 54.492000102996826, 40.74300003051758, 14.85099983215332, 14.95199990272522, 15.336999893188477, 17.74500012397766, 14.8510000705719, 18.408999919891357, 9.888999938964844, 2.0769999027252197, 1.9699997901916504, 1.9119999408721924, 46.7960000038147, 14.944000005722046, 1.9700000286102295, 12.322999954223633, 84.42599987983704, 14.200000047683716, 17.729000091552734, 83.757000207901, 23.585000038146973, 41.42300009727478, 1.5729999542236328, 1.565000057220459, 1.2660000324249268, 1.2840001583099365, 1.568000078201294, 1.5290000438690186, 1.5799999237060547, 0.27500009536743164, 1.186999797821045, 1.3889999389648438, 0.28299999237060547, 1.7450001239776611, 0.2709999084472656, 0.27900004386901855, 0.1830000877380371, 0.9330000877380371, 0.127000093460083, 0.0710000991821289, 0.032000064849853516]",
33,Proposed-H3,95,test_id,id_actual,id_reliable,3,0.3,1280.8902384122428,,,,32.31399917602539,0.6732083161671957,2.4130001068115234,0,0,True,,100095,proposed,4,48,True,,1.0,0.1249999998119027,"[48.14006956235815, 36.00210020250525, 5.8792003705425095, 4.932728, 6.16615, 6.16615, 6.16615, 6.16615, 6.16615, 6.16615, 6.16615, 6.648860657254076, 27.133747931993575, 22.33800803450712, 6.16615, 6.16615, 6.16615, 6.16615, 5.868745559966349, 6.16615, 4.932728, 3.699402, 3.699402, 3.699402, 3.699402, 4.259382049414234, 5.051703965276073, 4.998058121866718, 6.16615, 9.128501462515922, 18.06658606952095, 36.5581888901491, 52.35535818277687, 63.732949713225686, 64.81819668621793, 107.1621327633803, 50.50791454900378, 40.2476042485882, 35.49232660042142, 58.07284753707714, 54.3191278497388, 59.463763445905066, 49.76407568160482, 62.97738022611122, 48.599440602412244, 66.7988036990721, 64.96743753010801, 66.71471221872918]","[0.2969999313354492, 2.4130001068115234, 0.11399984359741211, 1.2720000743865967, 0.08000016212463379, 0.5360000133514404, 0.07399988174438477, 1.6970000267028809, 0.622999906539917, 0.7279999256134033, 0.09799981117248535, 0.09800004959106445, 0.7389998435974121, 0.6399998664855957, 0.0709998607635498, 0.08000016212463379, 0.685999870300293, 0.7400000095367432, 0.1529998779296875, 0.7630000114440918, 0.6720001697540283, 0.5939998626708984, 0.6150000095367432, 0.6310000419616699, 0.7739999294281006, 0.8159999847412109, 0.7229998111724854, 1.8350000381469727, 2.194000005722046, 0.7460000514984131, 0.8039999008178711, 0.687000036239624, 0.7610001564025879, 0.7019999027252197, 0.7650001049041748, 0.7660000324249268, 0.7539999485015869, 0.749000072479248, 0.8110001087188721, 0.6970000267028809, 0.7330000400543213, 0.7999999523162842, 0.6980001926422119, 0.11999988555908203, 0.7119998931884766, 0.1359999179840088, 0.07999992370605469, 0.03699994087219238]",
33,MPC-3,96,test_id,id_actual,id_reliable,3,,1666.507291289621,,,,126.76899981498718,2.6410208294788995,19.924999952316284,0,0,True,,100096,pure_mpc,4,48,True,,1.0,0.12500000077525425,"[15.213147200714408, 14.908710006006341, 6.8806992340274995, 8.551004242978324, 6.275502737036822, 7.839208416998188, 6.114239602484801, 8.065611534810621, 7.5107329252160735, 6.703946606260821, 15.882793113418202, 23.909839522253876, 34.40906984875981, 14.394403379463979, 25.6229254408646, 5.708463853047679, 5.46317415032656, 4.229980629432356, 2.9967093296787755, 2.5120784028987244, 1.2789408292102564, 0.04589925652157223, 0.0, 5.5998956944043385, 2.0052647797939107, 6.113792989224332, 11.82016411379616, 5.705135136834062, 7.877862729725372, 51.27101041419049, 77.71860781030848, 92.01812752101732, 101.16460073731086, 103.55794502309091, 112.41807934290864, 103.42084075330767, 43.367295356692395, 65.92411952752845, 62.96503875808186, 62.230544504429574, 66.96436508515464, 66.69440510245428, 60.441446632210855, 73.72370145550096, 75.04157100060696, 65.10438598231012, 52.09336857440538, 66.74864200192245]","[0.33700013160705566, 0.49000000953674316, 3.9660000801086426, 10.38100004196167, 3.00600004196167, 10.109999895095825, 0.07300019264221191, 2.857999801635742, 1.746999979019165, 2.2679998874664307, 1.0260000228881836, 0.2969999313354492, 0.9340000152587891, 2.689000129699707, 1.7569999694824219, 0.1380000114440918, 0.40399980545043945, 0.06999993324279785, 0.6789999008178711, 6.2200000286102295, 0.5220000743865967, 0.03900003433227539, 0.046000003814697266, 6.769999980926514, 4.431999921798706, 19.062999963760376, 19.924999952316284, 19.914000034332275, 2.0369999408721924, 0.6789999008178711, 0.125, 0.13100004196166992, 0.11599993705749512, 0.7060000896453857, 0.7070000171661377, 0.16100001335144043, 0.4200000762939453, 0.10599994659423828, 0.20300006866455078, 0.10800004005432129, 0.12199997901916504, 0.12199997901916504, 0.3190000057220459, 0.0820000171661377, 0.11600017547607422, 0.22299981117248535, 0.08599996566772461, 0.03900003433227539]",
33,MPC-5,96,test_id,id_actual,id_reliable,5,,1626.72775897331,,,,539.6550011634827,11.242812524239222,86.30800008773804,0,0,True,,100096,pure_mpc,6,48,True,,1.0,0.12500000186963375,"[15.213147197373551, 14.9087046111294, 9.295099099138085, 12.428300386258702, 6.4834762238175685, 8.091433879699991, 5.587912952116447, 7.87418053573397, 10.47694520953584, 15.171556415531478, 16.068054869363692, 17.10750463134273, 34.40906916949218, 6.16615, 17.358092105177555, 5.881847774314299, 5.379221881175248, 4.146009184628762, 2.912917883306125, 2.457966750693753, 1.224833390451151, 0.0, 0.0, 2.4352457636514138, 2.319304370671755, 12.490233356008124, 7.501232077273218, 6.019248070653486, 7.8778628069266485, 51.271010611011434, 77.71860790702223, 92.01812775822661, 101.16459943205783, 92.4234446638947, 101.25680533991331, 92.29072209850236, 43.367298894790245, 65.92411954275728, 62.96503881330868, 62.23054450410755, 66.96436508928566, 66.69440510151348, 60.44144974594667, 73.72370143332795, 75.04157107130796, 65.10438602472689, 52.093368480842166, 66.74864186530195]","[6.7749998569488525, 14.823000192642212, 16.812000036239624, 42.58400011062622, 22.8219997882843, 30.414999961853027, 0.2090001106262207, 41.074000120162964, 17.253999948501587, 14.635999917984009, 3.6579999923706055, 6.45799994468689, 9.618000030517578, 19.499000072479248, 3.058000087738037, 2.562999963760376, 7.573999881744385, 0.09500002861022949, 0.08100008964538574, 12.680999994277954, 10.226999998092651, 23.227999925613403, 0.8949999809265137, 64.34599995613098, 6.281000137329102, 86.30800008773804, 28.699000120162964, 20.3989999294281, 16.009000062942505, 0.9459998607635498, 1.00600004196167, 1.2349998950958252, 1.2930002212524414, 1.4470000267028809, 1.2050001621246338, 0.7460000514984131, 0.8480000495910645, 0.16700005531311035, 0.18600010871887207, 0.1959998607635498, 0.21500015258789062, 0.20300006866455078, 0.19300007820129395, 0.20099997520446777, 0.15700006484985352, 0.21000003814697266, 0.08700013160705566, 0.03299999237060547]",
33,MPC-7,96,test_id,id_actual,id_reliable,7,,1581.0289164782516,,,,2186.6120002269745,45.5544166713953,300.2630000114441,0,0,True,,100096,pure_mpc,8,48,True,,1.0,0.12500000187986832,"[16.62991326376443, 18.620403825743534, 10.681012785958139, 12.378205793850675, 6.16615, 8.480557099227985, 6.166149687842162, 11.561085027722275, 15.24068833139377, 11.604751911841973, 8.57120621904287, 9.543644961591404, 34.409034085414426, 6.166149794336667, 17.358070916092778, 5.881850590603413, 5.3792222839228945, 4.145861531834344, 2.9125967798201904, 2.2871756936990266, 1.054055649840678, 0.7837766730808492, 0.0, 13.174604718100875, 2.3193044353381085, 12.490235120048673, 7.501233577769733, 6.019248135245105, 7.877862943705762, 51.27101065474144, 77.71860789726546, 92.01812709252567, 88.33459958803593, 78.77054860332429, 87.00741047415747, 79.20566884933523, 43.36729967408815, 65.92411973717779, 62.96503882600023, 62.2305445418171, 66.96436509906957, 66.69440511478403, 60.441449736502065, 73.72370141528923, 75.04157096977515, 65.1043860235038, 52.09336848000138, 66.74864186402499]","[122.45499992370605, 218.41499996185303, 129.68300008773804, 300.2630000114441, 58.28999996185303, 266.0090000629425, 1.440999984741211, 23.90400004386902, 39.562999963760376, 53.8989999294281, 15.634999990463257, 17.838000059127808, 14.160000085830688, 35.026000022888184, 15.277000188827515, 1.122999906539917, 6.894000053405762, 1.5699999332427979, 1.9019999504089355, 45.944000005722046, 300.2170000076294, 33.48799991607666, 8.910000085830688, 300.1579999923706, 5.750999927520752, 70.9229998588562, 19.41100001335144, 50.70700001716614, 8.79099988937378, 3.2680001258850098, 3.9639999866485596, 1.4600000381469727, 1.630000114440918, 1.8469998836517334, 1.6549999713897705, 0.30299997329711914, 1.2590000629425049, 0.2709999084472656, 0.2910001277923584, 0.9259998798370361, 0.820000171661377, 0.31100010871887207, 0.2539999485015869, 0.20800018310546875, 0.16900014877319336, 0.2049999237060547, 0.08999991416931152, 0.03399991989135742]",
33,Proposed-H3,96,test_id,id_actual,id_reliable,3,0.3,1349.2053094603355,,,,35.07900142669678,0.7308125297228495,1.8599998950958252,0,0,True,,100096,proposed,4,48,True,,1.0,0.12499999981043186,"[48.073683528510855, 14.908713984504143, 6.880702371950212, 4.932728, 6.16615, 6.16615, 6.16615, 6.16615, 6.16615, 6.16615, 6.16615, 16.489880137438995, 34.409072528520035, 8.278645023139006, 19.837848742942818, 6.16615, 6.16615, 6.16615, 5.432395591975403, 5.342498374845045, 4.109140481668552, 3.699402, 3.699402, 4.932728, 3.699402, 4.932728, 6.16615, 6.16615, 6.16615, 7.58296938881233, 33.388993337461194, 47.188588779497366, 56.088121429794015, 60.48055670070353, 78.87092974672572, 79.2056688478992, 31.869107549685438, 60.448691492725196, 54.389020279124, 56.38604763806456, 63.09664414328187, 63.18058960068529, 57.3063961954924, 73.72369884495033, 74.59623226069475, 63.1446530859222, 51.69084149894667, 66.74863787437432]","[0.2480001449584961, 0.8570001125335693, 0.8370001316070557, 0.7919998168945312, 0.8000001907348633, 0.7580001354217529, 0.8020000457763672, 0.6420001983642578, 0.16499996185302734, 0.5739998817443848, 0.7820000648498535, 0.7720000743865967, 0.8350000381469727, 0.7320001125335693, 0.6669998168945312, 0.6840000152587891, 0.7170000076293945, 0.7119998931884766, 0.7369999885559082, 0.7749998569488525, 0.7419998645782471, 0.6319999694824219, 0.6740000247955322, 1.8599998950958252, 0.7009999752044678, 0.7269999980926514, 0.7990000247955322, 0.7739999294281006, 1.7650001049041748, 0.7290000915527344, 0.624000072479248, 0.7539999485015869, 0.7800002098083496, 0.6600000858306885, 0.7720000743865967, 0.7910001277923584, 0.815000057220459, 0.7320001125335693, 0.8289999961853027, 0.7639999389648438, 0.7790000438690186, 0.7870001792907715, 0.7769999504089355, 0.7269999980926514, 0.8600001335144043, 0.2369999885559082, 0.07000017166137695, 0.029999971389770508]",
33,MPC-3,97,test_id,id_actual,id_reliable,3,,1654.6971871283629,,,,51.596999168395996,1.0749374826749165,8.962000131607056,0,0,True,,100097,pure_mpc,4,48,True,,1.0,0.12500000061326128,"[23.476892858265742, 8.775729756383043, 3.6994013495100826, 4.930032029035361, 5.846988293947201, 7.045442308096641, 5.500041417049857, 10.672973387248843, 6.153630101225126, 13.81882028139338, 19.559469016234722, 24.03150567519046, 36.33583635830905, 27.693220798073902, 18.895763562431654, 9.282945659071377, 5.948201211585672, 4.7147961744851, 3.5877245171095797, 2.354503210264037, 1.1213779044186731, 0.0, 0.0, 0.0, 0.0, 12.88901659805693, 19.438383347446326, 29.479482042554928, 39.917760801614754, 58.96819014102168, 56.57794315533095, 82.00604242891023, 88.1543477743193, 120.47599730916971, 118.48136326023844, 107.85428341878061, 43.071272516101786, 48.087962312977965, 46.07812268156374, 64.38704971488481, 58.885974385473205, 64.22765286714662, 68.18184824533661, 52.73081058767631, 64.6222885313258, 54.34694063166778, 55.217778201185055, 57.1713803062499]","[0.1119999885559082, 0.809999942779541, 0.4269998073577881, 0.10899996757507324, 0.08999991416931152, 8.962000131607056, 0.10199999809265137, 2.251999855041504, 0.08899998664855957, 0.3260002136230469, 0.4200000762939453, 0.4630000591278076, 1.183000087738037, 0.2820000648498535, 2.4579999446868896, 2.7119998931884766, 0.11599993705749512, 0.5509998798370361, 3.823000192642212, 0.5, 0.0410001277923584, 0.49000000953674316, 0.05299997329711914, 0.505000114440918, 5.824999809265137, 3.485999822616577, 5.059000015258789, 3.56499981880188, 2.253000020980835, 0.559999942779541, 0.5190000534057617, 0.40200018882751465, 0.1399998664855957, 0.11800003051757812, 0.12299990653991699, 0.10199999809265137, 0.3529999256134033, 0.29400014877319336, 0.2369999885559082, 0.13899993896484375, 0.31399989128112793, 0.21900010108947754, 0.10799980163574219, 0.28799986839294434, 0.22499990463256836, 0.3040001392364502, 0.06299996376037598, 0.02499985694885254]",
33,MPC-5,97,test_id,id_actual,id_reliable,5,,1523.3686283807092,,,,236.14100003242493,4.919604167342186,31.252000093460083,0,0,True,,100097,pure_mpc,6,48,True,,1.0,0.1250000025257252,"[23.476891406576463, 8.775729757857853, 3.699401915198418, 4.931671235174064, 6.165091988159053, 8.034596193651108, 5.585969099712243, 11.058825247868043, 9.16140467522083, 22.47344088521765, 28.874866634767827, 6.789068235871217, 36.33581054079631, 16.429707875775243, 16.88079915782491, 9.282944923001338, 6.103741428490305, 4.8703242861351566, 3.6370031438542387, 2.4037780010737673, 1.1706488592932314, 0.0, 0.0, 0.0, 1.1315177431071008, 2.3646434617273466, 3.597865483822876, 13.878200417402274, 24.30144014873721, 58.96819034287494, 56.57794379999871, 82.00611862156829, 80.94659813720413, 100.34460538150726, 98.12306795366652, 87.97762791384287, 43.071272513732296, 48.087965975202394, 46.078125122900765, 64.38704965487513, 58.8859779366645, 64.22765282398328, 68.18184818142925, 52.73081400880394, 64.62228847471259, 54.346940568189, 55.21777815495566, 57.17138006828166]","[10.044000148773193, 4.267999887466431, 0.9809999465942383, 0.12999987602233887, 0.1529998779296875, 28.147000074386597, 0.2350001335144043, 31.252000093460083, 16.438999891281128, 2.568000078201294, 1.687000036239624, 5.947999954223633, 13.819999933242798, 10.60700011253357, 10.812999963760376, 9.309000015258789, 1.2409999370574951, 1.0280001163482666, 1.0889999866485596, 0.8980000019073486, 8.874000072479248, 0.8519999980926514, 8.0239999294281, 10.426000118255615, 11.458999872207642, 0.6150000095367432, 4.482000112533569, 20.60800004005432, 9.11900019645691, 0.9049999713897705, 0.9100000858306885, 1.2290000915527344, 0.6689999103546143, 0.6389999389648438, 0.2070000171661377, 0.22900009155273438, 3.180999994277954, 0.7599999904632568, 0.6100001335144043, 0.23000001907348633, 0.21199989318847656, 0.2200000286102295, 0.20999979972839355, 0.21900010108947754, 0.16299986839294434, 0.33699989318847656, 0.06499981880187988, 0.029999971389770508]",
33,MPC-7,97,test_id,id_actual,id_reliable,7,,1522.7884586236964,,,,869.8459994792938,18.121791655818623,101.65300011634827,0,0,True,,100097,pure_mpc,8,48,True,,1.0,0.12499999981096667,"[24.876594455923218, 8.775728936983164, 3.6994019313024475, 4.932561446966375, 6.165884186825863, 8.802648886343507, 6.16615, 16.570192001994137, 11.532560660750084, 22.93221633224148, 22.518871290916607, 6.16615, 36.3358207295493, 13.307202372073792, 8.153535339033123, 8.784853370112472, 6.10373811540896, 4.870320973311663, 3.636999838604956, 2.403774696715765, 1.1706455551930723, 0.0, 0.0, 0.0, 0.73411027837708, 16.565054550982765, 14.242693408177109, 19.35183862589364, 29.780350846193457, 58.96819046084963, 56.57794384768266, 81.83870850061024, 71.82163880912917, 92.27320621444792, 87.74372364784786, 87.97771580860854, 43.07127582264601, 48.08796589088448, 46.07812254461202, 64.3870216886983, 58.885977894566935, 64.22765269447542, 68.18184751430249, 52.7308139196318, 64.62228828812293, 54.346938272944186, 55.21777497441645, 57.16975299934519]","[66.56499981880188, 1.0199999809265137, 1.1399998664855957, 0.22099995613098145, 0.252000093460083, 69.64300012588501, 67.38800001144409, 35.86199998855591, 66.4539999961853, 33.94600009918213, 21.382999897003174, 1.5759999752044678, 32.56400012969971, 14.075999975204468, 63.81599998474121, 12.485000133514404, 10.930000066757202, 1.5929999351501465, 69.78800010681152, 1.8980000019073486, 12.327000141143799, 9.480000019073486, 42.07699990272522, 10.442999839782715, 18.73199987411499, 101.65300011634827, 32.217000007629395, 51.80199980735779, 3.7860000133514404, 1.5420000553131104, 1.7300000190734863, 1.6400001049041748, 1.6599998474121094, 0.3229999542236328, 0.3280000686645508, 0.935999870300293, 1.184000015258789, 1.2549998760223389, 1.2620000839233398, 0.30500006675720215, 1.1759998798370361, 0.2980000972747803, 0.25799989700317383, 0.21200013160705566, 0.1809999942779541, 0.3209998607635498, 0.08899998664855957, 0.028999805450439453]",
33,Proposed-H3,97,test_id,id_actual,id_reliable,3,0.3,1281.6894017747768,,,,34.304999351501465,0.7146874864896139,1.5979998111724854,0,0,True,,100097,proposed,4,48,True,,1.0,0.1249999998108297,"[56.57639295247666, 8.775729751880586, 3.699402, 4.932728, 6.16615, 6.16615, 6.16615, 6.16615, 6.16615, 6.16615, 7.34628965711064, 18.10962932729985, 36.335836298189726, 17.13395331139176, 17.586759862016265, 9.28296885981641, 6.16615, 6.16615, 6.16615, 4.932728, 3.699402, 3.699402, 3.699402, 3.7207390820446617, 3.76695996635292, 5.000291223292662, 6.16615, 6.166149998867768, 6.166147973373031, 15.367252504999952, 12.586499685645624, 37.312765722551816, 45.909890223108185, 78.44133986567967, 87.74074775941172, 87.97762031792696, 32.016387014631775, 42.229427459116344, 38.60763477821873, 58.371502294212824, 53.43953306124163, 61.40230669921416, 66.78193436844796, 52.730808453426754, 63.35373678415167, 53.86349346795749, 54.78439835487591, 56.47971069584473]","[0.26600003242492676, 0.7569999694824219, 0.5780000686645508, 0.7740001678466797, 0.7279999256134033, 0.7869999408721924, 0.7669999599456787, 1.5979998111724854, 0.7890000343322754, 0.6699998378753662, 0.814000129699707, 0.7790000438690186, 0.7879998683929443, 0.6770000457763672, 0.632000207901001, 0.7409999370574951, 0.7619998455047607, 0.6940000057220459, 0.812999963760376, 0.14800000190734863, 0.7039999961853027, 0.13499999046325684, 0.7079999446868896, 0.75, 0.7960000038146973, 0.8610000610351562, 0.8550000190734863, 0.804999828338623, 0.7360000610351562, 0.7059998512268066, 0.8599998950958252, 0.8429999351501465, 0.8340001106262207, 0.7389998435974121, 0.7690000534057617, 0.8080000877380371, 0.814000129699707, 0.8700001239776611, 0.8139998912811279, 0.7579998970031738, 0.8259999752044678, 0.8519999980926514, 0.8629999160766602, 0.812000036239624, 0.7630000114440918, 0.3540000915527344, 0.07799983024597168, 0.029999971389770508]",
33,MPC-3,98,test_id,id_actual,id_reliable,3,,1631.8100350027046,,,,40.756999254226685,0.8491041511297226,7.523000001907349,0,0,True,,100098,pure_mpc,4,48,True,,1.0,0.12500000063582978,"[19.0479503083156, 10.594131658865935, 6.372050080279016, 4.93272754387705, 5.395468414459589, 5.379866711039984, 5.668918800184031, 9.44055903929555, 14.2620776523937, 13.237726039551553, 16.665328661072135, 29.481094347911338, 35.48962444155661, 21.633624323271555, 30.796386518604038, 11.295265899628781, 5.557658916614759, 4.3242843582236095, 3.0911790667832486, 1.8579964132081783, 0.6249097599990523, 0.0, 0.0, 0.7931578504158086, 1.600709595820401, 2.8270796964187683, 4.060337614544254, 4.532408194429961, 9.568557930305978, 43.605024094436175, 69.18685374449117, 81.35389585868428, 108.79561593671792, 114.76207332517983, 106.6822629092635, 110.8005904725209, 48.6048742932205, 52.061950314971796, 59.76635012249404, 66.60931532691224, 54.567214385372466, 64.6695345423211, 62.32949774124623, 57.699128102007975, 49.37250750169937, 69.70726518334357, 67.34822246441765, 65.3567788463331]","[0.7460000514984131, 1.2589998245239258, 5.562000036239624, 0.39999985694885254, 0.2649998664855957, 0.3509998321533203, 0.28999996185302734, 0.6740000247955322, 1.0939998626708984, 1.935999870300293, 1.5989999771118164, 0.30499982833862305, 0.8480000495910645, 0.46000003814697266, 0.9320001602172852, 1.4930000305175781, 0.12100005149841309, 0.051999807357788086, 0.0559999942779541, 0.06299996376037598, 0.04500007629394531, 0.502000093460083, 7.523000001907349, 2.80400013923645, 2.2079999446868896, 1.1929998397827148, 0.4849998950958252, 0.6460001468658447, 0.9549999237060547, 1.3680000305175781, 0.17499995231628418, 0.13499999046325684, 0.3619999885559082, 0.40200018882751465, 0.6789999008178711, 0.11999988555908203, 0.23200011253356934, 0.3059999942779541, 0.31599998474121094, 0.20799994468688965, 0.2929999828338623, 0.23200011253356934, 0.20399999618530273, 0.3040001392364502, 0.3280000686645508, 0.13399982452392578, 0.059999942779541016, 0.032000064849853516]",
33,MPC-5,98,test_id,id_actual,id_reliable,5,,1548.253234014743,,,,215.30999970436096,4.485624993840854,23.11299991607666,0,0,True,,100098,pure_mpc,6,48,True,,1.0,0.1250000018870224,"[19.04794918996521, 10.594131696885631, 6.372050537600926, 4.931044313490794, 5.821334831361818, 5.511898200491882, 5.83945463059084, 9.23634676350213, 17.272376990000637, 22.061782888438277, 19.240563914895024, 29.48109174153587, 35.48962280381838, 6.953343556104166, 15.909976311370148, 8.341704877810702, 5.557658684210122, 4.324284043945878, 3.0910054032555707, 1.857822762565264, 0.6247361218749568, 0.0, 0.0, 0.8791726291627893, 2.112278961417395, 2.827080115037935, 4.060338136640644, 4.8379678734535565, 11.533437352638064, 43.605024595691475, 69.18588331526938, 81.35389593904785, 101.16305324599148, 94.3126550276293, 86.32652847015963, 90.40308158781271, 48.60487436295543, 52.06195399871794, 59.76635386954225, 66.60931530938437, 54.56721780626553, 64.66953453432042, 62.329497737561184, 57.699131583611035, 49.37251102319906, 69.7072651141663, 67.34822247156718, 65.35677868978561]","[12.129000186920166, 3.375, 6.738000154495239, 0.47499990463256836, 0.17200016975402832, 0.18900012969970703, 0.20300006866455078, 23.11299991607666, 11.436999797821045, 3.2139999866485596, 5.938999891281128, 11.86899995803833, 13.457000017166138, 3.130000114440918, 13.819999933242798, 12.846999883651733, 1.0709998607635498, 1.2130000591278076, 0.8959999084472656, 0.9749999046325684, 9.875, 0.8139998912811279, 7.663000106811523, 13.776000022888184, 13.730000019073486, 2.0959999561309814, 1.3310000896453857, 15.226999998092651, 10.457000017166138, 5.2179999351501465, 0.247999906539917, 0.7409999370574951, 1.062000036239624, 0.6319999694824219, 1.0950000286102295, 0.19499993324279785, 0.19300007820129395, 0.21199989318847656, 0.21399998664855957, 0.20599985122680664, 0.19700002670288086, 0.2049999237060547, 0.22300004959106445, 0.2109999656677246, 3.003000020980835, 0.11500000953674316, 0.06700015068054199, 0.04200005531311035]",
33,MPC-7,98,test_id,id_actual,id_reliable,7,,1516.7172197922891,,,,1037.938000679016,21.623708347479504,302.3550000190735,0,0,True,,100098,pure_mpc,8,48,True,,1.0,0.12500000193043845,"[21.543261338844562, 10.594131554070454, 11.61518502188179, 4.931562368538959, 5.75548560401112, 5.418787186157426, 6.166148622533523, 13.966714288030353, 20.750439401697108, 20.529859770423826, 11.382880125988576, 29.481085700150075, 35.489624162198986, 6.953340182035606, 8.737882767829623, 6.16615, 5.355052583158534, 4.121693712273753, 2.888430841463219, 1.6552639701526433, 0.42219309984206693, 0.0, 0.0, 13.30078891725039, 2.466171954707657, 3.1591696531520324, 4.3924535999838135, 5.625833546787649, 10.23137713095154, 43.6050246813753, 69.18687939318522, 81.16094988945562, 86.41904541873252, 79.99169821853752, 76.18903374441766, 88.97096471233792, 48.60487455322464, 52.0619540556973, 59.76635388088952, 66.60931531509127, 54.56721781569584, 64.66953453839659, 62.329497722748705, 57.699131564705205, 49.37251091864983, 69.70726511196534, 67.3482224687106, 65.35677868435742]","[182.1710000038147, 3.490000009536743, 117.9689998626709, 0.22300004959106445, 0.26600003242492676, 0.9589998722076416, 4.546000003814697, 31.47599983215332, 21.72499990463257, 29.753000020980835, 20.794999837875366, 12.125, 3.9570000171661377, 20.450000047683716, 50.5479998588562, 9.669000148773193, 2.180999994277954, 1.8580000400543213, 1.7060000896453857, 8.718999862670898, 13.205999851226807, 8.778000116348267, 71.78399991989136, 302.3550000190735, 10.914000034332275, 4.79200005531311, 43.04100012779236, 32.20700001716614, 8.854000091552734, 6.244000196456909, 1.3050000667572021, 0.2850000858306885, 0.8999998569488525, 0.2850000858306885, 1.6720001697540283, 0.33700013160705566, 1.2870001792907715, 0.27699995040893555, 0.8009998798370361, 0.25500011444091797, 1.0399999618530273, 0.26600003242492676, 0.21600008010864258, 0.1790001392364502, 1.871999979019165, 0.10599994659423828, 0.06100010871887207, 0.03299999237060547]",
33,Proposed-H3,98,test_id,id_actual,id_reliable,3,0.3,1315.3267256590173,,,,27.05399990081787,0.5636249979337057,1.4490001201629639,0,0,True,,100098,proposed,4,48,True,,1.0,0.1249999998118296,"[51.97972103007344, 10.59413398753787, 6.372051701425168, 4.932728, 6.16615, 6.16615, 6.16615, 6.16615, 6.16615, 6.16615, 6.16615, 23.32077245936972, 35.489624211402855, 12.884844043782282, 24.814759014339998, 11.2952682725645, 6.16615, 5.442371502624256, 4.219871617612625, 3.7916919828853626, 3.699402, 3.699402, 3.6994020000000005, 4.932728, 3.699402, 4.932727617651981, 5.891889286124854, 4.658488634927661, 5.8918892888935535, 6.16615, 25.111515297692783, 36.93887279665252, 66.4365732474461, 72.15380437119659, 76.18025905553067, 88.97096471152804, 33.885385901134136, 41.503993116468095, 47.96694622061424, 58.923685765800464, 48.91648542698846, 60.9615208163387, 59.49149482439605, 57.404209049795526, 48.25391715969669, 69.32899603179241, 66.46769160002749, 64.69189161470207]","[0.25300002098083496, 0.7000000476837158, 0.5540001392364502, 0.6499998569488525, 0.6540000438690186, 0.6889998912811279, 1.4490001201629639, 0.1380000114440918, 0.568000078201294, 0.6140000820159912, 0.6789999008178711, 0.6529998779296875, 0.6150000095367432, 0.5910000801086426, 0.5490000247955322, 0.5880000591278076, 0.565000057220459, 0.6380000114440918, 0.6089999675750732, 0.5019998550415039, 0.5310001373291016, 0.5449998378753662, 0.4830000400543213, 0.6759998798370361, 0.625999927520752, 0.6519999504089355, 0.6319999694824219, 0.5630002021789551, 0.6080000400543213, 0.6089999675750732, 0.556999921798706, 0.5610001087188721, 0.5729999542236328, 0.5880000591278076, 0.6089999675750732, 0.7410001754760742, 0.6449999809265137, 0.6310000419616699, 0.6519999504089355, 0.6349999904632568, 0.5730001926422119, 0.6399998664855957, 0.09200000762939453, 0.5869998931884766, 0.5820000171661377, 0.10399985313415527, 0.0709998607635498, 0.029999971389770508]",
33,MPC-3,99,test_id,id_actual,id_reliable,3,,1722.955718651368,,,,66.84800004959106,1.3926666676998138,9.657999992370605,0,0,True,,100099,pure_mpc,4,48,True,,1.0,0.12500000088715263,"[14.449656383225308, 12.27954623249995, 6.791290344504567, 4.5847439642221515, 11.34509733854846, 6.023482096755191, 9.713175497846, 12.052238369171056, 15.357707412265256, 15.365862013355198, 22.09211307757927, 32.579198492655664, 33.4780391534314, 29.10556920446367, 22.668692769680177, 5.969351409742737, 4.735944727017293, 4.936306618061052, 3.702980340018365, 2.68478639542989, 1.451635376987237, 0.21858035854458405, 0.0, 0.0, 0.6898160677656588, 1.9229076788100368, 34.49752832212175, 39.41399831245822, 36.108879707178865, 26.328175498434454, 60.428339179415396, 87.4532711343754, 83.62099975509054, 117.70521323579813, 124.49394862026728, 127.02142551353724, 44.14764446129651, 64.01677198121132, 56.770094286904786, 49.25263777872975, 57.985117611578254, 61.7675197288009, 61.82370216823527, 53.75804330504756, 65.0729956912171, 74.03556388577803, 67.9388779813022, 55.11624917000919]","[0.7100000381469727, 3.017000198364258, 3.7109999656677246, 0.3689999580383301, 9.657999992370605, 0.08999991416931152, 5.72599983215332, 0.3509998321533203, 1.7880001068115234, 0.6949999332427979, 0.3659999370574951, 0.24699997901916504, 2.3910000324249268, 0.3470001220703125, 1.5460000038146973, 2.8889999389648438, 0.05200004577636719, 0.22799992561340332, 0.046000003814697266, 8.490999937057495, 0.48600006103515625, 0.4330000877380371, 6.01200008392334, 0.40600013732910156, 3.0209999084472656, 0.6110000610351562, 2.7990000247955322, 3.36899995803833, 2.127000093460083, 1.3240001201629639, 0.3379998207092285, 0.10500001907348633, 0.3959999084472656, 0.312000036239624, 0.11100006103515625, 0.09299993515014648, 0.2630000114440918, 0.10599994659423828, 0.25999999046325684, 0.33099985122680664, 0.2070000171661377, 0.1790001392364502, 0.27499985694885254, 0.28600001335144043, 0.10400009155273438, 0.09600019454956055, 0.05499982833862305, 0.02500009536743164]",
33,MPC-5,99,test_id,id_actual,id_reliable,5,,1655.5542860716437,,,,307.19600105285645,6.399916688601176,31.074999809265137,0,0,True,,100099,pure_mpc,6,48,True,,1.0,0.12500000186458515,"[14.44965530908988, 12.418020706913346, 11.806510608397087, 4.9327267209562, 10.623812957514328, 5.9399856547003305, 9.336493460044274, 11.431874581118844, 17.829932431558955, 23.40783258250722, 24.665678712532355, 32.57919759842387, 33.47802503517636, 14.970708032064394, 7.701895438854697, 5.692484211950536, 4.459099077537205, 5.318330641280083, 4.085122250126664, 2.8520360154719264, 1.6188719779645326, 0.3858039398238517, 0.5558823205480852, 0.0, 1.233037926730987, 2.4661719106321844, 26.993696961446144, 31.908605709251447, 28.61032110489556, 26.328168541757364, 60.428339270628555, 87.45327122677081, 83.62099966816275, 106.09196756456642, 112.8443982943695, 115.35010042726645, 44.147644562580744, 64.01677200190109, 56.77009424052215, 49.25264115198896, 57.985117589428896, 61.76751970926582, 61.82370538309987, 53.758046150444, 65.07299563964558, 74.03556380966344, 67.9388779133924, 55.11624904867756]","[3.927000045776367, 20.27999997138977, 30.889000177383423, 1.7789998054504395, 29.397000074386597, 0.5280001163482666, 28.0530002117157, 25.801000118255615, 4.186000108718872, 2.930000066757202, 0.681999921798706, 0.5820000171661377, 15.705999851226807, 12.38700008392334, 16.996999979019165, 7.351999998092651, 0.7320001125335693, 4.547000169754028, 0.0820000171661377, 0.07700014114379883, 0.8900001049041748, 8.348999977111816, 0.9639999866485596, 16.592999935150146, 15.140000104904175, 3.6410000324249268, 31.074999809265137, 4.108000040054321, 5.648000001907349, 3.319000005722046, 0.6790001392364502, 0.8429999351501465, 2.881999969482422, 0.8259999752044678, 0.5230000019073486, 0.15700006484985352, 0.503000020980835, 0.16100001335144043, 0.1789999008178711, 2.7320001125335693, 0.1960000991821289, 0.18799996376037598, 0.17300009727478027, 0.1699998378753662, 0.14300012588500977, 0.10099983215332031, 0.07299995422363281, 0.026000022888183594]",
33,MPC-7,99,test_id,id_actual,id_reliable,7,,1647.0825875150188,,,,2110.0789992809296,43.959979151686035,300.34699988365173,0,0,True,,100099,pure_mpc,8,48,True,,1.0,0.12499999980932176,"[14.449655528489794, 17.03960231624403, 13.725616115452151, 4.932727229854874, 11.613497688494407, 5.89782577388449, 11.446914840120115, 15.986447747457454, 22.005852113841435, 28.32354689442068, 18.31693756574788, 32.57919699239047, 33.478035890411824, 14.970718674505608, 6.166147109606074, 4.932725137228527, 3.6993991379508113, 4.772683324849123, 3.5393697825327717, 2.30615225857896, 1.0730309330212757, 0.0, 1.233038, 0.0, 1.2330379633328534, 11.761432582064035, 26.993698171565978, 41.515978302564314, 28.610321191725923, 26.32817319815144, 60.42833927956391, 87.45327115520111, 75.88382894147603, 95.59109067238465, 102.31141390391184, 104.79764728805877, 44.147644436121666, 64.01677197211777, 56.77009422279079, 49.252669583901756, 57.985133841576165, 61.76751965759489, 61.823705098368784, 53.75804598590676, 65.07299530179758, 74.03553166409775, 67.93887680696672, 55.1162452386946]","[27.425999879837036, 205.47399997711182, 300.34699988365173, 12.45799994468689, 278.7880001068115, 0.8529999256134033, 54.98200011253357, 39.23300004005432, 17.363999843597412, 13.361999988555908, 20.093000173568726, 36.23799991607666, 14.569999933242798, 14.145999908447266, 14.83299994468689, 15.873999834060669, 2.0279998779296875, 26.296000003814697, 2.064000129699707, 232.82999992370605, 300.19799995422363, 11.866999864578247, 17.633000135421753, 14.888999938964844, 11.815999984741211, 300.1599998474121, 64.70900011062622, 2.2829999923706055, 1.690999984741211, 27.543999910354614, 1.4539999961853027, 4.859999895095825, 15.969000101089478, 0.3039999008178711, 0.2840001583099365, 0.33099985122680664, 1.132000207901001, 0.2929999828338623, 0.3210000991821289, 0.9460000991821289, 0.9880001544952393, 0.2909998893737793, 0.25, 0.23199987411499023, 0.1660001277923584, 0.11300015449523926, 0.06799983978271484, 0.0279998779296875]",
33,Proposed-H3,99,test_id,id_actual,id_reliable,3,0.3,1365.945573191026,,,,32.06999921798706,0.6681249837080637,1.753000020980835,0,0,True,,100099,proposed,4,48,True,,1.0,0.12499999980948333,"[47.305925192226184, 12.27954811918349, 6.791293533949286, 4.932728, 6.16615, 6.16615, 6.16615, 6.16615, 8.376733465376315, 10.704195705121835, 17.161794950866142, 32.57919634694997, 33.47803892283178, 21.965245526943626, 20.991620270813087, 6.16615, 6.16615, 6.16615, 5.436538478850051, 5.580021701006749, 4.371811740110904, 3.699402, 3.699402, 3.9584568755455383, 3.699402, 4.58842917181835, 5.82182437140824, 6.16615, 6.16615, 6.16615, 16.582138389275983, 42.68947866446041, 38.81793804180464, 74.01801668887785, 93.51729678836527, 103.18864497646837, 37.67627594717822, 58.72363060124878, 50.00545686881844, 42.73602014836994, 54.286232298117056, 60.357582596505836, 59.5030943819625, 53.49531997778833, 64.22060229559342, 73.98961484252597, 67.93887670067339, 55.11624460999008]","[0.252000093460083, 0.8919999599456787, 0.6439998149871826, 0.7359998226165771, 0.6700000762939453, 0.8220000267028809, 0.6999998092651367, 0.1529998779296875, 0.1120002269744873, 0.6500000953674316, 0.7189998626708984, 0.8080000877380371, 0.7289998531341553, 0.6909999847412109, 0.6449999809265137, 0.7030000686645508, 0.685999870300293, 0.7339999675750732, 0.6830000877380371, 0.8310000896453857, 0.7269999980926514, 0.6029999256134033, 0.7070000171661377, 0.75, 0.6519999504089355, 0.8020000457763672, 0.7369999885559082, 0.7219998836517334, 0.7899999618530273, 1.753000020980835, 0.6619999408721924, 0.6579999923706055, 0.7129998207092285, 0.7829999923706055, 0.8280000686645508, 0.7430000305175781, 0.7309999465942383, 0.7260000705718994, 0.7009999752044678, 0.7179999351501465, 0.6480000019073486, 0.7869999408721924, 0.7090001106262207, 0.6940000057220459, 0.6509997844696045, 0.11900019645690918, 0.06500005722045898, 0.03099989891052246]",
