system,method,scenario_id,split,actual_case,forecast_case,horizon,gamma_Q,cost,perfect_cost,gap_percent,voltage_violation,solve_time_s,avg_step_time_s,max_step_time_s,solver_fail_count,timeout_count,completed,incomplete_reason,seed,solver_kind,solver_window,executed_steps,include_tail,max_steps,final_P_DG_5,final_SOC_BSS_9,step_costs_json,step_times_json,failure_message,diagnostic_case,diagnostic_case_label,modified_property,price_variation,time_coupling,flat_price,relaxed_ramp,relaxed_ramp_value,relaxed_ramp_setting,experiment_tag,source_cache,gap_to_perfect_percent,cost_accounting,certified_global,gurobi_status,mean_num_vars,mean_num_bin_vars,mean_num_constrs,mean_num_qconstrs,mean_num_genconstrs,mean_model_runtime_s,mean_mip_gap,max_mip_gap,mean_model_status,min_model_sol_count,step_P_DG_5_json,step_SOC_BSS_9_json,step_P_BSS_json,step_P_grid_json,step_loss_json,step_load_total_json,step_pv_11_json,step_wind_26_json,mean_std_nn_binary_count,step_model_statuses_json,step_model_sol_counts_json,num_optimal_steps,num_timelimit_steps
33,MPC-3,80,test_id,id_actual,id_reliable,3,,1750.6988865261387,1369.246408572328,27.858570638979426,,51.231000900268555,1.067312518755595,12.805000066757202,0,0,True,,100080,pure_mpc,4,48,True,,1.0,0.1250000008052981,"[10.482018139143662, 14.052368896214753, 8.368416324427631, 11.555666360304798, 5.607606363758771, 9.201104499587116, 5.545716402509746, 10.481076291921031, 15.405441260602855, 5.951439941151344, 22.225361803920308, 27.206663364914398, 40.980445862796216, 26.457257634046854, 16.66519575758521, 5.837313129066636, 5.813144305224585, 4.579749779686162, 3.3464512541477394, 2.1132487292432884, 0.8801422047048304, 0.0, 0.0, 0.0, 1.2330379320254377, 6.108764882762916, 33.752673003789766, 22.35691814383785, 33.060406163603645, 38.91841369198173, 64.13651672877428, 79.5946397399563, 104.97452735523804, 131.6915575809789, 94.9222869791213, 117.67528952130216, 54.65258367496772, 52.93589535959376, 57.31782922899325, 64.87999558653438, 70.66968459823302, 72.55979420687555, 64.03571792036274, 68.24031938297485, 73.08466817711293, 64.7912945202977, 64.48228202774276, 61.867961814120115]","[0.5039999485015869, 1.4300000667572021, 0.2610001564025879, 7.368000030517578, 0.08300018310546875, 0.7010002136230469, 0.2890000343322754, 0.5869998931884766, 0.24300003051757812, 0.06100010871887207, 0.42100000381469727, 0.2239999771118164, 0.5720000267028809, 1.7060000896453857, 1.5220000743865967, 0.09999990463256836, 0.10299992561340332, 0.48600006103515625, 0.503000020980835, 0.039999961853027344, 0.03500008583068848, 0.47299981117248535, 0.3880000114440918, 0.04400014877319336, 1.5479998588562012, 12.805000066757202, 11.242999792098999, 2.2840001583099365, 1.871999979019165, 0.49900007247924805, 0.1269998550415039, 0.2890000343322754, 0.36100006103515625, 0.37400007247924805, 0.3400001525878906, 0.0820000171661377, 0.1679999828338623, 0.17699980735778809, 0.1549999713897705, 0.14599990844726562, 0.08299994468688965, 0.06800007820129395, 0.14700007438659668, 0.08999991416931152, 0.0840001106262207, 0.08100008964538574, 0.04700016975402832, 0.01699995994567871]",,original,Original,None,High,Strong,False,False,,,mpc_diagnostic,formal/step4_33_main_model_based_raw.csv,27.858570638979426,,,,,,,,,,,,,,,,,,,,,,,,,,
33,MPC-3,81,test_id,id_actual,id_reliable,3,,1667.9582633958096,1292.9227935973395,29.006795429369543,,57.13700032234192,1.1903541733821232,9.835999965667725,0,0,True,,100081,pure_mpc,4,48,True,,1.0,0.12500000058713587,"[23.33884271283026, 7.390408816428465, 3.699401771531471, 8.93443076675958, 5.450661963250343, 14.14520746052375, 5.737565109656372, 9.095700733370027, 9.439754879939173, 9.317248530289076, 20.112155833198425, 26.715228198149703, 27.458468670769697, 29.62071317392268, 10.121871532716908, 5.704481545808442, 5.415104064173082, 4.181740518872682, 2.9484729740722564, 1.715301428771817, 0.4822258834713777, 0.0, 0.0, 0.0, 12.423839792106653, 35.772241609514694, 3.699401869669616, 18.43853891215748, 19.313460069585496, 35.38642202217725, 61.300789238477044, 87.90200543783754, 97.56779739148308, 103.04618075989454, 116.6989121309942, 112.77750304094592, 55.66889373535791, 66.0181679097315, 59.95167389291488, 77.0961950509157, 71.97509155253145, 61.191993704990054, 49.728950925218655, 56.06499556556008, 57.327933388668214, 55.14839296073207, 60.271744480934466, 62.162151384905414]","[0.0820000171661377, 3.3259999752044678, 0.09800004959106445, 7.996999979019165, 0.3339998722076416, 1.2260000705718994, 0.09100008010864258, 0.6610000133514404, 1.4520001411437988, 0.9720001220703125, 0.4010000228881836, 0.23199987411499023, 2.238999843597412, 0.4200000762939453, 1.9739999771118164, 0.3900001049041748, 0.13000011444091797, 0.45399999618530273, 0.046000003814697266, 0.46200013160705566, 0.4160001277923584, 0.44700002670288086, 4.397000074386597, 3.2699999809265137, 9.835999965667725, 5.943000078201294, 0.28799986839294434, 2.074000120162964, 2.868000030517578, 1.0769999027252197, 0.437000036239624, 0.1510000228881836, 0.09400010108947754, 0.5090000629425049, 0.10899996757507324, 0.10099983215332031, 0.19499993324279785, 0.09499979019165039, 0.24600005149841309, 0.10899996757507324, 0.09200000762939453, 0.26600003242492676, 0.21300005912780762, 0.2820000648498535, 0.2569999694824219, 0.27899980545043945, 0.07699990272521973, 0.02200007438659668]",,original,Original,None,High,Strong,False,False,,,mpc_diagnostic,formal/step4_33_main_model_based_raw.csv,29.006795429369543,,,,,,,,,,,,,,,,,,,,,,,,,,
33,MPC-3,82,test_id,id_actual,id_reliable,3,,1618.251724660957,1264.8465396940937,27.94055831091851,,51.4529983997345,1.0719374666611354,14.340999841690063,0,0,True,,100082,pure_mpc,4,48,True,,1.0,0.1250000024781391,"[21.164019106972173, 4.58127717687117, 4.237034864826845, 4.805004447301543, 5.195224491855499, 8.842902906693404, 6.164347087592464, 13.946681696647607, 11.612423185860006, 10.334146900229378, 19.352682894474718, 22.435058565929495, 30.47539005487299, 24.662072920377895, 32.710471386029326, 8.18428723000262, 5.546259201509577, 5.7277285715849375, 4.494340694051879, 3.2610488170182688, 2.0278530438646274, 0.794753166323405, 0.0, 0.0, 1.233037664253865, 2.466171537664898, 18.440951561296874, 15.654385243693113, 32.48419504357457, 34.31307730816358, 43.688877934058624, 78.23701948097361, 90.94720657236145, 105.37248931292724, 122.63816276992108, 107.09388065519072, 46.966722266149915, 64.43558174903023, 62.95687576798267, 60.52193234823306, 62.362120390659, 58.54338428264624, 52.16307865533275, 54.43324260972327, 64.02372908867939, 58.76931450120859, 69.06454600086943, 60.88673350547301]","[0.26399993896484375, 2.3630001544952393, 3.628000020980835, 0.32899999618530273, 0.34800004959106445, 3.1529998779296875, 0.0690000057220459, 0.307999849319458, 1.1519999504089355, 0.9509999752044678, 1.1599998474121094, 0.8659999370574951, 0.5119998455047607, 1.126000165939331, 0.2350001335144043, 2.682999849319458, 0.11899995803833008, 0.5370001792907715, 0.437999963760376, 0.05000019073486328, 0.04999995231628418, 0.4270000457763672, 0.039999961853027344, 0.442000150680542, 2.6449999809265137, 2.2939999103546143, 14.340999841690063, 4.671999931335449, 1.3650000095367432, 0.8509998321533203, 0.4140000343322754, 0.5419998168945312, 0.30500006675720215, 0.42599987983703613, 0.11500000953674316, 0.12299990653991699, 0.26199984550476074, 0.10199999809265137, 0.18899989128112793, 0.1940000057220459, 0.2709999084472656, 0.10500001907348633, 0.20299983024597168, 0.17299985885620117, 0.2590000629425049, 0.2589998245239258, 0.06599998474121094, 0.026999950408935547]",,original,Original,None,High,Strong,False,False,,,mpc_diagnostic,formal/step4_33_main_model_based_raw.csv,27.94055831091851,,,,,,,,,,,,,,,,,,,,,,,,,,
33,MPC-3,83,test_id,id_actual,id_reliable,3,,1699.9911551342036,1322.5368740649549,28.54017067282999,,57.04599857330322,1.1884583036104839,15.615999937057495,0,0,True,,100083,pure_mpc,4,48,True,,1.0,0.12500000072835343,"[17.22111724901206, 9.508726749618866, 4.735440789440922, 4.932727793851666, 7.655447487818503, 5.3435867782300175, 11.302352713955894, 11.653234191184538, 6.16615, 6.957033541349288, 14.98685303464027, 24.27294614820901, 35.662218395945054, 23.609158989352885, 15.717898413198236, 18.26679216730212, 6.013648753266802, 4.780238622376002, 3.5469244914852016, 2.3137063605944013, 1.0805842297036004, 0.0, 0.0, 0.0, 1.2330379239939664, 28.72123120756221, 3.6994019225931853, 12.170584097659278, 32.21083161560226, 48.646087866041825, 62.45512982918797, 87.2329897675786, 112.7678088707163, 117.22389964070793, 133.56576944302623, 113.76993401219757, 51.410253857969344, 41.7570805655694, 59.404902392938915, 63.02261592292367, 56.865600177675475, 62.758635722043955, 64.53189047034198, 67.05815803756214, 63.26342737165204, 62.00681220977322, 59.303004235332054, 59.18528107301832]","[0.7239999771118164, 0.9160001277923584, 5.628999948501587, 0.08299994468688965, 3.741999864578247, 0.3900001049041748, 1.4830000400543213, 0.36699986457824707, 0.7050001621246338, 4.787999868392944, 0.6010000705718994, 0.7100000381469727, 0.6119999885559082, 1.9279999732971191, 6.807999849319458, 0.4629998207092285, 0.13699984550476074, 0.47299981117248535, 0.5139999389648438, 0.4960000514984131, 0.5, 0.053999900817871094, 0.05900001525878906, 0.046000003814697266, 1.6180000305175781, 15.615999937057495, 0.14499998092651367, 2.2269999980926514, 1.556999921798706, 0.45600008964538574, 0.14600014686584473, 0.0969998836517334, 0.38299989700317383, 0.12799978256225586, 0.11399984359741211, 0.12199997901916504, 0.2890000343322754, 0.2349998950958252, 0.26799988746643066, 0.10899996757507324, 0.2910001277923584, 0.2109999656677246, 0.10100007057189941, 0.10899996757507324, 0.21000003814697266, 0.2799999713897705, 0.07899999618530273, 0.026999950408935547]",,original,Original,None,High,Strong,False,False,,,mpc_diagnostic,formal/step4_33_main_model_based_raw.csv,28.54017067282999,,,,,,,,,,,,,,,,,,,,,,,,,,
33,MPC-3,84,test_id,id_actual,id_reliable,3,,1798.6969717240127,1379.7734084486979,30.361765251463826,,62.162001848220825,1.2950417051712673,7.006999969482422,0,0,True,,100084,pure_mpc,4,48,True,,1.0,0.12500000114781143,"[11.655567806289627, 14.311011842018518, 3.985095847071901, 4.932727545160164, 10.645077195747982, 8.48353156652071, 6.146199792240929, 9.075404225275197, 8.907879218090798, 13.453599484091637, 19.469943462337778, 25.310760218958336, 22.907544587456556, 29.759123218614008, 14.031487801318875, 6.159752799174465, 5.916450674015457, 4.96004188538894, 3.726713759407092, 2.4934817156840245, 1.2603455903297227, 0.02730546534135357, 0.0, 3.146504687417533e-08, 1.2330379602656676, 28.953951610260436, 1.9141936133780528, 19.928363681322814, 54.52254350074213, 71.97326002277262, 61.81727502109704, 92.68380766956787, 116.63224115458183, 115.3078795725327, 134.5490854727039, 117.99201957399002, 48.69537527103896, 70.74847479734916, 58.406262358540026, 64.52794379999636, 57.11362589164803, 68.14666654820765, 65.11401899931039, 66.81908258660636, 55.73902130606435, 68.87507628132533, 65.60078629372933, 63.7839330049821]","[3.3389999866485596, 3.2960000038146973, 4.585999965667725, 0.34599995613098145, 2.9519999027252197, 3.555000066757202, 0.09400010108947754, 2.865000009536743, 2.2700002193450928, 1.6470000743865967, 0.5099999904632568, 0.30699992179870605, 4.818000078201294, 0.4550001621246338, 1.253999948501587, 0.3819999694824219, 0.09000015258789062, 4.3500001430511475, 0.5410001277923584, 0.0559999942779541, 0.04399991035461426, 0.04500007629394531, 7.006999969482422, 1.8670001029968262, 0.9079999923706055, 6.914999961853027, 0.8700001239776611, 3.4189999103546143, 0.7280001640319824, 0.14100003242492676, 0.14800000190734863, 0.11700010299682617, 0.11999988555908203, 0.1700000762939453, 0.1230001449584961, 0.11800003051757812, 0.2220001220703125, 0.10300016403198242, 0.23199987411499023, 0.11600017547607422, 0.2089998722076416, 0.0970001220703125, 0.13299989700317383, 0.11299991607666016, 0.2800002098083496, 0.11400008201599121, 0.05800008773803711, 0.032000064849853516]",,original,Original,None,High,Strong,False,False,,,mpc_diagnostic,formal/step4_33_main_model_based_raw.csv,30.361765251463826,,,,,,,,,,,,,,,,,,,,,,,,,,
33,MPC-3,85,test_id,id_actual,id_reliable,3,,1716.7474073616286,1326.5560508128356,29.413861277079597,,71.21099829673767,1.4835624645153682,17.090999841690063,0,0,True,,100085,pure_mpc,4,48,True,,1.0,0.1250000007396079,"[21.230371346168674, 10.694659090826912, 11.110749488563254, 4.930329669550705, 6.546454202532584, 9.441545402804246, 16.13185251777844, 8.729615484323244, 5.917386319862043, 8.641154076207027, 19.461236861702602, 26.959258835681815, 33.24530053388029, 27.418223996847566, 14.561101768594613, 21.569010994662932, 5.5818916768163485, 4.348515150020343, 3.115234623224338, 1.8820500970622691, 0.6489615712661275, 0.0, 0.0, 0.0, 1.2330379498610387, 44.37074791149921, 23.437190409436813, 15.200204139083336, 13.4113208345978, 62.986702370422194, 63.74835727369536, 84.57529743074225, 109.34178598188981, 116.15066898545909, 117.2108812749415, 101.30004703027292, 50.78136600528996, 53.71374558528984, 62.32440284733289, 52.373430424876325, 67.35957921254803, 63.79449565356049, 64.51456603306139, 70.74743303365642, 54.37567531091623, 51.58256258395033, 49.89776612349032, 60.15123924737893]","[0.08999991416931152, 1.0350000858306885, 7.906999826431274, 0.07699990272521973, 3.0299999713897705, 2.052999973297119, 1.3970000743865967, 1.5280001163482666, 0.07999992370605469, 1.8050000667572021, 0.4789998531341553, 0.2799999713897705, 3.627000093460083, 0.4049999713897705, 2.6419999599456787, 0.557999849319458, 0.3269999027252197, 0.48599982261657715, 0.4849998950958252, 0.04399991035461426, 0.05900001525878906, 0.04799985885620117, 5.977999925613403, 0.4179999828338623, 0.6600000858306885, 3.4129998683929443, 7.48199987411499, 17.090999841690063, 3.305999994277954, 0.5080001354217529, 0.37999987602233887, 0.35700011253356934, 0.3639998435974121, 0.37800002098083496, 0.12400007247924805, 0.1099998950958252, 0.3059999942779541, 0.11800003051757812, 0.10799980163574219, 0.30299997329711914, 0.08700013160705566, 0.32200002670288086, 0.13100004196166992, 0.09999990463256836, 0.312999963760376, 0.29399991035461426, 0.08899998664855957, 0.029000043869018555]",,original,Original,None,High,Strong,False,False,,,mpc_diagnostic,formal/step4_33_main_model_based_raw.csv,29.413861277079597,,,,,,,,,,,,,,,,,,,,,,,,,,
33,MPC-3,86,test_id,id_actual,id_reliable,3,,1667.5045179963429,1321.0429915624934,26.22636270331099,,98.48800039291382,2.0518333415190377,34.420000076293945,0,0,True,,100086,pure_mpc,4,48,True,,1.0,0.12500000079512738,"[9.019058233156963, 11.910621754484803, 9.76507655100812, 4.932727334512696, 6.126602691485099, 9.440050567970957, 8.738045322918913, 10.864215934978693, 6.87690735226125, 8.58938971322022, 18.096970953772885, 25.721262382745252, 33.96410452183348, 35.63904929441291, 22.630716749512253, 6.16615, 6.050193629470559, 4.816780654296696, 3.583463679122833, 2.3502427039489695, 1.1171177287751057, 0.0, 0.0, 0.0, 0.675936876474915, 26.753196642163008, 17.07903142545762, 4.375496641008128, 26.67413907952277, 23.266361465322525, 69.33626518851865, 80.26216160915806, 92.92705803231593, 108.18439660644958, 103.39742706213359, 130.11344505012738, 57.160787875147655, 49.13443959963678, 61.05216005490551, 72.17437962347131, 63.80429756773422, 69.98062950285578, 58.28303774683457, 61.19091714342148, 55.49313639941373, 70.30602676407705, 66.63293269418843, 52.8481095921152]","[0.750999927520752, 0.48199987411499023, 5.309000015258789, 0.34800004959106445, 0.0820000171661377, 1.8250000476837158, 11.099999904632568, 0.48000001907348633, 0.7699999809265137, 2.2300000190734863, 0.4679999351501465, 0.7580001354217529, 1.7980000972747803, 0.4289999008178711, 1.5870001316070557, 0.12100005149841309, 0.3489999771118164, 0.5520000457763672, 0.5300002098083496, 0.5959999561309814, 0.4830000400543213, 0.4609999656677246, 0.05500006675720215, 0.46700000762939453, 3.2179999351501465, 34.420000076293945, 17.144999980926514, 0.6649999618530273, 2.6050000190734863, 3.8320000171661377, 0.6619999408721924, 0.6809999942779541, 0.35899996757507324, 0.34800004959106445, 0.38300013542175293, 0.08699989318847656, 0.11400008201599121, 0.2929999828338623, 0.20799994468688965, 0.0969998836517334, 0.1790001392364502, 0.11100006103515625, 0.27699995040893555, 0.2720000743865967, 0.2820000648498535, 0.12399983406066895, 0.06599998474121094, 0.029000043869018555]",,original,Original,None,High,Strong,False,False,,,mpc_diagnostic,formal/step4_33_main_model_based_raw.csv,26.22636270331099,,,,,,,,,,,,,,,,,,,,,,,,,,
33,MPC-3,87,test_id,id_actual,id_reliable,3,,1687.1565588312644,1335.3342894852017,26.34713061114437,,81.99900007247925,1.7083125015099843,17.744999885559082,0,0,True,,100087,pure_mpc,4,48,True,,1.0,0.12500000132884959,"[14.83385688272537, 13.034582107292952, 3.5393306215839586, 4.532780422791487, 5.765893076278774, 10.373031510366781, 7.22487660151788, 8.26665208970427, 11.650636965534883, 8.559290313644185, 22.951518329156904, 29.148948487779535, 33.295173422751084, 34.11254640588709, 19.751383465029413, 11.948142451876157, 5.252726359685009, 4.0193754527773295, 3.283672611419597, 2.377472263459825, 1.1443451685221335, 0.0, 0.0, 0.6529268289702473, 1.3502693696519747, 2.583412434132334, 7.075588850814007, 9.422522556210904, 24.451537157079905, 45.46313428126862, 73.08835644824742, 96.75407061457601, 115.71058974721466, 108.16741983183107, 127.94402707886242, 100.8282418839468, 58.50454005824146, 56.87860642017833, 69.93183627427356, 60.34514268799033, 68.12355123178168, 56.07725008650821, 48.818738601504684, 67.05472853748263, 53.814888702620806, 56.26478294914696, 58.76031106255212, 64.02385012639246]","[0.3619999885559082, 3.74399995803833, 0.33099985122680664, 0.34999990463256836, 0.08999991416931152, 3.510999917984009, 3.9240000247955322, 4.2190001010894775, 0.692000150680542, 2.0490000247955322, 0.5240001678466797, 0.28800010681152344, 1.0520000457763672, 0.437000036239624, 0.7919998168945312, 5.111999988555908, 4.4100000858306885, 0.5080001354217529, 0.6699998378753662, 7.934000015258789, 0.5199999809265137, 0.5230000019073486, 6.16700005531311, 3.2850000858306885, 2.7319998741149902, 0.5779998302459717, 17.744999885559082, 4.288999795913696, 1.3240001201629639, 0.5610001087188721, 0.15399980545043945, 0.11100006103515625, 0.125, 0.48600006103515625, 0.13199996948242188, 0.11300015449523926, 0.18799996376037598, 0.18400001525878906, 0.11899995803833008, 0.21199989318847656, 0.14300012588500977, 0.2239999771118164, 0.252000093460083, 0.10300016403198242, 0.2980000972747803, 0.315000057220459, 0.08599996566772461, 0.03099989891052246]",,original,Original,None,High,Strong,False,False,,,mpc_diagnostic,formal/step4_33_main_model_based_raw.csv,26.34713061114437,,,,,,,,,,,,,,,,,,,,,,,,,,
33,MPC-3,88,test_id,id_actual,id_reliable,3,,1686.1875810544693,1322.1408773277124,27.5346379473995,,97.70199990272522,2.0354583313067756,20.93399977684021,0,0,True,,100088,pure_mpc,4,48,True,,1.0,0.12500000091097815,"[18.327902610058707, 3.13995483285832, 5.534566398198963, 7.852767057949189, 12.564857293089249, 9.476982198752928, 12.463044257329816, 13.729204344895805, 8.696826648892031, 6.017909552075359, 20.088789705793033, 29.153130411702115, 30.90740540518624, 35.81094080561269, 22.116611724907294, 11.176422638012706, 6.16615, 5.466314149748933, 4.232946700903452, 2.9996752520546828, 1.7667195127709638, 0.5336399655235967, 0.0, 0.0, 27.78094197654205, 2.4661719389869488, 13.913608767684009, 11.69307122786691, 8.773157136682888, 52.40650758330932, 41.00374387293137, 90.21970059383557, 104.88687929136317, 111.31174497813328, 107.57447927950189, 103.54525644129806, 55.063430086709886, 55.045024373095636, 63.22925320697093, 58.46919935778256, 77.01871442067743, 71.58203583755821, 68.60628676698587, 50.095348072896684, 52.3595904641369, 62.23586342434933, 67.02144701401363, 61.663363474840736]","[0.4010000228881836, 6.564000129699707, 6.053999900817871, 11.574000120162964, 2.1670000553131104, 1.8880000114440918, 1.2929999828338623, 0.4100000858306885, 2.422999858856201, 0.08799982070922852, 0.48000001907348633, 0.2990000247955322, 2.863999843597412, 0.4890000820159912, 0.127000093460083, 0.45399999618530273, 0.11800003051757812, 0.6679999828338623, 0.059999942779541016, 0.06000018119812012, 0.07200002670288086, 0.040000200271606445, 5.815000057220459, 0.4460000991821289, 20.93399977684021, 0.5069999694824219, 9.565999984741211, 14.901999950408936, 1.8529999256134033, 0.39800000190734863, 0.75, 0.11600017547607422, 0.38499999046325684, 0.7100000381469727, 0.14700007438659668, 0.12199997901916504, 0.20300006866455078, 0.309999942779541, 0.21599984169006348, 0.309999942779541, 0.10899996757507324, 0.12800002098083496, 0.22699999809265137, 0.3229999542236328, 0.32399988174438477, 0.19099998474121094, 0.07799983024597168, 0.03900003433227539]",,original,Original,None,High,Strong,False,False,,,mpc_diagnostic,formal/step4_33_main_model_based_raw.csv,27.5346379473995,,,,,,,,,,,,,,,,,,,,,,,,,,
33,MPC-3,89,test_id,id_actual,id_reliable,3,,1792.3841699733814,1395.1686623015219,28.47078768359075,,60.5799994468689,1.2620833218097687,10.330999851226807,0,0,True,,100089,pure_mpc,4,48,True,,1.0,0.12500000088047777,"[23.507936206666802, 10.819325249266315, 8.256431881696205, 4.932727709624072, 5.261210869945615, 6.952023840668597, 8.580040206547796, 13.965665751495067, 8.489634372333983, 10.787033715777742, 17.74491269663868, 28.677241637706636, 30.30754496672445, 28.216355596934264, 18.624526673344974, 6.083223740321681, 4.849808194924075, 5.024943416718254, 3.7916102391271544, 2.5583731840674244, 1.3252320071007373, 0.09218683049999471, 0.0, 0.0, 0.0, 1.2330379434774135, 42.39129308942564, 33.00717417742304, 41.609693941060684, 52.83131078934422, 55.21947241899162, 114.02496522897609, 83.4504141905704, 119.97340822708343, 126.76012689087678, 125.70385770440241, 58.6411738943547, 46.84222644870943, 63.48906132511836, 69.36247317127344, 65.95893574159764, 62.91824634434138, 69.04565721621813, 74.77291972365154, 62.64807714669315, 62.29620635292734, 60.583405103550064, 50.77304391518366]","[0.30900001525878906, 4.398000001907349, 2.7059998512268066, 0.11400008201599121, 0.39300012588500977, 2.3399999141693115, 10.330999851226807, 0.40000009536743164, 2.4630000591278076, 1.1539998054504395, 0.9679999351501465, 0.31099987030029297, 0.5580000877380371, 0.43400001525878906, 1.5270001888275146, 0.13199996948242188, 0.06800007820129395, 0.48000001907348633, 0.4780001640319824, 3.9589998722076416, 0.056999921798706055, 0.046000003814697266, 0.4960000514984131, 8.023000001907349, 0.5509998798370361, 2.7160000801086426, 4.75600004196167, 2.7809998989105225, 2.192999839782715, 0.6990001201629639, 0.7769999504089355, 0.12599992752075195, 0.6610000133514404, 0.4509999752044678, 0.35700011253356934, 0.08699989318847656, 0.20799994468688965, 0.3730001449584961, 0.2889997959136963, 0.11699986457824707, 0.11300015449523926, 0.28999996185302734, 0.11800003051757812, 0.09200000762939453, 0.28600001335144043, 0.25999999046325684, 0.06699991226196289, 0.06699991226196289]",,original,Original,None,High,Strong,False,False,,,mpc_diagnostic,formal/step4_33_main_model_based_raw.csv,28.47078768359075,,,,,,,,,,,,,,,,,,,,,,,,,,
33,MPC-3,90,test_id,id_actual,id_reliable,3,,1706.3695133932881,1328.7701165870474,28.41721017749155,,59.0119993686676,1.2294166535139084,16.5,0,0,True,,100090,pure_mpc,4,48,True,,1.0,0.12500000080856047,"[16.57657626639352, 9.294333541695792, 3.692950455391205, 4.926275692550095, 6.159674681808785, 6.085971252156352, 8.692166496836917, 8.407698168628562, 12.949069242878714, 10.974812772993186, 17.69399534790862, 29.694852590286224, 16.7295343637658, 16.24526223701128, 22.58665002548142, 13.223290651398464, 5.4298688017746475, 5.641601060502554, 4.408393270475937, 3.175108083387132, 1.941919000180926, 0.7088258125839682, 0.0, 0.0, 18.871901578444483, 1.845559775913836, 32.79686310995358, 4.3120190841253345, 33.57660054905122, 55.94544500858958, 43.83137913661931, 93.63819309079176, 96.33677334789637, 120.8816120157388, 115.36044915768717, 120.33762901188294, 44.01046891126645, 53.25841933204487, 68.36144262370185, 59.757191587854116, 69.43845912294186, 52.44734171523193, 61.72515271443709, 70.25492318258051, 66.76774838543078, 63.71264727672358, 68.42327119674083, 65.23919266154965]","[0.49200010299682617, 0.8139998912811279, 0.3299999237060547, 0.11099982261657715, 0.0820000171661377, 0.08600020408630371, 2.496999979019165, 2.4560000896453857, 0.7369999885559082, 0.6659998893737793, 0.440000057220459, 0.2990000247955322, 1.556999921798706, 1.4179999828338623, 1.6640000343322754, 1.500999927520752, 0.41900014877319336, 0.13699984550476074, 0.04900002479553223, 0.08100008964538574, 0.05099987983703613, 0.39999985694885254, 0.04699993133544922, 0.04999995231628418, 16.5, 3.0179998874664307, 15.417999982833862, 0.6470000743865967, 2.941999912261963, 0.49199986457824707, 0.5340001583099365, 0.43000006675720215, 0.3540000915527344, 0.11700010299682617, 0.11899995803833008, 0.12800002098083496, 0.28800010681152344, 0.1919999122619629, 0.11100006103515625, 0.30500006675720215, 0.09799981117248535, 0.3379998207092285, 0.1230001449584961, 0.0989999771118164, 0.18999981880187988, 0.09399986267089844, 0.06200003623962402, 0.029000043869018555]",,original,Original,None,High,Strong,False,False,,,mpc_diagnostic,formal/step4_33_main_model_based_raw.csv,28.41721017749155,,,,,,,,,,,,,,,,,,,,,,,,,,
33,MPC-3,91,test_id,id_actual,id_reliable,3,,1744.7135049381511,1352.961137244779,28.95518259239519,,93.03899908065796,1.9383124808470409,20.52500009536743,0,0,True,,100091,pure_mpc,4,48,True,,1.0,0.12500000118108273,"[23.834475077679173, 13.685864788771234, 3.699359119357123, 10.499984887450783, 6.1661071123165865, 11.14516275584992, 12.856963161548656, 8.156321159934079, 9.328155325945755, 8.332529928981357, 15.988124729484538, 34.44070873187147, 42.23079773237474, 27.462111179312984, 20.948270853322693, 5.993696133350401, 4.760287555871307, 4.845874693046804, 3.612555453316048, 2.3793323182182182, 1.1462050784793163, 0.0, 0.0, 0.0, 30.885904688720135, 6.227858327491791, 10.992389958169428, 33.57864441917351, 23.765124619464487, 55.37421611415694, 68.98964162451924, 77.02723222270943, 110.35692739298207, 106.84808405720882, 132.66275147084124, 98.21805339832257, 60.23954266629645, 52.39087328606057, 59.35267330499039, 59.01029722465861, 54.72785699342595, 67.4715450049789, 63.315558748705826, 52.91812240752992, 68.13105996376079, 66.781121567966, 58.61428317078129, 55.3208545287535]","[0.125, 0.3529999256134033, 0.7049999237060547, 11.71399998664856, 1.503000020980835, 1.4500000476837158, 1.1710000038146973, 2.50600004196167, 0.46199989318847656, 1.4819998741149902, 0.6689999103546143, 0.312000036239624, 0.5860002040863037, 1.0199999809265137, 1.1159999370574951, 0.5950000286102295, 0.5929999351501465, 3.0940001010894775, 0.5180001258850098, 0.05299997329711914, 12.255000114440918, 0.6180000305175781, 0.4700000286102295, 5.017999887466431, 20.52500009536743, 8.409000158309937, 6.115999937057495, 4.5849997997283936, 0.9960000514984131, 0.3509998321533203, 0.375, 0.13899993896484375, 0.11299991607666016, 0.7309999465942383, 0.12899994850158691, 0.14499998092651367, 0.11699986457824707, 0.2109999656677246, 0.2799999713897705, 0.27300000190734863, 0.20099997520446777, 0.11599993705749512, 0.20300006866455078, 0.19899988174438477, 0.12899994850158691, 0.1960000991821289, 0.07999992370605469, 0.031999826431274414]",,original,Original,None,High,Strong,False,False,,,mpc_diagnostic,formal/step4_33_main_model_based_raw.csv,28.95518259239519,,,,,,,,,,,,,,,,,,,,,,,,,,
33,MPC-3,92,test_id,id_actual,id_reliable,3,,1552.7649357817957,1213.58152547329,27.948959603371193,,80.56799983978271,1.67849999666214,15.944999933242798,0,0,True,,100092,pure_mpc,4,48,True,,1.0,0.12500000095557964,"[5.517877334537035, 16.436116598354342, 9.320412962174412, 11.060028865354166, 7.1841151419008344, 5.774614974694243, 5.491063339759648, 10.329164687447523, 15.288386781784991, 8.468100138525188, 11.084345245901183, 24.320007506571535, 39.40145293972756, 26.562200054161877, 11.868098262768555, 11.333078832869106, 5.036847010148015, 3.8035129065432014, 2.570274802438377, 1.3371326983335523, 0.10408659422872757, 0.0, 0.0, 0.0, 8.810002975393477, 2.054892982907199, 3.2880909096616153, 5.269930354004328, 25.930293330985045, 20.18536542111285, 63.615185473900894, 70.69593565466792, 106.64411028542038, 124.04036366038021, 91.25811545262098, 123.67556518256578, 49.846693306819326, 56.60665803694244, 48.61760451085953, 63.90740842490696, 55.48437573979316, 55.25890773712642, 53.208515931273766, 65.4359173762228, 49.10955908357545, 64.32217443757654, 60.99135353278142, 52.21699830207299]","[5.983000040054321, 0.33899998664855957, 2.1549999713897705, 10.01200008392334, 1.99399995803833, 0.07999992370605469, 0.11500000953674316, 0.6860001087188721, 0.32000017166137695, 0.8949999809265137, 2.4700000286102295, 0.6630001068115234, 1.1150000095367432, 2.263000011444092, 0.4659998416900635, 0.5729999542236328, 0.6429998874664307, 0.05000019073486328, 0.5339999198913574, 0.5240001678466797, 0.4099998474121094, 0.3819999694824219, 6.6529998779296875, 0.40400004386901855, 15.944999933242798, 2.618000030517578, 0.4500000476837158, 2.5889999866485596, 13.51799988746643, 1.315999984741211, 0.4809999465942383, 0.41899991035461426, 0.12400007247924805, 0.3960001468658447, 0.35199999809265137, 0.09500002861022949, 0.21700000762939453, 0.2089998722076416, 0.2630000114440918, 0.26799988746643066, 0.3039999008178711, 0.3280000686645508, 0.3169999122619629, 0.10500001907348633, 0.22900009155273438, 0.20099997520446777, 0.06399989128112793, 0.031000137329101562]",,original,Original,None,High,Strong,False,False,,,mpc_diagnostic,formal/step4_33_main_model_based_raw.csv,27.948959603371193,,,,,,,,,,,,,,,,,,,,,,,,,,
33,MPC-3,93,test_id,id_actual,id_reliable,3,,1637.3319171837081,1266.8040880060507,29.249023798215564,,66.00999999046326,1.3752083331346512,13.468999862670898,0,0,True,,100093,pure_mpc,4,48,True,,1.0,0.1250000009784015,"[16.17492914066864, 12.25543418690818, 8.877301187392437, 4.932700350691031, 8.129190617734965, 6.166142183372741, 15.274878196907059, 6.16615, 9.108083337804018, 13.148763223038971, 20.71621280710045, 26.960375747645244, 21.694150079752006, 24.846526866255203, 25.968293434456776, 5.233137448259613, 3.9997880665254644, 4.116346869476281, 2.883084496105489, 1.759641050910573, 0.677582641538365, 0.0, 0.0, 0.0, 1.2330379193661543, 7.042909800496364, 22.111897062545978, 15.269340409639423, 6.16615, 51.13053470789753, 63.676785262415706, 75.30767132604454, 83.22395026415455, 117.3712972916592, 126.91280960186826, 122.08025710170422, 42.427094288219536, 64.74763401538351, 56.70975460734655, 59.41606591465383, 69.87583239648089, 62.43596107275621, 66.44399184906077, 61.15507978478, 66.98454523554581, 54.458599026446116, 47.96118088229533, 54.100825430404115]","[0.7739999294281006, 0.6540000438690186, 2.631999969482422, 0.08799982070922852, 3.0810000896453857, 0.0710000991821289, 1.4270000457763672, 0.3489999771118164, 1.9530000686645508, 1.2690000534057617, 0.6410000324249268, 0.3080000877380371, 3.265000104904175, 1.8950002193450928, 3.109999895095825, 0.375, 0.6510000228881836, 0.6500000953674316, 0.06100010871887207, 4.224999904632568, 8.519999980926514, 0.5320000648498535, 0.3919999599456787, 0.05499982833862305, 0.8630001544952393, 13.468999862670898, 3.625, 2.3440001010894775, 4.58899998664856, 0.5249998569488525, 0.1770000457763672, 0.11899995803833008, 0.7330000400543213, 0.4309999942779541, 0.10599994659423828, 0.10899996757507324, 0.3320000171661377, 0.10199999809265137, 0.2049999237060547, 0.11500000953674316, 0.10800004005432129, 0.18199992179870605, 0.18999981880187988, 0.21300005912780762, 0.11699986457824707, 0.22900009155273438, 0.08599996566772461, 0.06299996376037598]",,original,Original,None,High,Strong,False,False,,,mpc_diagnostic,formal/step4_33_main_model_based_raw.csv,29.249023798215564,,,,,,,,,,,,,,,,,,,,,,,,,,
33,MPC-3,94,test_id,id_actual,id_reliable,3,,1653.5192611214925,1310.6801597600784,26.157342720757388,,67.58900141716003,1.408104196190834,16.29800009727478,0,0,True,,100094,pure_mpc,4,48,True,,1.0,0.12500000072712214,"[21.692775432894514, 5.425861649543442, 3.5834274461468167, 11.290792043456248, 9.107272772858515, 5.625689374865625, 6.261028453051241, 10.645220707528647, 12.5234795386596, 12.867821968772246, 21.26227081874209, 26.346829161526188, 41.61517385382555, 29.499044103297997, 17.461866346750693, 16.902229093723953, 5.1501045072038485, 4.921447896932978, 3.6881227749231735, 2.4548937616791644, 1.2217606406631967, 0.0, 0.0, 0.0, 1.2330379411895933, 2.4661718923435383, 3.6994017801954393, 18.88929786089332, 6.16615, 32.41057508283483, 67.59465591843289, 86.81209253675327, 103.90116633442236, 118.76609251553884, 112.20552872609063, 105.04250407711001, 53.56541397038842, 59.688088194434506, 50.69640521414529, 52.870319772925725, 68.08675337199327, 61.1904903369987, 68.44538294860969, 55.486571353876116, 61.03841068947116, 53.3868866761693, 71.87290157005553, 68.45785000957427]","[0.10800004005432129, 2.38700008392334, 0.3690001964569092, 16.29800009727478, 12.19100022315979, 0.29000020027160645, 1.8350000381469727, 1.8440001010894775, 0.34800004959106445, 1.6380000114440918, 0.49200010299682617, 0.2949998378753662, 0.627000093460083, 0.38699984550476074, 0.4630000591278076, 0.4549999237060547, 0.5449998378753662, 5.074000120162964, 0.5279998779296875, 0.051000118255615234, 0.05200004577636719, 0.5289998054504395, 0.4679999351501465, 5.865000009536743, 1.6390001773834229, 0.6940000057220459, 0.33500003814697266, 4.984000205993652, 1.8220000267028809, 1.0520000457763672, 0.3539998531341553, 0.3819999694824219, 0.10699987411499023, 0.5269999504089355, 0.12600016593933105, 0.13499999046325684, 0.1119999885559082, 0.10900020599365234, 0.32899999618530273, 0.31599998474121094, 0.18799996376037598, 0.13400006294250488, 0.10899996757507324, 0.21600008010864258, 0.3190000057220459, 0.35500001907348633, 0.07300019264221191, 0.03299999237060547]",,original,Original,None,High,Strong,False,False,,,mpc_diagnostic,formal/step4_33_main_model_based_raw.csv,26.157342720757388,,,,,,,,,,,,,,,,,,,,,,,,,,
33,MPC-3,95,test_id,id_actual,id_reliable,3,,1603.4040323552476,1261.4841912567745,27.104568053114473,,62.486000537872314,1.30179167787234,8.971999883651733,0,0,True,,100095,pure_mpc,4,48,True,,1.0,0.12500000082673807,"[15.286355845240099, 3.4468774403619578, 4.658552455871427, 4.932727723470603, 5.402543211280874, 6.309714081241086, 5.280551312988484, 6.166080601505607, 8.953035019136621, 14.327566076159147, 18.20519087133033, 29.283721188340877, 27.133748210218926, 35.861562393063444, 14.772951037245788, 15.960480663185276, 5.0364543766886865, 3.906760430479636, 2.785073504655001, 3.3085124793310827, 2.07553271379767, 0.8424291254214663, 0.0, 0.0, 1.233037644411797, 2.4116373268886986, 3.644862953872509, 6.645374705587842, 16.63177861682747, 52.76090626197611, 62.15264407101722, 81.1074141289556, 97.37015270042306, 106.39548033431386, 96.46303531473887, 129.93003744563856, 64.73712220058262, 49.543997364417635, 46.27242649893248, 64.73337490065322, 59.52974602882731, 61.54233352764876, 50.34364264789429, 64.48773369357217, 49.873473382800256, 69.40358771926373, 65.12341680549072, 67.13039531949896]","[0.3399999141693115, 8.182999849319458, 3.421999931335449, 0.09800004959106445, 0.3660001754760742, 3.609999895095825, 0.3920001983642578, 0.08500003814697266, 0.4739999771118164, 1.5310001373291016, 0.5080001354217529, 0.307999849319458, 2.0349998474121094, 0.11599993705749512, 0.5659999847412109, 0.4720001220703125, 1.8250000476837158, 5.414000034332275, 6.331999778747559, 2.243000030517578, 0.05900001525878906, 0.0410001277923584, 0.06399989128112793, 8.971999883651733, 2.455000162124634, 0.5910000801086426, 0.5550000667572021, 3.056999921798706, 3.429999828338623, 0.3940000534057617, 0.39300012588500977, 0.37400007247924805, 0.11599993705749512, 0.4719998836517334, 0.6979999542236328, 0.08899998664855957, 0.1360001564025879, 0.3059999942779541, 0.3490002155303955, 0.10199999809265137, 0.2820000648498535, 0.20000004768371582, 0.2839999198913574, 0.20600008964538574, 0.3080000877380371, 0.12800002098083496, 0.07599997520446777, 0.029000043869018555]",,original,Original,None,High,Strong,False,False,,,mpc_diagnostic,formal/step4_33_main_model_based_raw.csv,27.104568053114473,,,,,,,,,,,,,,,,,,,,,,,,,,
33,MPC-3,96,test_id,id_actual,id_reliable,3,,1666.507291289621,1320.79308640732,26.174743677881875,,126.76899981498718,2.6410208294788995,19.924999952316284,0,0,True,,100096,pure_mpc,4,48,True,,1.0,0.12500000077525425,"[15.213147200714408, 14.908710006006341, 6.8806992340274995, 8.551004242978324, 6.275502737036822, 7.839208416998188, 6.114239602484801, 8.065611534810621, 7.5107329252160735, 6.703946606260821, 15.882793113418202, 23.909839522253876, 34.40906984875981, 14.394403379463979, 25.6229254408646, 5.708463853047679, 5.46317415032656, 4.229980629432356, 2.9967093296787755, 2.5120784028987244, 1.2789408292102564, 0.04589925652157223, 0.0, 5.5998956944043385, 2.0052647797939107, 6.113792989224332, 11.82016411379616, 5.705135136834062, 7.877862729725372, 51.27101041419049, 77.71860781030848, 92.01812752101732, 101.16460073731086, 103.55794502309091, 112.41807934290864, 103.42084075330767, 43.367295356692395, 65.92411952752845, 62.96503875808186, 62.230544504429574, 66.96436508515464, 66.69440510245428, 60.441446632210855, 73.72370145550096, 75.04157100060696, 65.10438598231012, 52.09336857440538, 66.74864200192245]","[0.33700013160705566, 0.49000000953674316, 3.9660000801086426, 10.38100004196167, 3.00600004196167, 10.109999895095825, 0.07300019264221191, 2.857999801635742, 1.746999979019165, 2.2679998874664307, 1.0260000228881836, 0.2969999313354492, 0.9340000152587891, 2.689000129699707, 1.7569999694824219, 0.1380000114440918, 0.40399980545043945, 0.06999993324279785, 0.6789999008178711, 6.2200000286102295, 0.5220000743865967, 0.03900003433227539, 0.046000003814697266, 6.769999980926514, 4.431999921798706, 19.062999963760376, 19.924999952316284, 19.914000034332275, 2.0369999408721924, 0.6789999008178711, 0.125, 0.13100004196166992, 0.11599993705749512, 0.7060000896453857, 0.7070000171661377, 0.16100001335144043, 0.4200000762939453, 0.10599994659423828, 0.20300006866455078, 0.10800004005432129, 0.12199997901916504, 0.12199997901916504, 0.3190000057220459, 0.0820000171661377, 0.11600017547607422, 0.22299981117248535, 0.08599996566772461, 0.03900003433227539]",,original,Original,None,High,Strong,False,False,,,mpc_diagnostic,formal/step4_33_main_model_based_raw.csv,26.174743677881875,,,,,,,,,,,,,,,,,,,,,,,,,,
33,MPC-3,97,test_id,id_actual,id_reliable,3,,1654.6971871283629,1258.228083921786,31.510113966842766,,51.596999168395996,1.0749374826749165,8.962000131607056,0,0,True,,100097,pure_mpc,4,48,True,,1.0,0.12500000061326128,"[23.476892858265742, 8.775729756383043, 3.6994013495100826, 4.930032029035361, 5.846988293947201, 7.045442308096641, 5.500041417049857, 10.672973387248843, 6.153630101225126, 13.81882028139338, 19.559469016234722, 24.03150567519046, 36.33583635830905, 27.693220798073902, 18.895763562431654, 9.282945659071377, 5.948201211585672, 4.7147961744851, 3.5877245171095797, 2.354503210264037, 1.1213779044186731, 0.0, 0.0, 0.0, 0.0, 12.88901659805693, 19.438383347446326, 29.479482042554928, 39.917760801614754, 58.96819014102168, 56.57794315533095, 82.00604242891023, 88.1543477743193, 120.47599730916971, 118.48136326023844, 107.85428341878061, 43.071272516101786, 48.087962312977965, 46.07812268156374, 64.38704971488481, 58.885974385473205, 64.22765286714662, 68.18184824533661, 52.73081058767631, 64.6222885313258, 54.34694063166778, 55.217778201185055, 57.1713803062499]","[0.1119999885559082, 0.809999942779541, 0.4269998073577881, 0.10899996757507324, 0.08999991416931152, 8.962000131607056, 0.10199999809265137, 2.251999855041504, 0.08899998664855957, 0.3260002136230469, 0.4200000762939453, 0.4630000591278076, 1.183000087738037, 0.2820000648498535, 2.4579999446868896, 2.7119998931884766, 0.11599993705749512, 0.5509998798370361, 3.823000192642212, 0.5, 0.0410001277923584, 0.49000000953674316, 0.05299997329711914, 0.505000114440918, 5.824999809265137, 3.485999822616577, 5.059000015258789, 3.56499981880188, 2.253000020980835, 0.559999942779541, 0.5190000534057617, 0.40200018882751465, 0.1399998664855957, 0.11800003051757812, 0.12299990653991699, 0.10199999809265137, 0.3529999256134033, 0.29400014877319336, 0.2369999885559082, 0.13899993896484375, 0.31399989128112793, 0.21900010108947754, 0.10799980163574219, 0.28799986839294434, 0.22499990463256836, 0.3040001392364502, 0.06299996376037598, 0.02499985694885254]",,original,Original,None,High,Strong,False,False,,,mpc_diagnostic,formal/step4_33_main_model_based_raw.csv,31.510113966842766,,,,,,,,,,,,,,,,,,,,,,,,,,
33,MPC-3,98,test_id,id_actual,id_reliable,3,,1631.8100350027046,1287.9623570504841,26.697028532701342,,40.756999254226685,0.8491041511297226,7.523000001907349,0,0,True,,100098,pure_mpc,4,48,True,,1.0,0.12500000063582978,"[19.0479503083156, 10.594131658865935, 6.372050080279016, 4.93272754387705, 5.395468414459589, 5.379866711039984, 5.668918800184031, 9.44055903929555, 14.2620776523937, 13.237726039551553, 16.665328661072135, 29.481094347911338, 35.48962444155661, 21.633624323271555, 30.796386518604038, 11.295265899628781, 5.557658916614759, 4.3242843582236095, 3.0911790667832486, 1.8579964132081783, 0.6249097599990523, 0.0, 0.0, 0.7931578504158086, 1.600709595820401, 2.8270796964187683, 4.060337614544254, 4.532408194429961, 9.568557930305978, 43.605024094436175, 69.18685374449117, 81.35389585868428, 108.79561593671792, 114.76207332517983, 106.6822629092635, 110.8005904725209, 48.6048742932205, 52.061950314971796, 59.76635012249404, 66.60931532691224, 54.567214385372466, 64.6695345423211, 62.32949774124623, 57.699128102007975, 49.37250750169937, 69.70726518334357, 67.34822246441765, 65.3567788463331]","[0.7460000514984131, 1.2589998245239258, 5.562000036239624, 0.39999985694885254, 0.2649998664855957, 0.3509998321533203, 0.28999996185302734, 0.6740000247955322, 1.0939998626708984, 1.935999870300293, 1.5989999771118164, 0.30499982833862305, 0.8480000495910645, 0.46000003814697266, 0.9320001602172852, 1.4930000305175781, 0.12100005149841309, 0.051999807357788086, 0.0559999942779541, 0.06299996376037598, 0.04500007629394531, 0.502000093460083, 7.523000001907349, 2.80400013923645, 2.2079999446868896, 1.1929998397827148, 0.4849998950958252, 0.6460001468658447, 0.9549999237060547, 1.3680000305175781, 0.17499995231628418, 0.13499999046325684, 0.3619999885559082, 0.40200018882751465, 0.6789999008178711, 0.11999988555908203, 0.23200011253356934, 0.3059999942779541, 0.31599998474121094, 0.20799994468688965, 0.2929999828338623, 0.23200011253356934, 0.20399999618530273, 0.3040001392364502, 0.3280000686645508, 0.13399982452392578, 0.059999942779541016, 0.032000064849853516]",,original,Original,None,High,Strong,False,False,,,mpc_diagnostic,formal/step4_33_main_model_based_raw.csv,26.697028532701342,,,,,,,,,,,,,,,,,,,,,,,,,,
33,MPC-3,99,test_id,id_actual,id_reliable,3,,1722.955718651368,1329.4121074740826,29.602830376280263,,66.84800004959106,1.3926666676998138,9.657999992370605,0,0,True,,100099,pure_mpc,4,48,True,,1.0,0.12500000088715263,"[14.449656383225308, 12.27954623249995, 6.791290344504567, 4.5847439642221515, 11.34509733854846, 6.023482096755191, 9.713175497846, 12.052238369171056, 15.357707412265256, 15.365862013355198, 22.09211307757927, 32.579198492655664, 33.4780391534314, 29.10556920446367, 22.668692769680177, 5.969351409742737, 4.735944727017293, 4.936306618061052, 3.702980340018365, 2.68478639542989, 1.451635376987237, 0.21858035854458405, 0.0, 0.0, 0.6898160677656588, 1.9229076788100368, 34.49752832212175, 39.41399831245822, 36.108879707178865, 26.328175498434454, 60.428339179415396, 87.4532711343754, 83.62099975509054, 117.70521323579813, 124.49394862026728, 127.02142551353724, 44.14764446129651, 64.01677198121132, 56.770094286904786, 49.25263777872975, 57.985117611578254, 61.7675197288009, 61.82370216823527, 53.75804330504756, 65.0729956912171, 74.03556388577803, 67.9388779813022, 55.11624917000919]","[0.7100000381469727, 3.017000198364258, 3.7109999656677246, 0.3689999580383301, 9.657999992370605, 0.08999991416931152, 5.72599983215332, 0.3509998321533203, 1.7880001068115234, 0.6949999332427979, 0.3659999370574951, 0.24699997901916504, 2.3910000324249268, 0.3470001220703125, 1.5460000038146973, 2.8889999389648438, 0.05200004577636719, 0.22799992561340332, 0.046000003814697266, 8.490999937057495, 0.48600006103515625, 0.4330000877380371, 6.01200008392334, 0.40600013732910156, 3.0209999084472656, 0.6110000610351562, 2.7990000247955322, 3.36899995803833, 2.127000093460083, 1.3240001201629639, 0.3379998207092285, 0.10500001907348633, 0.3959999084472656, 0.312000036239624, 0.11100006103515625, 0.09299993515014648, 0.2630000114440918, 0.10599994659423828, 0.25999999046325684, 0.33099985122680664, 0.2070000171661377, 0.1790001392364502, 0.27499985694885254, 0.28600001335144043, 0.10400009155273438, 0.09600019454956055, 0.05499982833862305, 0.02500009536743164]",,original,Original,None,High,Strong,False,False,,,mpc_diagnostic,formal/step4_33_main_model_based_raw.csv,29.602830376280263,,,,,,,,,,,,,,,,,,,,,,,,,,
33,Perfect-Global,80,test_id,id_actual,perfect_full_horizon,48,,1369.246408572328,1369.246408572328,0.0,,1801.005000114441,37.520937502384186,1801.005000114441,0,1,True,,100080,perfect_global_clean,48,48,True,,1.0,0.12500000000805542,"[21.071566241437086, 22.698221129142638, 18.172894586890607, 15.777172444444446, 7.706986995446017, 10.442730097110879, 6.16615, 9.758023907255833, 12.601829764739563, 6.16615, 11.669840669161788, 9.457368989569812, 40.98044573940581, 12.447780772559048, 6.16615, 6.16615, 6.16615, 6.16615, 4.932728, 4.0440637899558975, 2.8108069623155187, 1.9410214126652159, 3.061680945146369, 4.2949573020919996, 5.5283296595375715, 6.16615, 6.16615, 6.16615, 6.16615, 6.16615, 20.016657540908653, 35.0651713444598, 60.09969840530711, 89.8355107311459, 62.78159649899418, 95.41301522171266, 54.65258331081506, 52.93589503911186, 56.583412106167486, 60.277289713186555, 62.777950301586756, 65.83201853483378, 60.171507460835564, 62.3381133585304, 63.47775956634597, 60.467861305265465, 60.28713276295655, 59.007135961288036]","[37.520937502384186, 37.520937502384186, 37.520937502384186, 37.520937502384186, 37.520937502384186, 37.520937502384186, 37.520937502384186, 37.520937502384186, 37.520937502384186, 37.520937502384186, 37.520937502384186, 37.520937502384186, 37.520937502384186, 37.520937502384186, 37.520937502384186, 37.520937502384186, 37.520937502384186, 37.520937502384186, 37.520937502384186, 37.520937502384186, 37.520937502384186, 37.520937502384186, 37.520937502384186, 37.520937502384186, 37.520937502384186, 37.520937502384186, 37.520937502384186, 37.520937502384186, 37.520937502384186, 37.520937502384186, 37.520937502384186, 37.520937502384186, 37.520937502384186, 37.520937502384186, 37.520937502384186, 37.520937502384186, 37.520937502384186, 37.520937502384186, 37.520937502384186, 37.520937502384186, 37.520937502384186, 37.520937502384186, 37.520937502384186, 37.520937502384186, 37.520937502384186, 37.520937502384186, 37.520937502384186, 37.520937502384186]",,original,Original,None,High,Strong,False,False,,,mpc_diagnostic,formal/step7b_33_perfect_global_raw.csv,0.0,full_day_optimization_objective,False,9,11378,0,6482,4752,48,1801.005000114441,0.0012562808147885654,0.0012562808147885654,9,3,,,,,,,,,,,,,
33,Perfect-Global,81,test_id,id_actual,perfect_full_horizon,48,,1292.9227935973395,1292.9227935973395,0.0,,1800.8949999809265,37.51864583293597,1800.8949999809265,0,1,True,,100081,perfect_global_clean,48,48,True,,1.0,0.12500000000808306,"[28.304214684408855, 17.592303613219535, 14.460501297681173, 13.719272757481324, 7.033586962859625, 13.47394460106904, 6.281545449144475, 8.303684639992975, 9.486405485946129, 8.204879444632795, 10.763480138175975, 8.795325709560665, 27.458468475623818, 15.84275096596631, 6.16615, 6.16615, 6.16615, 6.16615, 5.732822299987547, 4.49943402700271, 4.138088020805701, 2.904823874375054, 2.607721481245043, 3.8409624994533935, 5.074299518161686, 6.16615, 6.16615, 6.16615, 6.16615, 6.16615, 17.364433553058646, 43.322322395619246, 52.606334104482556, 58.861342731287465, 84.77806373800297, 92.19756462837519, 55.668893180015964, 61.52756804100505, 54.40300934649778, 64.51362950162053, 62.306801308846325, 55.78382270181874, 48.17556902554007, 52.62126555759842, 53.733879798413085, 51.123385517637416, 54.81541159862924, 55.10563092209688]","[37.51864583293597, 37.51864583293597, 37.51864583293597, 37.51864583293597, 37.51864583293597, 37.51864583293597, 37.51864583293597, 37.51864583293597, 37.51864583293597, 37.51864583293597, 37.51864583293597, 37.51864583293597, 37.51864583293597, 37.51864583293597, 37.51864583293597, 37.51864583293597, 37.51864583293597, 37.51864583293597, 37.51864583293597, 37.51864583293597, 37.51864583293597, 37.51864583293597, 37.51864583293597, 37.51864583293597, 37.51864583293597, 37.51864583293597, 37.51864583293597, 37.51864583293597, 37.51864583293597, 37.51864583293597, 37.51864583293597, 37.51864583293597, 37.51864583293597, 37.51864583293597, 37.51864583293597, 37.51864583293597, 37.51864583293597, 37.51864583293597, 37.51864583293597, 37.51864583293597, 37.51864583293597, 37.51864583293597, 37.51864583293597, 37.51864583293597, 37.51864583293597, 37.51864583293597, 37.51864583293597, 37.51864583293597]",,original,Original,None,High,Strong,False,False,,,mpc_diagnostic,formal/step7b_33_perfect_global_raw.csv,0.0,full_day_optimization_objective,False,9,11378,0,6482,4752,48,1800.8949999809265,0.0014341507161384534,0.0014341507161384534,9,4,,,,,,,,,,,,,
33,Perfect-Global,82,test_id,id_actual,perfect_full_horizon,48,,1264.8465396940937,1264.8465396940937,0.0,,1800.8680000305176,37.518083333969116,1800.8680000305176,0,1,True,,100082,perfect_global_clean,48,48,True,,1.0,0.1250000000080796,"[27.888971592317667, 17.400302391162967, 16.709472516548985, 11.611508724055122, 6.290173054249786, 11.03797760092926, 9.55350166105217, 13.098149680937453, 11.16587442099366, 10.434921109326407, 11.13634357502426, 6.16615, 30.47538987707607, 10.270841906682817, 6.16615, 6.16615, 6.16615, 6.16615, 6.16615, 6.024562848958021, 4.791151868623851, 3.5578368897896686, 3.345238252072348, 4.578536682186892, 5.811931112801377, 6.16615, 6.16615, 6.16615, 6.16615, 6.16615, 6.16615, 33.715621425195955, 46.014671977805094, 60.24786779290641, 93.1988729716389, 86.11816425057319, 46.96672562179359, 60.83992602201656, 56.20956624629856, 55.08749667644497, 55.99708233236431, 54.551703374624395, 50.501509839355535, 51.181363140864875, 56.83466213835904, 54.14528508950046, 59.509742421345635, 54.549792608217295]","[37.518083333969116, 37.518083333969116, 37.518083333969116, 37.518083333969116, 37.518083333969116, 37.518083333969116, 37.518083333969116, 37.518083333969116, 37.518083333969116, 37.518083333969116, 37.518083333969116, 37.518083333969116, 37.518083333969116, 37.518083333969116, 37.518083333969116, 37.518083333969116, 37.518083333969116, 37.518083333969116, 37.518083333969116, 37.518083333969116, 37.518083333969116, 37.518083333969116, 37.518083333969116, 37.518083333969116, 37.518083333969116, 37.518083333969116, 37.518083333969116, 37.518083333969116, 37.518083333969116, 37.518083333969116, 37.518083333969116, 37.518083333969116, 37.518083333969116, 37.518083333969116, 37.518083333969116, 37.518083333969116, 37.518083333969116, 37.518083333969116, 37.518083333969116, 37.518083333969116, 37.518083333969116, 37.518083333969116, 37.518083333969116, 37.518083333969116, 37.518083333969116, 37.518083333969116, 37.518083333969116, 37.518083333969116]",,original,Original,None,High,Strong,False,False,,,mpc_diagnostic,formal/step7b_33_perfect_global_raw.csv,0.0,full_day_optimization_objective,False,9,11378,0,6482,4752,48,1800.8680000305176,0.001425738366852542,0.001425738366852542,9,3,,,,,,,,,,,,,
33,Perfect-Global,83,test_id,id_actual,perfect_full_horizon,48,,1322.5368740649549,1322.5368740649549,0.0,,1801.6689999103546,37.53477083146572,1801.6689999103546,0,1,True,,100083,perfect_global_clean,48,48,True,,1.0,0.12500000000806444,"[24.36553305754055, 19.224633284773102, 16.23991004719391, 12.526585675322485, 10.132239838949225, 6.16615, 10.783487011615673, 9.854607758044187, 6.355153360303233, 8.02977241054357, 7.437686565124748, 7.289968760483144, 35.662217957596006, 10.344971741105338, 6.16615, 6.16615, 6.16615, 6.16615, 4.932728, 4.84223653552854, 3.940563821003503, 2.707315049789431, 2.558241403144703, 3.791478569486524, 5.024811736328286, 6.16615, 6.16615, 6.16615, 6.16615, 6.16615, 18.575293174674172, 42.48821515101894, 67.40206569128918, 71.58761015575547, 100.34492410068688, 88.17364695689896, 51.41025360173322, 41.75708041156447, 55.754690056338035, 58.120822658656635, 54.569433666998535, 57.40845422540064, 58.67686488179115, 60.85142882239937, 57.933644058042304, 57.592091418747025, 55.79719589692246, 56.38751655216123]","[37.53477083146572, 37.53477083146572, 37.53477083146572, 37.53477083146572, 37.53477083146572, 37.53477083146572, 37.53477083146572, 37.53477083146572, 37.53477083146572, 37.53477083146572, 37.53477083146572, 37.53477083146572, 37.53477083146572, 37.53477083146572, 37.53477083146572, 37.53477083146572, 37.53477083146572, 37.53477083146572, 37.53477083146572, 37.53477083146572, 37.53477083146572, 37.53477083146572, 37.53477083146572, 37.53477083146572, 37.53477083146572, 37.53477083146572, 37.53477083146572, 37.53477083146572, 37.53477083146572, 37.53477083146572, 37.53477083146572, 37.53477083146572, 37.53477083146572, 37.53477083146572, 37.53477083146572, 37.53477083146572, 37.53477083146572, 37.53477083146572, 37.53477083146572, 37.53477083146572, 37.53477083146572, 37.53477083146572, 37.53477083146572, 37.53477083146572, 37.53477083146572, 37.53477083146572, 37.53477083146572, 37.53477083146572]",,original,Original,None,High,Strong,False,False,,,mpc_diagnostic,formal/step7b_33_perfect_global_raw.csv,0.0,full_day_optimization_objective,False,9,11378,0,6482,4752,48,1801.6689999103546,0.0012807410992522004,0.0012807410992522004,9,3,,,,,,,,,,,,,
33,Perfect-Global,84,test_id,id_actual,perfect_full_horizon,48,,1379.7734084486979,1379.7734084486979,0.0,,1800.398999929428,37.508312498529754,1800.398999929428,0,1,True,,100084,perfect_global_clean,48,48,True,,1.0,0.125000000008059,"[20.570295207793517, 22.978438731352608, 15.326204342255615, 11.7239459123228, 12.477033845147378, 9.424160450303368, 7.382360891723558, 9.172581341393585, 8.462138562915577, 10.721054087366799, 10.055925801753384, 8.296797670751797, 22.907545915835826, 15.105829545480704, 6.16615, 6.16615, 6.16615, 6.16615, 5.137592832694329, 3.9042508874923496, 2.6710049425655806, 1.4378549990839025, 2.6710049428020297, 3.904250887755008, 5.137592832966434, 6.16615, 4.932728, 6.16615, 6.16615, 20.46657534856072, 17.79721852456107, 48.000718820907586, 71.30372371417047, 69.67842901236394, 98.4336485270218, 88.12734921896225, 48.695374916614504, 66.90825379497021, 55.94358249006974, 58.799288452016725, 55.84893038187819, 62.43859680881231, 60.316649569759974, 61.80617835377352, 54.56860293500281, 62.92682209209301, 60.406893551760575, 59.74292930364247]","[37.508312498529754, 37.508312498529754, 37.508312498529754, 37.508312498529754, 37.508312498529754, 37.508312498529754, 37.508312498529754, 37.508312498529754, 37.508312498529754, 37.508312498529754, 37.508312498529754, 37.508312498529754, 37.508312498529754, 37.508312498529754, 37.508312498529754, 37.508312498529754, 37.508312498529754, 37.508312498529754, 37.508312498529754, 37.508312498529754, 37.508312498529754, 37.508312498529754, 37.508312498529754, 37.508312498529754, 37.508312498529754, 37.508312498529754, 37.508312498529754, 37.508312498529754, 37.508312498529754, 37.508312498529754, 37.508312498529754, 37.508312498529754, 37.508312498529754, 37.508312498529754, 37.508312498529754, 37.508312498529754, 37.508312498529754, 37.508312498529754, 37.508312498529754, 37.508312498529754, 37.508312498529754, 37.508312498529754, 37.508312498529754, 37.508312498529754, 37.508312498529754, 37.508312498529754, 37.508312498529754, 37.508312498529754]",,original,Original,None,High,Strong,False,False,,,mpc_diagnostic,formal/step7b_33_perfect_global_raw.csv,0.0,full_day_optimization_objective,False,9,11378,0,6482,4752,48,1800.398999929428,0.0011748015505045084,0.0011748015505045084,9,4,,,,,,,,,,,,,
33,Perfect-Global,85,test_id,id_actual,perfect_full_horizon,48,,1326.5560508128356,1326.5560508128356,0.0,,1801.5039999485016,37.53133333226045,1801.5039999485016,0,1,True,,100085,perfect_global_clean,48,48,True,,1.0,0.12500000000808428,"[27.723381315359603, 21.491458976304877, 21.214496149838112, 13.80677039308684, 11.102360706812942, 11.398433507407702, 14.89359608759845, 10.007395887879547, 6.16615, 9.488696014720787, 11.732356129997097, 10.158875872398298, 33.245300335586734, 14.141155207751439, 6.16615, 6.16615, 6.16615, 6.16615, 6.089093330859885, 4.855677328634439, 3.6223573269089346, 2.4661720000000003, 3.699402, 4.932728, 6.16615, 6.16615, 6.16615, 6.16615, 6.16615, 19.19609752176077, 19.669777296973955, 39.9380994196258, 64.21041770217148, 75.9180027166992, 85.50229081133212, 79.63702998708666, 50.78136924903025, 53.713744769205384, 55.22695718822109, 49.40801938037315, 59.192063991456486, 55.41257088807194, 57.120875530401605, 61.1280976828887, 50.62768169264874, 49.5036212055323, 48.414455477542845, 54.22367173066728]","[37.53133333226045, 37.53133333226045, 37.53133333226045, 37.53133333226045, 37.53133333226045, 37.53133333226045, 37.53133333226045, 37.53133333226045, 37.53133333226045, 37.53133333226045, 37.53133333226045, 37.53133333226045, 37.53133333226045, 37.53133333226045, 37.53133333226045, 37.53133333226045, 37.53133333226045, 37.53133333226045, 37.53133333226045, 37.53133333226045, 37.53133333226045, 37.53133333226045, 37.53133333226045, 37.53133333226045, 37.53133333226045, 37.53133333226045, 37.53133333226045, 37.53133333226045, 37.53133333226045, 37.53133333226045, 37.53133333226045, 37.53133333226045, 37.53133333226045, 37.53133333226045, 37.53133333226045, 37.53133333226045, 37.53133333226045, 37.53133333226045, 37.53133333226045, 37.53133333226045, 37.53133333226045, 37.53133333226045, 37.53133333226045, 37.53133333226045, 37.53133333226045, 37.53133333226045, 37.53133333226045, 37.53133333226045]",,original,Original,None,High,Strong,False,False,,,mpc_diagnostic,formal/step7b_33_perfect_global_raw.csv,0.0,full_day_optimization_objective,False,9,11378,0,6482,4752,48,1801.5039999485016,0.001278664987264238,0.001278664987264238,9,3,,,,,,,,,,,,,
33,Perfect-Global,86,test_id,id_actual,perfect_full_horizon,48,,1321.0429915624934,1321.0429915624934,0.0,,1800.5859999656677,37.51220833261808,1800.5859999656677,0,1,True,,100086,perfect_global_clean,48,48,True,,1.0,0.12500000000808176,"[18.71072719221261, 20.566762452564785, 18.65182760190846, 11.996423247195725, 9.94914466953024, 10.353716307304602, 10.21151075171043, 10.168497265251556, 7.633567862135024, 8.332344141733364, 9.065934314782108, 8.924851425280906, 33.96410429461813, 21.504850173974702, 6.16615, 6.16615, 6.16615, 6.16615, 4.932728, 5.43870319412758, 4.235889235559645, 3.002617476386628, 2.807993507168862, 4.041250115793846, 5.27460272491877, 6.16615, 6.16615, 6.16615, 6.16615, 6.16615, 25.45288543418166, 37.950790726454905, 52.82087522874917, 67.64468229433328, 75.2396894825336, 109.2745769726622, 57.16078723255942, 49.13443933252288, 55.13562606239894, 61.52005299681043, 56.59058774881166, 60.04053107029456, 53.42034679765298, 53.95978553222545, 50.8091891161253, 60.89041579971896, 58.161432548936574, 50.57290123136335]","[37.51220833261808, 37.51220833261808, 37.51220833261808, 37.51220833261808, 37.51220833261808, 37.51220833261808, 37.51220833261808, 37.51220833261808, 37.51220833261808, 37.51220833261808, 37.51220833261808, 37.51220833261808, 37.51220833261808, 37.51220833261808, 37.51220833261808, 37.51220833261808, 37.51220833261808, 37.51220833261808, 37.51220833261808, 37.51220833261808, 37.51220833261808, 37.51220833261808, 37.51220833261808, 37.51220833261808, 37.51220833261808, 37.51220833261808, 37.51220833261808, 37.51220833261808, 37.51220833261808, 37.51220833261808, 37.51220833261808, 37.51220833261808, 37.51220833261808, 37.51220833261808, 37.51220833261808, 37.51220833261808, 37.51220833261808, 37.51220833261808, 37.51220833261808, 37.51220833261808, 37.51220833261808, 37.51220833261808, 37.51220833261808, 37.51220833261808, 37.51220833261808, 37.51220833261808, 37.51220833261808, 37.51220833261808]",,original,Original,None,High,Strong,False,False,,,mpc_diagnostic,formal/step7b_33_perfect_global_raw.csv,0.0,full_day_optimization_objective,False,9,11378,0,6482,4752,48,1800.5859999656677,0.001315068627071366,0.001315068627071366,9,3,,,,,,,,,,,,,
33,Perfect-Global,87,test_id,id_actual,perfect_full_horizon,48,,1335.3342894852017,1335.3342894852017,0.0,,1800.6840000152588,37.514250000317894,1800.6840000152588,0,1,True,,100087,perfect_global_clean,48,48,True,,1.0,0.12500000000807984,"[24.271672619059007, 21.356260809214877, 13.210902763846182, 10.821801745298135, 9.513966105138199, 12.024654580640608, 8.896846710848504, 8.894745697008268, 10.540116429640891, 8.263978973452023, 13.230423579815929, 10.790827152701809, 33.295173128160634, 20.380868577673056, 6.16615, 6.16615, 6.16615, 6.16615, 5.857992028401214, 4.624594014362214, 3.3912919992878003, 2.58237929626281, 1.5740210061985527, 2.8071815392971264, 4.040438084783734, 5.273790629312544, 6.16615, 6.16615, 6.16615, 6.16615, 28.90319501532268, 51.983451980125665, 70.41563736185685, 62.75642675992607, 92.6230869419591, 77.1780462710816, 58.504539004171015, 56.10755363261715, 61.504471986071565, 55.267931303440406, 60.211746935974524, 53.616202492163474, 47.21076899233575, 59.30371570270648, 51.14397895899408, 52.39507119539646, 54.32381221188263, 56.91152526877206]","[37.514250000317894, 37.514250000317894, 37.514250000317894, 37.514250000317894, 37.514250000317894, 37.514250000317894, 37.514250000317894, 37.514250000317894, 37.514250000317894, 37.514250000317894, 37.514250000317894, 37.514250000317894, 37.514250000317894, 37.514250000317894, 37.514250000317894, 37.514250000317894, 37.514250000317894, 37.514250000317894, 37.514250000317894, 37.514250000317894, 37.514250000317894, 37.514250000317894, 37.514250000317894, 37.514250000317894, 37.514250000317894, 37.514250000317894, 37.514250000317894, 37.514250000317894, 37.514250000317894, 37.514250000317894, 37.514250000317894, 37.514250000317894, 37.514250000317894, 37.514250000317894, 37.514250000317894, 37.514250000317894, 37.514250000317894, 37.514250000317894, 37.514250000317894, 37.514250000317894, 37.514250000317894, 37.514250000317894, 37.514250000317894, 37.514250000317894, 37.514250000317894, 37.514250000317894, 37.514250000317894, 37.514250000317894]",,original,Original,None,High,Strong,False,False,,,mpc_diagnostic,formal/step7b_33_perfect_global_raw.csv,0.0,full_day_optimization_objective,False,9,11378,0,6482,4752,48,1800.6840000152588,0.0012797976421137758,0.0012797976421137758,9,2,,,,,,,,,,,,,
33,Perfect-Global,88,test_id,id_actual,perfect_full_horizon,48,,1322.1408773277124,1322.1408773277124,0.0,,1800.5679998397827,37.511833329995476,1800.5679998397827,0,1,True,,100088,perfect_global_clean,48,48,True,,1.0,0.12500000000808023,"[26.572027378739755, 16.93886880195302, 18.087883312218576, 15.60940513482359, 14.9508297929744, 12.009188898338888, 13.352966919971704, 13.90061868518503, 9.313268989026632, 6.263350938255558, 12.152395945390701, 12.147893859349642, 30.907405386271286, 21.41590819876135, 6.16615, 6.16615, 6.16615, 6.16615, 5.366086104419769, 4.13272637533533, 3.2023922339585345, 2.4661720000000003, 3.699402, 4.932728, 6.16615, 6.16615, 6.16615, 6.16615, 6.16615, 8.697362795935392, 6.16615, 45.545774528956166, 59.73767555958871, 67.95562345287283, 76.15791984361691, 79.20484711403458, 55.063429727494515, 55.04501580294181, 56.66454322236891, 54.012182659941026, 65.16492906803221, 61.08528579996488, 59.399865922187345, 48.90485201291205, 50.22630107802247, 55.840621016020854, 58.45745540466131, 55.89417336318645]","[37.511833329995476, 37.511833329995476, 37.511833329995476, 37.511833329995476, 37.511833329995476, 37.511833329995476, 37.511833329995476, 37.511833329995476, 37.511833329995476, 37.511833329995476, 37.511833329995476, 37.511833329995476, 37.511833329995476, 37.511833329995476, 37.511833329995476, 37.511833329995476, 37.511833329995476, 37.511833329995476, 37.511833329995476, 37.511833329995476, 37.511833329995476, 37.511833329995476, 37.511833329995476, 37.511833329995476, 37.511833329995476, 37.511833329995476, 37.511833329995476, 37.511833329995476, 37.511833329995476, 37.511833329995476, 37.511833329995476, 37.511833329995476, 37.511833329995476, 37.511833329995476, 37.511833329995476, 37.511833329995476, 37.511833329995476, 37.511833329995476, 37.511833329995476, 37.511833329995476, 37.511833329995476, 37.511833329995476, 37.511833329995476, 37.511833329995476, 37.511833329995476, 37.511833329995476, 37.511833329995476, 37.511833329995476]",,original,Original,None,High,Strong,False,False,,,mpc_diagnostic,formal/step7b_33_perfect_global_raw.csv,0.0,full_day_optimization_objective,False,9,11378,0,6482,4752,48,1800.5679998397827,0.0013192661084090785,0.0013192661084090785,9,2,,,,,,,,,,,,,
33,Perfect-Global,89,test_id,id_actual,perfect_full_horizon,48,,1395.1686623015219,1395.1686623015219,0.0,,1800.5920000076294,37.51233333349228,1800.5920000076294,0,1,True,,100089,perfect_global_clean,48,48,True,,1.0,0.12500000000806377,"[28.868996660891668, 20.622451156756423, 18.129658611873683, 12.256922313644809, 6.619464869023762, 9.354278968490027, 9.874568835502807, 12.481644357349438, 8.780828119453709, 10.398028537850994, 8.895529224021942, 10.230245554870162, 30.30754434959711, 14.449180249631137, 6.16615, 6.16615, 6.16615, 6.16615, 4.932728, 5.952255641097399, 4.718850288772827, 3.4855409366148904, 2.2523275849568942, 3.2814966703217197, 4.514790138585852, 5.748179607349926, 6.16615, 6.16615, 6.16615, 11.104760430040923, 11.204950807550265, 70.89318738133817, 40.16718021448769, 79.49015402951635, 97.6873641448712, 105.82616599811836, 58.64117351853963, 46.84222990771944, 58.60734512402442, 63.0589124009186, 61.26259515817282, 58.12120107182925, 61.983925677425006, 65.95545633869125, 58.18087204031615, 58.219142253090084, 57.83044353863886, 50.773041589576074]","[37.51233333349228, 37.51233333349228, 37.51233333349228, 37.51233333349228, 37.51233333349228, 37.51233333349228, 37.51233333349228, 37.51233333349228, 37.51233333349228, 37.51233333349228, 37.51233333349228, 37.51233333349228, 37.51233333349228, 37.51233333349228, 37.51233333349228, 37.51233333349228, 37.51233333349228, 37.51233333349228, 37.51233333349228, 37.51233333349228, 37.51233333349228, 37.51233333349228, 37.51233333349228, 37.51233333349228, 37.51233333349228, 37.51233333349228, 37.51233333349228, 37.51233333349228, 37.51233333349228, 37.51233333349228, 37.51233333349228, 37.51233333349228, 37.51233333349228, 37.51233333349228, 37.51233333349228, 37.51233333349228, 37.51233333349228, 37.51233333349228, 37.51233333349228, 37.51233333349228, 37.51233333349228, 37.51233333349228, 37.51233333349228, 37.51233333349228, 37.51233333349228, 37.51233333349228, 37.51233333349228, 37.51233333349228]",,original,Original,None,High,Strong,False,False,,,mpc_diagnostic,formal/step7b_33_perfect_global_raw.csv,0.0,full_day_optimization_objective,False,9,11378,0,6482,4752,48,1800.5920000076294,0.0011751048604460453,0.0011751048604460453,9,2,,,,,,,,,,,,,
33,Perfect-Global,90,test_id,id_actual,perfect_full_horizon,48,,1328.7701165870474,1328.7701165870474,0.0,,1800.5499999523163,37.51145833233992,1800.5499999523163,0,1,True,,100090,perfect_global_clean,48,48,True,,1.0,0.12500000000806302,"[24.60480411103382, 19.873255697994363, 14.130892908706134, 13.026502023405687, 11.216130959769139, 9.203158127735604, 10.335166889786112, 9.951236834222142, 12.224240463866176, 10.709015053787475, 9.171768500441893, 11.48426263567789, 16.729534084678164, 6.16615, 6.16615, 6.16615, 6.16615, 6.16615, 5.649793995656772, 5.238931398287201, 4.005581565592887, 2.772327733398517, 3.699402, 4.932728, 6.16615, 4.9368613660109295, 6.16615, 6.16615, 6.16615, 12.142364984055842, 6.16615, 48.863465507532915, 51.30855871724452, 76.02351068074671, 85.93055757223584, 98.47654728804494, 44.01046871621226, 53.25841905394123, 62.074589946483464, 56.243588160515756, 62.30308753875051, 52.44733065963174, 57.5758872927694, 62.611505574957576, 60.04880416228144, 58.73349104894471, 62.141504583574175, 59.019340749073585]","[37.51145833233992, 37.51145833233992, 37.51145833233992, 37.51145833233992, 37.51145833233992, 37.51145833233992, 37.51145833233992, 37.51145833233992, 37.51145833233992, 37.51145833233992, 37.51145833233992, 37.51145833233992, 37.51145833233992, 37.51145833233992, 37.51145833233992, 37.51145833233992, 37.51145833233992, 37.51145833233992, 37.51145833233992, 37.51145833233992, 37.51145833233992, 37.51145833233992, 37.51145833233992, 37.51145833233992, 37.51145833233992, 37.51145833233992, 37.51145833233992, 37.51145833233992, 37.51145833233992, 37.51145833233992, 37.51145833233992, 37.51145833233992, 37.51145833233992, 37.51145833233992, 37.51145833233992, 37.51145833233992, 37.51145833233992, 37.51145833233992, 37.51145833233992, 37.51145833233992, 37.51145833233992, 37.51145833233992, 37.51145833233992, 37.51145833233992, 37.51145833233992, 37.51145833233992, 37.51145833233992, 37.51145833233992]",,original,Original,None,High,Strong,False,False,,,mpc_diagnostic,formal/step7b_33_perfect_global_raw.csv,0.0,full_day_optimization_objective,False,9,11378,0,6482,4752,48,1800.5499999523163,0.001296276167957579,0.001296276167957579,9,3,,,,,,,,,,,,,
33,Perfect-Global,91,test_id,id_actual,perfect_full_horizon,48,,1352.961137244779,1352.961137244779,0.0,,1800.6050000190735,37.51260416706403,1800.6050000190735,0,1,True,,100091,perfect_global_clean,48,48,True,,1.0,0.12500000000806816,"[29.35052092934123, 23.115431586985014, 15.756107162775887, 17.125219250036505, 11.103599725381482, 12.584074290949456, 12.96888217201359, 9.674723323301276, 9.917316752976065, 9.034828366420774, 8.235029828342686, 14.88928677095277, 42.230797353581295, 13.664505071529941, 6.16615, 6.16615, 6.16615, 6.16615, 5.654063781202522, 4.420681638114097, 4.044966824329515, 2.8117099263972696, 3.699402, 4.932728, 6.16615, 6.16615, 6.16615, 6.16615, 6.16615, 11.59847498482465, 24.950933873885326, 32.45028719953246, 65.08565171581046, 62.93672260006541, 98.25859286777761, 70.6379160395261, 60.23954200832451, 52.39087302249583, 55.179439363230436, 55.75259709994813, 52.66259878481321, 60.70456267156601, 57.71137491164564, 51.860068384052354, 60.99136244992426, 59.82532504343942, 55.46960418725648, 53.54598528202916]","[37.51260416706403, 37.51260416706403, 37.51260416706403, 37.51260416706403, 37.51260416706403, 37.51260416706403, 37.51260416706403, 37.51260416706403, 37.51260416706403, 37.51260416706403, 37.51260416706403, 37.51260416706403, 37.51260416706403, 37.51260416706403, 37.51260416706403, 37.51260416706403, 37.51260416706403, 37.51260416706403, 37.51260416706403, 37.51260416706403, 37.51260416706403, 37.51260416706403, 37.51260416706403, 37.51260416706403, 37.51260416706403, 37.51260416706403, 37.51260416706403, 37.51260416706403, 37.51260416706403, 37.51260416706403, 37.51260416706403, 37.51260416706403, 37.51260416706403, 37.51260416706403, 37.51260416706403, 37.51260416706403, 37.51260416706403, 37.51260416706403, 37.51260416706403, 37.51260416706403, 37.51260416706403, 37.51260416706403, 37.51260416706403, 37.51260416706403, 37.51260416706403, 37.51260416706403, 37.51260416706403, 37.51260416706403]",,original,Original,None,High,Strong,False,False,,,mpc_diagnostic,formal/step7b_33_perfect_global_raw.csv,0.0,full_day_optimization_objective,False,9,11378,0,6482,4752,48,1800.6050000190735,0.0013266357313869183,0.0013266357313869183,9,3,,,,,,,,,,,,,
33,Perfect-Global,92,test_id,id_actual,perfect_full_horizon,48,,1213.58152547329,1213.58152547329,0.0,,1801.858999967575,37.53872916599115,1801.858999967575,0,1,True,,100092,perfect_global_clean,48,48,True,,1.0,0.12500000000810477,"[16.653179973452637, 22.34605356257418, 18.057108044029317, 15.12187098314384, 9.635602550768159, 6.950540970809914, 6.16615, 9.38205495724937, 12.089418332840872, 7.98804810816174, 6.16615, 6.931671717930787, 39.40145260457087, 12.956867795590025, 6.16615, 6.16615, 6.16615, 5.561600207366011, 4.328225262989285, 3.0949463170508893, 1.861763370582868, 2.5358336474503322, 1.6285891266277803, 2.4661720000000003, 3.699402, 4.932728, 6.16615, 6.16615, 6.16615, 6.16615, 19.48566703747597, 26.43204306482599, 61.40636816886664, 78.37847653950983, 59.08967649312602, 103.43133653051133, 49.84669290866924, 52.57667342863474, 44.79691116114866, 54.14152555331116, 49.83933540658598, 48.8937605567215, 47.163263448189035, 54.924334722733875, 45.47807229188439, 54.48504056277817, 52.74208766685084, 47.351780398277675]","[37.53872916599115, 37.53872916599115, 37.53872916599115, 37.53872916599115, 37.53872916599115, 37.53872916599115, 37.53872916599115, 37.53872916599115, 37.53872916599115, 37.53872916599115, 37.53872916599115, 37.53872916599115, 37.53872916599115, 37.53872916599115, 37.53872916599115, 37.53872916599115, 37.53872916599115, 37.53872916599115, 37.53872916599115, 37.53872916599115, 37.53872916599115, 37.53872916599115, 37.53872916599115, 37.53872916599115, 37.53872916599115, 37.53872916599115, 37.53872916599115, 37.53872916599115, 37.53872916599115, 37.53872916599115, 37.53872916599115, 37.53872916599115, 37.53872916599115, 37.53872916599115, 37.53872916599115, 37.53872916599115, 37.53872916599115, 37.53872916599115, 37.53872916599115, 37.53872916599115, 37.53872916599115, 37.53872916599115, 37.53872916599115, 37.53872916599115, 37.53872916599115, 37.53872916599115, 37.53872916599115, 37.53872916599115]",,original,Original,None,High,Strong,False,False,,,mpc_diagnostic,formal/step7b_33_perfect_global_raw.csv,0.0,full_day_optimization_objective,False,9,11378,0,6482,4752,48,1801.858999967575,0.001528816722596597,0.001528816722596597,9,3,,,,,,,,,,,,,
33,Perfect-Global,93,test_id,id_actual,perfect_full_horizon,48,,1266.8040880060507,1266.8040880060507,0.0,,1800.4409999847412,37.509187499682106,1800.4409999847412,0,1,True,,100093,perfect_global_clean,48,48,True,,1.0,0.12500000000808797,"[24.83614007862823, 22.48893906327258, 19.30450342382758, 13.400488708717894, 11.041776785021446, 9.536387035146408, 13.404948172849046, 7.4718100235976, 10.080164959681163, 11.222780221373277, 11.49555160735019, 9.997334159464986, 21.694149743421548, 10.777786734196804, 6.16615, 6.16615, 6.16615, 6.16615, 5.585225817851707, 4.92916602744812, 3.695840306295368, 2.6816828848122922, 1.4485321094741896, 2.6816828833500144, 3.91492965944749, 5.148272434790806, 6.16615, 6.16615, 6.16615, 7.3237067869879535, 19.719917580877457, 30.747201652032047, 38.36798631028518, 71.70634570270181, 90.25144465524298, 94.01785617932481, 42.42709721078108, 60.47362313631944, 52.796317074094404, 54.49920553073298, 60.744554644544735, 55.83513882929707, 57.593657992581626, 53.40500591315092, 58.1490478334335, 51.07094982052558, 47.43931350825183, 50.234574804866746]","[37.509187499682106, 37.509187499682106, 37.509187499682106, 37.509187499682106, 37.509187499682106, 37.509187499682106, 37.509187499682106, 37.509187499682106, 37.509187499682106, 37.509187499682106, 37.509187499682106, 37.509187499682106, 37.509187499682106, 37.509187499682106, 37.509187499682106, 37.509187499682106, 37.509187499682106, 37.509187499682106, 37.509187499682106, 37.509187499682106, 37.509187499682106, 37.509187499682106, 37.509187499682106, 37.509187499682106, 37.509187499682106, 37.509187499682106, 37.509187499682106, 37.509187499682106, 37.509187499682106, 37.509187499682106, 37.509187499682106, 37.509187499682106, 37.509187499682106, 37.509187499682106, 37.509187499682106, 37.509187499682106, 37.509187499682106, 37.509187499682106, 37.509187499682106, 37.509187499682106, 37.509187499682106, 37.509187499682106, 37.509187499682106, 37.509187499682106, 37.509187499682106, 37.509187499682106, 37.509187499682106, 37.509187499682106]",,original,Original,None,High,Strong,False,False,,,mpc_diagnostic,formal/step7b_33_perfect_global_raw.csv,0.0,full_day_optimization_objective,False,9,11378,0,6482,4752,48,1800.4409999847412,0.0012509705694818735,0.0012509705694818735,9,3,,,,,,,,,,,,,
33,Perfect-Global,94,test_id,id_actual,perfect_full_horizon,48,,1310.6801597600784,1310.6801597600784,0.0,,1801.3109998703003,37.52731249729792,1801.3109998703003,0,1,True,,100094,perfect_global_clean,48,48,True,,1.0,0.12500000000809341,"[28.126665618061708, 17.97118203368867, 13.827458905058961, 15.887416053470684, 11.828636815160191, 7.365687673423192, 8.423186079938876, 11.671219150402202, 11.784730215365656, 11.779502611243467, 12.459326709371634, 9.498307110532558, 41.615173548189176, 15.379504190616428, 6.16615, 6.16615, 6.16615, 6.16615, 5.032401571444121, 3.7990678143490384, 3.3996691229306513, 2.3682564590891846, 2.4661720000000003, 3.699402, 4.932728, 6.16615, 6.16615, 6.16615, 6.16615, 6.16615, 23.362570227343873, 42.105553127845454, 58.88895823107346, 74.48995704631038, 79.54554980074992, 83.08059449196706, 53.565413343426314, 57.89779124962101, 48.33798580685511, 49.227722272078566, 57.378162540319664, 53.10134204307837, 58.81522545215233, 51.17596797438435, 53.888807479038, 49.650512678114765, 59.72674850928744, 57.63025380409575]","[37.52731249729792, 37.52731249729792, 37.52731249729792, 37.52731249729792, 37.52731249729792, 37.52731249729792, 37.52731249729792, 37.52731249729792, 37.52731249729792, 37.52731249729792, 37.52731249729792, 37.52731249729792, 37.52731249729792, 37.52731249729792, 37.52731249729792, 37.52731249729792, 37.52731249729792, 37.52731249729792, 37.52731249729792, 37.52731249729792, 37.52731249729792, 37.52731249729792, 37.52731249729792, 37.52731249729792, 37.52731249729792, 37.52731249729792, 37.52731249729792, 37.52731249729792, 37.52731249729792, 37.52731249729792, 37.52731249729792, 37.52731249729792, 37.52731249729792, 37.52731249729792, 37.52731249729792, 37.52731249729792, 37.52731249729792, 37.52731249729792, 37.52731249729792, 37.52731249729792, 37.52731249729792, 37.52731249729792, 37.52731249729792, 37.52731249729792, 37.52731249729792, 37.52731249729792, 37.52731249729792, 37.52731249729792]",,original,Original,None,High,Strong,False,False,,,mpc_diagnostic,formal/step7b_33_perfect_global_raw.csv,0.0,full_day_optimization_objective,False,9,11378,0,6482,4752,48,1801.3109998703003,0.0013763060456249466,0.0013763060456249466,9,2,,,,,,,,,,,,,
33,Perfect-Global,95,test_id,id_actual,perfect_full_horizon,48,,1261.4841912567745,1261.4841912567745,0.0,,1801.9700000286102,37.54104166726271,1801.9700000286102,0,1,True,,100095,perfect_global_clean,48,48,True,,1.0,0.12500000000807987,"[22.632941621248182, 15.158312799368257, 15.586928133160342, 11.137926745197815, 6.473067210519962, 7.985874601388945, 6.16615, 7.503813993345165, 8.472538159366046, 11.390408573031534, 8.244774223263331, 9.953675584781184, 27.133747934016718, 22.338008036653015, 6.16615, 6.16615, 6.16615, 6.16615, 5.868745557884534, 4.863599539201305, 3.630278921550839, 2.39705430304747, 1.1639256894717458, 2.3970543076188644, 3.6302789264277684, 4.863599544954815, 6.097016162613533, 6.16615, 6.16615, 9.12850146717129, 18.066586075459313, 36.55818889550167, 52.35535818794508, 63.73294971833917, 64.81819669083978, 107.162132763916, 63.06709304458323, 49.54399999783869, 46.27242876212573, 57.906071376070095, 54.17834952351116, 55.32096909361147, 48.937113150203324, 56.964356118507126, 48.213369218932854, 61.43452915796499, 57.81731286036208, 57.92006458578002]","[37.54104166726271, 37.54104166726271, 37.54104166726271, 37.54104166726271, 37.54104166726271, 37.54104166726271, 37.54104166726271, 37.54104166726271, 37.54104166726271, 37.54104166726271, 37.54104166726271, 37.54104166726271, 37.54104166726271, 37.54104166726271, 37.54104166726271, 37.54104166726271, 37.54104166726271, 37.54104166726271, 37.54104166726271, 37.54104166726271, 37.54104166726271, 37.54104166726271, 37.54104166726271, 37.54104166726271, 37.54104166726271, 37.54104166726271, 37.54104166726271, 37.54104166726271, 37.54104166726271, 37.54104166726271, 37.54104166726271, 37.54104166726271, 37.54104166726271, 37.54104166726271, 37.54104166726271, 37.54104166726271, 37.54104166726271, 37.54104166726271, 37.54104166726271, 37.54104166726271, 37.54104166726271, 37.54104166726271, 37.54104166726271, 37.54104166726271, 37.54104166726271, 37.54104166726271, 37.54104166726271, 37.54104166726271]",,original,Original,None,High,Strong,False,False,,,mpc_diagnostic,formal/step7b_33_perfect_global_raw.csv,0.0,full_day_optimization_objective,False,9,11378,0,6482,4752,48,1801.9700000286102,0.0013462604090330773,0.0013462604090330773,9,2,,,,,,,,,,,,,
33,Perfect-Global,96,test_id,id_actual,perfect_full_horizon,48,,1320.79308640732,1320.79308640732,0.0,,1800.680999994278,37.51418749988079,1800.680999994278,0,1,True,,100096,perfect_global_clean,48,48,True,,1.0,0.12500000000806671,"[23.134979741246667, 21.87712787438906, 17.528318757661065, 14.023285565893971, 9.184904414024473, 9.367490213118527, 6.16615, 9.243607310221007, 8.23925302730499, 7.13185312407141, 8.244223110126732, 6.749676308395302, 34.409072483022655, 6.16615, 6.16615, 6.16615, 6.16615, 6.16615, 5.432395591171077, 5.073856039434337, 3.840519055792289, 2.7522122370187154, 2.1338294353081917, 3.3670335620354908, 4.600333689262731, 5.833729815984842, 6.16615, 6.16615, 6.16615, 7.5829661247364815, 33.38899334464736, 47.18858878492554, 56.08812143373092, 60.480556705689345, 78.87092975225164, 79.20566884922262, 43.367298678805696, 63.66035272359545, 57.732297977329175, 57.64685165575058, 60.03631152589733, 59.546285955716, 56.955048573862314, 63.840153705531534, 65.16135964429624, 59.96634653331045, 51.29705186266034, 61.114851219877764]","[37.51418749988079, 37.51418749988079, 37.51418749988079, 37.51418749988079, 37.51418749988079, 37.51418749988079, 37.51418749988079, 37.51418749988079, 37.51418749988079, 37.51418749988079, 37.51418749988079, 37.51418749988079, 37.51418749988079, 37.51418749988079, 37.51418749988079, 37.51418749988079, 37.51418749988079, 37.51418749988079, 37.51418749988079, 37.51418749988079, 37.51418749988079, 37.51418749988079, 37.51418749988079, 37.51418749988079, 37.51418749988079, 37.51418749988079, 37.51418749988079, 37.51418749988079, 37.51418749988079, 37.51418749988079, 37.51418749988079, 37.51418749988079, 37.51418749988079, 37.51418749988079, 37.51418749988079, 37.51418749988079, 37.51418749988079, 37.51418749988079, 37.51418749988079, 37.51418749988079, 37.51418749988079, 37.51418749988079, 37.51418749988079, 37.51418749988079, 37.51418749988079, 37.51418749988079, 37.51418749988079, 37.51418749988079]",,original,Original,None,High,Strong,False,False,,,mpc_diagnostic,formal/step7b_33_perfect_global_raw.csv,0.0,full_day_optimization_objective,False,9,11378,0,6482,4752,48,1800.680999994278,0.0012081999269443898,0.0012081999269443898,9,3,,,,,,,,,,,,,
33,Perfect-Global,97,test_id,id_actual,perfect_full_horizon,48,,1258.228083921786,1258.228083921786,0.0,,1800.8740000724792,37.518208334843315,1800.8740000724792,0,1,True,,100097,perfect_global_clean,48,48,True,,1.0,0.12500000000808478,"[27.962512902451582, 18.811239945909698, 14.063282351017012, 12.914610502663017, 8.65543212616229, 9.428250879431769, 6.16615, 10.296650892643346, 6.462225403513746, 11.55225085226378, 10.31835515179597, 7.276830079742958, 36.335836250468496, 13.307202192307013, 6.16615, 6.16615, 6.16615, 6.16615, 5.091585791528173, 3.8582474271902383, 2.6250050630266135, 1.3918586994056314, 2.2201344761444726, 3.4533453216165957, 4.686652167588661, 5.920055013727359, 6.16615, 6.16615, 6.16615, 15.367252510430696, 12.586499692388358, 37.312765727981265, 45.90989022696918, 78.44133987044016, 87.74074776356461, 87.97762031916278, 43.07127574188506, 48.08796577334473, 45.83066474059524, 57.323022356126295, 54.25628814579815, 57.238267269909045, 59.030510216199424, 50.18121346483849, 57.22920322074919, 50.426766303805614, 51.83109959019855, 52.424927496800734]","[37.518208334843315, 37.518208334843315, 37.518208334843315, 37.518208334843315, 37.518208334843315, 37.518208334843315, 37.518208334843315, 37.518208334843315, 37.518208334843315, 37.518208334843315, 37.518208334843315, 37.518208334843315, 37.518208334843315, 37.518208334843315, 37.518208334843315, 37.518208334843315, 37.518208334843315, 37.518208334843315, 37.518208334843315, 37.518208334843315, 37.518208334843315, 37.518208334843315, 37.518208334843315, 37.518208334843315, 37.518208334843315, 37.518208334843315, 37.518208334843315, 37.518208334843315, 37.518208334843315, 37.518208334843315, 37.518208334843315, 37.518208334843315, 37.518208334843315, 37.518208334843315, 37.518208334843315, 37.518208334843315, 37.518208334843315, 37.518208334843315, 37.518208334843315, 37.518208334843315, 37.518208334843315, 37.518208334843315, 37.518208334843315, 37.518208334843315, 37.518208334843315, 37.518208334843315, 37.518208334843315, 37.518208334843315]",,original,Original,None,High,Strong,False,False,,,mpc_diagnostic,formal/step7b_33_perfect_global_raw.csv,0.0,full_day_optimization_objective,False,9,11378,0,6482,4752,48,1800.8740000724792,0.00142039746473989,0.00142039746473989,9,2,,,,,,,,,,,,,
33,Perfect-Global,98,test_id,id_actual,perfect_full_horizon,48,,1287.9623570504841,1287.9623570504841,0.0,,1800.6480000019073,37.513500000039734,1800.6480000019073,0,1,True,,100098,perfect_global_clean,48,48,True,,1.0,0.12500000000808184,"[26.833931784323926, 20.64990719626239, 18.145559599469003, 12.431337332523931, 7.141375778904578, 6.16615, 6.16615, 10.257697733277054, 13.051495658145186, 12.535263400043135, 9.256156852740103, 11.404335567371167, 35.4896205024207, 6.953340155598362, 6.16615, 6.16615, 6.16615, 5.442371495739732, 4.219871608895901, 3.7687683136060777, 2.535532918443184, 1.3023935210085014, 0.9260087248815042, 2.159118820361234, 3.3923249155075155, 4.625627009928669, 5.8590251021689355, 6.16615, 6.16615, 6.16615, 25.111515304060134, 36.93887279968835, 66.43656714170108, 72.15379900615201, 76.18025905967731, 88.97095903443217, 48.604870031711926, 52.061952966475815, 54.25073442183735, 58.1201634326723, 51.410255134266194, 57.3099951657389, 56.17362856114912, 53.00088104874088, 48.399192482662414, 60.75557014869517, 58.33872382890298, 56.03415349029924]","[37.513500000039734, 37.513500000039734, 37.513500000039734, 37.513500000039734, 37.513500000039734, 37.513500000039734, 37.513500000039734, 37.513500000039734, 37.513500000039734, 37.513500000039734, 37.513500000039734, 37.513500000039734, 37.513500000039734, 37.513500000039734, 37.513500000039734, 37.513500000039734, 37.513500000039734, 37.513500000039734, 37.513500000039734, 37.513500000039734, 37.513500000039734, 37.513500000039734, 37.513500000039734, 37.513500000039734, 37.513500000039734, 37.513500000039734, 37.513500000039734, 37.513500000039734, 37.513500000039734, 37.513500000039734, 37.513500000039734, 37.513500000039734, 37.513500000039734, 37.513500000039734, 37.513500000039734, 37.513500000039734, 37.513500000039734, 37.513500000039734, 37.513500000039734, 37.513500000039734, 37.513500000039734, 37.513500000039734, 37.513500000039734, 37.513500000039734, 37.513500000039734, 37.513500000039734, 37.513500000039734, 37.513500000039734]",,original,Original,None,High,Strong,False,False,,,mpc_diagnostic,formal/step7b_33_perfect_global_raw.csv,0.0,full_day_optimization_objective,False,9,11378,0,6482,4752,48,1800.6480000019073,0.0012460232001609561,0.0012460232001609561,9,2,,,,,,,,,,,,,
33,Perfect-Global,99,test_id,id_actual,perfect_full_horizon,48,,1329.4121074740826,1329.4121074740826,0.0,,1800.691999912262,37.51441666483879,1800.691999912262,0,1,True,,100099,perfect_global_clean,48,48,True,,1.0,0.12500000000808065,"[23.66726089973221, 22.01502479217417, 18.211736880493167, 11.02345585554693, 13.11753998230568, 9.273536927971854, 11.251599594620604, 11.707675062412164, 13.318569027641795, 13.922983114775157, 12.952005903122583, 13.25039989489833, 33.47803887844862, 14.970721622458466, 6.16615, 6.16615, 6.16615, 6.16615, 5.436538476298901, 5.219231998480398, 3.985883700598689, 2.7526314016836535, 2.3879985964679347, 3.434675474204701, 4.667980866367563, 5.901382257607115, 6.16615, 6.16615, 6.16615, 6.16615, 16.58213839519091, 42.689478669565496, 38.81793804745473, 74.01801669347823, 93.51729679203363, 103.18864497713572, 44.14764424648291, 60.99961161154716, 52.17636206113439, 48.44076170488957, 53.97384791182653, 55.425177107478845, 56.24906065323717, 51.3736272870853, 57.985563297075196, 61.51550105597715, 59.97143592367137, 53.0639298305074]","[37.51441666483879, 37.51441666483879, 37.51441666483879, 37.51441666483879, 37.51441666483879, 37.51441666483879, 37.51441666483879, 37.51441666483879, 37.51441666483879, 37.51441666483879, 37.51441666483879, 37.51441666483879, 37.51441666483879, 37.51441666483879, 37.51441666483879, 37.51441666483879, 37.51441666483879, 37.51441666483879, 37.51441666483879, 37.51441666483879, 37.51441666483879, 37.51441666483879, 37.51441666483879, 37.51441666483879, 37.51441666483879, 37.51441666483879, 37.51441666483879, 37.51441666483879, 37.51441666483879, 37.51441666483879, 37.51441666483879, 37.51441666483879, 37.51441666483879, 37.51441666483879, 37.51441666483879, 37.51441666483879, 37.51441666483879, 37.51441666483879, 37.51441666483879, 37.51441666483879, 37.51441666483879, 37.51441666483879, 37.51441666483879, 37.51441666483879, 37.51441666483879, 37.51441666483879, 37.51441666483879, 37.51441666483879]",,original,Original,None,High,Strong,False,False,,,mpc_diagnostic,formal/step7b_33_perfect_global_raw.csv,0.0,full_day_optimization_objective,False,9,11378,0,6482,4752,48,1800.691999912262,0.0013572007060599436,0.0013572007060599436,9,3,,,,,,,,,,,,,
33,MPC-3,80,test_id,id_actual,id_reliable,3,,1630.2271275274195,1342.3820410520914,21.442858863765018,,56.011001110076904,1.1668958564599354,12.42900013923645,0,0,True,,100080,pure_mpc_clean,4,48,True,,1.0,0.1250000059371075,"[19.116808234294094, 24.869169837884304, 12.727377981477883, 17.738820966716602, 5.61507363992843, 12.009947119604025, 5.5440310695350465, 14.498234975266403, 24.023667492431613, 5.94610638456568, 21.87052928118492, 14.380841194680944, 70.46133336266615, 42.735227739144484, 16.729198919000225, 5.837305127714327, 5.8076482228598305, 4.574254125086778, 3.3409653360689493, 2.1079830736335614, 0.8748769580218352, 0.0, 0.0, 0.0, 1.233037951558029, 15.451344610353367, 25.740683984754106, 16.5880984507538, 24.156226942448583, 28.074758830517112, 44.94363863493614, 55.28385599226579, 72.48773289814558, 91.90656702220203, 67.28997396576044, 84.06051830978164, 54.9482296529363, 53.221072952263995, 57.62972537929981, 65.23800447752532, 69.50527671047608, 72.96463285416012, 64.38858058082556, 68.61881997623244, 73.49270744689703, 65.1487646264758, 64.83786786703129, 62.20760636805318]","[0.5929999351501465, 0.5950000286102295, 2.008000135421753, 6.71399998664856, 0.08500003814697266, 7.271000146865845, 0.19999980926513672, 1.878999948501587, 0.29600000381469727, 0.04900002479553223, 0.2259998321533203, 0.22900009155273438, 0.25999999046325684, 0.25, 1.2400000095367432, 0.08599996566772461, 0.08800005912780762, 0.43899989128112793, 0.054000139236450195, 0.05200004577636719, 0.5260000228881836, 0.4549999237060547, 0.04200005531311035, 0.042999982833862305, 0.6690001487731934, 11.01800012588501, 12.42900013923645, 3.0220000743865967, 0.9980001449584961, 0.382000207901001, 0.6529998779296875, 0.10699987411499023, 0.11299991607666016, 0.4100000858306885, 0.45399999618530273, 0.3400001525878906, 0.2630000114440918, 0.26200008392333984, 0.25299978256225586, 0.2219998836517334, 0.1230001449584961, 0.08500003814697266, 0.18400001525878906, 0.09300017356872559, 0.08800005912780762, 0.08500003814697266, 0.05900001525878906, 0.01900005340576172]",,flat_price,Flat price,Remove price variation,Removed,Strong,True,False,,,mpc_diagnostic,,21.442858863765018,,,,698.125,0.0,398.5,290.8125,2.9375,1.1668958564599354,0.000789136272126209,0.0009993311655088937,2.0,1.0,"[0.2, 0.4, 0.599999730955394, 0.7999997309463213, 0.9106446137589678, 1.0, 0.8991250470019823, 1.0, 1.0, 0.9643209574570583, 1.0, 1.0, 1.0, 1.0, 0.9999992421580408, 0.946679159765527, 0.9418703605266197, 0.7418703605266197, 0.5418718701563758, 0.3419075244287866, 0.14190752442878657, 0.0, 0.0, 0.0, 0.1999999921429696, 0.4, 0.6, 0.8, 1.0, 1.0, 1.0, 1.0, 1.0, 1.0, 1.0, 1.0, 1.0, 1.0, 1.0, 1.0, 1.0, 1.0, 1.0, 1.0, 1.0, 1.0, 1.0, 1.0]","[1.0, 0.75, 0.5, 0.3542543503439708, 0.2797807502464238, 0.22863268603930745, 0.1870729940662353, 0.16371616054386806, 0.1432208147637852, 0.13837788139189233, 0.1383778813789206, 0.13837788145544355, 0.1250000006499532, 0.12500000031741634, 0.12500000028584557, 0.12633123202134205, 0.12500002230987006, 0.202913068371949, 0.12500341985856697, 0.1601614145362093, 0.3495759990954236, 0.23635546016450423, 0.3168085458013964, 0.4245818693985854, 0.30836647134990053, 0.3066053250096585, 0.3066053108123336, 0.30660530987207935, 0.3066053088100991, 0.30660530795087504, 0.3066053071481704, 0.3066053063701525, 0.30660530331424346, 0.2988861841877092, 0.23972435689841404, 0.13737727117823575, 0.13737727059851237, 0.13737726968356817, 0.13737726331418584, 0.13737724450939098, 0.1250000282666626, 0.1250000231219363, 0.12500001834407937, 0.12500001494657448, 0.12500001121410026, 0.1250000086794821, 0.1250000059371075, 0.1250000059371075]","[0.49, 0.49, 0.49, 0.2856614733258172, 0.14596826011049852, 0.10025020584594804, 0.08145700018050837, 0.045779394095544504, 0.040170878119039015, 0.009492153306468363, 0.0, 0.0, 0.02622064675939313, 0.0, 0.0, -0.0027157156023190437, 0.0026091748991622764, -0.158942613966641, 0.15267995981899235, -0.07958404903357513, -0.3864057525007971, 0.22191225630460193, -0.17090453924420784, -0.22545265652836727, 0.22778218000372327, 0.003451846826874435, 0.0, 0.0, 0.0, 0.0, 0.0, 0.0, 0.0, 0.015129473872481838, 0.1159571818763448, 0.20060028839753016, 0.0, 0.0, 0.0, 0.0, 0.02425934421761883, 0.0, 0.0, 0.0, 0.0, 0.0, 0.0, 0.0]","[0.2890306300491975, 0.3620686519254029, 0.14590670934160568, 0.20696718587370763, 0.0, 0.09444520597339837, 0.0, 0.1346599591962247, 0.2886063433120261, 0.0, 0.2538081499989482, 0.1327626859746415, 1.0391140745481398, 0.5910153978043553, 0.17071619316636266, 0.0, 0.0, -0.025652052562186882, -0.5171232020991087, -0.09705103990013862, -0.0016826381988866435, -0.35118909296320094, -0.44126127349389915, -0.4264198205510568, 0.0, 0.209861376303824, 0.3562227391475411, 0.18836962344652608, 0.29074871826179527, 0.3540785265538119, 0.626706887029271, 0.7938215109861138, 1.0718639660306357, 1.3857037094497298, 0.9878597812648152, 1.2588988817742488, 0.7883972469161422, 0.7604836032689131, 0.8317345515846434, 0.9546966380206112, 1.0236626539066842, 1.0795714400672343, 0.9409685750436454, 1.0093360804239588, 1.08810597893975, 0.953254377801629, 0.9482297837095968, 0.9057205069584352]","[0.031067834083263506, 0.025967243022638396, 0.02665544530359255, 0.026711918970265314, 0.0318069827777738, 0.030924351039481435, 0.03180046343016761, 0.03039687598989002, 0.03141621809325177, 0.03438187982421253, 0.030041254374357104, 0.032977551758738566, 0.04962481337490885, 0.042164468199893085, 0.041742413571011314, 0.04678485173322878, 0.04825057425463872, 0.0654179872449636, 0.09728816643933567, 0.0786942696252764, 0.09156328983649784, 0.15479342110425776, 0.16047605959441755, 0.1632370841126872, 0.144425152701238, 0.11248134013954024, 0.09092101534711453, 0.0836122757595687, 0.07059866708044882, 0.06192580779077365, 0.0566355920089137, 0.055171804550184105, 0.05671675359493132, 0.06211398497296577, 0.06078053653530623, 0.06353298414696597, 0.04596109889883392, 0.046543385832382586, 0.0484810418493629, 0.0491680463114485, 0.04978196380482566, 0.04997761883204419, 0.05058544671565268, 0.049288046583532565, 0.052264315292118606, 0.04935907329600156, 0.0511887423943839, 0.048860720942545045]","[2.7132089191123425, 2.6088374394562495, 2.5628593867992686, 2.564212480438701, 2.584745443009836, 2.6104840409062655, 2.571779950943961, 2.568325409757719, 2.611434030929823, 2.5966378724417516, 2.5676425932718017, 2.6227183115077537, 3.3413843606459896, 3.317244808256567, 3.379348272315224, 3.3373979030086294, 3.3437969275082597, 3.3671512929798793, 3.3760173159499924, 3.3064905868741383, 3.339738337990356, 3.3533014057877955, 3.340860478391098, 3.350634203687415, 4.104128738089579, 4.101242564656378, 4.090079642291502, 4.127868819061592, 4.130195864594892, 4.058102032715038, 4.1031662446956165, 4.08043217259036, 4.106604983217476, 4.102001025499306, 4.090534978435265, 4.138713804272314, 3.3976452430891904, 3.3771898471780073, 3.319674877517964, 3.3454392241131448, 3.342387902819633, 3.3826620038194175, 3.3357258168705, 3.332130252121777, 3.2903453459754184, 3.322519195856787, 3.333833065763846, 3.3614080882715576]","[0.0, 0.0, 0.0, 0.0, 0.0, 0.0, 0.0, 0.0, 0.0, 0.0, 0.0, 0.0, 0.0, 0.2714931373609537, 0.5903959433733065, 0.9436496727515377, 1.00563220640961, 1.3719636461126852, 1.5547793214703711, 1.711720382074807, 2.114008177240559, 2.297236608317033, 2.4879912570617635, 2.5583176156757474, 2.3852881857272754, 2.176627516886669, 1.9120041113743236, 1.7046525488479725, 1.4565625283379555, 1.2139612921355032, 0.9952610536154478, 0.8516663316842352, 0.6115842181940371, 0.3875042958821095, 0.3359269714713186, 0.23155402805374803, 0.15489519551388106, 0.11253658656737825, 0.0, 0.0, 0.0, 0.0, 0.0, 0.0, 0.0, 0.0, 0.0, 0.0]","[1.7652460862453716, 1.382735918770104, 1.3536080321561026, 1.2982955900012332, 1.5599395561397391, 1.4467116529208324, 1.6229983714069798, 1.4182828590954828, 1.3140729513778264, 1.6572066457014154, 1.3438756728140802, 1.5229331475603671, 1.3256744018504498, 1.496900686343137, 1.6599785495405905, 1.4965696351676938, 1.4419357645883517, 1.5033299401143632, 1.7410973600623083, 1.5081920779607163, 1.5634743168571927, 1.3401350552336064, 1.6255110630246756, 1.607426118987472, 1.435483533051794, 1.4237829193881661, 1.3127734310230537, 1.5184589206998682, 1.4534832830223756, 1.5519880201710197, 1.53783389451238, 1.4901161329780854, 1.4798735466302906, 1.3757775316860856, 1.7115715807785865, 1.511193590612758, 1.5003138531463762, 1.5507129831405893, 1.5364212977001213, 1.4399105955802927, 1.344247868915517, 1.3530681726081522, 1.4453426792120885, 1.3720822117315459, 1.2545036750463276, 1.4186238864792746, 1.4367920191081718, 1.5045482906853482]",nan,"[2, 2, 2, 2, 2, 2, 2, 2, 2, 2, 2, 2, 2, 2, 2, 2, 2, 2, 2, 2, 2, 2, 2, 2, 2, 2, 2, 2, 2, 2, 2, 2, 2, 2, 2, 2, 2, 2, 2, 2, 2, 2, 2, 2, 2, 2, 2, 2]","[2, 3, 1, 1, 1, 3, 1, 1, 1, 1, 1, 1, 1, 1, 1, 1, 1, 1, 1, 1, 1, 2, 1, 1, 1, 3, 2, 1, 2, 2, 1, 1, 1, 1, 1, 1, 1, 1, 1, 1, 1, 1, 1, 1, 1, 1, 1, 1]",48,0
33,Perfect-Global,80,test_id,id_actual,perfect_full_horizon,48,,1342.3820410520914,1342.3820410520914,0.0,,1801.319000005722,37.527479166785874,1801.319000005722,0,1,True,,100080,perfect_global_clean,48,48,True,,1.0,0.12500000000813966,"[36.021106107892415, 38.007219936126496, 28.113580874642043, 22.335886028051274, 6.16615, 10.883252120101195, 6.16615, 9.55983478107428, 15.051850732509074, 6.16615, 13.252744693334197, 8.982689005213633, 42.315872966906305, 35.27396226405888, 16.729214340780047, 6.16615, 6.16615, 6.16615, 4.932728, 4.044063789965872, 2.810806962325494, 1.9410214126674392, 3.0616809452301226, 4.294957301675755, 5.528329659621365, 6.16615, 6.16615, 6.16615, 24.156226852069743, 28.074758719162077, 44.94363868760746, 55.283856024701855, 72.27917463539234, 76.7961346607914, 63.57915522690423, 72.03058813934628, 45.16590622092179, 43.18944898924853, 41.290058782822335, 44.97988602925116, 47.47519615023623, 50.54819722849657, 44.876717966368474, 47.04183481056738, 48.16342781801766, 45.168786314582555, 44.990099800408274, 43.712796073018964]","[37.527479166785874, 37.527479166785874, 37.527479166785874, 37.527479166785874, 37.527479166785874, 37.527479166785874, 37.527479166785874, 37.527479166785874, 37.527479166785874, 37.527479166785874, 37.527479166785874, 37.527479166785874, 37.527479166785874, 37.527479166785874, 37.527479166785874, 37.527479166785874, 37.527479166785874, 37.527479166785874, 37.527479166785874, 37.527479166785874, 37.527479166785874, 37.527479166785874, 37.527479166785874, 37.527479166785874, 37.527479166785874, 37.527479166785874, 37.527479166785874, 37.527479166785874, 37.527479166785874, 37.527479166785874, 37.527479166785874, 37.527479166785874, 37.527479166785874, 37.527479166785874, 37.527479166785874, 37.527479166785874, 37.527479166785874, 37.527479166785874, 37.527479166785874, 37.527479166785874, 37.527479166785874, 37.527479166785874, 37.527479166785874, 37.527479166785874, 37.527479166785874, 37.527479166785874, 37.527479166785874, 37.527479166785874]",,flat_price,Flat price,Remove price variation,Removed,Strong,True,False,,,mpc_diagnostic,,0.0,full_day_optimization_objective,False,9,11378,0,6482,4752,48,1801.319000005722,0.0018943668990202944,0.0018943668990202944,9,2,,,,,,,,,,,,,
33,MPC-3,81,test_id,id_actual,id_reliable,3,,1541.271060448076,1266.2176166197492,21.72244645929031,,110.52300071716309,2.3025625149408975,19.375,0,0,True,,100081,pure_mpc_clean,4,48,True,,1.0,0.1250000172335538,"[43.976679404350904, 11.98755696450535, 3.699401709321538, 12.656828037132314, 5.451119857550188, 21.597460963091407, 5.7346959716907975, 11.84217985565869, 12.50739377990542, 12.259100335204744, 18.705393583355608, 13.435555447579105, 55.505529677448024, 46.229599146605295, 10.145986701675035, 5.704481877625337, 5.415104064168576, 4.1817405188681755, 2.9486464416334486, 1.7154748828294237, 0.4823993250243754, 0.0, 0.0, 0.06370704264974625, 12.427352510814949, 25.405457564867792, 3.761490842637372, 13.415595080055887, 14.960634427661121, 25.712142762737294, 43.04675326488053, 60.84081004795259, 67.30644129988583, 71.74500450932373, 81.76382131909622, 81.59725689622384, 55.97073602629804, 66.38311887445713, 58.36688961637899, 77.39149592976183, 71.83572845632001, 60.74801196633439, 49.99457359779038, 56.369256256816044, 57.43014593450342, 55.447064034358924, 60.60165531131563, 62.50358832973077]","[0.3529999256134033, 16.783999919891357, 0.09200000762939453, 16.31000018119812, 0.4089999198913574, 1.6749999523162842, 0.10000014305114746, 8.343000173568726, 11.549000024795532, 2.254999876022339, 0.372999906539917, 0.32400012016296387, 0.3250000476837158, 0.29600000381469727, 1.9870002269744873, 0.36300015449523926, 0.13900017738342285, 0.5239999294281006, 0.05299997329711914, 0.5329999923706055, 0.6440000534057617, 0.5379998683929443, 5.745000123977661, 4.438999891281128, 19.375, 4.680000066757202, 0.39800000190734863, 2.9240000247955322, 2.6549999713897705, 1.3219997882843018, 0.6979999542236328, 0.13100004196166992, 0.14400005340576172, 0.4460000991821289, 0.40000009536743164, 0.41899991035461426, 0.3469998836517334, 0.11699986457824707, 0.33699989318847656, 0.11800003051757812, 0.11800003051757812, 0.29000020027160645, 0.3540000915527344, 0.30700016021728516, 0.3269999027252197, 0.33099985122680664, 0.09300017356872559, 0.03900003433227539]",,flat_price,Flat price,Remove price variation,Removed,Strong,True,False,,,mpc_diagnostic,,21.72244645929031,,,,698.125,0.0,398.5,290.8125,2.9375,2.3025625149408975,0.0007828926356430787,0.0009988821420901968,2.0,1.0,"[0.2, 0.4, 0.5999999528608372, 0.8, 0.8840593977773753, 1.0, 0.9300412816889063, 1.0, 1.0, 1.0, 1.0, 1.0, 1.0, 1.0, 0.9999992654386057, 0.9251421036879321, 0.8782193758330675, 0.6782193758330675, 0.4782475083850342, 0.2782475083850342, 0.07824750854707058, 0.0, 0.0, 0.010333727687431812, 0.2103337276736289, 0.4103337276645158, 0.6100688929792383, 0.8100688929609762, 1.0, 1.0, 1.0, 1.0, 1.0, 1.0, 1.0, 1.0, 1.0, 1.0, 1.0, 1.0, 1.0, 1.0, 1.0, 1.0, 1.0, 1.0, 1.0, 1.0]","[1.0, 0.75, 0.5135405436304276, 0.36467065622478023, 0.28516872564062445, 0.22117694222724998, 0.1843005467041392, 0.165471130123146, 0.14766944978004273, 0.14766942941313466, 0.14766942936834018, 0.14766942937306576, 0.1250000006521439, 0.12500000030603178, 0.125, 0.12500000002735068, 0.12500000093620897, 0.15596788217103938, 0.14739527222577778, 0.19971498918009256, 0.13358794541250588, 0.14788623927025313, 0.2594848876753449, 0.4300005614633769, 0.34059037321236557, 0.3405903513053564, 0.3207139516576403, 0.3207139508763993, 0.32071395013934556, 0.3207139495597239, 0.3207139487777185, 0.3207139478750859, 0.3207139453576727, 0.32071391523803927, 0.2581283727946754, 0.15358736309076135, 0.15358736200268439, 0.15358735938128582, 0.13829561013926284, 0.13720800426047605, 0.1329079462748024, 0.12667890651311794, 0.12667890174467297, 0.12667889713370908, 0.12500003729781783, 0.12500002805629723, 0.1250000172335538, 0.1250000172335538]","[0.49, 0.49, 0.463460534484362, 0.29178497931506875, 0.15582378786576842, 0.12542389588220212, 0.07227773913301319, 0.0369056572824213, 0.03489129386498532, 0.0, 0.0, 0.0, 0.0444320806766889, 0.0, 0.0, 0.0, 0.0, -0.06317447771905405, 0.008121811054705191, -0.10673222258680215, 0.1237154902816914, -0.029168519469804366, -0.2325938751873164, -0.3478519790423874, 0.1752439689719822, 4.336099118195834e-08, 0.03895531600104018, 0.0, 0.0, 0.0, 0.0, 0.0, 0.0, 5.9426398182590955e-08, 0.12266766357537229, 0.2049003794066483, 0.0, 0.0, 0.029971828898550594, 0.0021317079012875997, 0.008428114033565151, 0.012208918316450459, 0.0, 0.0, 0.003290565662747532, 1.834737933225417e-08, 2.1550245476605038e-08, 0.0]","[0.6908063257268833, 0.15388096912331878, 0.0, 0.12483394469316303, 0.0, 0.24939492465602275, 0.0, 0.09173381584902934, 0.1024847479580674, 0.0984719246093696, 0.20265444175120176, 0.11748534056693505, 0.79740411599916, 0.6474900872178633, 0.0643206790158989, 0.0, 0.0, -0.0010843979677407293, -0.049386238270828886, -0.0719490733346655, -0.0038851898050531134, -0.08923932461027786, -0.12457492513107533, 0.0, 0.17988852538280425, 0.3697061592239315, -2.001597809751587e-06, 0.13609330754686877, 0.14213308165916963, 0.3158948325290876, 0.5960501537758469, 0.88363086946186, 0.9881259199981548, 1.0598602748981614, 1.2217805465712521, 1.2190885963026075, 0.8049226024452208, 0.9732035373649636, 0.8436483170323877, 1.1511167018951407, 1.061326520506182, 0.8821311024862123, 0.7083381591562081, 0.8113633334434915, 0.8285090252040956, 0.7964592167169119, 0.8797657424051011, 0.9105040538138306]","[0.025176412675575487, 0.028426318700455817, 0.029417775989006117, 0.027440333899597, 0.032135948764116566, 0.02985254400806236, 0.033331970982344944, 0.03144532331250084, 0.03253968253968254, 0.0335581864712879, 0.03328589537803431, 0.033521149735974504, 0.048738455644428226, 0.04293429645630554, 0.04457537603105678, 0.04830040403332708, 0.04741152527423534, 0.07048243955658973, 0.07010457369188192, 0.1136399964100693, 0.11011075122327145, 0.10435541103433427, 0.1375996389379467, 0.1009618565718513, 0.12004457181809292, 0.09340930968771453, 0.11158337248659445, 0.07777972543857391, 0.07378219260315354, 0.06711941301987055, 0.05783465113340612, 0.05528172659832051, 0.05479358204753939, 0.0573457712804617, 0.06067635756043284, 0.061354613491443326, 0.04561834749246535, 0.04703693243232061, 0.0475727504803318, 0.051125457282536396, 0.049256553104743604, 0.05001526781052605, 0.05119160819572178, 0.05041776367663624, 0.0495863189593929, 0.05079356785194153, 0.04830462801260726, 0.05179982407081331]","[2.685283393583955, 2.595427948046338, 2.5998746895187845, 2.58831741550506, 2.597409261724422, 2.637581923879786, 2.59364918093377, 2.5831731382207015, 2.617016450528968, 2.5944647207977733, 2.650015712561016, 2.5992595972605113, 3.3980804786072563, 3.3751603029209583, 3.356584181126108, 3.3842866226336055, 3.3447385442431106, 3.305814420007008, 3.3412319986046493, 3.354550245922482, 3.372780544253877, 3.303649038485524, 3.312120714277433, 3.301280125276448, 4.092527987105706, 4.103397650432869, 4.09633948615209, 4.082269028084282, 4.102060187714434, 4.111667701899945, 4.074119847636103, 4.1026730188380505, 4.0692538890573395, 4.095942858967989, 4.091854493485501, 4.1036176582754536, 3.379257923921622, 3.3505620095735598, 3.3158183195650084, 3.355504301563778, 3.328690919981976, 3.37374376554219, 3.373226499205291, 3.3585399079124976, 3.349109661914482, 3.3817570358115945, 3.3005727235741427, 3.3845052556417423]","[0.0, 0.0, 0.0, 0.0, 0.0, 0.0, 0.0, 0.0, 0.0, 0.0, 0.0, 0.0, 0.0, 0.25228914067079333, 0.7173702150289141, 0.9571362345173189, 1.0164010012496143, 1.2095994193355355, 1.4983678035252288, 1.8626544721766578, 2.040533526107394, 2.027084579666436, 2.227288990495797, 2.334098286279889, 2.172818114868093, 1.9669721265690383, 2.0938242864016914, 1.5595027702599875, 1.4874741539190852, 1.3690737127398762, 1.084934243739314, 0.8807577426689912, 0.6874324869290043, 0.5128116518671046, 0.30998531655838085, 0.23737332865120003, 0.1442417522665954, 0.08304051114285976, 0.0, 0.0, 0.0, 0.0, 0.0, 0.0, 0.0, 0.0, 0.0, 0.0]","[1.3296534089142569, 1.5799715923219018, 1.5658319824393456, 1.3991383781934825, 1.5896619861040748, 1.292615617608818, 1.6246621353037052, 1.4859787090073566, 1.5121795017983446, 1.5295508468351897, 1.4806471301601467, 1.5152953717493851, 1.6049826864075134, 1.5183153145104407, 1.6194686625698704, 1.550308688655376, 1.4975296947049825, 1.5527369400817896, 1.4759857251624626, 1.5059695576923264, 1.2442799603375134, 1.4993277139335033, 1.5796001630370424, 1.4056619427330004, 1.4742881001983255, 1.4497949037240458, 1.4650763647109153, 1.654383781233423, 1.5462351433222299, 1.4938185685408416, 1.4509700997602146, 1.3935661315688423, 1.4484890592746007, 1.5806166444789462, 1.4980973247591542, 1.5036099678160502, 1.475711858920962, 1.3413548884041677, 1.4897709245402748, 1.2533813494738835, 1.3081928389729067, 1.529418957034422, 1.7160798818612424, 1.5975942756810915, 1.566896390425081, 1.6360913689444743, 1.469111588029583, 1.5258009921703073]",nan,"[2, 2, 2, 2, 2, 2, 2, 2, 2, 2, 2, 2, 2, 2, 2, 2, 2, 2, 2, 2, 2, 2, 2, 2, 2, 2, 2, 2, 2, 2, 2, 2, 2, 2, 2, 2, 2, 2, 2, 2, 2, 2, 2, 2, 2, 2, 2, 2]","[2, 5, 1, 3, 1, 1, 1, 3, 2, 1, 1, 1, 1, 1, 1, 1, 1, 1, 1, 1, 1, 1, 5, 1, 6, 1, 1, 1, 1, 1, 1, 1, 1, 1, 1, 2, 1, 1, 1, 1, 1, 1, 1, 1, 1, 1, 1, 1]",48,0
33,Perfect-Global,81,test_id,id_actual,perfect_full_horizon,48,,1266.2176166197492,1266.2176166197492,0.0,,1801.733999967575,37.53612499932448,1801.733999967575,0,1,True,,100081,perfect_global_clean,48,48,True,,1.0,0.12500000000815398,"[50.522865579643934, 28.680551138520666, 21.47925589436316, 18.89440005489807, 6.16615, 17.270039019952733, 6.16615, 7.283312869088524, 9.57001804996376, 7.093129890220678, 12.0366631574867, 8.235063718159731, 34.995383398342106, 36.26700116543691, 10.145991984619716, 6.16615, 6.16615, 6.16615, 5.7328222999952505, 4.499434027010413, 4.138088170572237, 2.9048240241299323, 2.6077214813275447, 3.840962499535902, 5.074299518244201, 6.16615, 6.16615, 6.16615, 14.960634492085903, 25.712142816260688, 43.0467533206268, 60.840810041446574, 67.30644119369944, 67.03120946137909, 69.07508270253867, 70.28541594213718, 44.703546757483416, 47.76167876427871, 40.62777857225051, 50.74594377403998, 48.54415942479013, 42.01882371968081, 34.40568951016403, 38.8516520912947, 39.969759783100585, 37.35334639347862, 41.03976234224942, 41.33595757525181]","[37.53612499932448, 37.53612499932448, 37.53612499932448, 37.53612499932448, 37.53612499932448, 37.53612499932448, 37.53612499932448, 37.53612499932448, 37.53612499932448, 37.53612499932448, 37.53612499932448, 37.53612499932448, 37.53612499932448, 37.53612499932448, 37.53612499932448, 37.53612499932448, 37.53612499932448, 37.53612499932448, 37.53612499932448, 37.53612499932448, 37.53612499932448, 37.53612499932448, 37.53612499932448, 37.53612499932448, 37.53612499932448, 37.53612499932448, 37.53612499932448, 37.53612499932448, 37.53612499932448, 37.53612499932448, 37.53612499932448, 37.53612499932448, 37.53612499932448, 37.53612499932448, 37.53612499932448, 37.53612499932448, 37.53612499932448, 37.53612499932448, 37.53612499932448, 37.53612499932448, 37.53612499932448, 37.53612499932448, 37.53612499932448, 37.53612499932448, 37.53612499932448, 37.53612499932448, 37.53612499932448, 37.53612499932448]",,flat_price,Flat price,Remove price variation,Removed,Strong,True,False,,,mpc_diagnostic,,0.0,full_day_optimization_objective,False,9,11378,0,6482,4752,48,1801.733999967575,0.0020265289367420087,0.0020265289367420087,9,3,,,,,,,,,,,,,
33,MPC-3,82,test_id,id_actual,id_reliable,3,,1490.4836418004504,1250.5495459876645,19.186292664901153,,82.2160005569458,1.7128333449363708,10.852999925613403,0,0,True,,100082,pure_mpc_clean,4,48,True,,1.0,0.1250000060995143,"[39.771458368754566, 6.555815492803531, 4.738941208612701, 4.805004325168841, 5.1952245308844756, 11.341876080862127, 6.1661496882692735, 21.204424094069832, 16.69292783347347, 14.22130790460526, 16.42342047889791, 6.16615, 59.138474587421776, 40.55945146304427, 32.87232392878293, 8.196593088853959, 5.546251486547305, 5.727732452857288, 4.494344575022145, 3.2610526971870035, 2.027856819351861, 0.7947569415167182, 0.0, 0.0, 1.2330376045494065, 2.466171470104546, 12.915556390438983, 12.104643241331189, 23.770788115633316, 24.994161770394527, 31.26581255291032, 54.3757180025526, 62.877802549910975, 72.29571623899791, 86.17121547402529, 75.41448807628535, 47.21550615966563, 64.79088297799815, 61.65863587477685, 58.93395392870459, 61.929102991772154, 58.86275727771142, 52.443547336894206, 54.72755387370683, 64.37651896017694, 59.09006519767774, 69.44807254130703, 61.220395145937196]","[0.34800004959106445, 9.63100004196167, 9.074999809265137, 0.34200000762939453, 0.3970000743865967, 10.852999925613403, 0.0690000057220459, 0.3509998321533203, 1.996000051498413, 1.6380000114440918, 0.2780001163482666, 0.372999906539917, 0.125, 0.1230001449584961, 0.38499999046325684, 3.267000198364258, 0.13899993896484375, 6.443000078201294, 0.5369999408721924, 0.5369999408721924, 0.5410001277923584, 0.48799991607666016, 0.03900003433227539, 3.202000141143799, 2.368000030517578, 1.4809999465942383, 9.550999879837036, 8.545000076293945, 1.6560001373291016, 0.9219999313354492, 0.8320000171661377, 0.7159998416900635, 0.38900017738342285, 0.7789998054504395, 0.4660000801086426, 0.3959999084472656, 0.35899996757507324, 0.22699999809265137, 0.3510000705718994, 0.34999990463256836, 0.3210000991821289, 0.13199996948242188, 0.24600005149841309, 0.2349998950958252, 0.31400012969970703, 0.2840001583099365, 0.08800005912780762, 0.031000137329101562]",,flat_price,Flat price,Remove price variation,Removed,Strong,True,False,,,mpc_diagnostic,,19.186292664901153,,,,698.125,0.0,398.5,290.8125,2.9375,1.7128333449363708,0.0007650106706904855,0.00099863350130818,2.0,1.0,"[0.2, 0.4, 0.6, 0.779288652171511, 0.8425652489389228, 1.0, 0.9999999494546722, 1.0, 1.0, 1.0, 1.0, 1.0, 1.0, 1.0, 1.0, 1.0, 0.89948508883888, 0.9289121565468967, 0.7289121565468968, 0.5289121565468968, 0.3289121565468968, 0.1289121565468968, 0.0, 0.0, 0.19999993586001405, 0.3999999140604624, 0.5999999140520347, 0.7999999140430739, 1.0, 1.0, 1.0, 1.0, 1.0, 1.0, 1.0, 1.0, 1.0, 1.0, 1.0, 1.0, 1.0, 1.0, 1.0, 1.0, 1.0, 1.0, 1.0, 1.0]","[1.0, 0.75, 0.5, 0.377321118503111, 0.29633028767536973, 0.23335179962331004, 0.17653728925387377, 0.15238537596019952, 0.14349923248397847, 0.13608165744437836, 0.13608165746256168, 0.14322334465557465, 0.1250000008813574, 0.1250000005144374, 0.1250000003788929, 0.12500000000924202, 0.12710504923618346, 0.12500000002810505, 0.17151486997186446, 0.19334473394453477, 0.31063641498787675, 0.48643340209928326, 0.5594301307461348, 0.5962877204756942, 0.4576160235644705, 0.3871339081459891, 0.35800200274702615, 0.3580020020481948, 0.3580019994025117, 0.3580019922346817, 0.3580019910529111, 0.35800198902196007, 0.3580019859444241, 0.35393251463166325, 0.28133006879729944, 0.1596531163700065, 0.15965311526363693, 0.15965311260108295, 0.1465300455406624, 0.13118944390228507, 0.1250000279478591, 0.1250000236603088, 0.12500001918387227, 0.12500001597378665, 0.12500001298840832, 0.12500000933684272, 0.1250000060995143, 0.1250000060995143]","[0.49, 0.49, 0.49, 0.24045060773390242, 0.15874202842237295, 0.12343783658203698, 0.11135644422156055, 0.047337750446535105, 0.017416841604630917, 0.014538447469289931, 0.0, -0.014569042290299476, 0.035717754181853884, 0.0, 0.0, 0.0, -0.0042943046240147996, 0.004125897797442871, -0.0948903346852692, -0.04453292250424745, -0.2392750293284176, -0.3586258537072693, -0.15602559575675617, -0.07518948304830125, 0.2717965259459985, 0.13814494622022364, 0.05709853458196738, 0.0, 0.0, 0.0, 0.0, 0.0, 0.0, 0.007976164161173324, 0.14230079422190905, 0.23848682714511518, 0.0, 0.0, 0.025721211821952, 0.030067579595334, 0.012131255654002937, 0.0, 0.0, 0.0, 0.0, 0.0, 0.0, 0.0]","[0.6228431574748212, 0.06609524836854191, 0.016800633674548704, 0.0, 0.0, 0.08364809827655963, 0.0, 0.24304281364153263, 0.1701297427632076, 0.13018437017543855, 0.16577406834582484, 0.0, 0.8561183771704529, 0.555851336776473, 0.4316149321823505, 0.032815241840063965, 0.0, 0.0, -0.09039897921026793, -0.001923335401005866, -0.041684169094151596, -0.003532884122417293, -0.3984971407954343, -0.33659062593300937, 0.0, 0.0, 0.14894795830994192, 0.11590974984107275, 0.2845194038890233, 0.30429109931950754, 0.40565111196622733, 0.7791445333745874, 0.9165519604026016, 1.0687606664888551, 1.2930111591761662, 1.119165059818753, 0.6634239379339899, 0.9474704319676469, 0.89684825656205, 0.8528129927871448, 0.9012194422912672, 0.8516623398418006, 0.7479175327174821, 0.78483076967607, 0.9407736397604355, 0.8553360031947917, 1.0227381420817299, 0.8897655781161566]","[0.02340783698711288, 0.02995083529858584, 0.03065994072074563, 0.03035166811279495, 0.031231978979469954, 0.02995101570468846, 0.032841717078762954, 0.030476936545198056, 0.030853904318796477, 0.032924196609349934, 0.032158647402096896, 0.0343524075874949, 0.048671103272051854, 0.042314124206003376, 0.03898948895800946, 0.043822058809165954, 0.048531259275692414, 0.04908498034123125, 0.07182670138883329, 0.06868274365297322, 0.0898878475915439, 0.09159467910875363, 0.16349561423559872, 0.13056322934721476, 0.1360512450169292, 0.12835192035522924, 0.08992886551359838, 0.08715420194648692, 0.06959542108627288, 0.06627606897154983, 0.06150279818667865, 0.055633332640631084, 0.0550119222084416, 0.05844414153311354, 0.060274696585084574, 0.0615511155838826, 0.043152511705124116, 0.04788929064282599, 0.0484786903539741, 0.04926171981251474, 0.05057480981423913, 0.051468259802373184, 0.04949721216700689, 0.04894455326072261, 0.0497372433536255, 0.050860622479741734, 0.0511228003700216, 0.04993245101003033]","[2.568968007380602, 2.613657565629952, 2.6627302553405334, 2.5730155177157257, 2.5606206054806577, 2.5963994394253596, 2.6287401361830742, 2.62094447652395, 2.5614032294991027, 2.646249147891431, 2.6206183797917104, 2.5591075138160377, 3.367821422681762, 3.333226137891515, 3.367963994943176, 3.3298238093221055, 3.396016721396757, 3.3705444608883477, 3.326414065953525, 3.415158843731709, 3.356667843635203, 3.3240272766545367, 3.352528724390406, 3.373067551889899, 4.0886650985164446, 4.098192472279465, 4.054535056112501, 4.082567908047237, 4.1373909549908685, 4.099262408702291, 4.069910622269717, 4.067570123338615, 4.113733574410226, 4.062341283731733, 4.086305193656893, 4.130810376370059, 3.286434901801242, 3.3819722530423446, 3.307868334605346, 3.3471986002128653, 3.348137437011622, 3.3673612660212715, 3.314897552238153, 3.299877183147406, 3.3286382251246835, 3.3479892609806305, 3.336801305370686, 3.306287659880224]","[0.0, 0.0, 0.0, 0.0, 0.0, 0.0, 0.0, 0.0, 0.0, 0.0, 0.0, 0.0, 0.0, 0.2366997454655111, 0.6214551761878008, 0.7602371145617669, 1.0246330204714214, 1.1282786497433874, 1.433893714405468, 1.454609364612771, 2.0227650459856585, 2.1035246707977553, 2.4954845359480826, 2.3925605199790065, 2.2358789771706986, 2.2703648604407682, 1.791462508302081, 1.774588121665487, 1.3572226573032848, 1.1129930266497632, 1.124913150963663, 0.8384310096649485, 0.6852037015888501, 0.44655043815535456, 0.3326211298001956, 0.220768616456408, 0.14806389320508948, 0.09385069509560123, 0.0, 0.0, 0.0, 0.0, 0.0, 0.0, 0.0, 0.0, 0.0, 0.0]","[1.2795325468352279, 1.6875112846533977, 1.5865891863227732, 1.5836278882358439, 1.5905452755568312, 1.419264227080012, 1.5502254637839035, 1.3610408189227496, 1.4047104609513845, 1.5344504472125364, 1.4870029331597894, 1.6080289334291273, 1.5246563950282206, 1.5829891795251056, 1.3538833170247673, 1.580593511154974, 1.5247241720915428, 1.3583122924184332, 1.4207242102855553, 1.5467763241302754, 1.3758376871167601, 1.545343866248313, 1.5750625390552957, 1.5228503702394178, 1.5170409091111514, 1.4180346764229261, 1.546955006816453, 1.4792242449631514, 1.5652443097355797, 1.7482543376814557, 1.600849155238342, 1.5056279089845022, 1.5669898286303536, 1.5974981568814244, 1.378646807462447, 1.6139409889526626, 1.5180995245545406, 1.3885404114473137, 1.4337775569924465, 1.5135797480672277, 1.4853615492974936, 1.5671671776851317, 1.616477223029527, 1.5639909605483782, 1.4376017718369507, 1.5435138182863926, 1.365185957349977, 1.4664545208687232]",nan,"[2, 2, 2, 2, 2, 2, 2, 2, 2, 2, 2, 2, 2, 2, 2, 2, 2, 2, 2, 2, 2, 2, 2, 2, 2, 2, 2, 2, 2, 2, 2, 2, 2, 2, 2, 2, 2, 2, 2, 2, 2, 2, 2, 2, 2, 2, 2, 2]","[2, 5, 4, 1, 2, 2, 1, 1, 1, 1, 1, 1, 1, 1, 1, 1, 1, 5, 1, 1, 1, 2, 1, 8, 1, 2, 2, 2, 1, 1, 1, 1, 1, 1, 1, 1, 1, 1, 1, 1, 1, 1, 1, 1, 1, 1, 1, 1]",48,0
33,Perfect-Global,82,test_id,id_actual,perfect_full_horizon,48,,1250.5495459876645,1250.5495459876645,0.0,,1800.5510001182556,37.511479169130325,1800.5510001182556,0,1,True,,100082,perfect_global_clean,48,48,True,,1.0,0.1250000000081521,"[46.52238492020642, 25.13906711234003, 22.656492251887894, 11.665648090738422, 6.16615, 9.403805878315854, 6.544031499765223, 13.38172507648915, 9.652680872216328, 8.245034650064117, 9.597842455644955, 6.16615, 35.56245134216348, 31.644431032140382, 32.87232742359727, 8.196593106210921, 6.16615, 6.16615, 6.16615, 6.024562849574415, 4.7911518697402204, 3.557836890405967, 3.345238252588907, 4.57853668270349, 5.811931113318015, 7.207539845767284, 6.7481128403058515, 10.47358408198805, 23.7707884916762, 24.994162639495933, 31.265812720415013, 54.37571817354097, 62.877802624370965, 64.19557666330914, 74.11524538449777, 65.95874886959285, 38.615360594376675, 46.89417814707119, 42.25302628674682, 41.13134209315599, 42.04939785799753, 40.606920734085385, 36.547355617591634, 37.22406304858619, 42.88093037046553, 40.194941007506934, 45.55427793242602, 40.59013659258314]","[37.511479169130325, 37.511479169130325, 37.511479169130325, 37.511479169130325, 37.511479169130325, 37.511479169130325, 37.511479169130325, 37.511479169130325, 37.511479169130325, 37.511479169130325, 37.511479169130325, 37.511479169130325, 37.511479169130325, 37.511479169130325, 37.511479169130325, 37.511479169130325, 37.511479169130325, 37.511479169130325, 37.511479169130325, 37.511479169130325, 37.511479169130325, 37.511479169130325, 37.511479169130325, 37.511479169130325, 37.511479169130325, 37.511479169130325, 37.511479169130325, 37.511479169130325, 37.511479169130325, 37.511479169130325, 37.511479169130325, 37.511479169130325, 37.511479169130325, 37.511479169130325, 37.511479169130325, 37.511479169130325, 37.511479169130325, 37.511479169130325, 37.511479169130325, 37.511479169130325, 37.511479169130325, 37.511479169130325, 37.511479169130325, 37.511479169130325, 37.511479169130325, 37.511479169130325, 37.511479169130325, 37.511479169130325]",,flat_price,Flat price,Remove price variation,Removed,Strong,True,False,,,mpc_diagnostic,,0.0,full_day_optimization_objective,False,9,11378,0,6482,4752,48,1800.5510001182556,0.002316304555483013,0.002316304555483013,9,3,,,,,,,,,,,,,
33,MPC-3,83,test_id,id_actual,id_reliable,3,,1515.2910659951233,1274.1469787065046,18.925923878375844,,98.73800015449524,2.0570416698853173,16.07800006866455,0,0,True,,100083,pure_mpc_clean,4,48,True,,1.0,0.12500001165867347,"[32.14748328355216, 16.083611846146418, 5.702621742977943, 4.929869296649725, 9.076094933393291, 5.344949229221534, 16.101060777769632, 16.778334332272514, 6.16615, 7.697354240907307, 9.132238482127082, 8.767696833921178, 63.074484575199975, 40.61783489481216, 15.776134646402829, 18.34057648921738, 6.013646247594424, 4.78023611689864, 3.5469331678753946, 2.3137150363092056, 1.080592904743017, 0.0, 0.0, 0.0, 0.9723833355972197, 11.943113748295806, 3.4387066176792804, 6.510741024387934, 25.909503824068445, 34.58178250376301, 43.81891344607349, 60.39329228018381, 76.62378097182729, 79.2384960179653, 88.6268639397129, 80.01924057264297, 51.68613223467452, 41.97409816639729, 57.44502081348486, 62.61887145174306, 56.96274132533481, 62.11151629955939, 64.47163028190133, 67.42944452828414, 63.611579132897845, 62.34730264893928, 59.57572466209241, 59.508567089625146]","[0.9539999961853027, 1.9639999866485596, 13.939000129699707, 0.09099984169006348, 16.07800006866455, 0.2669999599456787, 3.1740000247955322, 0.5399999618530273, 12.075000047683716, 11.282999992370605, 0.4069998264312744, 0.45599985122680664, 0.37600016593933105, 0.33500003814697266, 3.7869999408721924, 0.500999927520752, 0.1380000114440918, 0.5250000953674316, 0.05299997329711914, 0.6019999980926514, 0.5310001373291016, 0.5179998874664307, 0.4760000705718994, 0.5049998760223389, 4.4079999923706055, 13.950999975204468, 0.4219999313354492, 1.876000165939331, 2.424999952316284, 0.5610001087188721, 0.16300010681152344, 0.15999984741210938, 0.42599987983703613, 0.4270000457763672, 0.4100000858306885, 0.565000057220459, 0.48399996757507324, 0.3970000743865967, 0.4760000705718994, 0.3490002155303955, 0.3489999771118164, 0.2929999828338623, 0.13299989700317383, 0.12599992752075195, 0.3359999656677246, 0.31400012969970703, 0.0820000171661377, 0.029999971389770508]",,flat_price,Flat price,Remove price variation,Removed,Strong,True,False,,,mpc_diagnostic,,18.925923878375844,,,,698.125,0.0,398.5,290.8125,2.9375,2.0570416698853173,0.0007377567643668681,0.0009973563872193146,2.0,1.0,"[0.2, 0.4, 0.6, 0.7995364417268179, 0.9995364417086459, 0.8668436123251054, 1.0, 1.0, 1.0, 1.0, 1.0, 1.0, 1.0, 1.0, 1.0, 1.0, 0.9752722828836422, 0.7752722828836422, 0.5752740962266437, 0.3752740962266437, 0.1752740962266437, 0.0, 0.0, 0.0, 0.15772284995017705, 0.3577228499410252, 0.5577228285671537, 0.7577228285555079, 0.9577228285373045, 1.0, 1.0, 1.0, 1.0, 1.0, 1.0, 1.0, 1.0, 1.0, 1.0, 1.0, 1.0, 1.0, 1.0, 1.0, 1.0, 1.0, 1.0, 1.0]","[1.0, 0.75, 0.5, 0.3372531798987085, 0.2710278949322493, 0.22317079769699835, 0.19101813548370777, 0.1739202506781156, 0.1709310551996597, 0.15397678800849207, 0.15397678802801262, 0.15397678785964997, 0.12500000077031304, 0.12500003742777088, 0.1250000015573018, 0.12500000000949946, 0.12500000091279007, 0.14594945632816228, 0.12601822228774992, 0.16447383644099767, 0.13540934688497125, 0.2970166848269047, 0.4685495731151569, 0.708195167721209, 0.5776839290078277, 0.4730671841243389, 0.4149805660361856, 0.3664348614995899, 0.3664348599802195, 0.36643484523788644, 0.36643484409704813, 0.3664348388040939, 0.3595364362326602, 0.3497266647145992, 0.25802636219207, 0.16258052852766713, 0.16258052697561756, 0.16258052516238675, 0.14431815485222912, 0.13833216007347748, 0.13663683273980617, 0.12872516602194176, 0.12540963736794591, 0.1254095877333823, 0.12540956865408598, 0.125409557357588, 0.12500001165867347, 0.12500001165867347]","[0.49, 0.49, 0.49, 0.3189814729279677, 0.12980155853425995, 0.09379988420560145, 0.06301921833004955, 0.03351185460992106, 0.00585882313777352, 0.03323036408793874, 0.0, 0.0, 0.05679450307774404, -7.895946748104563e-08, 0.0, 0.0, 0.0, -0.04273688904735933, 0.038892208484251053, -0.07844945287262539, 0.05696639952981175, -0.3296789694015443, -0.3499270921080344, -0.48887701299634645, 0.2558020278782275, 0.2050488199716381, 0.1138497714527804, 0.09514958089172748, 0.0, 0.0, 0.0, 0.0, 0.013520869429492344, 0.019227152562741174, 0.17973259333077188, 0.18707383436904348, 0.0, 0.0, 0.035794246192185145, 0.011732550149232296, 0.0033228419568979545, 0.015506867150125265, 0.006498436544496253, 9.76676120232666e-08, 0.0, 0.0, 0.0008027099533571085, 0.0]","[0.4996273985220552, 0.2200798358973158, 0.0323752685733809, -2.0231950780077983e-06, 0.047075617929108846, 0.0, 0.16056421459021628, 0.17151004981450527, 0.0, 0.024746735206582746, 0.04793678354952862, 0.04204520135630185, 0.9197306598012117, 0.5567949073909036, 0.15531288317418712, 0.1967584079065435, 0.0, -0.004889410205269632, -0.3737196682698462, -0.0009374521741822925, -0.0711417783290727, 0.0, 0.0, -0.33133067131452176, 0.0, 0.15737562352787132, 0.0, 0.02971682747188297, 0.3232984208914396, 0.4592425455153617, 0.6085295102395715, 0.8763982590736776, 1.1387091874234714, 1.1809672083711564, 1.3326984071064711, 1.1935853021841287, 0.7356764805603963, 0.5787143138003602, 0.8287494272886442, 0.9123672153817061, 0.8209550113185423, 0.9041675361544952, 0.9423107924347689, 0.9901138509621679, 0.9284109758852177, 0.9079782246293217, 0.8631850450439178, 0.8620996701353558]","[0.027234020360832584, 0.029356482201326348, 0.029703505210000758, 0.029816804464098495, 0.03168070787416433, 0.03260879435982271, 0.031350886958443784, 0.03134268094128091, 0.03347233685565888, 0.034290260860247467, 0.03460048423426535, 0.03527391385548464, 0.04883868897064815, 0.042366955548027364, 0.04265195218178963, 0.041985734395106535, 0.04786228303679936, 0.06946458111239381, 0.07679301528178487, 0.08090908359745524, 0.10032436869681013, 0.10439388678567235, 0.11347104161063926, 0.14207011403827444, 0.1472356707816374, 0.10728721718648382, 0.10951878191608443, 0.08891074797612326, 0.07061793262697459, 0.06073869917584088, 0.05894030309746909, 0.05452694560601214, 0.05668266312988822, 0.05829900846226046, 0.06067199263517406, 0.059862104863264355, 0.04358799247949031, 0.04659836834865638, 0.048944368685638256, 0.04939592356304491, 0.05053922000953154, 0.050031569162047144, 0.050169294296190124, 0.04846894924439155, 0.05139710715525362, 0.05018437570288549, 0.04981786579536912, 0.04979561406441126]","[2.6304435717640464, 2.634681054778553, 2.6046487935302505, 2.6052638024335746, 2.635504311540774, 2.5892705481036984, 2.606310207860857, 2.5860281794129922, 2.565051966326448, 2.6235149839801464, 2.622433489698684, 2.639791255654531, 3.342118505878911, 3.3493588478950542, 3.3476403053816592, 3.408206848286356, 3.3689893153961226, 3.349873829803933, 3.3268663093217477, 3.3671413508481285, 3.322482752033543, 3.316571650663832, 3.3758342901759315, 3.3262713098521806, 4.068322600298062, 4.091533392525057, 4.048526256391203, 4.098450278008327, 4.088451241503581, 4.116859528632235, 4.085508365157141, 4.061908048839257, 4.062292024232052, 4.076112394949474, 4.151447634115353, 4.095686877231213, 3.335596578183165, 3.3258780221948423, 3.3304172049975826, 3.3551030050078148, 3.3464089228350122, 3.3318700459502812, 3.356840510582547, 3.3319655541203437, 3.401523928148925, 3.349230312658449, 3.3203127656587896, 3.374536818101103]","[0.0, 0.0, 0.0, 0.0, 0.0, 0.0, 0.0, 0.0, 0.0, 0.0, 0.0, 0.0, 0.0, 0.2668052901469468, 0.7113739997533625, 0.8051695841207143, 0.9847584684520526, 1.2826376551829854, 1.4999796659902889, 1.738031788063466, 1.9267496242578144, 2.2654475246854613, 2.3751741095719687, 2.697996510681383, 2.374662538287069, 1.9855333455988933, 2.039499968558214, 1.6901820632893552, 1.4910257652520884, 1.1243432121501677, 1.0970684093070675, 0.7759072347599028, 0.5754978740276672, 0.46746448638196825, 0.31958538651256013, 0.22719399473351254, 0.14603649699006666, 0.08825950631284268, 0.0, 0.0, 0.0, 0.0, 0.0, 0.0, 0.0, 0.0, 0.0, 0.0]","[1.4680501154494174, 1.5539576587590176, 1.5119760114236969, 1.516564715437703, 1.4907711633461336, 1.6612358694150147, 1.4140776330702116, 1.4123489255045807, 1.592665224324751, 1.5998272114621266, 1.6090971594449712, 1.6330199373291983, 1.4144319759148947, 1.5681257195942435, 1.5236048771392634, 1.4482645436494517, 1.456820849355422, 1.409054772102328, 1.6632330944906155, 1.4141314552022815, 1.3349587790451563, 1.4851969821655886, 1.464058314322639, 1.5905519133043018, 1.4273708595761128, 1.493139851284667, 1.4469724741648815, 1.6145897262122344, 1.3870221564798997, 1.594012441275238, 1.4388507465008626, 1.464129490267791, 1.391246756902334, 1.4667525565144959, 1.3801032402210118, 1.5476958512262335, 1.4974715901141802, 1.7055025669185788, 1.5148179006235527, 1.480399163466502, 1.5726702296690394, 1.462227157475177, 1.4582005763157355, 1.3903205551525615, 1.5245100220572338, 1.4914363849577537, 1.5061428768739797, 1.5622327392286817]",nan,"[2, 2, 2, 2, 2, 2, 2, 2, 2, 2, 2, 2, 2, 2, 2, 2, 2, 2, 2, 2, 2, 2, 2, 2, 2, 2, 2, 2, 2, 2, 2, 2, 2, 2, 2, 2, 2, 2, 2, 2, 2, 2, 2, 2, 2, 2, 2, 2]","[2, 2, 3, 1, 2, 1, 1, 1, 3, 2, 1, 1, 1, 1, 3, 2, 1, 2, 1, 1, 1, 1, 1, 1, 1, 1, 1, 1, 1, 1, 1, 1, 1, 1, 1, 1, 1, 1, 1, 1, 1, 1, 1, 1, 1, 1, 1, 1]",48,0
33,Perfect-Global,83,test_id,id_actual,perfect_full_horizon,48,,1274.1469787065046,1274.1469787065046,0.0,,1800.9229998588562,37.51922916372617,1800.9229998588562,0,1,True,,100083,perfect_global_clean,48,48,True,,1.0,0.1250000000081477,"[40.66853846418127, 29.595914686629875, 22.68630908120646, 14.367743024943987, 8.59389417094176, 6.16615, 9.847935724168728, 8.053937814026417, 6.16615, 6.16615, 6.16615, 6.16615, 37.69364132950714, 31.220467347337866, 15.776165484143739, 18.340579263317757, 6.16615, 6.16615, 4.932728, 4.842236535481901, 3.940563820991889, 2.707315049777823, 2.5582414039373518, 3.7914785702792355, 5.02481173712106, 6.16615, 6.16615, 6.16615, 23.58793026936562, 34.58178420708679, 43.818913568722024, 60.39329278012049, 73.00810632267591, 70.12288476036875, 77.21086546461346, 69.12005214077264, 41.64071622229277, 33.21923129388648, 40.55870722970104, 42.92632769944802, 39.376464863170476, 42.213934902583645, 43.4818659191627, 45.653033728328886, 42.73686462850881, 42.395137449743004, 40.600098973836495, 41.196764774122286]","[37.51922916372617, 37.51922916372617, 37.51922916372617, 37.51922916372617, 37.51922916372617, 37.51922916372617, 37.51922916372617, 37.51922916372617, 37.51922916372617, 37.51922916372617, 37.51922916372617, 37.51922916372617, 37.51922916372617, 37.51922916372617, 37.51922916372617, 37.51922916372617, 37.51922916372617, 37.51922916372617, 37.51922916372617, 37.51922916372617, 37.51922916372617, 37.51922916372617, 37.51922916372617, 37.51922916372617, 37.51922916372617, 37.51922916372617, 37.51922916372617, 37.51922916372617, 37.51922916372617, 37.51922916372617, 37.51922916372617, 37.51922916372617, 37.51922916372617, 37.51922916372617, 37.51922916372617, 37.51922916372617, 37.51922916372617, 37.51922916372617, 37.51922916372617, 37.51922916372617, 37.51922916372617, 37.51922916372617, 37.51922916372617, 37.51922916372617, 37.51922916372617, 37.51922916372617, 37.51922916372617, 37.51922916372617]",,flat_price,Flat price,Remove price variation,Removed,Strong,True,False,,,mpc_diagnostic,,0.0,full_day_optimization_objective,False,9,11378,0,6482,4752,48,1800.9229998588562,0.002152987006977282,0.002152987006977282,9,3,,,,,,,,,,,,,
33,MPC-3,84,test_id,id_actual,id_reliable,3,,1612.4558461722431,1333.3425091369227,20.933356217375195,,124.94500017166138,2.603020836909612,17.26900005340576,0,0,True,,100084,pure_mpc_clean,4,48,True,,1.0,0.12500000536080363,"[21.385976101537693, 25.369280225737597, 4.251729815436338, 4.9327275447635826, 14.825223411684659, 10.647431969780172, 6.166142217025951, 11.725352974100504, 11.423571969929021, 20.22772544108686, 17.694008848057877, 10.765239268273227, 51.50659715018829, 45.48983878432641, 14.079450285148178, 6.1597530978950745, 5.916814109227368, 4.960313809402544, 3.7270958079172942, 2.493863652196332, 1.2607274964753703, 0.02768734175435174, 0.0, 0.0, 1.2330378952101047, 20.184342795330636, 1.9141935388657318, 14.37249831162709, 37.921516241073235, 50.00297920854237, 43.3922403352314, 64.03944795713974, 80.05900799512666, 78.10254590653388, 89.77291138117951, 78.71055810976796, 48.95469572331089, 71.14226933295882, 58.7247986301687, 64.88380769852664, 57.42428027090193, 68.52459575830073, 65.47345563157437, 67.18891724898378, 56.04129458399981, 69.25744756544991, 65.96319230874823, 64.13526042174664]","[2.3540000915527344, 4.889000177383423, 11.118000030517578, 0.42100000381469727, 17.26900005340576, 15.1010000705719, 0.07599997520446777, 12.069000005722046, 11.995999813079834, 2.3289999961853027, 0.39300012588500977, 0.37599992752075195, 0.33899998664855957, 0.4049999713897705, 2.2320001125335693, 0.6690001487731934, 0.13000011444091797, 2.069000005722046, 0.5959999561309814, 0.6009998321533203, 0.4440000057220459, 0.03899979591369629, 7.269000053405762, 4.934000015258789, 1.9649999141693115, 11.047999858856201, 2.1549999713897705, 5.73799991607666, 0.8849999904632568, 0.4500000476837158, 0.7330000400543213, 0.14600014686584473, 0.4460000991821289, 0.4679999351501465, 0.3899998664855957, 0.3039999008178711, 0.34599995613098145, 0.13899993896484375, 0.23799991607666016, 0.11400008201599121, 0.2220001220703125, 0.11800003051757812, 0.22100019454956055, 0.1550002098083496, 0.3149998188018799, 0.11700010299682617, 0.07999992370605469, 0.03399991989135742]",,flat_price,Flat price,Remove price variation,Removed,Strong,True,False,,,mpc_diagnostic,,20.933356217375195,,,,698.125,0.0,398.5,290.8125,2.9375,2.603020836909612,0.0008188239121133678,0.000999935146398881,2.0,1.0,"[0.2, 0.4, 0.6, 0.7999999261803123, 1.0, 1.0, 0.9999987380359391, 1.0, 1.0, 1.0, 1.0, 1.0, 1.0, 1.0, 1.0, 0.9989627792494478, 0.9595713147223777, 0.8044732231084608, 0.6044910853373655, 0.4044910853373655, 0.20449108533736549, 0.004491085499563335, 0.0, 0.0, 0.19999998300363556, 0.39999998299451706, 0.3104774350774136, 0.5104774350682939, 0.7104774350567874, 0.9104774350387063, 1.0, 1.0, 1.0, 1.0, 1.0, 1.0, 1.0, 1.0, 1.0, 1.0, 1.0, 1.0, 1.0, 1.0, 1.0, 1.0, 1.0, 1.0]","[1.0, 0.75, 0.5, 0.3580156447258275, 0.2753478044393305, 0.2226767954112297, 0.19864983912587744, 0.1705532140915197, 0.1497537925077373, 0.14284577845167426, 0.14284577839299056, 0.142845778317046, 0.12500000072235765, 0.1250000003532743, 0.12500000000917894, 0.12500000097172642, 0.13621019061511996, 0.125000000028253, 0.13142354423025168, 0.26901031855484525, 0.41807429827410025, 0.4176673645829324, 0.31321525890332375, 0.4514455634167762, 0.3120656850889397, 0.3120656785388717, 0.3120656691101395, 0.3120656686753662, 0.31206566672734676, 0.3120656656838291, 0.31206566494202936, 0.31206566385186024, 0.31206566073529907, 0.30343062628540435, 0.23090239767958257, 0.12500005750655382, 0.12500005518194848, 0.12500005455864752, 0.12500004658831115, 0.12500004105416565, 0.1250000333379337, 0.1250000271977844, 0.12500001414955486, 0.1250000119483234, 0.12500000934355412, 0.12500000766510858, 0.12500000536080363, 0.12500000536080363]","[0.49, 0.49, 0.49, 0.27828933633737807, 0.16202896696153415, 0.10323517769507753, 0.04709283821898395, 0.05506938545974628, 0.04076686669617732, 0.01353970793986455, 0.0, 0.0, 0.03497772446930278, 0.0, 0.0, 0.0, -0.022909356085044644, 0.021971974906984975, -0.013104030172077286, -0.28067701962217095, -0.3040905186272802, -0.009139084474527187, 0.19925324538795586, -0.2819898257801172, 0.27318456152255954, 1.3273915873266338e-08, 2.3618171767650507e-08, 0.0, 0.0, 0.0, 0.0, 0.0, 0.0, 0.016924667909099037, 0.14215532845232992, 0.2075685871260444, 0.0, 0.0, 1.601490754809559e-08, 1.1242672639444847e-08, 1.5372693440772784e-08, 0.0, 0.0, 0.0, 0.0, 0.0, 0.0, 0.0]","[0.3257040501258617, 0.3701512440523248, 0.008926510148466071, 0.0, 0.13994462079490358, 0.07242475910755833, 0.0, 0.08984570463192734, 0.08496843587764075, 0.22725778490645432, 0.18630882986760203, 0.07432871544684004, 0.7327749034373865, 0.6355343641911338, 0.12789172178017258, 0.0, -3.1421455557079835e-05, 0.0, 0.0, -0.09753491964322164, -0.07590886374267744, -0.22513978683608427, -0.284036337826932, 0.0, 0.0, 0.28635427717470563, 0.0, 0.1814160443417981, 0.5420743861656084, 0.7173969548672136, 0.601633783195659, 0.9353260275901374, 1.194228008002047, 1.1626084186914565, 1.3512203859584568, 1.1724348785417043, 0.6915320520939133, 1.0501191003306476, 0.8494327051340396, 0.9489722456327537, 0.8284142266004352, 1.007813264780618, 0.9585019091971616, 0.9862265413977178, 0.8060629427717141, 1.0196573343911097, 0.9664168453939109, 0.9368745118666124]","[0.02632362371792138, 0.02559685849961282, 0.02937518753080245, 0.029775529988637545, 0.029246219962760358, 0.03058115240964224, 0.0343347493002104, 0.03199706168343121, 0.03185541287021077, 0.030811450644766984, 0.03144899124736399, 0.03292695436611772, 0.048229313804302405, 0.04427237715975586, 0.043670593367249544, 0.046365485290862284, 0.04795616554123435, 0.053962985312137536, 0.06877276847035257, 0.08306201258506274, 0.09473268748721979, 0.1386358539245986, 0.1201521424141436, 0.09710211008507406, 0.13628717640331173, 0.10418801059117236, 0.12539836551702846, 0.09244289772299044, 0.06943243483954589, 0.05632202216831361, 0.05817836986557765, 0.05488993641796003, 0.05662803549586512, 0.05913873424861098, 0.06079728900361556, 0.06066154033586726, 0.04554193467999329, 0.048117478940306616, 0.051815984639163946, 0.05050707171659087, 0.04787187334121233, 0.04999042313865704, 0.04912655515471396, 0.049696127557578136, 0.04948572562731948, 0.052492054583456474, 0.04984979599293434, 0.05025530587480877]","[2.6122678968849087, 2.608248080867093, 2.5904024672252417, 2.6033264353479337, 2.604965901039811, 2.5445327383080025, 2.633797195870041, 2.602074184866261, 2.5581807417606512, 2.5587531475780243, 2.6043155366014856, 2.5945371996749858, 3.2898904219669327, 3.414286651870974, 3.334996136283748, 3.382119415523813, 3.3740595272055875, 3.367073340722222, 3.3972886255273678, 3.341190545517853, 3.372431068806149, 3.35414370775168, 3.3600777674575006, 3.343177307223164, 4.087676851293548, 4.113351344318064, 4.069658034960746, 4.050627534251676, 4.13490587260526, 4.066185549785221, 4.090654328453262, 4.099980350898488, 4.1106899113282225, 4.088211070401831, 4.081488120034939, 4.085258496120042, 3.319540017757028, 3.3596692433732125, 3.3851573584609147, 3.3524342739063933, 3.2986656484043424, 3.352602946964698, 3.3242388937779, 3.344897658909508, 3.2923254271198195, 3.361420816995116, 3.306184817389643, 3.358847723567899]","[0.0, 0.0, 0.0, 0.0, 0.0, 0.0, 0.0, 0.0, 0.0, 0.0, 0.0, 0.0, 0.0, 0.23146428990361276, 0.6500660036670607, 0.8775497743470656, 1.0359305984176497, 1.2333818656330457, 1.4937883602478412, 1.8110643278050491, 2.1079085961334707, 2.2137978238476763, 2.095077890155517, 2.1974127793954437, 2.213553110790632, 2.0957364805606087, 2.2999547573260464, 1.889191805541536, 1.4965579019897124, 1.147816419556398, 1.030404839431941, 0.8512489886511186, 0.6103140084184174, 0.41783568681657357, 0.287197049836363, 0.2116337680948657, 0.15112268021143074, 0.09722886085972449, 0.0, 0.0, 0.0, 0.0, 0.0, 0.0, 0.0, 0.0, 0.0, 0.0]","[1.6228873624345832, 1.3736935804453791, 1.5208496663092048, 1.5548126764905768, 1.3322376192594114, 1.3994535658994753, 1.6210403731164567, 1.4891557275628307, 1.4643006012040314, 1.3487670388553445, 1.44945567141717, 1.5531354130619186, 1.5703670611838882, 1.5915603166876302, 1.6007090036733784, 1.5519723495952435, 1.4494545928802727, 1.3612087549444691, 1.3808859785845942, 1.5869090842258908, 1.534763457192487, 1.5087695236332046, 1.4699350020815323, 1.5248564552820518, 1.5372263769039363, 1.435448502051743, 1.5846241899451414, 1.5619851461950125, 1.455228580422869, 1.3468167604576304, 1.516794074265177, 1.3682952689708672, 1.3627759243278752, 1.5499810316522424, 1.3617126452100075, 1.5542828031139255, 1.522427156228659, 1.2604387599394944, 1.5875406223781634, 1.4539690891783998, 1.5181232801311229, 1.3947800933975485, 1.4148635141946841, 1.4083672408577577, 1.5357482049625617, 1.3942555339329914, 1.3896177635175375, 1.4722285071186478]",nan,"[2, 2, 2, 2, 2, 2, 2, 2, 2, 2, 2, 2, 2, 2, 2, 2, 2, 2, 2, 2, 2, 2, 2, 2, 2, 2, 2, 2, 2, 2, 2, 2, 2, 2, 2, 2, 2, 2, 2, 2, 2, 2, 2, 2, 2, 2, 2, 2]","[3, 3, 4, 1, 3, 2, 1, 2, 3, 1, 1, 1, 1, 1, 1, 1, 1, 4, 2, 1, 2, 1, 4, 1, 1, 2, 1, 1, 1, 1, 1, 1, 1, 1, 1, 1, 1, 1, 1, 1, 1, 1, 1, 1, 1, 1, 1, 1]",48,0
33,Perfect-Global,84,test_id,id_actual,perfect_full_horizon,48,,1333.3425091369227,1333.3425091369227,0.0,,1800.6059999465942,37.51262499888738,1800.6059999465942,0,1,True,,100084,perfect_global_clean,48,48,True,,1.0,0.12500000000813954,"[35.42478022014828, 38.924743289059904, 22.99191943643588, 14.884718862715204, 15.186877952811265, 9.288167306572772, 6.16615, 8.804084730388091, 7.430270073811449, 11.792479716390478, 10.509945156784545, 7.1143816545783265, 31.387609643075784, 35.72757458201614, 14.079450230086303, 6.16615, 6.16615, 6.16615, 5.137592832787013, 3.9042508875850226, 2.6710049426582425, 1.4378549991765537, 2.6710049428946925, 3.9042508878476814, 5.137592833059118, 6.16615, 4.932728, 6.16615, 21.999865844796275, 45.05589525124829, 43.39224040135583, 64.03944799163106, 77.38117493785875, 69.94522751804614, 75.15170270191228, 69.00711982373885, 40.845037003457975, 52.04211303384695, 41.07736086402362, 43.9295982829341, 40.98062758471494, 47.577170999156195, 45.44988335525501, 46.94482493313947, 39.699378497817975, 48.066324251414294, 45.53500911133391, 44.882323568358096]","[37.51262499888738, 37.51262499888738, 37.51262499888738, 37.51262499888738, 37.51262499888738, 37.51262499888738, 37.51262499888738, 37.51262499888738, 37.51262499888738, 37.51262499888738, 37.51262499888738, 37.51262499888738, 37.51262499888738, 37.51262499888738, 37.51262499888738, 37.51262499888738, 37.51262499888738, 37.51262499888738, 37.51262499888738, 37.51262499888738, 37.51262499888738, 37.51262499888738, 37.51262499888738, 37.51262499888738, 37.51262499888738, 37.51262499888738, 37.51262499888738, 37.51262499888738, 37.51262499888738, 37.51262499888738, 37.51262499888738, 37.51262499888738, 37.51262499888738, 37.51262499888738, 37.51262499888738, 37.51262499888738, 37.51262499888738, 37.51262499888738, 37.51262499888738, 37.51262499888738, 37.51262499888738, 37.51262499888738, 37.51262499888738, 37.51262499888738, 37.51262499888738, 37.51262499888738, 37.51262499888738, 37.51262499888738]",,flat_price,Flat price,Remove price variation,Removed,Strong,True,False,,,mpc_diagnostic,,0.0,full_day_optimization_objective,False,9,11378,0,6482,4752,48,1800.6059999465942,0.002161925401614024,0.002161925401614024,9,3,,,,,,,,,,,,,
33,MPC-3,85,test_id,id_actual,id_reliable,3,,1571.8980785702547,1311.007502292448,19.90000635554026,,122.34800004959106,2.548916667699814,12.869999885559082,0,0,True,,100085,pure_mpc_clean,4,48,True,,1.0,0.12499999981231188,"[39.89975677231506, 18.376724162696302, 18.02993107169038, 4.932727824411912, 6.873267310881241, 12.494314619400974, 25.432346676793827, 11.120559723530148, 5.923468396484723, 10.930044754221466, 17.442924981737136, 13.886460215432772, 60.85912805737721, 44.46820048630817, 14.612290394531339, 21.662895299342345, 5.581884312741482, 4.348507786518638, 3.1152272602957947, 1.8820427340729506, 0.648954207850107, 0.0, 0.0, 0.0, 1.2330379495281045, 30.496935375661746, 16.879670357299563, 11.800881194442024, 11.01258272363037, 44.174492401461876, 44.68397778136262, 58.61551203561334, 75.1822846831697, 79.70388220420914, 80.79678557135996, 71.3999150866502, 51.05340987197136, 54.00366978554744, 62.06503796785295, 52.655180021605126, 67.6091158460675, 63.41675762931305, 64.87034637998167, 71.14118578013857, 54.45996331374217, 51.85948656514942, 49.78198488904048, 60.48032610682284]","[0.13300013542175293, 1.0209999084472656, 11.200999975204468, 0.09500002861022949, 12.081000089645386, 12.869999885559082, 2.1549999713897705, 12.032999992370605, 0.07599997520446777, 10.55299997329712, 0.44299983978271484, 0.33299994468688965, 0.15600013732910156, 0.16700005531311035, 5.0960001945495605, 3.3519999980926514, 0.4199998378753662, 0.5699999332427979, 0.5490000247955322, 0.5810000896453857, 0.5869998931884766, 0.7339999675750732, 10.229000091552734, 0.5590000152587891, 0.8029999732971191, 7.6539998054504395, 7.6570000648498535, 10.348999977111816, 4.002000093460083, 0.8329999446868896, 0.46200013160705566, 0.13100004196166992, 0.4500000476837158, 0.4760000705718994, 0.41700005531311035, 0.4140000343322754, 0.2950000762939453, 0.24900007247924805, 0.2369999885559082, 0.3320000171661377, 0.13299989700317383, 0.35900020599365234, 0.1099998950958252, 0.13199996948242188, 0.3319997787475586, 0.3619999885559082, 0.12800002098083496, 0.03699994087219238]",,flat_price,Flat price,Remove price variation,Removed,Strong,True,False,,,mpc_diagnostic,,19.90000635554026,,,,698.125,0.0,398.5,290.8125,2.9375,2.548916667699814,0.0007613202968530922,0.000995857361193752,2.0,1.0,"[0.2, 0.4, 0.6, 0.7999999715271948, 1.0, 1.0, 1.0, 1.0, 0.9606502855204726, 1.0, 1.0, 1.0, 1.0, 1.0, 1.0, 1.0, 0.9052629642576394, 0.7052629642576393, 0.5052629642576394, 0.3052629642576394, 0.10526296425763937, 0.0, 0.0, 0.0, 0.19999999181372663, 0.3999999918046352, 0.5999999918046353, 0.7999999918046352, 1.0, 1.0, 1.0, 1.0, 1.0, 1.0, 1.0, 1.0, 1.0, 1.0, 1.0, 1.0, 1.0, 1.0, 1.0, 1.0, 1.0, 1.0, 1.0, 1.0]","[1.0, 0.75, 0.5108938563576306, 0.34386014643845464, 0.2680678415742393, 0.22362207812826584, 0.20000083639558366, 0.17982642117387487, 0.16566219498821635, 0.1521151409272554, 0.15211514079405888, 0.15211514077641633, 0.12500000104938705, 0.1250000004413985, 0.12500000001090547, 0.1250000003118633, 0.15163120233117666, 0.18714182948741737, 0.18479949843426727, 0.22474315803188913, 0.2306312113107431, 0.21335123187245006, 0.29325354539693854, 0.5394532017648918, 0.3641199630123274, 0.3641199575403647, 0.36392068248914045, 0.3639206816847407, 0.36392068074746836, 0.36392067916833204, 0.36392067772120346, 0.3639206753599811, 0.36392067081057505, 0.33384259961946927, 0.25992085349980876, 0.14134181193274556, 0.14134181128400042, 0.141341810478397, 0.13654127900010132, 0.1365412605200601, 0.13555672439979619, 0.12974803793938486, 0.12974801671403788, 0.12974773395651704, 0.12806951161699126, 0.12806946865465857, 0.12500072344423452, 0.12499999981231188]","[0.49, 0.49, 0.46864804153904394, 0.327386071441585, 0.14855291753386207, 0.08711369635410794, 0.0462976341861047, 0.03954185422680179, 0.02776188722508699, 0.02655222635158225, 0.0, 0.0, 0.05314567424928631, 0.0, 0.0, 0.0, -0.05432765498181733, -0.07244167939873103, 0.004590968864174205, -0.08148506557914859, -0.012011628688862075, 0.025208284695292016, -0.16300071958995654, -0.5022472989906246, 0.3436531477833909, 1.1158660297366404e-08, 0.0003905799422612208, 1.640975577643644e-09, 0.0, 0.0, 0.0, 0.0, 0.0, 0.058953019921931867, 0.14488662278229864, 0.23241492186043522, 0.0, 0.0, 0.009409042080242454, 0.0, 0.0019296911782645052, 0.011385025844788238, 0.0, 5.545870008362844e-07, 0.0032893161698644238, 8.458643491344369e-08, 0.006014740997830291, 1.4183185683616645e-06]","[0.6249166670273141, 0.25714023697286953, 0.2316045102495415, 0.0, 0.011428158559696826, 0.10227336758627835, 0.3113728755845467, 0.0800712682590731, 0.0, 0.07699223845206411, 0.18225090879575168, 0.12477269035042864, 0.8839269180990256, 0.6190230381625562, 0.1365032791035368, 0.25045244928230054, 0.0, -0.0027084005588366737, -0.007788091278856275, -0.0264641799233431, -0.023670315362342743, -0.1762996975052029, -0.15559241055035417, -0.03206014022200047, 0.0, 0.4530224392112101, 0.2130144389145112, 0.11100045648458211, 0.07832618543241003, 0.6142762408317071, 0.6225103479816181, 0.8476664571412257, 1.115412277707793, 1.1884886012801477, 1.2061516860017771, 1.0542830721074778, 0.725450664597517, 0.7731316328977363, 0.9034163711976234, 0.7513378589350324, 0.9930176298354343, 0.9252623455242512, 0.9487546889694006, 1.0501015883658757, 0.7805060737574492, 0.7384781667094855, 0.7049023820450986, 0.8778048663728943]","[0.025331465219177913, 0.026816405150158835, 0.027189986851782855, 0.02983942579012752, 0.030864674422135155, 0.031170330344604723, 0.03192143763059719, 0.03259186979100702, 0.03587049691781588, 0.03200066663694834, 0.03192606028906695, 0.03270428358541104, 0.04975704690411901, 0.0422835338268523, 0.04127301616448007, 0.04011561134181424, 0.04810030414523012, 0.05949385507589079, 0.07425115849346027, 0.08601272902092025, 0.09278398360857137, 0.10844775193409316, 0.11367034225566988, 0.14648024703376836, 0.1434944518174623, 0.08891427900539188, 0.09637463547639478, 0.09164421109162588, 0.08106019623006669, 0.05991019585802657, 0.0567455451485903, 0.05414178323887791, 0.05590514386598678, 0.06078600123269455, 0.05964296122493262, 0.06063571238681677, 0.04467106254768495, 0.04691396668893047, 0.04787201442888782, 0.05074298237034432, 0.050044092769592444, 0.05030695345225777, 0.04882873559007284, 0.049535360001690405, 0.0480803411950461, 0.05091238335662861, 0.05031051946634229, 0.050487792570571156]","[2.593596702901045, 2.6108666430497003, 2.6443831541838247, 2.58031030670229, 2.586848194282376, 2.606332457012563, 2.6277006740418805, 2.5755601468903486, 2.6160605231849905, 2.5700707400015648, 2.5754760064846067, 2.5830699250568454, 3.41343961992986, 3.3224214055466934, 3.316856844611387, 3.3766626275947598, 3.3836846410329633, 3.352438576138371, 3.3299824482795968, 3.388239203095012, 3.368962464217078, 3.3382519219251328, 3.3218208142914856, 3.3357246357784005, 4.140755693064153, 4.096541570810763, 4.115353685875238, 4.076356106404061, 4.076033349197674, 4.075545420080785, 4.042929386269885, 4.074616190251893, 4.140374844814863, 4.135957054736535, 4.091035810832215, 4.136625598362935, 3.328768283073292, 3.347145783081401, 3.289687503424048, 3.3512308707667193, 3.3748290635425464, 3.301479480075789, 3.3284142063510203, 3.3544254939961053, 3.287632816889677, 3.354727506821531, 3.35596028595166, 3.3103859295210376]","[0.0, 0.0, 0.0, 0.0, 0.0, 0.0, 0.0, 0.0, 0.0, 0.0, 0.0, 0.0, 0.0, 0.29247137446854515, 0.7012665531156103, 0.7709473797517861, 0.9649696539438886, 1.2492449428913983, 1.411935659102356, 1.7641671887644614, 1.8807726132850733, 1.9881559931475308, 2.3088123136742413, 2.320428852519994, 2.241629392409816, 1.9268379202130694, 1.9373097000030641, 1.9121358730078306, 1.61957156129559, 1.182056271730071, 0.9944680289217959, 0.8110707080555397, 0.6608792567150726, 0.40808360166722624, 0.3545286284044444, 0.2540480190625344, 0.1560102974496339, 0.09124463326419548, 0.0, 0.0, 0.0, 0.0, 0.0, 0.0, 0.0, 0.0, 0.0, 0.0]","[1.304011501116562, 1.4905427698996307, 1.371320353642298, 1.4827636937511717, 1.4577313667941585, 1.4481153807665246, 1.3019515723264732, 1.4885386267012635, 1.6635188515599506, 1.4985266833353428, 1.425151131731146, 1.49100148415754, 1.5261240749044243, 1.4532105259444887, 1.5203594668481704, 1.3953777834397973, 1.6158799792986174, 1.5325746040227695, 1.4902321058277421, 1.5127710245963129, 1.5113928143341444, 1.6096350933515104, 1.4452714465858305, 1.696083469504826, 1.4989676130094103, 1.4055954878647903, 1.4610136116144905, 1.3448639945608578, 1.459195796883289, 1.339123100305128, 1.4826965517078674, 1.470020803695778, 1.4199884453723106, 1.5412178335184386, 1.4451118352888046, 1.6565152981421438, 1.4919783253698538, 1.5296834820745076, 1.4247341049999451, 1.6506359077521273, 1.4299258357145046, 1.415139062585435, 1.4284882114125614, 1.3538587114606377, 1.5519177165832907, 1.667161581405496, 1.6953536827942193, 1.483067437817251]",nan,"[2, 2, 2, 2, 2, 2, 2, 2, 2, 2, 2, 2, 2, 2, 2, 2, 2, 2, 2, 2, 2, 2, 2, 2, 2, 2, 2, 2, 2, 2, 2, 2, 2, 2, 2, 2, 2, 2, 2, 2, 2, 2, 2, 2, 2, 2, 2, 2]","[1, 2, 2, 1, 2, 2, 1, 3, 1, 3, 1, 2, 1, 1, 4, 6, 1, 1, 1, 1, 1, 2, 2, 1, 1, 1, 1, 1, 2, 1, 1, 1, 1, 1, 1, 1, 1, 1, 1, 1, 1, 1, 1, 1, 1, 1, 1, 1]",48,0
33,Perfect-Global,85,test_id,id_actual,perfect_full_horizon,48,,1311.007502292448,1311.007502292448,0.0,,1800.763000011444,37.515895833571754,1800.763000011444,0,1,True,,100085,perfect_global_clean,48,48,True,,1.0,0.12500000000815709,"[46.94649214828791, 33.776770312251244, 32.090777561292775, 16.640914405190944, 10.271062121601243, 10.84106782834885, 17.586328650734465, 8.649629347940454, 6.16615, 8.086467946064854, 11.485931895708912, 9.156918217469004, 38.961411662952266, 37.19651397566721, 14.612325393723511, 21.662934276826675, 6.16615, 6.16615, 6.089093331472868, 4.855677329247373, 3.622357327521822, 2.4661720000000003, 3.699402, 4.932728, 6.724920834695514, 6.370355802949654, 7.17572442629714, 8.549726607220773, 11.012583099844417, 44.17449256813685, 44.683977929192814, 58.61551221921974, 74.75233167842022, 69.18092244048366, 71.12161084143757, 64.76103540779268, 40.50560964728644, 40.931110319243615, 41.22753501657171, 35.410011370819475, 45.20727354620202, 41.411494154405716, 43.12746996056036, 47.141508961996216, 36.628067635078445, 35.515184118230415, 34.42231783323947, 40.22730014082065]","[37.515895833571754, 37.515895833571754, 37.515895833571754, 37.515895833571754, 37.515895833571754, 37.515895833571754, 37.515895833571754, 37.515895833571754, 37.515895833571754, 37.515895833571754, 37.515895833571754, 37.515895833571754, 37.515895833571754, 37.515895833571754, 37.515895833571754, 37.515895833571754, 37.515895833571754, 37.515895833571754, 37.515895833571754, 37.515895833571754, 37.515895833571754, 37.515895833571754, 37.515895833571754, 37.515895833571754, 37.515895833571754, 37.515895833571754, 37.515895833571754, 37.515895833571754, 37.515895833571754, 37.515895833571754, 37.515895833571754, 37.515895833571754, 37.515895833571754, 37.515895833571754, 37.515895833571754, 37.515895833571754, 37.515895833571754, 37.515895833571754, 37.515895833571754, 37.515895833571754, 37.515895833571754, 37.515895833571754, 37.515895833571754, 37.515895833571754, 37.515895833571754, 37.515895833571754, 37.515895833571754, 37.515895833571754]",,flat_price,Flat price,Remove price variation,Removed,Strong,True,False,,,mpc_diagnostic,,0.0,full_day_optimization_objective,False,9,11378,0,6482,4752,48,1800.763000011444,0.0023683370260997663,0.0023683370260997663,9,3,,,,,,,,,,,,,
33,MPC-3,86,test_id,id_actual,id_reliable,3,,1518.9673086099713,1286.8238276394127,18.04003593843995,,184.68100094795227,3.847520853082339,48.289000034332275,0,0,True,,100086,pure_mpc_clean,4,48,True,,1.0,0.12500000742539136,"[16.288036323710422, 20.727901268387757, 15.427952564596854, 4.932727333528361, 6.1589451205827945, 12.38880603361677, 11.067460317460318, 15.202319524352495, 7.508557490238566, 10.830227622877025, 14.41718281114569, 11.574145772111539, 62.84242990275316, 51.99546318699932, 22.731108866810267, 6.16615, 6.050180514357027, 4.81676754020391, 3.583450566050793, 2.350229591897676, 1.1171046177445585, 0.0, 0.0, 0.0, 1.005608997156075, 16.70322226953544, 7.4456370300097525, 4.688870382104912, 16.915360599633207, 18.026595441916264, 48.621734601426006, 55.95483344978888, 64.35291891955102, 74.50948687959165, 72.16272728653561, 92.02539759829426, 57.471730547577636, 49.3964411783715, 60.128913667435874, 72.5768605815512, 62.11828280850812, 69.93287617775579, 58.60082246922662, 61.526430098015325, 55.79391346891648, 70.69711050966384, 67.00163181865081, 53.13275485932968]","[14.454999923706055, 9.16700005531311, 9.597000122070312, 0.39999985694885254, 0.10800004005432129, 11.266000032424927, 16.265000104904175, 0.7690000534057617, 15.562000036239624, 7.1600000858306885, 0.4119999408721924, 0.3640000820159912, 0.27500009536743164, 0.377000093460083, 2.927000045776367, 0.7439999580383301, 0.7730000019073486, 0.5659999847412109, 0.5360000133514404, 0.5710000991821289, 0.5480000972747803, 0.04900002479553223, 0.46899986267089844, 0.5439999103546143, 4.0950000286102295, 48.289000034332275, 24.70300006866455, 0.7640001773834229, 2.9119999408721924, 4.198000192642212, 0.7039999961853027, 0.4240000247955322, 0.4089999198913574, 0.49699997901916504, 0.5510001182556152, 0.43400001525878906, 0.257000207901001, 0.4030001163482666, 0.3640000820159912, 0.23799991607666016, 0.23999977111816406, 0.12399983406066895, 0.34599995613098145, 0.33500003814697266, 0.21700000762939453, 0.1400001049041748, 0.09599995613098145, 0.03699994087219238]",,flat_price,Flat price,Remove price variation,Removed,Strong,True,False,,,mpc_diagnostic,,18.04003593843995,,,,698.125,0.0,398.5,290.8125,2.9375,3.847520853082339,0.0007711791023112488,0.0009989183787898423,2.0,1.0,"[0.2, 0.4, 0.6, 0.7999998919270815, 0.9988317703624867, 1.0, 1.0, 1.0, 1.0, 1.0, 1.0, 1.0, 1.0, 1.0, 1.0, 1.0, 0.9811961523272398, 0.7811961523272397, 0.5811961523272398, 0.38119615232723975, 0.18119615232723973, 0.0, 0.0, 0.0, 0.16311195882249524, 0.363111958813367, 0.5631119588041804, 0.7604565210034967, 0.9604565209852355, 1.0, 1.0, 1.0, 1.0, 1.0, 1.0, 1.0, 1.0, 1.0, 1.0, 1.0, 1.0, 1.0, 1.0, 1.0, 1.0, 1.0, 1.0, 1.0]","[1.0, 0.75, 0.5, 0.36466114827665874, 0.2794828436860059, 0.22545072273193417, 0.18999720680049365, 0.1733818290633984, 0.15612031488760514, 0.14232619220260864, 0.1423261921809721, 0.14232619211834807, 0.1250000009714425, 0.1250000006039737, 0.12500000047737703, 0.133030888410416, 0.1250000000279095, 0.13780507993028132, 0.30308228245177676, 0.29398662201874726, 0.259555663783219, 0.29952030791694506, 0.5395313214168427, 0.7162506869922298, 0.5637534533713628, 0.4831931798040776, 0.4246162300062508, 0.4246162300062508, 0.4246162300062508, 0.4195179086371495, 0.4195178470344188, 0.40827423842019017, 0.38232324277117075, 0.35618796761193694, 0.26823902709345077, 0.15477887385030056, 0.15477887287546754, 0.15477887155797782, 0.1447314064231098, 0.14473134099695292, 0.12847307544115147, 0.12500016339951897, 0.12500015364234762, 0.12500012227717752, 0.12500011744642037, 0.12500001368567407, 0.12500000742539136, 0.12500000742539136]","[0.49, 0.49, 0.49, 0.2652641493777488, 0.16694948091805983, 0.10590295706998057, 0.06948889161913407, 0.03256614075646477, 0.0338325677845548, 0.02703648085470528, 0.0, 0.0, 0.03395933503125124, 0.0, 0.0, -0.01638301355936063, 0.01574054256776911, -0.026122363000838478, -0.3371654931438507, 0.01782749444873788, 0.06748467814163539, -0.08988601057411744, -0.4896224675397911, -0.36050750577378965, 0.2988945778968992, 0.15789813619187906, 0.11481082160374051, 0.0, 0.0, 0.00999270988343855, 1.2074135220283225e-07, 0.022037472883888146, 0.05086395147207811, 0.051225139312098295, 0.1723799238053711, 0.22238190074139827, 0.0, 0.0, 0.019693032048023622, 1.286166857572417e-07, 0.03186620087297003, 0.006806907983428833, 0.0, 6.184019198275433e-08, 9.867618566546245e-09, 2.0375364592689415e-07, 0.0, 0.0]","[0.2433131042215826, 0.29513905888303443, 0.18955233235712085, 0.0, 0.0, 0.10056817832107912, 0.07921309871146498, 0.1460391034238787, 0.0216954745897142, 0.0753790322889561, 0.1333500252306374, 0.08740195187250971, 0.9159802812566167, 0.7406757686787768, 0.2677165069383477, 0.0, 0.0, -0.011097148814874615, 0.0, -0.002089391916035758, -0.03946566880853968, -0.3418643845434229, -0.2442223968776437, -0.19269375594581004, 0.0, 0.23376964814053197, 0.06422140517957402, 0.0, 0.17766605573350844, 0.19168396673804064, 0.6861508622452688, 0.804665591107699, 0.9403922249624407, 1.1045387778519862, 1.066611350085424, 1.3876242036087962, 0.8291810997588305, 0.6986713725797413, 0.872125473413105, 1.0733044134392113, 0.9042768938748786, 1.0305733523677703, 0.847429050007703, 0.894711597543682, 0.8020648641441047, 1.0429246142975974, 0.9831997061600131, 0.7590562401507827]","[0.02857856938921956, 0.026401362803607345, 0.026269648511524725, 0.03187815407649852, 0.030685660932764595, 0.03080119021336432, 0.03276388314134277, 0.03166970874340421, 0.03485297173641953, 0.0325160071217074, 0.03227947198843063, 0.033899120513258045, 0.04923821699881212, 0.04305022193775518, 0.041446511512012806, 0.045168816527924226, 0.04904009823492928, 0.08254929102763839, 0.10647563344225547, 0.08066000309746799, 0.10151211287835253, 0.14851104299344575, 0.13386613194475033, 0.1349044985571663, 0.14045548242639208, 0.1153729842868648, 0.11018017493175185, 0.10434034656712407, 0.0761154789095398, 0.0668940599995696, 0.05746401287573244, 0.05571989015028914, 0.05347236719508091, 0.057436542133306574, 0.05911785007898512, 0.062319863956003946, 0.04466368528392995, 0.04714677160995727, 0.050070675824614254, 0.05111178475116486, 0.04808528132427763, 0.049598483158883794, 0.0502299186421783, 0.051376453932853186, 0.04930565567809274, 0.050979468439566085, 0.05037126673053438, 0.048358330851584745]","[2.552232246839093, 2.554598864518298, 2.570320018157834, 2.622338899574276, 2.6135414836061126, 2.589224015755772, 2.6279717978130464, 2.5850943464004454, 2.6274778923373967, 2.5841752347221973, 2.609913601837287, 2.625287180907117, 3.306485121790118, 3.400840834901885, 3.3755089566082166, 3.3543518698018024, 3.3354193141878508, 3.3126990396561484, 3.3447677309280603, 3.387830171081905, 3.374676427870492, 3.339744798764725, 3.309518997252684, 3.3714409293338763, 4.086352494153745, 4.056738899946032, 4.119421116424987, 4.096731834783149, 4.125152129188705, 4.032956950209494, 4.1282253909097815, 4.094297194872794, 4.038235703257669, 4.093142250901273, 4.087421038390197, 4.044404676824943, 3.351859105631551, 3.3562426888488157, 3.37618974061688, 3.318423607219592, 3.336497992954915, 3.302451063769031, 3.341617686481741, 3.3433459110456845, 3.3315521429580306, 3.36242911465839, 3.365670666249276, 3.3077181454263513]","[0.0, 0.0, 0.0, 0.0, 0.0, 0.0, 0.0, 0.0, 0.0, 0.0, 0.0, 0.0, 0.0, 0.25807397748131944, 0.678666965903805, 0.8295329690825093, 1.1053024022633604, 1.210469753513462, 1.4629556149446012, 1.5577844438549584, 1.9482668332296822, 2.343769213402179, 2.6620497329167163, 2.505758807881406, 2.2849788988516546, 2.1526606513799194, 2.0545399456128375, 2.0332790254338344, 1.5285957810899196, 1.3643221859882555, 0.9746073044211502, 0.7600264348335908, 0.6598777235410511, 0.4793378485572768, 0.3501041428116503, 0.21274427256845027, 0.1547423723958212, 0.1011495778384667, 0.0, 0.0, 0.0, 0.0, 0.0, 0.0, 0.0, 0.0, 0.0, 0.0]","[1.6474976839435365, 1.3958610687275383, 1.3170372286917087, 1.58895298081486, 1.4784458974810453, 1.4135534363928817, 1.5120328934410512, 1.438158784997237, 1.6068020972531074, 1.5142756656794245, 1.508843017216063, 1.5717843229742043, 1.405783722917959, 1.4451412544543811, 1.4705719197764386, 1.586370728957448, 1.2822203166842454, 1.440801936658769, 1.744257090242325, 1.51377147546449, 1.318706545858822, 1.5762370233036629, 1.515180260698152, 1.5537878817292305, 1.4798225455957787, 1.26467137330217, 1.4329170013563026, 1.4073366152227682, 1.5345492465749198, 1.533852148033807, 1.5249311168137438, 1.563287586622488, 1.4405741709003765, 1.5154770277334428, 1.5574434721863568, 1.283974164280341, 1.4125993168949482, 1.6035685074944097, 1.534441857864748, 1.2962308503399025, 1.4484401799485263, 1.3146692870139116, 1.544418485173674, 1.500010649129822, 1.5787929250579937, 1.3704837654889501, 1.4328422145836512, 1.5970202216499]",nan,"[2, 2, 2, 2, 2, 2, 2, 2, 2, 2, 2, 2, 2, 2, 2, 2, 2, 2, 2, 2, 2, 2, 2, 2, 2, 2, 2, 2, 2, 2, 2, 2, 2, 2, 2, 2, 2, 2, 2, 2, 2, 2, 2, 2, 2, 2, 2, 2]","[3, 3, 1, 1, 1, 2, 2, 1, 3, 2, 1, 1, 1, 1, 2, 1, 1, 1, 1, 2, 1, 1, 1, 1, 1, 1, 3, 1, 2, 1, 1, 1, 1, 1, 1, 1, 1, 1, 1, 1, 1, 1, 1, 1, 1, 1, 1, 1]",48,0
33,Perfect-Global,86,test_id,id_actual,perfect_full_horizon,48,,1286.8238276394127,1286.8238276394127,0.0,,1801.0339999198914,37.521541664997734,1801.0339999198914,0,1,True,,100086,perfect_global_clean,48,48,True,,1.0,0.12500000000814654,"[31.72664530291696, 34.15991546461562, 29.309833059306076, 15.309708896351186, 10.201003086688711, 10.98202676743983, 10.710334641640758, 10.625689230810536, 6.16615, 7.077052172810875, 8.494759625103313, 8.224449076823227, 37.54259233672961, 39.93241243158422, 22.731113548821227, 6.16615, 6.16615, 6.16615, 4.932728, 5.438703194132988, 4.2358892355665985, 3.002617476393581, 2.8079935071859397, 4.041250115810925, 5.274602724935851, 6.16615, 6.16615, 6.16615, 14.750369573406038, 18.623267075335313, 48.621741905074515, 57.31891096727288, 67.52656572583649, 70.10237206219205, 67.12227554672666, 76.29638748540638, 46.38311996589465, 39.54555531552101, 42.08823028035556, 48.47548213575534, 43.541118581368835, 46.991413379179654, 40.372081476595234, 40.90505000251094, 37.754741224903945, 47.84663991352095, 45.11347130371151, 37.52066382317657]","[37.521541664997734, 37.521541664997734, 37.521541664997734, 37.521541664997734, 37.521541664997734, 37.521541664997734, 37.521541664997734, 37.521541664997734, 37.521541664997734, 37.521541664997734, 37.521541664997734, 37.521541664997734, 37.521541664997734, 37.521541664997734, 37.521541664997734, 37.521541664997734, 37.521541664997734, 37.521541664997734, 37.521541664997734, 37.521541664997734, 37.521541664997734, 37.521541664997734, 37.521541664997734, 37.521541664997734, 37.521541664997734, 37.521541664997734, 37.521541664997734, 37.521541664997734, 37.521541664997734, 37.521541664997734, 37.521541664997734, 37.521541664997734, 37.521541664997734, 37.521541664997734, 37.521541664997734, 37.521541664997734, 37.521541664997734, 37.521541664997734, 37.521541664997734, 37.521541664997734, 37.521541664997734, 37.521541664997734, 37.521541664997734, 37.521541664997734, 37.521541664997734, 37.521541664997734, 37.521541664997734, 37.521541664997734]",,flat_price,Flat price,Remove price variation,Removed,Strong,True,False,,,mpc_diagnostic,,0.0,full_day_optimization_objective,False,9,11378,0,6482,4752,48,1801.0339999198914,0.0019341160836267152,0.0019341160836267152,9,4,,,,,,,,,,,,,
33,MPC-3,87,test_id,id_actual,id_reliable,3,,1549.3840753531153,1301.8421990486618,19.01473746091101,,142.24799966812134,2.963499993085861,32.10799980163574,0,0,True,,100087,pure_mpc_clean,4,48,True,,1.0,0.12499999981176041,"[27.5314963894559, 22.901183719393526, 3.5393305894335048, 4.532780396559642, 5.766169533545933, 14.299597898875202, 8.212933221883585, 10.227135662233092, 16.77058440622569, 10.793287597133384, 24.220118475714187, 18.067582285174673, 61.36764144527108, 50.80170801418065, 19.834198693715873, 11.983448080603864, 5.252730129095086, 4.01937922189402, 3.283672967551529, 2.377477573999154, 1.1443504786480483, 0.0, 0.0, 0.7448066085984234, 1.350271936879419, 2.583415008824827, 7.830217709854465, 7.974835808764202, 18.39759131039858, 32.45264617023883, 50.93167995981737, 66.76212388268871, 79.44249810836264, 74.3967288694572, 87.62569903193099, 73.46265219682896, 58.82367272104423, 57.187828525780404, 69.41937676338185, 60.67549695774274, 67.437615338315, 56.38157727269638, 49.02312539742659, 67.01590304179057, 52.50960199785659, 56.57026202409367, 59.08100584786093, 64.37663608189408]","[0.4330000877380371, 6.1650002002716064, 0.39800000190734863, 0.3919999599456787, 0.07800006866455078, 12.822999954223633, 14.46399998664856, 15.714999914169312, 1.61899995803833, 6.6519999504089355, 0.3269999027252197, 0.34599995613098145, 0.3409998416900635, 0.3819999694824219, 3.9839999675750732, 3.5429999828338623, 5.232000112533569, 0.5109999179840088, 0.8130002021789551, 5.891999959945679, 0.5440001487731934, 0.43400001525878906, 8.657000064849854, 4.448999881744385, 2.9800000190734863, 0.5750000476837158, 32.10799980163574, 5.8500001430511475, 1.5230000019073486, 0.5350000858306885, 0.1660001277923584, 0.13499999046325684, 0.14399981498718262, 0.15700006484985352, 0.5230000019073486, 0.4739999771118164, 0.31800007820129395, 0.14100003242492676, 0.1230001449584961, 0.35199999809265137, 0.24599981307983398, 0.32399988174438477, 0.4199998378753662, 0.12599992752075195, 0.33299994468688965, 0.35700011253356934, 0.10899996757507324, 0.034999847412109375]",,flat_price,Flat price,Remove price variation,Removed,Strong,True,False,,,mpc_diagnostic,,19.01473746091101,,,,698.125,0.0,398.5,290.8125,2.9375,2.963499993085861,0.0008233903884482223,0.0009992314964239893,2.0,1.0,"[0.2, 0.4, 0.5740411781935605, 0.7351449518389256, 0.9351446709023289, 1.0, 1.0, 1.0, 1.0, 1.0, 1.0, 1.0, 1.0, 1.0, 1.0, 1.0, 0.8518900022228926, 0.6518900022228926, 0.5325805719548058, 0.385615314802868, 0.18561531480286797, 0.0, 0.0, 0.12081024087158275, 0.21901465153461339, 0.419014642600503, 0.6190146425888936, 0.8190146425705925, 1.0, 1.0, 1.0, 1.0, 1.0, 1.0, 1.0, 1.0, 1.0, 1.0, 1.0, 1.0, 1.0, 1.0, 1.0, 1.0, 1.0, 1.0, 1.0, 1.0]","[1.0, 0.75, 0.5511267456395946, 0.40746365975725013, 0.30421307280245535, 0.23688001790264024, 0.20487656031561335, 0.1765401793823973, 0.1562666822710025, 0.14861007015475344, 0.14861006992652806, 0.14861006981687255, 0.12500000070501674, 0.12500000031787112, 0.12500000038823367, 0.12500000001042416, 0.125, 0.1250128478337756, 0.12500000002847317, 0.125, 0.13852057929471348, 0.15568559856186273, 0.2252433232318292, 0.39668961947325976, 0.3966895422949694, 0.33331952707405016, 0.30351050473701263, 0.30351050395604645, 0.30351050331575846, 0.3035105014539519, 0.3035105006921852, 0.3035104996186227, 0.30351049712371925, 0.30351049048494533, 0.24570182282827197, 0.15715556963033117, 0.1571555683538902, 0.1571555672009089, 0.1499790795337194, 0.14997903610227425, 0.14150365534336454, 0.1415036108559814, 0.1410571293332339, 0.13779019780888394, 0.12500005408289303, 0.12500005132884162, 0.12500004037173204, 0.12499999981176041]","[0.49, 0.49, 0.3897915785463945, 0.2815796483293952, 0.20237115043139772, 0.1319727876036376, 0.06272677687057272, 0.055539307021523474, 0.039736054306424684, 0.01500696013953137, 0.0, 0.0, 0.04627573584145983, 0.0, 0.0, 0.0, 0.0, -2.620958090218499e-05, 2.5183065841874754e-05, 0.0, -0.027581981761215513, -0.03501663930498448, -0.14721643551319571, -0.3497504443325184, 1.5126944912189732e-07, 0.12420522983300165, 0.058425683780593554, 0.0, 0.0, 0.0, 0.0, 0.0, 0.0, 1.3412644869188295e-08, 0.11330498899287784, 0.17355065665558805, 0.0, 0.0, 0.014065916209977734, 8.551091251194784e-08, 0.016611746670086913, 8.757998292656456e-08, 0.0008751041651317547, 0.006403186169748533, 0.02506868208814517, 0.0, 2.186660660598894e-08, 7.949754439721785e-08]","[0.4250255901326206, 0.3302628156669661, 0.0, 0.0, 0.0, 0.1314496630121245, 0.03307932479811854, 0.06563209151083783, 0.17138479848445562, 0.07478203684017004, 0.29178130869841107, 0.19234638036645937, 0.8921453162872094, 0.7213827557847377, 0.2208977566661151, 0.0940169386764261, 0.0, -0.004201453099309334, 0.0, 0.0, -0.1744048372957408, -0.029325767461558266, -0.0561169069952658, 0.0, 0.0, 0.0, 0.06486567392440853, 0.047270247209162564, 0.19767985956199727, 0.42483226133719315, 0.7234833124818969, 0.9793288708313327, 1.1842642118523254, 1.1027164261730458, 1.31651796415242, 1.0876202375245083, 0.8510306702390987, 0.8245927842550368, 1.022274371933444, 0.8809591427513978, 0.9902459044576162, 0.8115624609728708, 0.6926379862210358, 0.9834303521905545, 0.7489850827936418, 0.8146119115005037, 0.8551895894603786, 0.940775532636672]","[0.02630394117915402, 0.025199801976172116, 0.02868854244635964, 0.031302796185246624, 0.03125370991449105, 0.02906444335727269, 0.03163904928761523, 0.03219681387935066, 0.031308258349928245, 0.03238242281740465, 0.031029137828600742, 0.030638795424374046, 0.04748495598133361, 0.040704069950789415, 0.03979565290954533, 0.042509893855731846, 0.04984989572771554, 0.08748300326034852, 0.059749655150674416, 0.069865826354294, 0.0969356038964548, 0.09714901439308013, 0.14100731834170346, 0.1018177150384642, 0.14243839600161606, 0.11812106223765692, 0.10912938254823855, 0.0867517057560571, 0.07592297781856877, 0.06241589901232085, 0.05677307462593876, 0.05463298830057069, 0.057430527110591295, 0.057727509570472214, 0.061534475209488015, 0.059377744357134034, 0.044915019669229755, 0.046438398655977486, 0.05004075668115915, 0.04813247654778336, 0.0495328769834639, 0.048369347934283546, 0.05057047097422482, 0.05080356158057036, 0.04909386542099714, 0.05060540242145521, 0.050333418397355424, 0.04929655259722052]","[2.6039496072911765, 2.5636144314161258, 2.5256125591541743, 2.630434514467635, 2.586627551616785, 2.5618952991423782, 2.5527855401274233, 2.5970283528469738, 2.5586676242430713, 2.570479334538768, 2.5935992772000396, 2.578471122402062, 3.295609598321386, 3.3598070755084537, 3.3190567453051387, 3.31980450651639, 3.3735707720041885, 3.3086582205036876, 3.3432936064020016, 3.317062601574869, 3.3729362308456774, 3.3306543982294103, 3.388393091886167, 3.368913228512109, 4.072900383679919, 4.0888305984723665, 4.08254423178251, 4.088152947439197, 4.124627521071561, 4.128603123326018, 4.106943210279455, 4.09421472790264, 4.138947946118925, 4.05993889793053, 4.129469726107022, 4.027606878179681, 3.29806311019217, 3.2998013596137517, 3.338475002822255, 3.327034092729087, 3.379498194177875, 3.337095022519774, 3.3430779873913092, 3.364013439730453, 3.3064741491837935, 3.3350503368604807, 3.3220218381191966, 3.317432396141213]","[0.0, 0.0, 0.0, 0.0, 0.0, 0.0, 0.0, 0.0, 0.0, 0.0, 0.0, 0.0, 0.0, 0.26514408937450173, 0.6171346949276846, 0.8276078542167948, 1.0615007857289043, 1.3159576942007183, 1.380975433382407, 1.6276905531681019, 1.928311954261111, 1.9040989818610672, 2.249809857552952, 2.3532364700820727, 2.5180769629243835, 2.1315191445582493, 2.0890363592411494, 1.7199814172746093, 1.4947957597653585, 1.1244260522619587, 1.0110703948201158, 0.8054598802118864, 0.6209307067386728, 0.5185961148115772, 0.33287415948921756, 0.2555156862781104, 0.1652478662306902, 0.10013974466609954, 0.0, 0.0, 0.0, 0.0, 0.0, 0.0, 0.0, 0.0, 0.0, 0.0]","[1.515227882293919, 1.3685513520202413, 1.5904682659528273, 1.6450126727924097, 1.480365444423179, 1.3275365221488877, 1.48861828592429, 1.508053403509333, 1.3788549563127537, 1.513072681824199, 1.332847076615423, 1.416763511114461, 1.4046734546792652, 1.4139842414022648, 1.520819548220814, 1.4406890757778488, 1.5100295399550645, 1.4325211900206531, 1.4894620746029594, 1.3736219893896635, 1.5579313847351441, 1.5880468375279624, 1.482923895181544, 1.3464345566279858, 1.4782470186555714, 1.5322126481702296, 1.3603307908990239, 1.5886383446069412, 1.5080748783361695, 1.6417607051191347, 1.429162576141632, 1.364058963088521, 1.3911835497814433, 1.4963538535365175, 1.4283070891001453, 1.5702980424999555, 1.3266995333193754, 1.4215072271565143, 1.3521754717862131, 1.494207341463281, 1.4221734204595153, 1.5739017691911836, 1.700135368402775, 1.4249834633770897, 1.5815141918242959, 1.5710437637368662, 1.5171656456141478, 1.4259533370223931]",nan,"[2, 2, 2, 2, 2, 2, 2, 2, 2, 2, 2, 2, 2, 2, 2, 2, 2, 2, 2, 2, 2, 2, 2, 2, 2, 2, 2, 2, 2, 2, 2, 2, 2, 2, 2, 2, 2, 2, 2, 2, 2, 2, 2, 2, 2, 2, 2, 2]","[2, 3, 2, 1, 1, 1, 2, 2, 1, 1, 1, 1, 1, 1, 6, 3, 4, 1, 1, 5, 1, 2, 3, 2, 1, 1, 4, 1, 1, 1, 1, 1, 1, 1, 1, 1, 1, 1, 1, 1, 1, 1, 1, 1, 1, 1, 1, 1]",48,0
33,Perfect-Global,87,test_id,id_actual,perfect_full_horizon,48,,1301.8421990486618,1301.8421990486618,0.0,,1801.667000055313,37.53472916781902,1801.667000055313,0,1,True,,100087,perfect_global_clean,48,48,True,,1.0,0.12500000000815506,"[41.96963410376666, 35.18313217478591, 18.306314207624443, 12.543322856474173, 8.864274279209559, 13.710535783780532, 7.673140086385755, 7.668211464821139, 10.842662668977624, 6.449406615088301, 16.042803504140437, 11.330159989016906, 37.823241238317586, 41.2251519848743, 19.83422339788068, 11.983481013168621, 6.16615, 6.16615, 5.857992028392718, 4.624594014353718, 3.391291999279306, 2.5823792962643326, 1.5740210061952316, 2.8071815392938055, 4.040438084780413, 5.2737906293092225, 6.16615, 6.16615, 18.39759133613586, 32.45264635306991, 50.931680000241855, 66.76212384059698, 75.66239690759294, 68.06911762484228, 73.37593644314643, 63.69637296616593, 45.203599672312876, 41.828822230247354, 47.239926735621395, 40.99532993986808, 45.95216661830569, 39.35062267407612, 32.936698921441646, 45.039518247714845, 36.8683999729465, 38.12001971461086, 40.054575931449165, 42.63866895209383]","[37.53472916781902, 37.53472916781902, 37.53472916781902, 37.53472916781902, 37.53472916781902, 37.53472916781902, 37.53472916781902, 37.53472916781902, 37.53472916781902, 37.53472916781902, 37.53472916781902, 37.53472916781902, 37.53472916781902, 37.53472916781902, 37.53472916781902, 37.53472916781902, 37.53472916781902, 37.53472916781902, 37.53472916781902, 37.53472916781902, 37.53472916781902, 37.53472916781902, 37.53472916781902, 37.53472916781902, 37.53472916781902, 37.53472916781902, 37.53472916781902, 37.53472916781902, 37.53472916781902, 37.53472916781902, 37.53472916781902, 37.53472916781902, 37.53472916781902, 37.53472916781902, 37.53472916781902, 37.53472916781902, 37.53472916781902, 37.53472916781902, 37.53472916781902, 37.53472916781902, 37.53472916781902, 37.53472916781902, 37.53472916781902, 37.53472916781902, 37.53472916781902, 37.53472916781902, 37.53472916781902, 37.53472916781902]",,flat_price,Flat price,Remove price variation,Removed,Strong,True,False,,,mpc_diagnostic,,0.0,full_day_optimization_objective,False,9,11378,0,6482,4752,48,1801.667000055313,0.002001223757658277,0.002001223757658277,9,2,,,,,,,,,,,,,
33,MPC-3,88,test_id,id_actual,id_reliable,3,,1546.7666529307762,1322.371118318813,16.969179945282452,,152.74000024795532,3.182083338499069,30.77900004386902,0,0,True,,100088,pure_mpc_clean,4,48,True,,1.0,0.12499999981144176,"[34.28755864434352, 3.7689397549802335, 7.24777235722347, 10.578863717376137, 18.538649576554903, 12.567288799534175, 18.342005188991077, 20.79017111659425, 11.059509683257435, 6.024305722034236, 19.185875150377974, 18.09541051281092, 59.02003006997796, 51.89994619768368, 22.2138578007428, 11.206979635336708, 6.16615, 5.4663140476038485, 4.233119864673705, 2.9998483200649213, 1.7666727754561375, 0.5335932318473162, 0.0, 0.0, 10.145882557283796, 2.4661718737006657, 3.6994018335998904, 9.45481537506951, 7.910026592985997, 37.09719994849885, 29.469675848838236, 62.39116005519856, 72.20231311244312, 75.7262082380049, 74.01909249940044, 70.51866479017892, 55.361580319456905, 55.343066102491335, 63.57719816965372, 58.78811991906023, 76.77859466714771, 71.89936852028335, 68.94876561121234, 50.36320884750812, 52.64125394855205, 62.57775025302347, 67.39251531471355, 62.00175636500509]","[0.36999988555908203, 28.668999910354614, 9.079999923706055, 12.770000219345093, 4.566999912261963, 4.687000036239624, 5.578999996185303, 1.0420000553131104, 11.13700008392334, 0.07599997520446777, 0.375, 0.32700014114379883, 0.26200008392333984, 0.3489999771118164, 1.3040001392364502, 0.5220000743865967, 0.13099980354309082, 0.5280001163482666, 0.0559999942779541, 0.5669999122619629, 0.5090000629425049, 0.04199981689453125, 7.815000057220459, 0.4960000514984131, 30.77900004386902, 0.7860000133514404, 0.3429999351501465, 21.342000007629395, 2.2910001277923584, 0.4679999351501465, 0.6909999847412109, 0.15000009536743164, 0.46199989318847656, 0.7939999103546143, 0.4509999752044678, 0.14499998092651367, 0.32200002670288086, 0.3190000057220459, 0.2539999485015869, 0.3599998950958252, 0.12599992752075195, 0.12999987602233887, 0.23100018501281738, 0.317000150680542, 0.37400007247924805, 0.2239999771118164, 0.08800005912780762, 0.03299999237060547]",,flat_price,Flat price,Remove price variation,Removed,Strong,True,False,,,mpc_diagnostic,,16.969179945282452,,,,698.125,0.0,398.5,290.8125,2.9375,3.182083338499069,0.0008043388329190362,0.0009957683084666077,2.0,1.0,"[0.2, 0.4, 0.6, 0.7999998915563258, 1.0, 1.0, 1.0, 1.0, 1.0, 0.9770006708345181, 1.0, 1.0, 1.0, 1.0, 1.0, 1.0, 1.0, 0.8865231574681669, 0.6865512682991591, 0.4865512682991591, 0.2865512682991591, 0.08655126846135483, 0.0, 0.0, 0.2, 0.3999999795165135, 0.5999999730149878, 0.8, 1.0, 1.0, 1.0, 1.0, 1.0, 1.0, 1.0, 1.0, 1.0, 1.0, 1.0, 1.0, 1.0, 1.0, 1.0, 1.0, 1.0, 1.0, 1.0, 1.0]","[1.0, 0.75, 0.5, 0.3458573169937997, 0.27278100847781855, 0.22847002342793238, 0.19004909620218544, 0.1703693879236501, 0.16064235217291825, 0.14758897629927126, 0.1475889761745286, 0.1475889761538196, 0.12500000113099882, 0.12500000065522493, 0.1250000003236963, 0.1250000000092372, 0.12816934787335205, 0.13093312646549557, 0.19842001521308678, 0.42651923232811567, 0.46196915452682397, 0.47680782789561516, 0.48282402139843716, 0.7158815584651449, 0.5024396244313141, 0.44227203120580233, 0.35161362554476167, 0.35161362554476167, 0.351613624619522, 0.3516136235598783, 0.3516136227046716, 0.3516136205037534, 0.35161361539309866, 0.33298575788230284, 0.2548118744543717, 0.13128399204441835, 0.13128399097531038, 0.13128398979339231, 0.13128398359617596, 0.13128397870257322, 0.12595192284837678, 0.12530430582825877, 0.12500008941587193, 0.12500008754787645, 0.12500005680920814, 0.12500004362074393, 0.12500003884794406, 0.12499999981144176]","[0.49, 0.49, 0.49, 0.3021196586921526, 0.14322956508435597, 0.0868495310909151, 0.07530501775426825, 0.03857222861716351, 0.0190649904635883, 0.025584620613136804, 0.0, 0.0, 0.04427439142955047, 0.0, 0.0, 0.0, -0.006465471839289436, -0.0056381112139044605, -0.144729181705897, -0.465322402914659, -0.07231784128536493, -0.03965648495590324, -0.02194281113027427, -0.47543737561608385, 0.4183461907063084, 0.11792848272200301, 0.17769047509563968, 0.0, 0.0, 0.0, 0.0, 0.0, 0.0, 0.036510601108908004, 0.1532208119067319, 0.2421147136837638, 0.0, 0.0, 0.0, 0.0, 0.010450829854999791, 0.0012693297408061799, 0.000596264550168489, 0.0, 6.0580944182595e-08, 2.6238093541047817e-08, 0.0, 7.651154451028709e-08]","[0.5342144750600972, 0.021054832403720938, 0.05734739971270254, 0.09125068906883521, 0.1999595891160388, 0.10345274827529981, 0.1967814980038962, 0.23634781602576566, 0.0790846009415343, 0.0, 0.21041980041014907, 0.19279612949997443, 0.8542041223430782, 0.7391320597605443, 0.2593568937493786, 0.08146795370241144, 0.0, 0.0, -0.1661441316926697, -0.00541916886947821, -0.17744747918915826, -0.22322148607357437, -0.28168143931476214, -0.18190537248382196, 0.14404597264297045, 0.0, 0.0, 0.07308424309557936, 0.028183864129066625, 0.4998957567434157, 0.37662263998122397, 0.9086870311951283, 1.0672511210091817, 1.1242029614223015, 1.0966132121115222, 1.0400406433692126, 0.7950776617285964, 0.794778442060466, 0.9278553239539995, 0.8504560794999633, 1.1412112269438015, 1.062355046792458, 1.0146685351307045, 0.7142959005657877, 0.7511127910877098, 0.9117026303518944, 0.9895170151872896, 0.9023936382223046]","[0.021576369986645572, 0.03072873671057671, 0.028157074808717163, 0.02938036170684195, 0.030177332395147832, 0.031116796077916495, 0.03097175154448198, 0.03099911444105119, 0.033844009961320816, 0.033199851245996816, 0.03371050526436348, 0.03239513354774381, 0.047102869509119794, 0.040994650790766904, 0.0415301134275803, 0.044367296573742665, 0.04706888521623389, 0.04971739203791579, 0.06697567240598909, 0.08189241669927445, 0.09475547554190694, 0.14307478005699378, 0.13895264099405916, 0.1286367268958324, 0.1354859847912302, 0.11704326570814103, 0.10573933374874195, 0.09532476412618918, 0.07520651124761084, 0.06208746214111719, 0.06255697804085394, 0.05369600875574932, 0.056206776201838365, 0.05827431533346971, 0.05804264180306702, 0.05887847474080769, 0.044876245538208265, 0.04631590958460621, 0.04947917883935926, 0.0503506971486142, 0.051637619269059166, 0.05195793383522975, 0.0522019493975161, 0.04914360479590745, 0.05073976057201449, 0.04890571613179125, 0.05158015666473356, 0.05131685967034895]","[2.4893101818428693, 2.5986717471710516, 2.6125154292156343, 2.634709936993539, 2.6334769666117626, 2.5981932536388843, 2.6088263612204123, 2.6413928339639767, 2.6236554487850903, 2.5728552734165606, 2.6553552261631355, 2.631839369334071, 3.319159679708292, 3.290790574338689, 3.3817576864187164, 3.3547603213736195, 3.3299916321749436, 3.32408413800577, 3.3606252361023206, 3.379659392248141, 3.346252615211314, 3.381713035356576, 3.361192234966117, 3.3770087017679717, 4.126491955352849, 4.095250271278546, 4.062663774767229, 4.1093303288521055, 4.058971325931768, 4.119647203074488, 4.067479765109342, 4.086995396924157, 4.085312977846773, 4.0984007733721075, 4.04978695221291, 4.083459625513068, 3.362131238687639, 3.3458892034236154, 3.325505797145441, 3.3677634255926345, 3.3564276645410827, 3.345788620559802, 3.397348105576369, 3.3389710686122185, 3.3618213485238626, 3.3192696659736836, 3.3398826571653943, 3.3726656970195443]","[0.0, 0.0, 0.0, 0.0, 0.0, 0.0, 0.0, 0.0, 0.0, 0.0, 0.0, 0.0, 0.0, 0.257338779505815, 0.5796146158944919, 0.8098506456037602, 1.0103880500958982, 1.1641512788048565, 1.445189581213635, 1.930586488829555, 1.919362597197448, 2.329510034599836, 2.4785290204391415, 2.586121992264185, 2.185008607402999, 2.0960216020795888, 1.9128191984477683, 1.8941105785030152, 1.4753668070797252, 1.1431229609478448, 1.1128307408628215, 0.8289258984476978, 0.64855184208237, 0.4231476732356597, 0.3004841799350282, 0.22700352127655504, 0.14525347380604242, 0.08905581555154307, 0.0, 0.0, 0.0, 0.0, 0.0, 0.0, 0.0, 0.0, 0.0, 0.0]","[1.2866719608050183, 1.7183430860528692, 1.4933240512041703, 1.4707191106345245, 1.320465112856387, 1.439007736156177, 1.3677115673844868, 1.3974718763559775, 1.5593491078086132, 1.6034698374172445, 1.47864590446919, 1.4714383461771103, 1.4677840358632808, 1.3353143280250184, 1.584316239157432, 1.5078089693072032, 1.373137937266216, 1.328765202302116, 1.6067334094352166, 1.5151556236028196, 1.4848595457311369, 1.3716044833749927, 1.3252400062227356, 1.576866184499516, 1.3145768586991735, 1.5983434771532945, 1.4778934663690702, 1.4374600711635368, 1.630627121983343, 1.5387159454761707, 1.6405833606587996, 1.4030784717589153, 1.4257167809710134, 1.5728138533551441, 1.5575113904844662, 1.6331793420218759, 1.46667628717978, 1.508370853125775, 1.4471296399182947, 1.5676579842697587, 1.2564032274367742, 1.334122178277095, 1.4342852557088013, 1.6738187692140143, 1.6614482578285146, 1.456472725937977, 1.4019457893223004, 1.521588842375865]",nan,"[2, 2, 2, 2, 2, 2, 2, 2, 2, 2, 2, 2, 2, 2, 2, 2, 2, 2, 2, 2, 2, 2, 2, 2, 2, 2, 2, 2, 2, 2, 2, 2, 2, 2, 2, 2, 2, 2, 2, 2, 2, 2, 2, 2, 2, 2, 2, 2]","[2, 3, 3, 3, 1, 1, 1, 2, 2, 1, 1, 1, 1, 1, 2, 1, 1, 2, 1, 1, 1, 1, 4, 1, 4, 1, 1, 3, 2, 1, 2, 1, 1, 1, 1, 2, 1, 1, 1, 1, 1, 1, 1, 1, 1, 1, 1, 1]",48,0
33,Perfect-Global,88,test_id,id_actual,perfect_full_horizon,48,,1322.371118318813,1322.371118318813,0.0,,1800.8650000095367,37.51802083353201,1800.8650000095367,0,1,True,,100088,perfect_global_clean,48,48,True,,1.0,0.1250000000081486,"[44.36073835776493, 24.62787721317272, 25.69254594368902, 19.759525545689403, 17.33525155966845, 11.660326138832975, 14.25181613092281, 15.311165356094337, 7.858828008417422, 6.16615, 11.93704721870268, 11.929451399519351, 37.884382471831145, 40.48940380563236, 22.213860897760817, 11.206982649692225, 6.16615, 6.16615, 5.366086104787554, 4.132726375703087, 3.2023922342283417, 2.4661720000000003, 3.699402, 4.932728, 15.09338314524686, 6.16615, 7.399433107883817, 10.671477145536798, 7.910029538996011, 37.09720006894888, 29.469675750040885, 62.391160218005155, 72.20230231861004, 67.26841457243849, 65.89714766263471, 64.3286343059986, 44.98701409188941, 41.68743344100675, 43.19112607974916, 40.55138292488062, 51.706529090819345, 47.61444072096604, 45.938770331171185, 35.432459468366645, 36.75785498224575, 42.371029321612376, 44.988743990116085, 42.43216662953947]","[37.51802083353201, 37.51802083353201, 37.51802083353201, 37.51802083353201, 37.51802083353201, 37.51802083353201, 37.51802083353201, 37.51802083353201, 37.51802083353201, 37.51802083353201, 37.51802083353201, 37.51802083353201, 37.51802083353201, 37.51802083353201, 37.51802083353201, 37.51802083353201, 37.51802083353201, 37.51802083353201, 37.51802083353201, 37.51802083353201, 37.51802083353201, 37.51802083353201, 37.51802083353201, 37.51802083353201, 37.51802083353201, 37.51802083353201, 37.51802083353201, 37.51802083353201, 37.51802083353201, 37.51802083353201, 37.51802083353201, 37.51802083353201, 37.51802083353201, 37.51802083353201, 37.51802083353201, 37.51802083353201, 37.51802083353201, 37.51802083353201, 37.51802083353201, 37.51802083353201, 37.51802083353201, 37.51802083353201, 37.51802083353201, 37.51802083353201, 37.51802083353201, 37.51802083353201, 37.51802083353201, 37.51802083353201]",,flat_price,Flat price,Remove price variation,Removed,Strong,True,False,,,mpc_diagnostic,,0.0,full_day_optimization_objective,False,9,11378,0,6482,4752,48,1800.8650000095367,0.002342312245938853,0.002342312245938853,9,2,,,,,,,,,,,,,
33,MPC-3,89,test_id,id_actual,id_reliable,3,,1634.4710005596119,1357.3754776294154,20.414065783340153,,116.38900017738342,2.4247708370288215,20.606000185012817,0,0,True,,100089,pure_mpc_clean,4,48,True,,1.0,0.1250000160331637,"[44.303648370346004, 18.6177770228303, 12.510792070957265, 4.932727709623878, 5.261210908798336, 7.685676124365008, 10.83408908490004, 21.247095960336388, 10.658746628327584, 15.100908351351569, 12.833797677695816, 17.14399254083672, 59.6903885492657, 44.78592400795619, 18.700494909047613, 6.098727634932779, 4.86548448915426, 5.015995225168529, 3.7828361030666104, 3.1009778745364907, 1.8677944581801404, 0.6347070411897878, 0.0, 0.0, 0.0, 1.2330379506888893, 29.954748678115298, 23.31783987714268, 29.992145371898605, 37.736595598299076, 38.97884534149156, 78.55899431703807, 58.02460869311872, 82.40357942955573, 87.70169054641114, 88.23251995746341, 58.96113978395137, 47.09025090647104, 61.5267809416197, 69.7478155719441, 65.88544781247477, 63.264290349203, 69.42906728568681, 75.1912531496743, 62.992476896023504, 62.613827381625484, 60.915216696094404, 51.04503528075316]","[0.15400004386901855, 8.467000007629395, 18.268999814987183, 0.10899996757507324, 0.4089999198913574, 11.813999891281128, 11.269000053405762, 0.5649998188018799, 8.043999910354614, 3.2750000953674316, 0.46700000762939453, 0.3190000057220459, 0.3429999351501465, 0.312000036239624, 3.1649999618530273, 0.30900001525878906, 0.06800007820129395, 0.16300010681152344, 0.06999993324279785, 2.7070000171661377, 0.05000019073486328, 0.44500017166137695, 0.5169999599456787, 8.144999980926514, 0.5450000762939453, 1.0809998512268066, 20.606000185012817, 4.575000047683716, 3.125999927520752, 0.7879998683929443, 1.1570000648498535, 0.1549999713897705, 0.7650001049041748, 0.4790000915527344, 0.4510002136230469, 0.4010000228881836, 0.34200000762939453, 0.4070000648498535, 0.3789999485015869, 0.12800002098083496, 0.12800002098083496, 0.33100008964538574, 0.13299989700317383, 0.11599993705749512, 0.3399999141693115, 0.3319997787475586, 0.08700013160705566, 0.0820000171661377]",,flat_price,Flat price,Remove price variation,Removed,Strong,True,False,,,mpc_diagnostic,,20.414065783340153,,,,698.125,0.0,398.5,290.8125,2.9375,2.4247708370288215,0.0007793538297481455,0.0009970366929973374,2.0,1.0,"[0.2, 0.4, 0.6, 0.8, 0.853265190312385, 1.0, 1.0, 1.0, 1.0, 1.0, 1.0, 1.0, 1.0, 1.0, 1.0, 0.9890678316486032, 0.7890959832909017, 0.8135023125821681, 0.6135304259671701, 0.502952063131594, 0.3029520632344137, 0.1029520632344137, 0.0, 0.0, 0.0, 0.19999999200199975, 0.4, 0.6, 0.8, 1.0, 1.0, 1.0, 1.0, 1.0, 1.0, 1.0, 1.0, 1.0, 1.0, 1.0, 1.0, 1.0, 1.0, 1.0, 1.0, 1.0, 1.0, 1.0]","[1.0, 0.75, 0.5, 0.35353179842203547, 0.2726926931240325, 0.2150047563942749, 0.1804624766206582, 0.1631519334898583, 0.15128176576846955, 0.1376367897929251, 0.13763678959643066, 0.13763678960182374, 0.12500000071162362, 0.1250000003801806, 0.1250000000163325, 0.1289095661958981, 0.14809089030989375, 0.1374404288751038, 0.19120416778471092, 0.12500005640569653, 0.16490541704463818, 0.4148347349861572, 0.6365708285385127, 0.7048109790164772, 0.5743321345445305, 0.44007421675572944, 0.41538539505971206, 0.4153853828726061, 0.41056407362247926, 0.40148254701119984, 0.40148254701119984, 0.39223559399633295, 0.384931953003502, 0.3573735345833371, 0.27246896959496303, 0.14713695699654258, 0.1471369562282266, 0.1471369531362792, 0.1286895362461538, 0.12868952828365535, 0.12519661220011924, 0.12519656989112588, 0.12519655747633424, 0.1251965532372621, 0.12519653501100955, 0.12500002368683283, 0.1250000160331637, 0.1250000160331637]","[0.49, 0.49, 0.49, 0.28707767509281046, 0.15844465030709728, 0.11306835599032486, 0.0677028687491739, 0.033928664927034585, 0.023265529125960988, 0.026744153303595464, 0.0, 0.0, 0.02476810660701476, 0.0, 0.0, -0.008041024836841517, -0.0471597126841683, 0.020834918602446056, -0.11725955700503321, 0.12976006243255905, -0.08945375537602265, -0.5098558086006988, -0.45234163084680523, -0.14643063023279174, 0.2557385351650155, 0.26314551869469294, 0.04839009052419407, 2.388672759659652e-08, 0.009449766130248683, 0.017799792158107706, 0.0, 0.018124027909139095, 0.014315136345948573, 0.05401450010352322, 0.16641294776332916, 0.24565074507847945, 0.0, 0.0, 0.03615693748822947, 0.0, 0.0068461159066859085, 8.331022494598052e-08, 0.0, 0.0, 3.611043679588138e-08, 0.0003851625784370431, 0.0, 0.0]","[0.6960906727966575, 0.26103604077301495, 0.14240630417708713, 0.0, 0.0, 0.024557997969535485, 0.07544143975596025, 0.2437324599650325, 0.07260762227600134, 0.1444001349713385, 0.10775996246781118, 0.17741967742766412, 0.8650381987760113, 0.6241579637649485, 0.20257527125733518, -4.831788394090562e-05, -0.01890177954815102, -3.053150258926e-05, -0.32102883441460095, 0.0, -0.2615395840343832, -0.0497576341838228, -0.0013150821239584002, -0.28559704046727946, -0.016800006740817372, 0.0, 0.44425982589876906, 0.3170656626608918, 0.40500068479836127, 0.5102294238108942, 0.5303061873372372, 1.169985362699605, 0.8381165041312116, 1.2321200715887795, 1.3177461098409882, 1.3263251710297117, 0.8532523601446685, 0.6613996106096329, 0.8947172677433486, 1.0275824738900057, 0.9651603686864608, 0.922798227865907, 1.0224309864353425, 1.1155572226209987, 0.9184052831680566, 0.9122856950565734, 0.8848334011490004, 0.7253153176687379]","[0.026241503335504505, 0.025997254634524316, 0.027960417270889843, 0.030458313982687075, 0.03274361343898742, 0.030829182974931247, 0.03177579469483009, 0.030794041255443366, 0.033051326334176526, 0.03167951721532192, 0.03308043318171562, 0.033341705803246816, 0.05008239228188033, 0.04329686276543197, 0.04246777052837376, 0.04548422410863937, 0.0689286872245122, 0.05098660114041952, 0.08821870456008739, 0.06573434325567612, 0.12167558217518235, 0.09885270476211497, 0.11377013339311304, 0.17143510878116708, 0.17803406346692416, 0.14125509995167568, 0.0901460680882933, 0.08184201100571198, 0.06828363189376593, 0.0610110280635846, 0.05924365966498201, 0.05602607152183419, 0.05538346179440182, 0.05837473947970122, 0.06129052427979034, 0.06028790238930287, 0.045309319573267295, 0.04813383434958928, 0.04815910578155832, 0.051151760895416724, 0.05022531876590798, 0.050827713443217175, 0.05163249477110927, 0.05135726236237465, 0.051788930452063925, 0.05037408414199863, 0.05083580110464879, 0.04985047787333721]","[2.6935460537603477, 2.572235449943288, 2.6390108728248824, 2.6343902615167387, 2.6037903474217847, 2.5790401073889777, 2.5652196790060997, 2.5949965004622135, 2.5936101191901146, 2.627403423934424, 2.5808137000519813, 2.59538781879156, 3.3310154800490017, 3.3712425642793598, 3.3764111544611644, 3.3727995814899323, 3.3812022096343153, 3.320914372724221, 3.3452478817858045, 3.3580114106164114, 3.35936389608746, 3.332208610137747, 3.356051764082607, 3.309019297762197, 4.0926522134219745, 4.063390691249496, 4.0890074871740065, 4.05596615128888, 4.113159206321349, 4.099096159615312, 4.095366014369926, 4.139569302824267, 4.083303606889983, 4.104568731802844, 4.071541531074696, 4.058600464984353, 3.389037843552491, 3.3395861922778547, 3.335209920350592, 3.3708581555761743, 3.3337554512986145, 3.3540456676872905, 3.3985255118020534, 3.3555561271322576, 3.363052887580343, 3.3444891583137, 3.3870225359558637, 3.326495922170611]","[0.0, 0.0, 0.0, 0.0, 0.0, 0.0, 0.0, 0.0, 0.0, 0.0, 0.0, 0.0, 0.0, 0.2661254913383782, 0.6709345383122817, 0.8948944313983697, 1.0509342850732548, 1.1378406039879676, 1.71550867463715, 1.4358433300280242, 2.136477836883601, 2.2750751968202954, 2.3994889034813074, 2.52217875176355, 2.639577724608653, 2.3248617362711532, 1.8971123423433518, 1.6989630769995545, 1.4189260548866385, 1.0517630565552993, 0.9979019788447198, 0.6928061492697746, 0.6831921133788301, 0.4560688625556062, 0.32600671444103557, 0.2138699546230038, 0.14681681421989082, 0.09825133493687996, 0.0, 0.0, 0.0, 0.0, 0.0, 0.0, 0.0, 0.0, 0.0, 0.0]","[1.33369690371747, 1.4471965495813819, 1.4345640418447765, 1.5777709517249587, 1.6248240810376906, 1.472242488556533, 1.453850701345403, 1.3481293800788179, 1.5307882665558634, 1.4879385779322538, 1.506134140069933, 1.4513098186940034, 1.491291508796456, 1.5242559715984594, 1.5453690720850424, 1.5424109191456212, 1.6761621576521066, 1.3997537050246214, 1.542715913078374, 1.355190302719946, 1.3926029175524635, 1.6126474976296752, 1.523989706965177, 1.3903033254790014, 1.3921700238560377, 1.4166385443661844, 1.389390666401432, 1.5217793991840107, 1.5480663328217472, 1.5803149155853373, 1.626401496383734, 1.3146798348898203, 1.6030633152568847, 1.4207400374541774, 1.3226662837282197, 1.333042497061594, 1.4342779301471926, 1.6280690154067199, 1.4524948213269155, 1.3944274270090968, 1.411974285887912, 1.4820750190526228, 1.4277269958386265, 1.2913561585992228, 1.496436499174635, 1.4821923852372978, 1.5530249209443245, 1.6510310509998094]",nan,"[2, 2, 2, 2, 2, 2, 2, 2, 2, 2, 2, 2, 2, 2, 2, 2, 2, 2, 2, 2, 2, 2, 2, 2, 2, 2, 2, 2, 2, 2, 2, 2, 2, 2, 2, 2, 2, 2, 2, 2, 2, 2, 2, 2, 2, 2, 2, 2]","[2, 3, 3, 1, 2, 1, 3, 1, 1, 1, 2, 1, 1, 1, 2, 1, 1, 1, 1, 1, 1, 2, 1, 4, 1, 1, 2, 1, 1, 1, 1, 1, 1, 1, 1, 1, 1, 1, 1, 1, 1, 1, 1, 1, 1, 1, 1, 1]",48,0
33,Perfect-Global,89,test_id,id_actual,perfect_full_horizon,48,,1357.3754776294154,1357.3754776294154,0.0,,1800.8220000267029,37.51712500055631,1800.8220000267029,0,1,True,,100089,perfect_global_clean,48,48,True,,1.0,0.12500000000813816,"[50.91654923575582, 33.83914618413042, 27.87334600894143, 15.384936478356334, 6.16615, 8.625970200520392, 9.630421424888823, 14.66511086909109, 7.519134123516725, 10.642733947248507, 7.739140077419294, 10.317637700178402, 36.50337398346043, 36.98362413107857, 18.70049779740206, 6.16615, 6.16615, 6.16615, 4.932728, 5.952255641636442, 4.718850289311828, 3.4855409371538473, 2.252327585495809, 3.2814966702539965, 4.514790138518123, 5.748179607282193, 6.16615, 6.16615, 19.573264724789443, 38.81792836957494, 38.97884603504304, 79.69401715978616, 58.914364131095596, 73.88663713861223, 76.18318477333148, 75.34406286943577, 47.42650542928431, 37.89410392846207, 44.06927347692701, 48.53191820512577, 46.732304771544534, 43.584358332988, 47.455240206394485, 51.422796630178794, 43.65282586915919, 43.68361516098616, 43.303352514942254, 37.00218687011361]","[37.51712500055631, 37.51712500055631, 37.51712500055631, 37.51712500055631, 37.51712500055631, 37.51712500055631, 37.51712500055631, 37.51712500055631, 37.51712500055631, 37.51712500055631, 37.51712500055631, 37.51712500055631, 37.51712500055631, 37.51712500055631, 37.51712500055631, 37.51712500055631, 37.51712500055631, 37.51712500055631, 37.51712500055631, 37.51712500055631, 37.51712500055631, 37.51712500055631, 37.51712500055631, 37.51712500055631, 37.51712500055631, 37.51712500055631, 37.51712500055631, 37.51712500055631, 37.51712500055631, 37.51712500055631, 37.51712500055631, 37.51712500055631, 37.51712500055631, 37.51712500055631, 37.51712500055631, 37.51712500055631, 37.51712500055631, 37.51712500055631, 37.51712500055631, 37.51712500055631, 37.51712500055631, 37.51712500055631, 37.51712500055631, 37.51712500055631, 37.51712500055631, 37.51712500055631, 37.51712500055631, 37.51712500055631]",,flat_price,Flat price,Remove price variation,Removed,Strong,True,False,,,mpc_diagnostic,,0.0,full_day_optimization_objective,False,9,11378,0,6482,4752,48,1800.8220000267029,0.0020325092461689967,0.0020325092461689967,9,3,,,,,,,,,,,,,
33,MPC-3,90,test_id,id_actual,id_reliable,3,,1542.934774410272,1301.8315345138046,18.520310309314503,,103.94500017166138,2.165520836909612,17.893999814987183,0,0,True,,100090,pure_mpc_clean,4,48,True,,1.0,0.1249999998132897,"[30.90120512651952, 15.669055550429908, 3.6929718440106365, 4.92629708347961, 6.15969144988026, 6.085052606998353, 11.05326504322504, 10.503139908175951, 19.28253061793407, 15.464784411692861, 13.58332389405168, 19.123114248420052, 44.660521764260615, 33.04205432117451, 22.686775295315186, 13.266322217063198, 5.429869166411865, 5.6416608830073915, 4.408279704258349, 3.1749945255093066, 1.942025108042223, 0.708931912184772, 0.0, 0.0, 2.866581621476194, 1.5951303872326936, 23.49291038944643, 5.433899261896565, 26.52805485489884, 39.464461967851804, 31.361134551435995, 64.67785437094543, 66.48298558667113, 82.08338736173117, 79.96165740739322, 83.7530507308201, 44.24122674252654, 53.545563537561236, 67.32685009194344, 59.40529719515913, 69.82426241107032, 52.729474688318, 62.063925833691435, 70.64570762968907, 66.3829499055569, 64.06353740556091, 68.29636477716735, 65.30263901818262]","[1.823000192642212, 17.893999814987183, 0.9850001335144043, 0.11599993705749512, 0.0840001106262207, 0.08800005912780762, 17.878999948501587, 12.253999948501587, 1.8350000381469727, 2.866000175476074, 0.504000186920166, 0.37199997901916504, 0.4050002098083496, 0.5559999942779541, 1.7090001106262207, 2.8889999389648438, 0.33500003814697266, 0.315000057220459, 0.5649998188018799, 0.5399999618530273, 0.0559999942779541, 0.567000150680542, 0.04800009727478027, 0.622999906539917, 12.961999893188477, 6.3429999351501465, 7.944000005722046, 3.8309998512268066, 2.0980000495910645, 0.7330000400543213, 0.5359997749328613, 0.17499995231628418, 0.2050001621246338, 0.16700005531311035, 0.4569997787475586, 0.49199986457824707, 0.40799999237060547, 0.37599992752075195, 0.14899992942810059, 0.37800002098083496, 0.14499998092651367, 0.38300013542175293, 0.15199995040893555, 0.14499998092651367, 0.26600003242492676, 0.15599989891052246, 0.09400010108947754, 0.04200005531311035]",,flat_price,Flat price,Remove price variation,Removed,Strong,True,False,,,mpc_diagnostic,,18.520310309314503,,,,698.125,0.0,398.5,290.8125,2.9375,2.165520836909612,0.0008132988490087853,0.0009982712130446388,2.0,1.0,"[0.2, 0.4, 0.5989572250061674, 0.7989571828455356, 0.9989527833776686, 0.9868504948652129, 1.0, 1.0, 1.0, 1.0, 1.0, 1.0, 1.0, 1.0, 1.0, 1.0, 0.8806135637942528, 0.9149557271718619, 0.7149557271718618, 0.5149557271718619, 0.31499136968939706, 0.11499136968939705, 0.0, 0.0, 0.2, 0.2587287907490083, 0.45872879073989375, 0.658728790728247, 0.8587287907100538, 1.0, 1.0, 1.0, 1.0, 1.0, 1.0, 1.0, 1.0, 1.0, 1.0, 1.0, 1.0, 1.0, 1.0, 1.0, 1.0, 1.0, 1.0, 1.0]","[1.0, 0.75, 0.5479779143111021, 0.380702232997766, 0.2930156769853168, 0.23834241416756086, 0.2049250145670566, 0.17845169744587613, 0.1602432456167242, 0.1471513522040209, 0.14715135218994493, 0.14715135210895688, 0.12500000117959287, 0.1250000005597019, 0.12500000044456208, 0.1250000000092589, 0.1407842199847003, 0.12500500831983147, 0.24182719451613846, 0.264171540441552, 0.23714576715060046, 0.42453143340453026, 0.5286240118383098, 0.7615614337223453, 0.5115614337223453, 0.4801526486187074, 0.42979442276983054, 0.3695588909555448, 0.3695588879215732, 0.36955888452500135, 0.3695588840164516, 0.36955888197456166, 0.3695588779391003, 0.3588538128358605, 0.27547308647039564, 0.15408452147625873, 0.15408452062327005, 0.15408451951921495, 0.1428214182228269, 0.13740091010192093, 0.13740088263397643, 0.1374003263620505, 0.13740031589578525, 0.1374003098602078, 0.1313960448339474, 0.13139601964122832, 0.1273628064706867, 0.1249999998132897]","[0.49, 0.49, 0.3959632879502399, 0.3278603353741387, 0.17186564978440047, 0.10715959903460558, 0.06549810321698833, 0.051887701950545054, 0.03568856597636621, 0.0256601114804891, 0.0, 0.0, 0.04341664820846362, 0.0, 0.0, 0.0, -0.03219981161856971, 0.030927227616577797, -0.23831725984046628, -0.04558246568784363, 0.04434665147438313, -0.38226675915801683, -0.2182287391096273, -0.4751923406434324, 0.49, 0.061561218803130306, 0.0987021226637986, 0.11806164235600011, 0.0, 0.0, 0.0, 0.0, 0.0, 0.02098192798991772, 0.16342628759395483, 0.23792158777522449, 0.0, 0.0, 0.022075678923595733, 0.010624196300645107, 5.422111397570051e-08, 1.090678142408358e-06, 0.0, 0.0, 0.01176835983385573, 4.9762449205010667e-08, 0.00790509819672652, 0.004631101048498137]","[0.4794855293174872, 0.21337993616856415, 0.0, 0.0, 0.0, 0.0, 0.07898367746626327, 0.07009276619274264, 0.2119819089767123, 0.15028096018897552, 0.11987351747962312, 0.2094054828027483, 0.6221312608365351, 0.4343580496351436, 0.2670000047727707, 0.11475025805354665, 0.0, 0.0, -0.04030796614946735, -0.10819308507804697, -0.31630697005105507, 0.0, -0.45947712342544045, -0.0850227267885078, 0.026400704993554656, 0.0, 0.33397362121131924, 0.022179369618630734, 0.34316201856077094, 0.5381545368541706, 0.4071916695181575, 0.9456437070051786, 0.974817544835089, 1.2269452502906046, 1.1926546654647376, 1.253929708780931, 0.6153547756367925, 0.7657278955565452, 0.9884557590617122, 0.8604306617399455, 1.0288179783607325, 0.752538580821301, 0.9033983973121847, 1.0420938606818435, 0.973200806554455, 0.9357153520090652, 1.0041246832673512, 0.9557412366574969]","[0.025437818795947965, 0.02781674959079732, 0.030586033387779456, 0.030402411517648276, 0.030396744995372576, 0.0322584804416846, 0.032234996271956855, 0.03340735057753401, 0.03128257024586099, 0.032486689703895705, 0.032772303803091145, 0.031751627094628324, 0.0484132011287687, 0.04286978995293357, 0.04101245477745978, 0.04326666072941093, 0.047973792015792605, 0.04766820624452622, 0.08179566550564461, 0.07682699861154592, 0.1042415544537857, 0.09160303169934803, 0.1723504526258795, 0.11748342635244309, 0.14035237760314598, 0.13443586419715967, 0.08920500722505029, 0.0953000128109443, 0.0695309719355493, 0.05991526437773797, 0.06185717725648196, 0.05250999068405665, 0.05380790864618753, 0.05921063720300462, 0.05983637255147215, 0.06018679665520403, 0.045586801312146374, 0.043412948530250774, 0.049456642312114475, 0.04860309479979096, 0.0504529920123517, 0.05011208308472748, 0.05026513946647449, 0.05068032873145488, 0.05118721534121955, 0.05169859246850187, 0.05152848559038945, 0.05026575147065547]","[2.6118946253445228, 2.5628814220102147, 2.5926206511278878, 2.6455290349785114, 2.5918535293195326, 2.614800269867439, 2.616316741017513, 2.6469750560192145, 2.6011923319462085, 2.6216832368272147, 2.609631358092526, 2.6171304330693452, 3.3394151084799493, 3.268034240684709, 3.3624900744974378, 3.369783129915495, 3.364764347185125, 3.29548773594158, 3.351048051064188, 3.349051759139566, 3.3628706684261216, 3.346683641290625, 3.3368803268975635, 3.326522380922599, 4.158657679737549, 4.081523208151871, 4.093047553452312, 4.081821461282602, 4.061091474886443, 4.116082292616408, 4.085651000591168, 4.051810035074875, 4.069889306500257, 4.08121283799989, 4.100945367411111, 4.060761822551616, 3.3586080065272053, 3.287515002462842, 3.3595083674543935, 3.303437045295742, 3.3435039496881647, 3.3658032873176937, 3.35464560857869, 3.347403828171602, 3.3740867217180552, 3.371128238301486, 3.3738306673645297, 3.3455672554513]","[0.0, 0.0, 0.0, 0.0, 0.0, 0.0, 0.0, 0.0, 0.0, 0.0, 0.0, 0.0, 0.0, 0.23620850099622803, 0.6769012764874617, 0.8111215483955564, 1.0419389250123388, 1.0532826679199587, 1.4934207865121054, 1.5932859211704722, 1.7946397356029058, 2.031173333961038, 2.6238468098889633, 2.448288137229392, 2.1144428950880703, 2.382065133134998, 1.809741880959944, 1.7875186540927919, 1.4817286278892337, 1.11809055742795, 1.214089881105453, 0.8074684951088207, 0.6587851932111677, 0.495080984187264, 0.29981943362733804, 0.2362179912401846, 0.15191081021877537, 0.11126526213739653, 0.0, 0.0, 0.0, 0.0, 0.0, 0.0, 0.0, 0.0, 0.0, 0.0]","[1.4678468043778232, 1.487318123742002, 1.6282861758320424, 1.549113932512359, 1.4514318453796733, 1.5530486606230443, 1.5040697018481932, 1.5584009346946308, 1.3848043493239577, 1.478228780270964, 1.5225301111704526, 1.4394765474946052, 1.7222803543612077, 1.640337423158575, 1.4596011959169086, 1.4871779374439513, 1.522385459346912, 1.343990383727128, 1.5030924288757876, 1.4714126601746575, 1.629441475477643, 1.6743891568741378, 1.5630898319907212, 1.5559327374776046, 1.468166457316212, 1.5136039166648994, 1.4811061039316857, 1.5906330177363888, 1.447003003725491, 1.5197524560849023, 1.526226626267126, 1.3512078196738857, 1.4900944692213591, 1.3974153131548959, 1.5048813926773488, 1.3928793318289987, 1.6369292203542427, 1.4539347335385597, 1.398433572206433, 1.4809852824722325, 1.3651389095462085, 1.6633756993217423, 1.5015123302529552, 1.3559902844254466, 1.4403047710868595, 1.487111429426544, 1.4133293719068347, 1.4354606696407595]",nan,"[2, 2, 2, 2, 2, 2, 2, 2, 2, 2, 2, 2, 2, 2, 2, 2, 2, 2, 2, 2, 2, 2, 2, 2, 2, 2, 2, 2, 2, 2, 2, 2, 2, 2, 2, 2, 2, 2, 2, 2, 2, 2, 2, 2, 2, 2, 2, 2]","[3, 3, 1, 1, 1, 1, 2, 3, 1, 1, 1, 1, 1, 2, 1, 2, 1, 1, 1, 1, 1, 1, 1, 1, 1, 2, 1, 2, 2, 1, 2, 1, 1, 1, 2, 1, 1, 1, 1, 1, 1, 1, 1, 1, 1, 1, 1, 1]",48,0
33,Perfect-Global,90,test_id,id_actual,perfect_full_horizon,48,,1301.8315345138046,1301.8315345138046,0.0,,1801.406000137329,37.52929166952769,1801.406000137329,0,1,True,,100090,perfect_global_clean,48,48,True,,1.0,0.125,"[40.911869884659296, 30.625344617415713, 18.39562507607038, 15.113986218723909, 10.468035138591798, 6.736211642561885, 8.767758071382236, 8.029818121764889, 12.41083550340571, 9.487948011465296, 6.521030901605415, 10.985350786776577, 27.2741302104672, 26.889990802039726, 22.686774955466873, 13.26632508783375, 6.16615, 6.16615, 5.649793995905022, 5.238931398894094, 4.0055815661997505, 2.7723277340053336, 3.699402, 4.932728000000009, 12.724652912171436, 4.9368613662385545, 9.05482458505338, 6.16615, 18.771730827109696, 39.46446236224818, 31.36113444295583, 64.67785445546676, 66.4829856500307, 73.89652953773424, 70.64918636831464, 72.9922511880578, 37.44463686082781, 42.07697233594243, 47.141226234813686, 41.300558362973035, 47.365698259473646, 37.59802635359326, 42.64078738220749, 47.6779261662563, 45.11087108432293, 43.803688029604984, 47.20921348342918, 44.0812065397438]","[37.52929166952769, 37.52929166952769, 37.52929166952769, 37.52929166952769, 37.52929166952769, 37.52929166952769, 37.52929166952769, 37.52929166952769, 37.52929166952769, 37.52929166952769, 37.52929166952769, 37.52929166952769, 37.52929166952769, 37.52929166952769, 37.52929166952769, 37.52929166952769, 37.52929166952769, 37.52929166952769, 37.52929166952769, 37.52929166952769, 37.52929166952769, 37.52929166952769, 37.52929166952769, 37.52929166952769, 37.52929166952769, 37.52929166952769, 37.52929166952769, 37.52929166952769, 37.52929166952769, 37.52929166952769, 37.52929166952769, 37.52929166952769, 37.52929166952769, 37.52929166952769, 37.52929166952769, 37.52929166952769, 37.52929166952769, 37.52929166952769, 37.52929166952769, 37.52929166952769, 37.52929166952769, 37.52929166952769, 37.52929166952769, 37.52929166952769, 37.52929166952769, 37.52929166952769, 37.52929166952769, 37.52929166952769]",,flat_price,Flat price,Remove price variation,Removed,Strong,True,False,,,mpc_diagnostic,,0.0,full_day_optimization_objective,False,9,11378,0,6482,4752,48,1801.406000137329,0.002305148649724914,0.002305148649724914,9,4,,,,,,,,,,,,,
33,MPC-3,91,test_id,id_actual,id_reliable,3,,1618.4678122073499,1347.0184971406122,20.151862475753493,,144.98499941825867,3.0205208212137222,32.07800006866455,0,0,True,,100091,pure_mpc_clean,4,48,True,,1.0,0.12500001107621878,"[44.9332895927778, 24.160160820048343, 3.6994013069040865, 15.697352937359417, 6.16615, 15.793440386723947, 19.103399494326418, 10.01381155619415, 12.313499659825723, 10.344048698865823, 10.166525665941336, 28.176310403274833, 71.14763156024829, 43.98680475383712, 21.038405895168072, 5.993696147152246, 4.760465113900717, 4.851776929868625, 3.6186306716852905, 2.38562647217794, 1.1524987424529922, 0.0, 0.0, 0.0, 24.8713190690494, 10.99848500091189, 10.134275858362344, 24.09452342542759, 17.938437063113724, 39.08236882408163, 48.18997207064689, 53.566468488644304, 75.86133207051029, 73.51419628029822, 90.7821164227304, 68.68632014641572, 60.56925829207048, 52.672727710492595, 59.21581309173524, 59.33251691270303, 54.52792418161301, 67.84535772608034, 63.66400879822559, 53.20319515663447, 68.50887881107403, 67.1507245208576, 58.93408837397159, 55.620577102966394]","[0.1099998950958252, 0.5659999847412109, 1.1540000438690186, 19.60199999809265, 5.320000171661377, 6.086999893188477, 2.5290000438690186, 12.746000051498413, 9.95199990272522, 6.990000009536743, 1.4119999408721924, 0.14600014686584473, 0.39300012588500977, 0.559999942779541, 1.6339998245239258, 0.4589998722076416, 0.05500006675720215, 7.976000070571899, 0.07200002670288086, 0.056999921798706055, 0.5739998817443848, 0.6540000438690186, 0.5329999923706055, 8.197999954223633, 32.07800006866455, 7.583000183105469, 6.985999822616577, 3.3420000076293945, 1.4619998931884766, 0.8050000667572021, 0.18499994277954102, 0.16500020027160645, 0.1679999828338623, 0.9609999656677246, 0.46899986267089844, 0.14700007438659668, 0.1510000228881836, 0.36700010299682617, 0.37199997901916504, 0.35199999809265137, 0.3810000419616699, 0.1529998779296875, 0.2609999179840088, 0.2649998664855957, 0.15699982643127441, 0.23599982261657715, 0.127000093460083, 0.03299999237060547]",,flat_price,Flat price,Remove price variation,Removed,Strong,True,False,,,mpc_diagnostic,,20.151862475753493,,,,698.125,0.0,398.5,290.8125,2.9375,3.0205208212137222,0.000817697835001727,0.0009988758657467655,2.0,1.0,"[0.2, 0.4, 0.5999998876010253, 0.7999998875919484, 1.0, 1.0, 1.0, 1.0, 1.0, 1.0, 1.0, 1.0, 1.0, 1.0, 1.0, 0.972037456746845, 0.7720662471476225, 0.7868731987366574, 0.5869013257019047, 0.3869369269751404, 0.18693692697514042, 0.0, 0.0, 0.0, 0.2, 0.4, 0.6, 0.8, 1.0, 1.0, 1.0, 1.0, 1.0, 1.0, 1.0, 1.0, 1.0, 1.0, 1.0, 1.0, 1.0, 1.0, 1.0, 1.0, 1.0, 1.0, 1.0, 1.0]","[1.0, 0.75, 0.5289941008028013, 0.3643959997636246, 0.2861907684870767, 0.23131566547650023, 0.20036420249061732, 0.17638077844846983, 0.15404673574416333, 0.14286588012334425, 0.14286587993040775, 0.14286587977221327, 0.1250000010730815, 0.12500000062738717, 0.12500000047588508, 0.125, 0.14197802423887254, 0.125, 0.16328764118505623, 0.17915012028263214, 0.18561457358006866, 0.20582363296035258, 0.2001023096737826, 0.42289504854324955, 0.34954901488907847, 0.3176603625408709, 0.2959541658991137, 0.29595416541871084, 0.2959541650397427, 0.2959541640557307, 0.295954163275613, 0.29595416260851576, 0.2959541600243764, 0.28725304795015966, 0.22405346492034633, 0.13265307608997573, 0.1326530756250853, 0.13265307475655932, 0.1289704408600237, 0.12897043501805766, 0.1250003282907744, 0.12500032314456405, 0.12500014815967792, 0.12500014624631425, 0.12500001914095224, 0.12500001529829172, 0.12500001107621878, 0.12500001107621878]","[0.49, 0.49, 0.43317156242650945, 0.3226122780367864, 0.1532822533020339, 0.10755520229329202, 0.06066486784381553, 0.04700751151541206, 0.04377472370044074, 0.021914477409281, 0.0, 0.0, 0.03501712263279057, 0.0, 0.0, 0.0, -0.0371812085243031, 0.033276934796113836, -0.08586105038752018, -0.04100806054676534, -0.013187484726770522, -0.0412264811357792, 0.011213793641677183, -0.4544971919232913, 0.1437582259621753, 0.06250175902761651, 0.04254414541784244, 0.0, 0.0, 0.0, 0.0, 0.0, 0.0, 0.017054180053726945, 0.12387118312353082, 0.17914476249626585, 0.0, 0.0, 0.007217962820255783, 0.0, 0.007781409569940596, 0.0, 3.433535836728071e-07, 0.0, 2.495113853525399e-07, 0.0, 0.0, 0.0]","[0.70626669240853, 0.3506099203240136, 0.0, 0.17397374756469103, 0.0, 0.15559257190664966, 0.20908686051436634, 0.062184429191016584, 0.09935110561334504, 0.06752159513318504, 0.06465253601521352, 0.3557197640933306, 1.0502057625898713, 0.6112429051125191, 0.24035969123503956, 0.0, -0.001754201045070112, 0.0, -0.07905914500888299, -0.13317637694496276, -0.004231519274132284, -0.009811538223255301, -0.2797631612497981, 0.0, 0.38203282535837413, 0.13789596769150528, 0.10399796134727018, 0.30968558263317314, 0.19025918485840362, 0.5319792941265717, 0.6791728819498487, 0.7660657533518271, 1.1263867809375399, 1.088453273216941, 1.36753077046837, 1.0104269922653046, 0.8792421542152804, 0.751621457947355, 0.8573682923916807, 0.8592544147507559, 0.7816044312179881, 0.9968356804215004, 0.9292583240117266, 0.7601946691981328, 1.0075592535123075, 0.9856092851855773, 0.8528151656399449, 0.79926346833077]","[0.02353679409382953, 0.026355417308890385, 0.029026409501098187, 0.0262213410701502, 0.03255258380941633, 0.030631616436900475, 0.030740574546809996, 0.033557667468081635, 0.031608599587492195, 0.032433055674228335, 0.03279048394615694, 0.030364741299697014, 0.0491401036911027, 0.042148602700321135, 0.04139159971126804, 0.04752148973751422, 0.05692686516420174, 0.05262234734765429, 0.06931225808750084, 0.07648369610449841, 0.08907204037575328, 0.10391644253015822, 0.16616810910676497, 0.10259300785204564, 0.11363991416365453, 0.11617411457979478, 0.09988503326559994, 0.08437208060850515, 0.07384611134627297, 0.059800163652878074, 0.05737628129752747, 0.05434494933878162, 0.05605852299902643, 0.05998920761482549, 0.06086482763268603, 0.06089112312782978, 0.04494997327426579, 0.0454542049740574, 0.04947795363369238, 0.049409937683906564, 0.048825308413992706, 0.05230446539223678, 0.05072331217189041, 0.048375036893588456, 0.050700828969474324, 0.049428839610276123, 0.050039258197634474, 0.05027500084776054]","[2.6653565069686174, 2.58610920187421, 2.558959389065821, 2.5712883886071785, 2.6440037366464484, 2.616517123403047, 2.6226363818619256, 2.611063733589466, 2.5907173927238265, 2.598197557592931, 2.5649729533980175, 2.6112184391325597, 3.3486449427264895, 3.3574522177324306, 3.341916105391043, 3.341040223055857, 3.302515689420251, 3.3527768567078886, 3.4080837192812043, 3.3443016967359727, 3.331219718151219, 3.359227890909332, 3.3593313393622664, 3.350054679097058, 4.100840757039457, 4.133627538145592, 4.068217207289447, 4.069270010352096, 4.108528684952418, 4.086308779609123, 4.139813231524238, 4.069482074385848, 4.111530068176194, 4.086902251019849, 4.072679905840978, 4.0729706982895415, 3.3590571817799297, 3.3455899294278133, 3.3218979998820135, 3.309317312279222, 3.30204787176002, 3.3834629832189536, 3.3349624545557424, 3.277588725733147, 3.3752102416013385, 3.323373549630094, 3.337238991423, 3.368728635337502]","[0.0, 0.0, 0.0, 0.0, 0.0, 0.0, 0.0, 0.0, 0.0, 0.0, 0.0, 0.0, 0.0, 0.2664597195437866, 0.5919149917760533, 0.9589763514652624, 1.0981538718741684, 1.1798608168578166, 1.5675133855993595, 1.5908720127678417, 1.8420615187926688, 2.0976527058873766, 2.104514879469018, 2.398024026211324, 2.145836667870159, 2.1604773273733553, 1.9798933293659506, 1.8104914558852387, 1.5088137924873979, 1.1309922311266183, 1.0436305666625916, 0.799994869091545, 0.6188087706383635, 0.4486616282389674, 0.32695664025756804, 0.2379402714898835, 0.14481576029681484, 0.1040746091199729, 0.0, 0.0, 0.0, 0.0, 0.0, 0.0, 0.0, 0.0, 0.0, 0.0]","[1.2926266086788698, 1.3718546140571204, 1.5548142787957702, 1.3009229039467134, 1.5232739906170174, 1.3840009260737678, 1.3836251998880884, 1.535429232242666, 1.4792000702670145, 1.541194461868454, 1.5331108740873756, 1.2858634160782634, 1.3125621616221486, 1.5218981409757109, 1.5510329758133232, 1.457547903823768, 1.5281578875612398, 1.4053877599485873, 1.487901499731631, 1.61716092637216, 1.4087123167600661, 1.4165296469111492, 1.6895339366081357, 1.5091208455299419, 1.3428525111399576, 1.4889265990521259, 1.4416668044028889, 1.2334650515176944, 1.4833018182335738, 1.4831374161180937, 1.4743860627116474, 1.5577664000071045, 1.4223930345671076, 1.5927223775412203, 1.3151861400427092, 1.7063497955871991, 1.3799492396703903, 1.535348009052564, 1.5067896478366987, 1.4994728237962465, 1.561487280547594, 1.438931758138649, 1.456427099780794, 1.5657690897124934, 1.418351567963918, 1.3871930966355208, 1.534463075739781, 1.6197401462098824]",nan,"[2, 2, 2, 2, 2, 2, 2, 2, 2, 2, 2, 2, 2, 2, 2, 2, 2, 2, 2, 2, 2, 2, 2, 2, 2, 2, 2, 2, 2, 2, 2, 2, 2, 2, 2, 2, 2, 2, 2, 2, 2, 2, 2, 2, 2, 2, 2, 2]","[1, 2, 2, 3, 1, 1, 1, 2, 2, 1, 1, 1, 1, 1, 2, 2, 1, 5, 1, 1, 1, 2, 2, 1, 3, 1, 1, 2, 1, 1, 1, 1, 1, 1, 1, 1, 1, 1, 1, 1, 1, 1, 1, 1, 1, 1, 1, 1]",48,0
33,Perfect-Global,91,test_id,id_actual,perfect_full_horizon,48,,1347.0184971406122,1347.0184971406122,0.0,,1800.5120000839233,37.51066666841507,1800.5120000839233,0,1,True,,100091,perfect_global_clean,48,48,True,,1.0,0.12500000000815326,"[51.38502440788171, 38.1976696759016, 22.837851846528313, 24.3281230270861, 11.5783485229334, 14.407557588345236, 15.152292953591717, 9.327570157651826, 9.258033548640647, 8.866108074462305, 8.066625922220071, 18.860583048980793, 45.41815699033087, 37.21838239082227, 21.03840870184581, 6.16615, 6.16615, 6.16615, 5.654063781567112, 4.4206816384786585, 4.044966824686938, 2.811709926754666, 3.699402, 4.932728, 9.87266240418262, 6.357755840785148, 6.16615, 13.197163658702816, 17.93843720765777, 39.08236892569143, 48.18997214619833, 53.56646849159988, 72.8078157797782, 66.09845436909866, 74.98036684459218, 61.87673369536041, 46.50310999096418, 40.801150080925, 39.762286539420096, 40.34200491790415, 37.24940278289723, 45.29861713771, 42.29404948842855, 36.44188442238187, 45.57887960061568, 44.41077335620315, 40.0594358743362, 38.13981455646875]","[37.51066666841507, 37.51066666841507, 37.51066666841507, 37.51066666841507, 37.51066666841507, 37.51066666841507, 37.51066666841507, 37.51066666841507, 37.51066666841507, 37.51066666841507, 37.51066666841507, 37.51066666841507, 37.51066666841507, 37.51066666841507, 37.51066666841507, 37.51066666841507, 37.51066666841507, 37.51066666841507, 37.51066666841507, 37.51066666841507, 37.51066666841507, 37.51066666841507, 37.51066666841507, 37.51066666841507, 37.51066666841507, 37.51066666841507, 37.51066666841507, 37.51066666841507, 37.51066666841507, 37.51066666841507, 37.51066666841507, 37.51066666841507, 37.51066666841507, 37.51066666841507, 37.51066666841507, 37.51066666841507, 37.51066666841507, 37.51066666841507, 37.51066666841507, 37.51066666841507, 37.51066666841507, 37.51066666841507, 37.51066666841507, 37.51066666841507, 37.51066666841507, 37.51066666841507, 37.51066666841507, 37.51066666841507]",,flat_price,Flat price,Remove price variation,Removed,Strong,True,False,,,mpc_diagnostic,,0.0,full_day_optimization_objective,False,9,11378,0,6482,4752,48,1800.5120000839233,0.002325553459655703,0.002325553459655703,9,3,,,,,,,,,,,,,
33,MPC-3,92,test_id,id_actual,id_reliable,3,,1445.3490836894948,1179.2928474483533,22.56065885728128,,160.1330006122589,3.3361041794220605,30.35099983215332,0,0,True,,100092,pure_mpc_clean,4,48,True,,1.0,0.12499999981031368,"[9.518179499642079, 29.478369555587932, 14.568153738286444, 16.780163682871798, 8.13455592371373, 5.77348747043313, 5.491435357336416, 14.218179005789299, 23.806506774369616, 10.6188362123021, 6.16615, 8.855632326718386, 62.775754794611004, 43.24951589219928, 11.902866196318755, 11.364584496890588, 5.036847009697623, 3.803512905592873, 2.5702748014881225, 1.3371326973833715, 0.10408659327862067, 0.0, 0.0, 0.0, 17.28750154792701, 2.054893064464645, 8.355663833330926, 5.526057708790243, 19.25054645296804, 15.543868412775712, 44.59489669574532, 49.33134445049977, 73.37775871330511, 85.02920992722193, 65.75337706537364, 88.9861706642249, 50.11303777703451, 56.91421858107369, 47.48543762671229, 62.75280486805553, 54.85933385267172, 55.558239874213626, 53.35154422100828, 65.79731696287061, 49.37140765444102, 64.67678341861244, 61.325652644728486, 52.49779273693416]","[2.4739999771118164, 0.44700002670288086, 11.641000032424927, 20.3439998626709, 15.42900013923645, 0.09200000762939453, 0.13700008392333984, 13.463000059127808, 0.4089999198913574, 0.6679999828338623, 0.7300000190734863, 0.6610000133514404, 0.18499994277954102, 0.5440001487731934, 0.6070001125335693, 0.690000057220459, 0.6730000972747803, 0.5879998207092285, 0.6480000019073486, 0.6380000114440918, 0.6210000514984131, 0.04800009727478027, 8.795000076293945, 0.06200003623962402, 30.35099983215332, 1.5340001583099365, 17.425000190734863, 3.0299999713897705, 18.2979998588562, 2.302000045776367, 0.8350000381469727, 0.7949998378753662, 0.1659998893737793, 0.13900017738342285, 0.46000003814697266, 0.48000001907348633, 0.4850001335144043, 0.3640000820159912, 0.4380002021789551, 0.3680000305175781, 0.36299991607666016, 0.3880000114440918, 0.4029998779296875, 0.14099979400634766, 0.38700008392333984, 0.252000093460083, 0.0969998836517334, 0.037999868392944336]",,flat_price,Flat price,Remove price variation,Removed,Strong,True,False,,,mpc_diagnostic,,22.56065885728128,,,,698.125,0.0,398.5,290.8125,2.9375,3.3361041794220605,0.0007676367418529907,0.0009995103237676452,2.0,1.0,"[0.2, 0.4, 0.6, 0.8, 1.0, 0.9363312615601878, 0.8905966086591439, 1.0, 1.0, 1.0, 1.0, 1.0, 1.0, 1.0, 1.0, 1.0, 0.8168835515638317, 0.6168835515638318, 0.4168835515638318, 0.21688355156383177, 0.016883551563831756, 0.0, 0.0, 0.0, 0.2, 0.33329706812575927, 0.5332970681165735, 0.7332970681165736, 0.9332970680983373, 1.0, 1.0, 1.0, 1.0, 1.0, 1.0, 1.0, 1.0, 1.0, 1.0, 1.0, 1.0, 1.0, 1.0, 1.0, 1.0, 1.0, 1.0, 1.0]","[1.0, 0.75, 0.5, 0.34905965454915927, 0.27812788733164595, 0.22825726473059033, 0.19268219267999276, 0.1714993924452885, 0.1565951364229772, 0.14307109989511405, 0.18679273488993312, 0.18679273455812284, 0.12500000171260142, 0.12500000083821602, 0.12500000000930975, 0.1250000000091677, 0.14108614265787234, 0.16935148155602875, 0.25823907540525354, 0.29991749404513934, 0.3902679590988369, 0.3502280743684477, 0.32310901353600807, 0.4228527623247999, 0.32509580291496015, 0.3250957943003876, 0.3140961586800065, 0.3140961580887708, 0.3140961580887708, 0.31409615729298995, 0.3140961560880297, 0.3140961549850987, 0.3140961524587903, 0.31409614736550967, 0.26300927177071515, 0.15675672854727335, 0.15675672699157656, 0.1567567250501638, 0.14558862388746124, 0.13356773024441926, 0.12615132606856685, 0.12615121428541806, 0.12500006614418857, 0.1250000549161628, 0.12500004308948795, 0.12500003581733143, 0.12500002836630666, 0.12499999981031368]","[0.49, 0.49, 0.49, 0.2958430770836478, 0.1390262637463261, 0.09774642420989636, 0.06972714512905523, 0.04151828885194136, 0.029212342193845695, 0.02650711198690417, -0.0891921358124104, 0.0, 0.12111375676252274, 0.0, 0.0, 0.0, -0.03281573387710854, -0.05766129135223911, -0.18133069145241854, -0.0850239740253671, -0.18431494870954301, 0.07019639149069343, 0.053153359231581696, -0.209331074094836, 0.1916036404432859, 2.211886561130548e-08, 0.021559286239513708, 0.0, 0.0, 0.0, 0.0, 0.0, 0.0, 0.0, 0.10013027655575804, 0.20825498510307922, 0.0, 0.0, 0.021889478664650217, 0.02356095192368217, 0.014536152569352992, 2.194656081014467e-07, 0.0022562507412176996, 2.2305321696203623e-08, 2.3451265394421005e-08, 1.4646349521435212e-08, 1.4997468143822967e-08, 5.596974626148061e-08]","[0.13390127676189217, 0.43656076857515846, 0.17565659375008394, 0.19147370800600888, 0.031812620989312805, 0.0, 0.0, 0.13013380211376643, 0.2850966751413271, 0.07196260545134704, 0.0, 0.0434663810378729, 0.9149027037512889, 0.5993271255304934, 0.09271460519303037, 0.08401510298004991, 0.0, -0.0006458054749193998, -0.005912362354914201, -0.011984549806668104, -0.026699730085446405, -0.12070395349752801, -0.2619224208773281, -0.35489181117912916, 0.2594660775422547, 0.0, 0.08190016624372073, 0.01623713420924191, 0.21811347783263696, 0.1515590854590014, 0.6210706536686111, 0.6976193042505013, 1.0862482216291736, 1.2745545038742938, 0.9630258919656346, 1.3385053844723216, 0.7102527317500527, 0.8201708053506859, 0.66778646669434, 0.914531795847362, 0.7869605471138863, 0.7982559979670889, 0.7625922298344773, 0.9637360317231615, 0.6982667903748043, 0.9456263986846457, 0.8914667094097533, 0.7487942260514611]","[0.028827116941694018, 0.02440845643427076, 0.02633633315764813, 0.027142288664874163, 0.0316255111056021, 0.03254657746774615, 0.03303618215961805, 0.03170162140906926, 0.03059875290482197, 0.032913608004591824, 0.03666509189725071, 0.03368817229590679, 0.047999980358849524, 0.040931270960660564, 0.043946149274568636, 0.042610933028688215, 0.05021402084233386, 0.06607987348414841, 0.07590595369060688, 0.08656530006356078, 0.0946099087772036, 0.1236983538288342, 0.12903270595930164, 0.15108640504170553, 0.11786176336648255, 0.1347042892865894, 0.1070472742680135, 0.09187518570019117, 0.07594438692309868, 0.0739528225194743, 0.056753393679158604, 0.05668207741565256, 0.05588813624261513, 0.06043714409454617, 0.058758731125388625, 0.06128133600977239, 0.044914731874730086, 0.046169421672104305, 0.04989442116481905, 0.04888989666890541, 0.0501303153293658, 0.04882165255683138, 0.04844674086466103, 0.050388735358194686, 0.05065981410999789, 0.0492970662415574, 0.05113884483810048, 0.04973578382656812]","[2.5562646503045534, 2.5539879604929174, 2.6247198065057082, 2.5972173674973575, 2.6244827116798, 2.615533834212507, 2.5962828617127407, 2.6062345522696315, 2.616818936570764, 2.620795457304123, 2.5866843949362224, 2.5867252083350962, 3.37042201204416, 3.326112107424821, 3.3602101931465627, 3.3396672506105713, 3.371249815799241, 3.3819499363892875, 3.3492072955115764, 3.326636927174465, 3.320180189549175, 3.3603322664321578, 3.3386718901862307, 3.342876405018306, 4.126023924902019, 4.127787384008071, 4.092954572952763, 4.054259127533513, 4.0565710143291405, 4.126000714237441, 4.07225946798171, 4.105849016851389, 4.066576056301582, 4.143912859395748, 4.0979976946743655, 4.0860984382140995, 3.344235985348588, 3.3024616880660727, 3.321074535051581, 3.3210811160264564, 3.3292952631642594, 3.342778003113427, 3.2937792261691388, 3.377929472630668, 3.319285577483746, 3.3556572005589036, 3.3488985775931597, 3.383802346901167]","[0.0, 0.0, 0.0, 0.0, 0.0, 0.0, 0.0, 0.0, 0.0, 0.0, 0.0, 0.0, 0.0, 0.2770391218408682, 0.6828610807911815, 0.8324890986231468, 1.0607491526848305, 1.3611786887757822, 1.586157674321865, 1.800097685400314, 1.988486872920343, 1.9981745825349257, 2.365054061602697, 2.491347842982788, 2.1286624614185636, 2.394970635565368, 2.081939447065878, 1.810575797245637, 1.618491444801311, 1.4035686405852874, 0.9621092799937495, 0.9197390544969086, 0.6162421411687762, 0.47534463392337245, 0.36916098908992123, 0.24628479511375084, 0.16102635280254998, 0.0961367528535945, 0.0, 0.0, 0.0, 0.0, 0.0, 0.0, 0.0, 0.0, 0.0, 0.0]","[1.7611904528175488, 1.2518355803043582, 1.3853994566654566, 1.337042501703864, 1.4852689171749003, 1.6140027301239503, 1.668995294295959, 1.4662837546742038, 1.3331086453137793, 1.555239227183436, 1.7125415935402493, 1.5769469686058297, 1.382405532308177, 1.4906770787947905, 1.6285806094612214, 1.465773937500564, 1.5766468005228202, 1.5282746663609517, 1.6093150771238143, 1.4932295141059218, 1.620434352637186, 1.5363635995662768, 1.3114195530820982, 1.5668378521791206, 1.4641533972296759, 1.534223953073525, 1.4813058799605288, 1.586024312537695, 1.3626130698841807, 1.6448258091816794, 1.5458329256609376, 1.5451727333832663, 1.4199738248271276, 1.454450855742678, 1.7244392686085683, 1.354334609952565, 1.5178716296649444, 1.432323495549637, 1.681293011278903, 1.4318782083204125, 1.5779288792299098, 1.5933433833097443, 1.5773774373649851, 1.4645821543544122, 1.6716785781411159, 1.4593278539341836, 1.5085706984515477, 1.6847438491278148]",nan,"[2, 2, 2, 2, 2, 2, 2, 2, 2, 2, 2, 2, 2, 2, 2, 2, 2, 2, 2, 2, 2, 2, 2, 2, 2, 2, 2, 2, 2, 2, 2, 2, 2, 2, 2, 2, 2, 2, 2, 2, 2, 2, 2, 2, 2, 2, 2, 2]","[2, 2, 2, 3, 2, 1, 1, 2, 1, 1, 1, 1, 1, 1, 1, 1, 2, 2, 1, 1, 1, 1, 1, 1, 2, 1, 1, 1, 3, 1, 1, 1, 1, 1, 1, 1, 1, 1, 1, 1, 1, 1, 1, 1, 1, 1, 1, 1]",48,0
33,Perfect-Global,92,test_id,id_actual,perfect_full_horizon,48,,1179.2928474483533,1179.2928474483533,0.0,,1801.611999988556,37.53358333309492,1801.611999988556,0,1,True,,100092,perfect_global_clean,48,48,True,,1.0,0.12500000000816255,"[27.111390044680913, 36.94641687695664, 27.516960647871148, 20.698626036061412, 8.956135590759429, 6.16615, 6.16615, 8.465847618729057, 13.69230267144847, 6.16615, 6.16615, 6.16615, 40.77459410910136, 34.36823561889525, 11.902865586293576, 11.364587144614394, 6.16615, 5.561600207350492, 4.328225262973766, 3.094946317035373, 1.8617633705673522, 2.5358336474335523, 1.6285891266284627, 2.4661720000000003, 3.699402, 4.932728, 6.16615, 6.16615, 15.595040105630165, 15.54386851002549, 44.59489676428509, 49.33132857142857, 69.9513804079865, 71.91980776436571, 60.918293376061946, 72.11958898668965, 40.604077429689994, 40.30596671602366, 32.5239453710068, 41.881311523262056, 37.57613573198729, 36.631457771019, 34.88528829582857, 42.66673501139097, 33.20923787792159, 42.226491099440835, 40.48253713617274, 35.089037120735895]","[37.53358333309492, 37.53358333309492, 37.53358333309492, 37.53358333309492, 37.53358333309492, 37.53358333309492, 37.53358333309492, 37.53358333309492, 37.53358333309492, 37.53358333309492, 37.53358333309492, 37.53358333309492, 37.53358333309492, 37.53358333309492, 37.53358333309492, 37.53358333309492, 37.53358333309492, 37.53358333309492, 37.53358333309492, 37.53358333309492, 37.53358333309492, 37.53358333309492, 37.53358333309492, 37.53358333309492, 37.53358333309492, 37.53358333309492, 37.53358333309492, 37.53358333309492, 37.53358333309492, 37.53358333309492, 37.53358333309492, 37.53358333309492, 37.53358333309492, 37.53358333309492, 37.53358333309492, 37.53358333309492, 37.53358333309492, 37.53358333309492, 37.53358333309492, 37.53358333309492, 37.53358333309492, 37.53358333309492, 37.53358333309492, 37.53358333309492, 37.53358333309492, 37.53358333309492, 37.53358333309492, 37.53358333309492]",,flat_price,Flat price,Remove price variation,Removed,Strong,True,False,,,mpc_diagnostic,,0.0,full_day_optimization_objective,False,9,11378,0,6482,4752,48,1801.611999988556,0.00217808460123445,0.00217808460123445,9,5,,,,,,,,,,,,,
33,MPC-3,93,test_id,id_actual,id_reliable,3,,1508.3982017796634,1257.5934431839682,19.943230457747063,,154.82699918746948,3.225562483072281,41.98200011253357,0,0,True,,100093,pure_mpc_clean,4,48,True,,1.0,0.1250000080294759,"[30.124581886711436, 21.394628856813746, 13.711355884232418, 4.932727832059292, 9.961588299452089, 6.165030508904321, 23.782366591769062, 6.16615, 11.857072536010417, 19.667717245625703, 20.591381127436897, 13.903125109007696, 49.27915091870254, 41.066933007760476, 26.08899735728795, 5.233137804396925, 3.9999805342120163, 4.1067812653050595, 2.873519554768838, 1.6403540063515012, 0.6767549468695623, 0.0, 0.0, 0.0, 1.2330378966816473, 3.1378780084694213, 16.01587395261173, 11.847089358026055, 6.16615, 36.243677584591225, 44.63610350575954, 52.41622168054043, 57.709877248642, 80.55337682741214, 86.93676932116293, 83.70419210887988, 42.648197047618815, 65.10483805202549, 57.017946266554425, 59.74075974738286, 70.26430548254099, 62.779068793486964, 66.81153862323542, 61.490374474832834, 67.35538867510034, 54.753064726980064, 48.216027964868005, 54.393109158582064]","[0.4939999580383301, 7.080999851226807, 41.98200011253357, 0.08699989318847656, 13.792999982833862, 0.09800004959106445, 2.4149999618530273, 6.2769999504089355, 5.397000074386597, 2.9140000343322754, 0.3469998836517334, 0.3810000419616699, 0.31400012969970703, 0.4630000591278076, 5.773999929428101, 0.3680000305175781, 0.06700015068054199, 6.156999826431274, 0.5929999351501465, 5.090000152587891, 12.349999904632568, 0.687999963760376, 0.0710000991821289, 0.6349999904632568, 1.937000036239624, 12.928999900817871, 5.617000102996826, 8.45799994468689, 5.641999959945679, 0.6480000019073486, 0.8619999885559082, 0.8969998359680176, 0.20099997520446777, 0.5239999294281006, 0.4720001220703125, 0.14899992942810059, 0.39100003242492676, 0.15599989891052246, 0.28099989891052246, 0.14999985694885254, 0.14700007438659668, 0.257000207901001, 0.23599982261657715, 0.3859999179840088, 0.1510000228881836, 0.2719998359680176, 0.12099981307983398, 0.10700011253356934]",,flat_price,Flat price,Remove price variation,Removed,Strong,True,False,,,mpc_diagnostic,,19.943230457747063,,,,698.125,0.0,398.5,290.8125,2.9375,3.225562483072281,0.0007685709051668206,0.000999022180085695,2.0,1.0,"[0.2, 0.4, 0.6, 0.7999999727672698, 1.0, 0.999818481011258, 1.0, 1.0, 1.0, 1.0, 1.0, 1.0, 1.0, 1.0, 1.0, 0.8487130354369622, 0.6487441895528498, 0.6660636171282144, 0.46606361712821437, 0.2660636434223602, 0.10977225880680264, 0.0, 0.0, 0.0, 0.19999998324231194, 0.39999998323309177, 0.5999999832246412, 0.7999999832170792, 1.0, 1.0, 1.0, 1.0, 0.9999997420548807, 1.0, 1.0, 1.0, 1.0, 1.0, 1.0, 1.0, 1.0, 1.0, 1.0, 1.0, 1.0, 1.0, 1.0, 1.0]","[1.0, 0.75, 0.5, 0.33273166161982126, 0.2636885201683834, 0.20973816303149342, 0.18714951269562077, 0.166488700060958, 0.15087230918142083, 0.1508721867666967, 0.15087218664608, 0.1508721866174345, 0.1250000011395631, 0.125000000696619, 0.1250000005755965, 0.12500000480316323, 0.13370811247665373, 0.125, 0.150919630824914, 0.1250724462966828, 0.12500000008715853, 0.13181960473679366, 0.27185731265989527, 0.5205920496147032, 0.3508086553345644, 0.26343763631134287, 0.2634376356742277, 0.2634376355386038, 0.27351165100140606, 0.2735116503608838, 0.273511649916094, 0.2735116494395577, 0.2734972440864413, 0.2734972421865018, 0.22295247788703385, 0.12500006539191938, 0.12500006157096458, 0.12500006079392512, 0.12500005247295293, 0.12500004635176817, 0.12500004136691387, 0.12500003442744548, 0.12500002612863312, 0.12500002067056545, 0.12500001722903, 0.12500001363998514, 0.1250000080294759, 0.1250000080294759]","[0.49, 0.49, 0.49, 0.32784594322515037, 0.13532455724481823, 0.10574267365272993, 0.04427375504845136, 0.040495192763938044, 0.030608126516294416, 2.4032170093282955e-07, 0.0, 0.0, 0.05070948392243234, 0.0, 0.0, 0.0, -0.018606031944259842, 0.017068075536989247, -0.052876046882824546, 0.05066048585078109, 0.00014199875284638628, -0.013911993485255666, -0.2894883791843228, -0.5074188633878083, 0.33277545278907195, 0.17124719728551419, 0.0, 0.0, -0.020550991988734977, 0.0, 0.0, 0.0, 2.7960289344472288e-05, 0.0, 0.09906773841249382, 0.1919867288755931, 0.0, 0.0, 1.6610324288574284e-08, 1.229242677152102e-08, 1.0167528622026985e-08, 1.3855575293068525e-08, 0.0, 0.0, 0.0, 0.0, 0.0, 0.0]","[0.4669340426135181, 0.3059144542515353, 0.16180935570476634, 0.0, 0.061340416960841825, 0.0, 0.2847065307760656, 1.4130231269925055e-08, 0.0919745056324916, 0.21820714740405173, 0.23313504852423267, 0.12504202196376077, 0.6967757724234754, 0.5640530587112804, 0.3219854118349568, 0.0, -0.0005578768760969118, 0.0, -0.0004648217381952313, 0.0, 0.0, -0.0016144217595263591, -0.028471665694578235, -0.04452968792648952, 0.0, 0.010855856353174435, 0.1990540938352345, 0.11174725594382459, 0.0, 0.48610145591258547, 0.6217366223153057, 0.7474759059481282, 0.8330299610420984, 1.2022178073117114, 1.3053837466046534, 1.2531400744869476, 0.5896088411736374, 0.9525444533660684, 0.8218472123887584, 0.8658522787455816, 1.03592978557642, 0.9149562633290822, 0.9801274929007745, 0.8941288804013386, 0.9889169886884904, 0.7852430662946273, 0.6795939873109981, 0.7794256025629425]","[0.025686893421122334, 0.027442755442715426, 0.027273515340799616, 0.029802313333742877, 0.03052108809653908, 0.032614313970023734, 0.02912272107775604, 0.034708584631928566, 0.031929196866851556, 0.03107490864832353, 0.031705332444835234, 0.03216192690360755, 0.04740722959106882, 0.0428449219071999, 0.0384700371948453, 0.04744863733695716, 0.05614178626597175, 0.053489537559902954, 0.06822818595576532, 0.07240814262106479, 0.0877354435826235, 0.11265583661365339, 0.12243074917097442, 0.11949520006873414, 0.13192595450609937, 0.12852573463894526, 0.08780243863671144, 0.08999463456428734, 0.08291997384613595, 0.05859268091053253, 0.05980038897078076, 0.05562280459614058, 0.05626473250989362, 0.05902833360377277, 0.06101766353672861, 0.06146430396414982, 0.044669266348537684, 0.04741654775496384, 0.050867310402906846, 0.04929033210059806, 0.04995383838925024, 0.05036471144985804, 0.05010726755708746, 0.0500052452437903, 0.05113447263398653, 0.0507211890986432, 0.04956914230102479, 0.05097021450565046]","[2.5621028838313764, 2.6435630096516896, 2.6093763132016763, 2.5980653723153213, 2.596820236054498, 2.615320987898593, 2.556224133262172, 2.6058387898348023, 2.582295609027799, 2.5719221896631, 2.5974996730313427, 2.5837500077144946, 3.320440908164688, 3.3568530102485012, 3.3295703341731344, 3.3192086333862423, 3.3671964333899105, 3.352696185657532, 3.3323889913593305, 3.3372572251816504, 3.3781206410034663, 3.3390238528254708, 3.3230758940813336, 3.3270426044573376, 4.099047155317909, 4.103868633729069, 4.10221104289662, 4.080534317280682, 4.023667046175497, 4.090573739916267, 4.139550023869898, 4.083100525236238, 4.071332955073784, 4.078826027568972, 4.074037322963395, 4.034533889234381, 3.3057262703132912, 3.354257692954581, 3.367857664016299, 3.3277097045217783, 3.3707089772732184, 3.372057550575073, 3.3357692386633193, 3.2970987185243965, 3.3584600931603115, 3.36937378829293, 3.346235053821931, 3.344340409070175]","[0.0, 0.0, 0.0, 0.0, 0.0, 0.0, 0.0, 0.0, 0.0, 0.0, 0.0, 0.0, 0.0, 0.2364897602446497, 0.614917591572569, 0.9378484920115067, 1.1757185754345285, 1.1994654761203392, 1.4387875170904412, 1.613004818441794, 1.9161875181888832, 2.178196154651738, 2.4053908104866957, 2.5747241325595054, 2.147799695838854, 2.2075192516688746, 1.80854007739763, 1.8581059234459096, 1.673978091939329, 1.0813325847875879, 1.0875738941409119, 0.777406568215963, 0.6770903823649443, 0.4418663041535853, 0.3163335725506445, 0.20807536262291337, 0.1446989237325559, 0.0990277038243559, 0.0, 0.0, 0.0, 0.0, 0.0, 0.0, 0.0, 0.0, 0.0, 0.0]","[1.430855644620493, 1.4750911939365414, 1.3848403774136662, 1.500021773885916, 1.430676114377504, 1.5423741932663866, 1.2563665392635517, 1.6000520909658138, 1.4916421452879547, 1.3847896293259938, 1.396069932625751, 1.4908698852034656, 1.6203628818376017, 1.5991550656350415, 1.431136654947467, 1.580095752272778, 1.6180393983097092, 1.5235882843325865, 1.5491069117174616, 1.479935829951614, 1.4397521678266125, 1.2890099500321546, 1.3580758774793922, 1.423762223280875, 1.5503979824721608, 1.4427719185559253, 1.582419325849342, 1.4006757890019466, 1.453159919028924, 1.581732378910676, 1.490039895541377, 1.6138408547744834, 1.6174496418324082, 1.4937702460170936, 1.4142699293505387, 1.442796027683141, 1.6160877118221602, 1.3501020821490757, 1.596877745818536, 1.5111477459785052, 1.3847330203498562, 1.5074659852008254, 1.4057489971647636, 1.4529750247941935, 1.420677570395954, 1.6348519040969451, 1.7162101978521807, 1.6158850053668532]",nan,"[2, 2, 2, 2, 2, 2, 2, 2, 2, 2, 2, 2, 2, 2, 2, 2, 2, 2, 2, 2, 2, 2, 2, 2, 2, 2, 2, 2, 2, 2, 2, 2, 2, 2, 2, 2, 2, 2, 2, 2, 2, 2, 2, 2, 2, 2, 2, 2]","[1, 3, 1, 1, 2, 1, 1, 1, 1, 2, 1, 1, 1, 1, 2, 1, 1, 6, 1, 3, 4, 1, 1, 2, 1, 3, 1, 1, 1, 2, 1, 1, 1, 1, 1, 1, 1, 1, 1, 1, 1, 1, 1, 1, 1, 1, 1, 1]",48,0
33,Perfect-Global,93,test_id,id_actual,perfect_full_horizon,48,,1257.5934431839682,1257.5934431839682,0.0,,1801.5639998912811,37.53258333106836,1801.5639998912811,0,1,True,,100093,perfect_global_clean,48,48,True,,1.0,0.1250000000081544,"[42.27786249271064, 36.59767186172055, 29.29652326410818, 16.747392643767082, 11.0413321705676, 8.137969173987532, 15.600544793972507, 6.1794244119370845, 9.187154832650755, 11.390082564667232, 11.918285308709859, 9.026232027421912, 30.675502175209296, 33.78558963650378, 26.089041658065092, 6.16615, 6.16615, 6.16615, 5.585225817863486, 4.929166027558142, 3.6958403064053784, 2.681682884761985, 1.448532109423886, 2.681682883299707, 3.914929659397179, 5.148272434740489, 6.16615, 6.16615, 6.16615, 36.2436775605483, 44.63610198116909, 52.416221622072264, 57.711570309326326, 68.81490759891211, 72.14049883138304, 67.84174111654674, 36.22068840724506, 47.231465683005474, 39.55182317307168, 41.257140702200324, 47.505465058324724, 42.595951149302415, 44.34555965735075, 40.14588992212764, 44.904071307064676, 37.82579678639359, 34.1892543746174, 36.98277680385707]","[37.53258333106836, 37.53258333106836, 37.53258333106836, 37.53258333106836, 37.53258333106836, 37.53258333106836, 37.53258333106836, 37.53258333106836, 37.53258333106836, 37.53258333106836, 37.53258333106836, 37.53258333106836, 37.53258333106836, 37.53258333106836, 37.53258333106836, 37.53258333106836, 37.53258333106836, 37.53258333106836, 37.53258333106836, 37.53258333106836, 37.53258333106836, 37.53258333106836, 37.53258333106836, 37.53258333106836, 37.53258333106836, 37.53258333106836, 37.53258333106836, 37.53258333106836, 37.53258333106836, 37.53258333106836, 37.53258333106836, 37.53258333106836, 37.53258333106836, 37.53258333106836, 37.53258333106836, 37.53258333106836, 37.53258333106836, 37.53258333106836, 37.53258333106836, 37.53258333106836, 37.53258333106836, 37.53258333106836, 37.53258333106836, 37.53258333106836, 37.53258333106836, 37.53258333106836, 37.53258333106836, 37.53258333106836]",,flat_price,Flat price,Remove price variation,Removed,Strong,True,False,,,mpc_diagnostic,,0.0,full_day_optimization_objective,False,9,11378,0,6482,4752,48,1801.5639998912811,0.0020131329756058474,0.0020131329756058474,9,2,,,,,,,,,,,,,
33,MPC-3,94,test_id,id_actual,id_reliable,3,,1525.7071337387556,1293.834950126964,17.9213108742377,,169.1560001373291,3.5240833361943564,28.926000118255615,0,0,True,,100094,pure_mpc_clean,4,48,True,,1.0,0.12500000488464713,"[40.79385221015803, 8.189003041186215, 3.5834273878941048, 17.33493167031892, 11.96136471286756, 5.625689453589949, 6.34964716414459, 14.826928978829077, 18.458580908481828, 19.124449881846438, 21.88327064336292, 12.72565685419526, 69.31629532554571, 45.767756414677535, 17.5307426672127, 16.967692990230738, 5.150104305172929, 4.921450804920001, 3.6881256826838524, 2.45517974939435, 1.2220466051126655, 0.0, 0.0, 0.0, 1.2330378506086053, 2.4661717338592384, 3.6994015232297572, 14.268515321491027, 6.16615, 22.974450326334733, 46.80185736029931, 60.111742869965035, 70.5392096792706, 78.1428387022587, 75.46387626701468, 72.2149379778226, 53.85443354550455, 60.01444123728163, 48.83339678111481, 51.94842544069705, 66.8005933506574, 61.52600381002338, 68.82513421607352, 55.78730505522211, 61.37299998099723, 53.67478410666695, 72.27355222263853, 68.83767692789858]","[0.17400002479553223, 20.750999927520752, 0.46899986267089844, 28.926000118255615, 25.10599994659424, 0.37400007247924805, 12.110999822616577, 17.405999898910522, 0.43199992179870605, 2.3570001125335693, 0.5390000343322754, 0.3970000743865967, 0.3789999485015869, 0.4479999542236328, 0.6470000743865967, 0.5150001049041748, 0.6220002174377441, 0.9170000553131104, 0.626000165939331, 0.8939998149871826, 0.5369999408721924, 0.0690000057220459, 0.6480000019073486, 9.34500002861023, 3.7250001430511475, 1.8849999904632568, 0.47500014305114746, 28.632999897003174, 1.3489999771118164, 2.432999849319458, 0.755000114440918, 0.2070000171661377, 0.16500020027160645, 0.4609999656677246, 0.5119998455047607, 0.45799994468688965, 0.25099992752075195, 0.2709999084472656, 0.8480000495910645, 0.4330000877380371, 0.23799991607666016, 0.17400002479553223, 0.13100004196166992, 0.26600003242492676, 0.25, 0.39299988746643066, 0.0970001220703125, 0.056999921798706055]",,flat_price,Flat price,Remove price variation,Removed,Strong,True,False,,,mpc_diagnostic,,17.9213108742377,,,,698.125,0.0,398.5,290.8125,2.9375,3.5240833361943564,0.0007970622895554644,0.0009984953089639086,2.0,1.0,"[0.2, 0.4, 0.5811923935110868, 0.7811923935110867, 0.9811923934929329, 0.9123659655964338, 1.0, 1.0, 1.0, 1.0, 1.0, 1.0, 1.0, 1.0, 1.0, 1.0, 0.8352488076120956, 0.7981713253088096, 0.5981713253088097, 0.398217253508489, 0.198217253508489, 0.0, 0.0, 0.0, 0.19999997576950923, 0.3999999568367424, 0.5999999226824377, 0.8, 1.0, 1.0, 1.0, 1.0, 1.0, 1.0, 1.0, 1.0, 1.0, 1.0, 1.0, 1.0, 1.0, 1.0, 1.0, 1.0, 1.0, 1.0, 1.0, 1.0]","[1.0, 0.75, 0.5406482713070536, 0.38414037796614464, 0.30202836391205845, 0.23905874111552236, 0.2048646377303799, 0.17763916793672396, 0.15675604722427966, 0.15250768702220008, 0.1525076868979495, 0.15250768684819346, 0.12500000071957348, 0.12500000031378486, 0.12500000000917771, 0.12500000000914818, 0.14786611213282524, 0.12500000002803024, 0.23193269240416553, 0.42306428291622844, 0.4857995895863014, 0.43921358176970526, 0.6877965404223396, 0.7300196784258122, 0.5330928311417218, 0.40845384619468994, 0.38619485748703886, 0.38619485748703886, 0.4335329420203278, 0.4271726945937771, 0.42337119074416363, 0.4233711582594366, 0.4151606412563067, 0.38081273492835693, 0.29606150304015355, 0.16506576836658166, 0.1650657666721103, 0.16506576511406304, 0.14791860393941636, 0.13824321038364867, 0.12500030083472521, 0.12500029456748452, 0.12500029316942218, 0.12500028870424437, 0.12500027872009523, 0.12500000707415232, 0.12500000488464713, 0.12500000488464713]","[0.49, 0.49, 0.41032938823817483, 0.3067554709481816, 0.16093954754600892, 0.123420464598311, 0.0670204426348792, 0.053361920795565655, 0.040930916987476564, 0.008326786386472567, 0.0, 0.0, 0.05391506519370589, 0.0, 0.0, 0.0, -0.046646871606241334, 0.044817581070885, -0.218142692447316, -0.3899084446446084, -0.12798002560694877, 0.08326909007776617, -0.5071092356513742, -0.0943858103196594, 0.38597662067681704, 0.24429241049618247, 0.043627617866996087, 0.0, -0.09656969244790954, 0.012466084956039397, 0.007450947545242362, 6.367006493131805e-08, 0.016092613326134663, 0.06732189640278151, 0.16611241450087866, 0.25675164034866915, 0.0, 0.0, 0.0336084362885002, 0.018963771754587, 0.025956103098459162, 0.0, 0.0, 0.0, 0.0, 5.328133567481827e-07, 0.0, 0.0]","[0.6393666944502643, 0.09249019864543377, 0.0, 0.2023141383446615, 0.0955346647335377, 0.0, 0.0029656107336499407, 0.13997218551642954, 0.19866555003606998, 0.20942706879751818, 0.25401407100384515, 0.10601223198699408, 1.020608409301749, 0.6400259622574147, 0.18367018452060926, 0.17457039176130484, 0.0, 0.0, -0.018941704228405555, 0.0, 0.0, -0.16057833520661974, -0.27996385870724644, -0.2585104470563552, 0.0, 0.0, 0.0, 0.15088141896330895, 0.0, 0.27164929820338957, 0.6567387048129181, 0.8718479655751924, 1.0403726816851813, 1.1632596153900396, 1.1199632528002372, 1.067455159237537, 0.7707197340687604, 0.8702754139358647, 0.6895716651493302, 0.7399155626779321, 0.9799505996065841, 0.894704708040782, 1.0126704519769458, 0.8019580614985392, 0.8922319188848037, 0.7678163087946173, 1.0684024601638549, 1.0128731624710883]","[0.023868165643289627, 0.029610137809970648, 0.029629843199983314, 0.026909090235692785, 0.03071933558322362, 0.031122157567664777, 0.03290279568314172, 0.03239124301182195, 0.031405915190949846, 0.03209049528769291, 0.03080709084735106, 0.03296914459670611, 0.04920919545552531, 0.042524441075228944, 0.04218122120878409, 0.041037226112327026, 0.0490435868829775, 0.050289572016922295, 0.1052113376945458, 0.08975975084021583, 0.09442352345332676, 0.1209475854226996, 0.12970554842300502, 0.15723224173054914, 0.14122715417956344, 0.1317188829090145, 0.10781059841974754, 0.08633532585055023, 0.08010066476862761, 0.06637646510720947, 0.05739126181978016, 0.05462222881315279, 0.055299030091182026, 0.056593623847616785, 0.058509137606632455, 0.058571702136698406, 0.04371886472243294, 0.045110187842751934, 0.049154441885624595, 0.05040127754718042, 0.04925689004116941, 0.050076919224824754, 0.05186369957662758, 0.0507902138124404, 0.05019024887522519, 0.051136600685521685, 0.051910819954293676, 0.050676886139538066]","[2.616660869429963, 2.59044176655895, 2.5366745747632042, 2.61140224390443, 2.629305514460222, 2.5753645043688436, 2.592956177803006, 2.64102375449076, 2.624185704309541, 2.597312138407859, 2.604756333610526, 2.584508554373933, 3.3992675178079477, 3.3243689668790197, 3.3647678057011827, 3.3279408596744875, 3.3272341301596495, 3.344583656116696, 3.3416144756956547, 3.3491847903460936, 3.3250879210281585, 3.309897495729244, 3.319143981866326, 3.3263008204403444, 4.077338415051953, 4.066088426490539, 4.081500082735247, 4.113361055062972, 4.083333563685999, 4.059696933339542, 4.083866194225152, 4.0782534391116165, 4.118486974314047, 4.0653748603068625, 4.041178725232399, 4.037913963540552, 3.325730628066494, 3.3219968577265924, 3.355748693117436, 3.358479077295459, 3.337900774652333, 3.324541212534389, 3.4098361347737365, 3.352140126319887, 3.364375022682015, 3.3429173927747304, 3.3723685776472707, 3.3305146339683045]","[0.0, 0.0, 0.0, 0.0, 0.0, 0.0, 0.0, 0.0, 0.0, 0.0, 0.0, 0.0, 0.0, 0.2529136190919238, 0.6987105127754931, 0.8175171349555457, 1.0675458027926124, 1.121060930352187, 1.3683503489628317, 1.7494220486125873, 1.8775064535026411, 1.9808125865115325, 2.6092181404054116, 2.5063090706581415, 2.225080320173356, 2.2528930792634903, 2.0576451911397005, 1.7599589397692708, 1.5986062423387077, 1.3097453163030297, 0.9517062863874386, 0.7789959587869293, 0.6987555877974001, 0.4735376089416531, 0.3405128723661906, 0.23122852809068667, 0.16429552809739514, 0.10430746507294633, 0.0, 0.0, 0.0, 0.0, 0.0, 0.0, 0.0, 0.0, 0.0, 0.0]","[1.3111622647286874, 1.6375616041907934, 1.5747825604971386, 1.3480483058837855, 1.422357604710034, 1.5707002359610598, 1.5558725841877823, 1.4800802267211612, 1.41599507671829, 1.411648749985009, 1.3815492728842578, 1.511465431526104, 1.3739531904285385, 1.4739537725060843, 1.5245682870465624, 1.3768905216166814, 1.5201299098343652, 1.430823392829053, 1.7173885357942753, 1.6812136837099794, 1.4717677630773072, 1.527341739605183, 1.6267044842425316, 1.3301201954915647, 1.4075086571675863, 1.3006218673207308, 1.4880379538968553, 1.488855572869453, 1.6613976777695978, 1.5322126994653251, 1.525361517721653, 1.4820316803187659, 1.418565122018661, 1.417849363840674, 1.4730993235915872, 1.541050338419593, 1.4344342273450283, 1.3925241635505423, 1.681723033985275, 1.6500009682149377, 1.3812509624045433, 1.4799134114684098, 1.4490293797419205, 1.600972269918636, 1.5223333331388036, 1.6262370964200463, 1.3558769331811087, 1.368318348123787]",nan,"[2, 2, 2, 2, 2, 2, 2, 2, 2, 2, 2, 2, 2, 2, 2, 2, 2, 2, 2, 2, 2, 2, 2, 2, 2, 2, 2, 2, 2, 2, 2, 2, 2, 2, 2, 2, 2, 2, 2, 2, 2, 2, 2, 2, 2, 2, 2, 2]","[2, 3, 2, 2, 1, 1, 1, 3, 1, 1, 2, 1, 1, 1, 1, 2, 2, 1, 1, 1, 1, 1, 1, 6, 1, 2, 1, 3, 1, 1, 1, 1, 1, 1, 1, 1, 1, 1, 1, 1, 1, 1, 1, 1, 1, 2, 1, 1]",48,0
33,Perfect-Global,94,test_id,id_actual,perfect_full_horizon,48,,1293.834950126964,1293.834950126964,0.0,,1801.4630000591278,37.5304791678985,1801.4630000591278,0,1,True,,100094,perfect_global_clean,48,48,True,,1.0,0.12500000000815303,"[49.09721164208195, 28.339866553978368, 19.183517407777305, 22.008604751953406, 13.022795593447206, 6.1662549881017625, 7.061963146417543, 12.72182640992535, 12.937461766924867, 12.928084591836473, 14.24045170597469, 8.523658245144372, 44.3022111108223, 36.6102093963367, 17.53074524750942, 16.96769519251609, 6.16615, 6.16615, 5.03240157139384, 3.7990678142987613, 3.39966912293249, 2.368256459092736, 2.4661720000000003, 3.699402, 4.932728, 6.16615, 6.16615, 6.16615, 6.16615, 23.721542534983456, 47.25846310215026, 60.11174663001596, 71.54295102923709, 71.49142547219384, 68.0000125215366, 64.72107943139049, 42.854798483030045, 45.440771530455784, 35.87988469611076, 36.76713832155382, 44.917175184860056, 40.63686504608151, 46.36770481388396, 38.7192109030695, 41.43187991688063, 37.192269565550106, 47.27308832031448, 45.16978790519981]","[37.5304791678985, 37.5304791678985, 37.5304791678985, 37.5304791678985, 37.5304791678985, 37.5304791678985, 37.5304791678985, 37.5304791678985, 37.5304791678985, 37.5304791678985, 37.5304791678985, 37.5304791678985, 37.5304791678985, 37.5304791678985, 37.5304791678985, 37.5304791678985, 37.5304791678985, 37.5304791678985, 37.5304791678985, 37.5304791678985, 37.5304791678985, 37.5304791678985, 37.5304791678985, 37.5304791678985, 37.5304791678985, 37.5304791678985, 37.5304791678985, 37.5304791678985, 37.5304791678985, 37.5304791678985, 37.5304791678985, 37.5304791678985, 37.5304791678985, 37.5304791678985, 37.5304791678985, 37.5304791678985, 37.5304791678985, 37.5304791678985, 37.5304791678985, 37.5304791678985, 37.5304791678985, 37.5304791678985, 37.5304791678985, 37.5304791678985, 37.5304791678985, 37.5304791678985, 37.5304791678985, 37.5304791678985]",,flat_price,Flat price,Remove price variation,Removed,Strong,True,False,,,mpc_diagnostic,,0.0,full_day_optimization_objective,False,9,11378,0,6482,4752,48,1801.4630000591278,0.002047486328678375,0.002047486328678375,9,2,,,,,,,,,,,,,
33,MPC-3,95,test_id,id_actual,id_reliable,3,,1460.2157306347865,1220.7996180811874,19.611417714063954,,133.59499955177307,2.7832291573286057,22.724000215530396,0,0,True,,100095,pure_mpc_clean,4,48,True,,1.0,0.12500001619004658,"[28.40644588867802, 4.362340245478017, 5.5539845535450425, 4.932727723470602, 5.402543199371217, 6.443720282520938, 5.280551452873507, 6.166080615143575, 11.554844282432207, 21.947009768576457, 14.203833816587263, 18.33901193758672, 55.67107665556229, 52.8504019895468, 14.825434572737972, 16.020202192012626, 5.036451656478498, 3.9067602190808968, 2.785073316023787, 3.3085124790634906, 2.075312906799113, 0.8422094995585425, 0.0, 0.0, 0.9093039507784011, 2.1424124538388742, 3.3756170932968415, 7.283071773748654, 15.538740801881954, 36.821535897490975, 43.351774997907064, 56.29577860958714, 67.17422146323737, 70.5826528397026, 66.11158555596077, 89.53891109361328, 65.09426190251828, 49.808496102533354, 44.27626337902343, 64.19101009344902, 58.47681360093709, 61.87999194802763, 50.61301739183375, 64.84334584933293, 50.13997598569748, 68.86738046742721, 65.48291153938497, 67.5021265904496]","[0.4739999771118164, 22.724000215530396, 17.507999897003174, 0.08699989318847656, 0.44099998474121094, 13.129999876022339, 0.46700000762939453, 0.08500003814697266, 13.19100022315979, 2.944000005722046, 0.46199989318847656, 0.3410000801086426, 0.2819998264312744, 0.21500015258789062, 0.9509999752044678, 0.5480000972747803, 5.794000148773193, 8.098999977111816, 6.864000082015991, 5.795000076293945, 0.568000078201294, 0.05099987983703613, 0.5989999771118164, 10.20900011062622, 4.691999912261963, 1.059000015258789, 0.6459999084472656, 4.388000011444092, 4.065000057220459, 0.8250000476837158, 0.4739999771118164, 0.17599987983703613, 0.1679999828338623, 0.5439999103546143, 0.690000057220459, 0.5679998397827148, 0.15599989891052246, 0.5260000228881836, 0.4609999656677246, 0.4179999828338623, 0.3399999141693115, 0.23399996757507324, 0.37800002098083496, 0.24200010299682617, 0.4219999313354492, 0.14399981498718262, 0.10699987411499023, 0.042999982833862305]",,flat_price,Flat price,Remove price variation,Removed,Strong,True,False,,,mpc_diagnostic,,19.611417714063954,,,,698.125,0.0,398.5,290.8125,2.9375,2.7832291573286057,0.0008169417862989863,0.0009968223510591692,2.0,1.0,"[0.2, 0.4, 0.6, 0.7999999551588735, 0.8761826071935439, 1.0, 0.8564013244226374, 0.9999887496482968, 1.0, 1.0, 1.0, 1.0, 1.0, 1.0, 1.0, 1.0, 0.8168194427653106, 0.6336269457746133, 0.45171955252821566, 0.5366088841191042, 0.3366088841191042, 0.13660891088574967, 0.0, 0.0, 0.14749152000912116, 0.34749147251003065, 0.5474914471382921, 0.7474914471266672, 0.9474914471084048, 1.0, 1.0, 1.0, 1.0, 1.0, 1.0, 1.0, 1.0, 1.0, 1.0, 1.0, 1.0, 1.0, 1.0, 1.0, 1.0, 1.0, 1.0, 1.0]","[1.0, 0.75, 0.5, 0.3583521904861646, 0.2801289870934492, 0.23689172036071965, 0.19836814229143998, 0.16887886087093112, 0.15203448058177135, 0.14385848822178304, 0.14385848814140584, 0.14385848805799656, 0.125000001068331, 0.12500000067230735, 0.12500000000922015, 0.12500000000919506, 0.125, 0.125, 0.12500000002787356, 0.12500000524331234, 0.1953109556849945, 0.2539275046060706, 0.48268297063271326, 0.6010369944005302, 0.472744679667554, 0.4489660480759866, 0.42432232338073345, 0.4141774348751711, 0.41417736994685384, 0.40984778715575165, 0.40763575610811736, 0.40763575610811736, 0.4076356613741554, 0.370468803029779, 0.29047807270410386, 0.16856708948226032, 0.1685670874177104, 0.1685670854774242, 0.15053223127953286, 0.14335776916817464, 0.13234377883956794, 0.1323437689242546, 0.13234376729622155, 0.13234370966283565, 0.13234366594884397, 0.12500002260215226, 0.12500001619004658, 0.12500001619004658]","[0.49, 0.49, 0.49, 0.27762970664711734, 0.15331748257117414, 0.08474504279614987, 0.0755062169288703, 0.0577989954897155, 0.033014985759197396, 0.016024945415955644, 0.0, 0.0, 0.03696263488452956, 0.0, 0.0, 0.0, 0.0, 0.0, 0.0, 0.0, -0.14343433890103163, -0.12717790622650774, -0.466661150694351, -0.24482633936329345, 0.2514529368766332, 0.04660611791947215, 0.04830170040269624, 0.019883981470902173, 1.2725950191266456e-07, 0.008485982270560327, 0.004335647066209553, 0.0, 1.856785654593042e-07, 0.07284704235497769, 0.15678183182824487, 0.2389455275005483, 0.0, 0.0, 0.035348314614855256, 0.014061946121264624, 0.02158742142792808, 0.0, 0.0, 1.1334381348019406e-07, 8.606482698202053e-08, 0.014393541342023454, 0.0, 0.0]","[0.4391661880998468, 0.030645143361260882, 0.02997305137042493, 0.0, 0.0, 0.004485984363974751, 0.0, 0.0, 0.08709000860496494, 0.25504419828002356, 0.12990196067211737, 0.19673312222362377, 0.8000796227161582, 0.754492961447221, 0.1399480334987955, 0.15925740916384037, 0.0, 0.0, 0.0, 0.0, -0.06731009451412985, -0.5198739364809004, -0.0599218263942992, -0.05018408904614193, 0.0, 0.0, 0.0, 0.04321864864046665, 0.15670991704210394, 0.49544058016147036, 0.600979798243942, 0.8101758159125194, 0.9859890337492908, 1.0410747933689308, 0.9688151200963359, 1.3474385631291035, 0.9523735256972652, 0.7053308461015492, 0.6159210243074494, 0.9377755166618024, 0.8454248662777711, 0.9004257284529718, 0.7183332103730706, 0.9483183167568958, 0.7106880967385452, 1.0133532196755912, 0.9586547319496562, 0.9912885105527209]","[0.026406300363822802, 0.031959516284254606, 0.03052004813272396, 0.030647856016806942, 0.031745159566653226, 0.033277071465498256, 0.03324098655027068, 0.03313599611569433, 0.0320068928405998, 0.03222664687755265, 0.03433316610213857, 0.03381720948313129, 0.04801223163619291, 0.04294427729770348, 0.04212439958132905, 0.04415067490648925, 0.049638699197443154, 0.05459558881302753, 0.05992602131894215, 0.06881109333252519, 0.08765155596514955, 0.1490428016982556, 0.10825131149941124, 0.102640697979892, 0.13798014899642466, 0.13844284416201402, 0.10477008192203484, 0.08780646502395704, 0.07320390085995403, 0.06153014381499782, 0.05641568218967179, 0.052108306240103194, 0.0560456493496326, 0.05843887497953505, 0.05810017462244917, 0.062244717913208916, 0.04555328203536848, 0.045894229208580606, 0.048615265543070135, 0.050382606333754326, 0.04864660563417312, 0.05110785997153323, 0.04999476358127444, 0.04811972569018412, 0.05003345487471578, 0.05129130785948301, 0.05033149058171152, 0.04974552779651795]","[2.5923855472720163, 2.6247890311312254, 2.6186421149404624, 2.6315902393658774, 2.6026261173895664, 2.5974343283661803, 2.600280197630391, 2.588996456017017, 2.5891957957274556, 2.6134400640210327, 2.6349622974021347, 2.661626439060239, 3.33851548257954, 3.356272007727335, 3.3304784223280723, 3.3478100097136148, 3.3568355402272423, 3.3331354893429275, 3.3295456751280077, 3.3352747032431007, 3.3148559786979614, 3.269233282284796, 3.2695164707885023, 3.3103381382031363, 4.063591457346457, 4.089691653732862, 4.102214372400983, 4.004201899456474, 4.120078586038173, 4.130183996524256, 4.06360014399963, 4.043096907473648, 4.106312088026767, 4.111213709216263, 4.062200179238095, 4.084799010854005, 3.362641934912604, 3.3466408034012085, 3.3142071784543283, 3.3546543958710853, 3.340248730439913, 3.3198596372042264, 3.3188441236506345, 3.2815360843421497, 3.315173934680158, 3.3848594331679154, 3.322335469749241, 3.322377225596597]","[0.0, 0.0, 0.0, 0.0, 0.0, 0.0, 0.0, 0.0, 0.0, 0.0, 0.0, 0.0, 0.0, 0.2268434633480026, 0.6032098094348315, 0.9458927978142564, 1.1517201364909793, 1.2487363889339076, 1.345094332010924, 1.6107823750136088, 1.7935270802912415, 2.3285978903363063, 2.375955737052223, 2.248628107514933, 2.2645115975381507, 2.468191867025868, 1.977372068610901, 1.7290376309410624, 1.4691540938114331, 1.2071876536645205, 0.9848574143643631, 0.8579441692338408, 0.6712576799401113, 0.4222698987121522, 0.35332782049098715, 0.23771509485067194, 0.14460268604269974, 0.10322831025928283, 0.0, 0.0, 0.0, 0.0, 0.0, 0.0, 0.0, 0.0, 0.0, 0.0]","[1.4896255296514602, 1.73610119949014, 1.529188717919679, 1.5846084378083731, 1.6048711485913474, 1.5414800202998638, 1.7016136132335458, 1.5643447112658204, 1.5010974589371728, 1.3745975418397136, 1.5393934681968036, 1.4987104937353135, 1.5494854570416443, 1.4178798598562774, 1.6294449779143796, 1.286810433900442, 1.4379337049932375, 1.5053670406001611, 1.592657594217858, 1.2566945484525478, 1.4831160036679105, 1.6001211229331433, 1.5283950223243408, 1.4593610306263658, 1.5381155564896918, 1.365845044981233, 1.6338192426283757, 1.5523766567181136, 1.6199269021075449, 1.4805999246707437, 1.529843038419434, 1.4270852142292199, 1.5051108384298486, 1.63346085017962, 1.6413755818641689, 1.3229445437057434, 1.311219001206414, 1.5839758242997224, 1.7115530522135773, 1.4531994874101017, 1.5218830487947077, 1.4705417493310757, 1.6505056169521262, 1.381337380357465, 1.6545192071790629, 1.408403980435832, 1.4140122158525004, 1.3808342111571446]",nan,"[2, 2, 2, 2, 2, 2, 2, 2, 2, 2, 2, 2, 2, 2, 2, 2, 2, 2, 2, 2, 2, 2, 2, 2, 2, 2, 2, 2, 2, 2, 2, 2, 2, 2, 2, 2, 2, 2, 2, 2, 2, 2, 2, 2, 2, 2, 2, 2]","[1, 5, 3, 1, 2, 2, 1, 1, 3, 1, 1, 2, 1, 1, 1, 1, 4, 5, 4, 1, 1, 1, 2, 4, 1, 1, 1, 1, 2, 1, 2, 1, 1, 1, 1, 1, 1, 1, 2, 1, 1, 1, 1, 1, 1, 1, 1, 1]",48,0
33,Perfect-Global,95,test_id,id_actual,perfect_full_horizon,48,,1220.7996180811874,1220.7996180811874,0.0,,1800.6240000724792,37.51300000150999,1800.6240000724792,0,1,True,,100095,perfect_global_clean,48,48,True,,1.0,0.12500000000815426,"[38.43743554292366, 22.85803871174533, 22.53324546852449, 12.792025930590253, 6.16615, 6.16615, 6.16615, 6.16615, 6.493464952636585, 12.126507012470311, 6.166158585791064, 9.353927226375749, 32.104844980899266, 38.11804920249185, 14.825434545712142, 16.020204800485445, 6.16615, 6.16615, 5.868745557877613, 4.8635995391769855, 3.63027892152652, 2.3970543030231535, 1.1639256894474173, 2.3970543075945328, 3.6302789264034354, 4.863599544930478, 6.097016162589193, 6.16615, 12.664856273366716, 37.33426412091749, 43.61657520783887, 56.295779404134606, 67.17423236091336, 64.74174834912628, 62.10907954386678, 75.13928081533099, 48.89550533668123, 38.75756071422848, 33.0554714682159, 43.73620939641642, 40.00221168358756, 41.143745506289044, 34.76019358735333, 42.780981283377564, 34.03290340836949, 47.27206506060821, 43.645373657806545, 43.737640989543216]","[37.51300000150999, 37.51300000150999, 37.51300000150999, 37.51300000150999, 37.51300000150999, 37.51300000150999, 37.51300000150999, 37.51300000150999, 37.51300000150999, 37.51300000150999, 37.51300000150999, 37.51300000150999, 37.51300000150999, 37.51300000150999, 37.51300000150999, 37.51300000150999, 37.51300000150999, 37.51300000150999, 37.51300000150999, 37.51300000150999, 37.51300000150999, 37.51300000150999, 37.51300000150999, 37.51300000150999, 37.51300000150999, 37.51300000150999, 37.51300000150999, 37.51300000150999, 37.51300000150999, 37.51300000150999, 37.51300000150999, 37.51300000150999, 37.51300000150999, 37.51300000150999, 37.51300000150999, 37.51300000150999, 37.51300000150999, 37.51300000150999, 37.51300000150999, 37.51300000150999, 37.51300000150999, 37.51300000150999, 37.51300000150999, 37.51300000150999, 37.51300000150999, 37.51300000150999, 37.51300000150999, 37.51300000150999]",,flat_price,Flat price,Remove price variation,Removed,Strong,True,False,,,mpc_diagnostic,,0.0,full_day_optimization_objective,False,9,11378,0,6482,4752,48,1800.6240000724792,0.0021835852424754287,0.0021835852424754287,9,3,,,,,,,,,,,,,
33,MPC-3,96,test_id,id_actual,id_reliable,3,,1523.7800542814286,1286.6149452124644,18.433262410907265,,273.8529996871948,5.705270826816559,46.15499997138977,0,0,True,,100096,pure_mpc_clean,4,48,True,,1.0,0.12500001073174669,"[28.264889878534845, 26.524986107950916, 9.850695710147328, 11.928949381419137, 6.377596950325938, 9.40117718861822, 6.114228061345841, 9.83898928975768, 8.76545678601314, 7.183991288969115, 11.735227795739943, 8.046306049446853, 59.57630718460193, 32.667556787335805, 25.74159393422547, 5.708461322942894, 5.4631757909530085, 4.229982332650958, 2.9967181846303554, 2.576209217762288, 1.3430666516818421, 0.11002008560139626, 0.0, 1.233038, 2.098261745879336, 4.365668868583654, 8.562207195781259, 5.798153822203761, 7.311147022906798, 36.33764442603065, 54.0289427001699, 63.594161941893326, 69.71241091883365, 71.659809701714, 77.58831212583851, 72.61698296957967, 43.594131415752, 66.2884972349111, 63.31137289502871, 62.57239100664499, 67.33508503209968, 66.58450851196534, 60.18933974909983, 74.1356374812012, 75.46154219342436, 65.4637642731646, 52.37341087666126, 67.11804619140612]","[1.187000036239624, 6.956000089645386, 46.15499997138977, 14.780999898910522, 11.474999904632568, 18.59500002861023, 0.08099985122680664, 12.657000064849854, 12.29099988937378, 13.66599988937378, 0.48000001907348633, 0.3710000514984131, 0.3940000534057617, 0.6510000228881836, 2.003000020980835, 0.19299983978271484, 0.39299988746643066, 0.053999900817871094, 0.053999900817871094, 15.697999954223633, 0.5460000038146973, 0.4380002021789551, 0.5850000381469727, 12.15499997138977, 3.2260000705718994, 32.97200012207031, 31.903000116348267, 26.96499991416931, 2.008999824523926, 0.8459999561309814, 0.19100022315979004, 0.15699982643127441, 0.15799999237060547, 0.48600006103515625, 0.47099995613098145, 0.17499995231628418, 0.38700008392333984, 0.16499996185302734, 0.2650001049041748, 0.14800000190734863, 0.15999984741210938, 0.17200016975402832, 0.38499999046325684, 0.17499995231628418, 0.1400001049041748, 0.26200008392333984, 0.12599992752075195, 0.04999995231628418]",,flat_price,Flat price,Remove price variation,Removed,Strong,True,False,,,mpc_diagnostic,,18.433262410907265,,,,698.125,0.0,398.5,290.8125,2.9375,5.705270826816559,0.0008136618442691892,0.0009989342227232922,2.0,1.0,"[0.2, 0.4, 0.6, 0.8, 1.0, 1.0, 0.9915811452720055, 1.0, 1.0, 1.0, 1.0, 1.0, 1.0, 1.0, 1.0, 0.9257873663607391, 0.8860142848486137, 0.6860424735837736, 0.4860436335305105, 0.41784600092875, 0.21784600092875, 0.017846000928749994, 0.0, 0.2, 0.34033086331008533, 0.5403308633100854, 0.7403308633100854, 0.9403308632908316, 1.0, 1.0, 1.0, 1.0, 1.0, 1.0, 1.0, 0.9999997431381507, 1.0, 1.0, 1.0, 1.0, 1.0, 1.0, 1.0, 1.0, 1.0, 1.0, 1.0, 1.0]","[1.0, 0.75, 0.5, 0.35030983741618216, 0.279449602548753, 0.22809107302047232, 0.23562116222141058, 0.204679659136909, 0.1790398316760783, 0.17209507953291484, 0.1720950794001757, 0.17209507924629297, 0.1250000008104079, 0.1250000003802914, 0.12500000038372902, 0.12500000093149757, 0.14557361260388016, 0.14366288291819496, 0.1391270147418262, 0.16301671117448613, 0.15837175807152515, 0.1322325975942249, 0.25101919496890235, 0.36883422391796367, 0.34936835048145465, 0.2862565258088662, 0.2862565258088662, 0.3146713709312319, 0.31467137067327955, 0.31467136923373207, 0.31467136842601695, 0.3146713664532162, 0.31467136323079664, 0.3041140912280705, 0.24002847619024598, 0.1334709353046126, 0.1334709343279855, 0.13347093361894816, 0.13347092900206656, 0.13347085284749569, 0.13347084596746012, 0.12965888320113372, 0.12500004328174502, 0.1250000414125745, 0.12500003444413565, 0.12500002456927162, 0.12500001073174669, 0.12500001073174669]","[0.49, 0.49, 0.49, 0.293392718664283, 0.13888606034016113, 0.10066271787543014, -0.015361386023992316, 0.060645346438889906, 0.05025406182322816, 0.01361171420060038, 0.0, 0.0, 0.09230635411745197, 0.0, 0.0, 0.0, -0.04197018640927094, -0.004248484156689658, 0.0005898859691556291, -0.04873498072262625, 0.009104108081803508, 0.05123275453550846, -0.24232465864434194, -0.24034265952012038, 0.03815311616767847, 0.12369917635827339, 0.0, -0.05796628404962602, 0.0, 0.0, 0.0, 0.0, 0.0, 0.020692236958786525, 0.1256078058612346, 0.20885255367717628, 0.0, 0.0, 0.0, 1.496437480241476e-07, 0.0, 0.007471447403774275, 0.009131326625828894, 0.0, 1.3909453365708442e-08, 0.0, 0.0, 0.0]","[0.43687841419854295, 0.38882931891637845, 0.09941484784076489, 0.11307024454818808, 0.003417324449712138, 0.05228326769483992, 0.0, 0.05935901882436656, 0.04200899856182852, 0.01644996022576348, 0.09000529770892837, 0.030386360395100658, 0.8631944595491221, 0.4283055642397706, 0.3163708110581894, 0.0, 0.0, -0.010908821540473679, -0.09993730719991592, 0.0, -0.08509308918967404, -0.09815456967039612, -0.24216766842730045, 0.0, 0.0, 0.016714436588120062, 0.06460519971350537, 0.0, 0.0185050023904129, 0.4876201119358489, 0.7735400840431499, 0.9281294859295891, 1.0270102774760994, 1.058483390950606, 1.1542975697105213, 1.0739528816765511, 0.6048966693454869, 0.9716742987460382, 0.9235591578994539, 0.9116160162690099, 0.9885888490036313, 0.9764583193852984, 0.8731020565511083, 1.0984967673729487, 1.1199255303987776, 0.9583452811824583, 0.7467840141682628, 0.9850811505681798]","[0.02644866284815386, 0.024462228033508008, 0.027191886615459335, 0.027920884003339128, 0.03129854401580713, 0.03179869110134665, 0.036380758088260565, 0.03311180398395987, 0.03419703403315923, 0.033998891480797544, 0.03295335482317516, 0.03257047777438929, 0.04663557984002582, 0.04332014003239397, 0.03896440963607968, 0.04542708707234931, 0.04731611505976408, 0.0627106297783259, 0.07033537175423193, 0.06895973968102996, 0.10287396459654462, 0.11021332138541849, 0.17378073794479032, 0.08398182105878227, 0.13228186059604063, 0.11748219010252506, 0.10555555555555556, 0.09950373435719587, 0.08416104171027058, 0.06155503474549232, 0.05460646162421523, 0.05601512376834951, 0.054379062224598526, 0.0597959506349164, 0.06075639538749195, 0.060928838154635484, 0.04535675614232436, 0.04685659628617239, 0.05196040809349196, 0.04954132662244558, 0.049469458880282126, 0.05088736144604089, 0.04958832062028071, 0.05166953161462008, 0.05358792896752247, 0.05069089022556666, 0.05062523943925163, 0.050851140269118515]","[2.61213853875595, 2.5953970487642213, 2.6292906072270235, 2.5787739831932615, 2.598102968356182, 2.6151302915324655, 2.657225512550686, 2.6417104440073977, 2.614333260707001, 2.6100516629076056, 2.5835094270401635, 2.5233990065074523, 3.2962746999076864, 3.316710090017823, 3.312315217916197, 3.320712633698842, 3.320904365549646, 3.322374623846355, 3.348802551539002, 3.381677748351176, 3.3743441086962145, 3.3639589758346164, 3.3168389138024894, 3.344509715673478, 4.102218729935772, 4.070313029205087, 4.116367144907805, 4.128176519091383, 4.119958360423956, 4.085330562506344, 4.061668505831552, 4.127972221328877, 4.086688938094506, 4.0746179029133875, 4.1189074088570194, 4.1029976208647145, 3.3528466913700514, 3.3536089711456434, 3.365210472311941, 3.306825683544577, 3.288845956197631, 3.3495064810679778, 3.3193010667303806, 3.3614262586380654, 3.4049546687446908, 3.3575782820474243, 3.356703836047401, 3.382158702131366]","[0.0, 0.0, 0.0, 0.0, 0.0, 0.0, 0.0, 0.0, 0.0, 0.0, 0.0, 0.0, 0.0, 0.24354272382840064, 0.6226512608583668, 0.8586804236937421, 1.037837981666992, 1.233004396183496, 1.5223744995993589, 1.604965352250053, 2.063891426465475, 2.0501162512959823, 2.429646036312412, 2.001968504085314, 2.3890926455890025, 2.177255687428418, 2.0664710741220995, 1.9926166957001836, 1.6406497800485726, 1.1715932338759238, 0.9580811589903062, 0.7277724059403793, 0.6502600075441596, 0.4113531478376142, 0.29038299405637696, 0.2342884464069954, 0.16087654803088397, 0.10224872698161674, 0.0, 0.0, 0.0, 0.0, 0.0, 0.0, 0.0, 0.0, 0.0, 0.0]","[1.5117087270824157, 1.3410298407660346, 1.4670668651783156, 1.40023086417415, 1.4870979395439468, 1.4939827462035775, 1.7173865076510137, 1.5548178162187047, 1.5562670085263635, 1.6139881157207316, 1.5264574555822032, 1.5255830961198211, 1.387409421345024, 1.6881818935003614, 1.4122575041185526, 1.581671932261695, 1.4863384572838907, 1.4811957273567087, 1.5100672512281184, 1.4765606605207229, 1.2714696270064172, 1.4531318601301795, 1.5454659425065103, 1.4668656914394926, 1.4669239700112615, 1.3297938141545327, 1.3505142165304038, 1.352698370407589, 1.5449646192162416, 1.487672248643368, 1.384653722870357, 1.528085449391733, 1.4637977090142256, 1.6438850953000514, 1.6093754350346374, 1.646832677874714, 1.6324301718613943, 1.3265425403609985, 1.4936117134920575, 1.4447508446776822, 1.3497265526350786, 1.4164640761501284, 1.4866559544039013, 1.3145990192511727, 1.338617053763766, 1.4499238718473144, 1.6605450342311188, 1.4479286708475005]",nan,"[2, 2, 2, 2, 2, 2, 2, 2, 2, 2, 2, 2, 2, 2, 2, 2, 2, 2, 2, 2, 2, 2, 2, 2, 2, 2, 2, 2, 2, 2, 2, 2, 2, 2, 2, 2, 2, 2, 2, 2, 2, 2, 2, 2, 2, 2, 2, 2]","[2, 3, 2, 3, 3, 2, 2, 1, 2, 3, 1, 1, 1, 1, 1, 1, 1, 1, 1, 4, 1, 2, 1, 1, 2, 5, 2, 3, 2, 1, 1, 1, 1, 1, 1, 1, 1, 1, 1, 1, 1, 1, 1, 1, 1, 1, 1, 1]",48,0
33,Perfect-Global,96,test_id,id_actual,perfect_full_horizon,48,,1286.6149452124644,1286.6149452124644,0.0,,1800.7060000896454,37.51470833520094,1800.7060000896454,0,1,True,,100096,perfect_global_clean,48,48,True,,1.0,0.12500000000814562,"[38.96209171571573, 35.380146628555934, 25.838469160118688, 17.917635535584743, 7.4272608825138615, 7.780282252303065, 6.16615, 7.543041358393413, 6.16615, 6.16615, 6.16615, 6.16615, 36.41000213467988, 27.15994026260867, 25.741596985182383, 6.16615, 6.16615, 6.16615, 5.432395591128765, 5.073856039323805, 3.840519055724424, 2.7522122370313924, 2.1338294353459397, 3.367033562073242, 4.600333689300486, 5.8337298160226, 6.16615, 6.16615, 7.3111470191696375, 36.33764455307399, 54.02894272420229, 63.594161974349326, 69.71241056738815, 64.75043936679407, 67.67978623508868, 64.71805427549032, 38.21720780821499, 48.97324047278118, 43.048665630465706, 42.95166377256629, 45.34154846244205, 44.85770076825381, 42.26765255890281, 49.1475907943958, 50.482918276484575, 45.2870900316391, 36.61073728359875, 46.440466295555815]","[37.51470833520094, 37.51470833520094, 37.51470833520094, 37.51470833520094, 37.51470833520094, 37.51470833520094, 37.51470833520094, 37.51470833520094, 37.51470833520094, 37.51470833520094, 37.51470833520094, 37.51470833520094, 37.51470833520094, 37.51470833520094, 37.51470833520094, 37.51470833520094, 37.51470833520094, 37.51470833520094, 37.51470833520094, 37.51470833520094, 37.51470833520094, 37.51470833520094, 37.51470833520094, 37.51470833520094, 37.51470833520094, 37.51470833520094, 37.51470833520094, 37.51470833520094, 37.51470833520094, 37.51470833520094, 37.51470833520094, 37.51470833520094, 37.51470833520094, 37.51470833520094, 37.51470833520094, 37.51470833520094, 37.51470833520094, 37.51470833520094, 37.51470833520094, 37.51470833520094, 37.51470833520094, 37.51470833520094, 37.51470833520094, 37.51470833520094, 37.51470833520094, 37.51470833520094, 37.51470833520094, 37.51470833520094]",,flat_price,Flat price,Remove price variation,Removed,Strong,True,False,,,mpc_diagnostic,,0.0,full_day_optimization_objective,False,9,11378,0,6482,4752,48,1800.7060000896454,0.0018859637184333363,0.0018859637184333363,9,2,,,,,,,,,,,,,
33,MPC-3,97,test_id,id_actual,id_reliable,3,,1485.1830277076715,1225.242247628806,21.21546009223281,,85.65999960899353,1.7845833251873653,14.119999885559082,0,0,True,,100097,pure_mpc_clean,4,48,True,,1.0,0.12499999981202253,"[44.244425620429084, 14.666466886602521, 3.6993819695864216, 4.9326756279732455, 5.8460830713725995, 7.859831588911923, 5.498561579036743, 14.881370716685126, 6.155176215595704, 20.956480393858257, 18.214652482731694, 8.313760854637762, 64.61754740625427, 43.618084068728834, 18.97337280003623, 9.301957516030026, 5.948199027692208, 4.714972099668987, 3.581091321906462, 2.3478705314014054, 1.1147457408963484, 0.0, 0.0, 0.0, 0.0, 1.2330379495178823, 10.609813495316486, 20.94417932694505, 28.33487357444866, 41.48643327421701, 39.574818235250014, 56.89693713447256, 59.96508443735181, 81.92551834879657, 82.00511449490168, 75.31577670958025, 43.29630354531604, 48.34358297460677, 46.32145549494324, 64.28713875187532, 57.77928399682571, 64.58166876806477, 68.49006503819393, 53.01474084835268, 64.34441081702214, 54.616361547180205, 55.31188234383283, 57.017839080623794]","[0.18700003623962402, 2.745999813079834, 0.5439999103546143, 0.09399986267089844, 0.12100005149841309, 14.119999885559082, 0.13199996948242188, 6.53600001335144, 0.0989999771118164, 0.5880000591278076, 0.34599995613098145, 0.4240000247955322, 0.41899991035461426, 0.4070000648498535, 7.301000118255615, 9.246000051498413, 0.1830000877380371, 0.05800008773803711, 7.2799999713897705, 0.5870001316070557, 0.6310000419616699, 0.5109999179840088, 0.04900002479553223, 0.5260000228881836, 7.958999872207642, 0.7390000820159912, 8.831999778747559, 5.9679999351501465, 1.691999912261963, 0.7320001125335693, 0.7400000095367432, 0.8229999542236328, 0.40000009536743164, 0.1549999713897705, 0.5019998550415039, 0.5989999771118164, 0.3880000114440918, 0.41900014877319336, 0.4270000457763672, 0.15199995040893555, 0.37399983406066895, 0.34200000762939453, 0.14899992942810059, 0.37199997901916504, 0.24900007247924805, 0.3730001449584961, 0.10399985313415527, 0.03500008583068848]",,flat_price,Flat price,Remove price variation,Removed,Strong,True,False,,,mpc_diagnostic,,21.21546009223281,,,,698.125,0.0,398.5,290.8125,2.9375,1.7845833251873653,0.0007738134397812505,0.0009988750609612267,2.0,1.0,"[0.19999685737195186, 0.3999968573538331, 0.5999967516790876, 0.799991507518913, 0.9481024815114577, 1.0, 0.8917521330743203, 1.0, 0.998220663947475, 1.0, 1.0, 1.0, 1.0, 1.0, 1.0, 1.0, 0.9646602720806448, 0.7646891540509168, 0.5808135522019735, 0.3808135522019735, 0.18081355220197348, 0.0, 0.0, 0.0, 0.0, 0.2, 0.4, 0.6, 0.8, 1.0, 1.0, 1.0, 1.0, 1.0, 1.0, 1.0, 1.0, 1.0, 1.0, 1.0, 1.0, 1.0, 1.0, 1.0, 1.0, 1.0, 1.0, 1.0]","[1.0000028773944427, 0.7500028774024503, 0.5299534038405231, 0.3567216026760101, 0.27788970104813104, 0.22989289831242884, 0.19378092997334478, 0.16363671170503521, 0.15806413987181733, 0.14708371874416903, 0.14708371867066722, 0.14708371857040062, 0.12500000104883574, 0.12500000046028145, 0.12500000040887177, 0.12499999988914223, 0.1250000009273967, 0.12556630704045196, 0.125, 0.29434780531719384, 0.4498677150436068, 0.579965501754219, 0.6315124719392222, 0.8074435367290574, 0.6211099597919739, 0.46944953599571454, 0.4122022015302014, 0.4122022015302014, 0.41220215794240456, 0.41220215794240456, 0.4095838722203845, 0.40958384906149903, 0.38582716465618044, 0.3604152492493845, 0.28376507923487476, 0.15122443089927187, 0.15122442947216255, 0.15122442829348293, 0.15122416439549746, 0.14759521331794925, 0.13616687539774144, 0.13616673473845264, 0.1356102673822874, 0.13561026253495612, 0.1305514784535795, 0.13035650890582234, 0.12871502501690182, 0.12499999981202253]","[0.48999413011533693, 0.49, 0.4312969681813772, 0.33953430378603855, 0.15451053111004365, 0.0940737333619763, 0.07077946185356707, 0.059082668197881605, 0.010922244660858378, 0.021521625800613915, 0.0, 0.0, 0.0432840867260398, 0.0, 0.0, 0.0, 0.0, -0.002963575591202805, 0.0011099617992858478, -0.3454695228470755, -0.3172606158418825, -0.26539948488964893, -0.11310278395579593, -0.3588993721712639, 0.36521381079668364, 0.29725443482914127, 0.11220477555240584, 0.0, 8.543208179727088e-08, 0.0, 0.0051318400151593386, 4.5391415481267235e-08, 0.04656316640598082, 0.04980735419732004, 0.15023433361542554, 0.25977967112588823, 0.0, 0.0, 5.176233524369959e-07, 0.007112744494606743, 0.02239954270816358, 2.7607577877846574e-07, 0.0010906764002295937, 0.0, 0.009915217182235928, 0.0003821406883910957, 0.003217308805615684, 0.007281449401563423]","[0.6951338504417345, 0.1971767961838535, 0.0, 0.0, 0.0, 0.027372631739990664, 0.0, 0.14085205198683032, 0.0, 0.23903564272902236, 0.194723272448189, 0.03470886229717595, 0.9446690489899682, 0.6052837829289508, 0.2069855922981258, 0.050679717430788286, 0.0, -0.0010021488325783637, 0.0, -0.00025652370875517416, -0.05841061549401424, 0.0, -0.30099593011330456, -0.17133903428460998, -0.0793376882484412, 0.0, 0.13161440800511492, 0.2787034719506271, 0.3782164941325036, 0.5708328609974467, 0.539938072488889, 0.8198915092440009, 0.8694777285769489, 1.2243938318997425, 1.2256802342610371, 1.1175697245992766, 0.6000832896212693, 0.6816554824178871, 0.6489746342617089, 0.9393291111414193, 0.834151660554759, 0.9440891922111478, 1.0072551925364677, 0.7571489430036796, 0.9402547202751053, 0.7830337219746295, 0.7942744621225507, 0.8218454800908895]","[0.023579522021555645, 0.02959675121056487, 0.028978395170525077, 0.028410243375096768, 0.03154632869491617, 0.03302915678383588, 0.03304965978675274, 0.030546973651298263, 0.03460220109951335, 0.031022205502339202, 0.03249487757650072, 0.03402690893487623, 0.050276926284821395, 0.04174356714746492, 0.041515231320053754, 0.04415879743177382, 0.04712320850855019, 0.05288168789719299, 0.059941594225775705, 0.07961732497788034, 0.09018446545172243, 0.10290210661701024, 0.15192203239532762, 0.14388366402420333, 0.1646268044239604, 0.13602521079351554, 0.10885089335062556, 0.08281334529147283, 0.07022428776715477, 0.06335643915091799, 0.0561222889629398, 0.05480488463816301, 0.055258754214316946, 0.05751824665170365, 0.05977459116414596, 0.05988804078974956, 0.04471882710939204, 0.04702520752773505, 0.05002127439955337, 0.05183022590478348, 0.049125707759388945, 0.05171307507154777, 0.05159252078638408, 0.05052816829672283, 0.049752455849231804, 0.05076671899392224, 0.05053618151474197, 0.04882632582583328]","[2.603854369667863, 2.627636644874168, 2.581864499280118, 2.5709840369930355, 2.6058193625080426, 2.6045908223183045, 2.5925741756607734, 2.578852297776015, 2.6323012725452997, 2.6032490514723827, 2.600097872097426, 2.593385035842135, 3.3988416760550946, 3.3394631410868776, 3.3346620822811794, 3.342853915613467, 3.336412453853514, 3.3252269073822402, 3.3286763710475173, 3.3465847498567047, 3.3044463335177268, 3.3227856203470134, 3.3250684059073246, 3.3450229758078063, 4.088812655687948, 4.093615969126616, 4.095867870351062, 4.04521209331145, 4.140821243715349, 4.10242056734857, 4.030216552257622, 4.0883988093858425, 4.088076748753147, 4.060047875455263, 4.118650525652882, 4.058759008453839, 3.3155563824173346, 3.3635404434597254, 3.3090756248529827, 3.4112222791391935, 3.3396961568019456, 3.3929082861007562, 3.3735291589033727, 3.3462174195867878, 3.3529447891455337, 3.3318234817920827, 3.394069766529695, 3.322852638068844]","[0.0, 0.0, 0.0, 0.0, 0.0, 0.0, 0.0, 0.0, 0.0, 0.0, 0.0, 0.0, 0.0, 0.2706937885374743, 0.644016479243617, 0.8569256312314996, 1.076253258272558, 1.2254539258427812, 1.4051929654082416, 1.951529595253219, 2.0431819669833566, 2.177180406229853, 2.4534957705543694, 2.5170752017891562, 2.4188258920589316, 2.183624302316884, 2.0143683642792682, 1.7525891877935467, 1.4002697171599205, 1.2827115421580892, 1.0120459254015748, 0.7577676615981876, 0.6411758486974168, 0.47274301261056695, 0.3349003437153522, 0.22208128629573304, 0.1484018455846611, 0.1043074066708374, 0.0, 0.0, 0.0, 0.0, 0.0, 0.0, 0.0, 0.0, 0.0, 0.0]","[1.2423090418885077, 1.5700597060021695, 1.5795490990053882, 1.4598684924149048, 1.5347526828031295, 1.516173161878326, 1.663092244730486, 1.4094645162465462, 1.657760569207528, 1.3737139049988474, 1.4378694456983452, 1.5927030494855692, 1.461165467048514, 1.5052291360091006, 1.525174865291944, 1.4794071029351, 1.342622134539187, 1.3919312790435128, 1.4015003348700363, 1.4395849739352222, 1.5463065111200152, 1.5139068056238105, 1.4375933816434916, 1.5020698444987262, 1.5487373314588901, 1.5487624554604815, 1.5465312162872298, 1.4967326775492988, 1.632559235200672, 1.312232595033569, 1.5292230037442305, 1.5655444782143395, 1.5861188298854498, 1.370621923819485, 1.4676102056447156, 1.5192163676420487, 1.6117900158450933, 1.6246027002045116, 1.7101217477931678, 1.516610649835079, 1.5322706617166222, 1.5005318933025324, 1.4167758111686974, 1.6395965792816214, 1.452527307963859, 1.5991742854749416, 1.6471141775425506, 1.5425520348199684]",nan,"[2, 2, 2, 2, 2, 2, 2, 2, 2, 2, 2, 2, 2, 2, 2, 2, 2, 2, 2, 2, 2, 2, 2, 2, 2, 2, 2, 2, 2, 2, 2, 2, 2, 2, 2, 2, 2, 2, 2, 2, 2, 2, 2, 2, 2, 2, 2, 2]","[1, 2, 1, 1, 1, 4, 1, 1, 1, 1, 1, 1, 1, 1, 6, 5, 1, 1, 5, 2, 1, 1, 1, 1, 7, 3, 1, 1, 1, 1, 1, 1, 2, 1, 1, 1, 1, 1, 1, 1, 1, 1, 1, 1, 1, 1, 1, 1]",48,0
33,Perfect-Global,97,test_id,id_actual,perfect_full_horizon,48,,1225.242247628806,1225.242247628806,0.0,,1801.1529998779297,37.5240208307902,1801.1529998779297,0,1,True,,100097,perfect_global_clean,48,48,True,,1.0,0.12500000000816205,"[48.60509925567908, 29.787919431065934, 19.469331092968922, 16.09980035451474, 6.726364951746625, 8.22015213612696, 6.16615, 9.891967840505226, 6.16615, 12.317658330133199, 9.935740579642282, 6.16615, 39.52353199541452, 34.834047954568874, 18.973406791721548, 9.301973980063446, 6.16615, 6.16615, 5.091585791241506, 3.858247426903594, 2.6250050627399917, 1.391858699119032, 2.220134476711054, 3.4533453221832207, 4.686652168155329, 5.920055014294071, 6.16615, 6.16615, 17.36161996291201, 41.48643374019317, 39.887552649857646, 56.89693975324567, 62.867241529648894, 71.84395604729833, 69.84259980236243, 65.86882996486084, 35.00867314566475, 37.46425333732532, 31.306192470775535, 42.81665762342303, 39.74509163046892, 42.72769987283396, 44.51513039908532, 35.666061858592826, 42.713806271644366, 35.90800145039191, 37.31966345666221, 37.8989140060595]","[37.5240208307902, 37.5240208307902, 37.5240208307902, 37.5240208307902, 37.5240208307902, 37.5240208307902, 37.5240208307902, 37.5240208307902, 37.5240208307902, 37.5240208307902, 37.5240208307902, 37.5240208307902, 37.5240208307902, 37.5240208307902, 37.5240208307902, 37.5240208307902, 37.5240208307902, 37.5240208307902, 37.5240208307902, 37.5240208307902, 37.5240208307902, 37.5240208307902, 37.5240208307902, 37.5240208307902, 37.5240208307902, 37.5240208307902, 37.5240208307902, 37.5240208307902, 37.5240208307902, 37.5240208307902, 37.5240208307902, 37.5240208307902, 37.5240208307902, 37.5240208307902, 37.5240208307902, 37.5240208307902, 37.5240208307902, 37.5240208307902, 37.5240208307902, 37.5240208307902, 37.5240208307902, 37.5240208307902, 37.5240208307902, 37.5240208307902, 37.5240208307902, 37.5240208307902, 37.5240208307902, 37.5240208307902]",,flat_price,Flat price,Remove price variation,Removed,Strong,True,False,,,mpc_diagnostic,,0.0,full_day_optimization_objective,False,9,11378,0,6482,4752,48,1801.1529998779297,0.0021202798337880027,0.0021202798337880027,9,3,,,,,,,,,,,,,
33,MPC-3,98,test_id,id_actual,id_reliable,3,,1510.6862191455066,1262.5577160124371,19.652844379799046,,78.33799958229065,1.6320416579643886,12.623999834060669,0,0,True,,100098,pure_mpc_clean,4,48,True,,1.0,0.12499999981294466,"[35.679836662537014, 18.182348485018938, 8.867169442022456, 4.932727543568951, 5.403371217152024, 5.377217573340833, 5.667149819694836, 12.485750368679541, 21.812511904709098, 19.834495055798545, 12.305080680319108, 18.700991430069678, 64.43642665486789, 37.19333053729323, 30.94611850577087, 11.326541003326815, 5.557658684297172, 4.324284044107333, 3.091005403417014, 1.8578227627266946, 0.6247362868467348, 0.0, 0.0, 0.46201974491739495, 1.1556660252103688, 2.3887938076040034, 3.6220176988460775, 4.751501536082638, 8.532458203527797, 31.209720914198627, 48.32190807364888, 56.460655632143705, 74.81698036004386, 78.80804384364386, 74.23686323528148, 77.89978805188346, 48.86364339209943, 52.341806278029566, 59.06369162338551, 66.97781957873592, 54.3808940517435, 64.30026529663017, 62.30215249960985, 58.01335294561868, 49.63595945796661, 70.09471019229545, 67.72126528430294, 65.717667352492]","[0.4240000247955322, 2.078000068664551, 12.297999858856201, 0.37199997901916504, 0.32400012016296387, 0.41100001335144043, 0.2690000534057617, 12.623999834060669, 2.180000066757202, 2.379999876022339, 0.40799999237060547, 0.34599995613098145, 0.17499995231628418, 0.16000008583068848, 2.943000078201294, 0.754000186920166, 0.1510000228881836, 0.9019999504089355, 0.5820000171661377, 0.6530001163482666, 0.07200002670288086, 0.5540001392364502, 11.085000038146973, 3.360999822616577, 9.375999927520752, 1.9809999465942383, 0.1380000114440918, 0.8510000705718994, 1.4749999046325684, 2.4240000247955322, 0.7980000972747803, 0.14800000190734863, 0.4049999713897705, 0.4830000400543213, 0.5989999771118164, 0.5279998779296875, 0.3960001468658447, 0.372999906539917, 0.4549999237060547, 0.2909998893737793, 0.36699986457824707, 0.247999906539917, 0.3940000534057617, 0.375, 0.40599989891052246, 0.16100001335144043, 0.08999991416931152, 0.06999993324279785]",,flat_price,Flat price,Remove price variation,Removed,Strong,True,False,,,mpc_diagnostic,,19.652844379799046,,,,698.125,0.0,398.5,290.8125,2.9375,1.6320416579643886,0.0007953778437678918,0.000999198475272374,2.0,1.0,"[0.2, 0.4, 0.6, 0.7999999259865946, 0.8763168719356972, 0.8720760028021699, 0.919088743745234, 1.0, 1.0, 1.0, 1.0, 1.0, 1.0, 0.9999997414108529, 1.0, 1.0, 0.9013347714179307, 0.7013347714990839, 0.5013347714990839, 0.3013347714990839, 0.10133479823147562, 0.0, 0.0, 0.07494189010018326, 0.18745064597713787, 0.387450614527217, 0.5874506007341688, 0.770612725701753, 0.9706127226807691, 1.0, 1.0, 1.0, 1.0, 1.0, 1.0, 1.0, 1.0, 1.0, 1.0, 1.0, 1.0, 1.0, 1.0, 1.0, 1.0, 1.0, 1.0, 1.0]","[1.0, 0.75, 0.5, 0.35722980605536236, 0.2797309079457761, 0.23082723347837256, 0.19238340040508417, 0.17080934350891655, 0.15174792880350782, 0.14186955716137042, 0.14186955704011897, 0.14186955690454922, 0.12500000099952047, 0.12500375048724263, 0.12500000166661565, 0.12500000001080724, 0.14930443065732937, 0.2090249544526308, 0.30902234137600254, 0.3964517522170961, 0.3499411211322139, 0.445884604389607, 0.48960973172536254, 0.5728788491791572, 0.44486682649045567, 0.40641573796627106, 0.36580812668892393, 0.38844729080914964, 0.37149937980165915, 0.37149937412933687, 0.37149937293019275, 0.37149937180846393, 0.3556737314775698, 0.33888085007923663, 0.2627990593206761, 0.1458216710000528, 0.14582167035467153, 0.14582166922518427, 0.13759609542870543, 0.1375956846025786, 0.13374033315268247, 0.12795204138318153, 0.12500041045629348, 0.1250004051931089, 0.12500039351507167, 0.12500038724938783, 0.12500023892456247, 0.12499999981294466]","[0.49, 0.49, 0.49, 0.27982958013148984, 0.15189784421472563, 0.09585120587072031, 0.07534991673375104, 0.04228515190873266, 0.037360373213251974, 0.01936160880955125, 0.0, 0.0, 0.03306432995701776, -8.000197628283162e-06, 7.348085947594998e-06, 0.0, -0.049581041378596175, -0.12910427865711607, -0.20399466932367838, -0.17835599811583092, 0.0831336753515837, -0.19572470584508198, -0.08919925976494131, -0.16986899960574114, 0.250903564469855, 0.07536413350740187, 0.07959091810360035, -0.04618389497700652, 0.033217905574681385, 1.1591788320846086e-08, 0.0, 0.0, 0.03101825543953472, 0.03291404792773525, 0.14912031027570039, 0.22927568149592728, 0.0, 0.0, 0.016122125024816802, 8.05601772723249e-07, 0.00755648922596119, 0.01134505225095521, 0.0057851970001181275, 1.0720951572626279e-08, 0.0, 0.0, 2.910924616566201e-07, 4.686587709133879e-07]","[0.5567159379803962, 0.25399881187909396, 0.08351947381046394, 0.0, 0.0, 0.0, 0.0, 0.10213495545340673, 0.252870495429642, 0.22090254635634013, 0.0992150412980866, 0.20258329583950993, 0.9417418449271577, 0.5014494081956041, 0.4004843394872059, 0.08340025863962529, 0.0, -0.18310734472060403, -0.10506655239921404, 0.0, -0.1382400436649152, -0.07715761355362682, -0.2651852420462581, 0.0, 0.0, 0.0, 0.0, 0.0, 0.04117250572877736, 0.404744580431493, 0.6813051809882646, 0.8128404950649487, 1.1095083694552543, 1.17401040555384, 1.1001327391560642, 1.1593315240708437, 0.6900604992662535, 0.7462732327762354, 0.8549097636102708, 0.9828148618785604, 0.7792281866948445, 0.9395412573192755, 0.9072485252462198, 0.8379345930605039, 0.7025423750782481, 1.0331888515926537, 0.9948301460089366, 0.9624487652928001]","[0.023961473161964356, 0.026939016973675064, 0.028715976650928225, 0.029395295874885985, 0.03176736574162464, 0.03209505037885676, 0.03330401604203464, 0.03241428560451652, 0.030170669983781807, 0.031436060736694686, 0.0326241799967246, 0.031975173515393265, 0.051051796642614965, 0.043085697563681, 0.038982052192720336, 0.04389106275378585, 0.045860200854078624, 0.06634978635204583, 0.07440113786063371, 0.08014893421546404, 0.12315422418461525, 0.10488939320690198, 0.1363712455808974, 0.10062715179812624, 0.1439116996496985, 0.12521645435955547, 0.10286007934380612, 0.09533958844379756, 0.08115326521463653, 0.0624847783542683, 0.05849256500878838, 0.05450205154454445, 0.05478438564131879, 0.05963502988580664, 0.05874065690150257, 0.060034273921466264, 0.04497434877387155, 0.04720129174802393, 0.0505670579422201, 0.04972137573270412, 0.04828260614792499, 0.050701186768038545, 0.05040210536439641, 0.04951265626992797, 0.04980365622908612, 0.05156454416657405, 0.05016139324947179, 0.05055388528494667]","[2.6433249864549238, 2.6435135281167494, 2.6058572585004507, 2.591890586553363, 2.584802438670948, 2.5767431451295524, 2.587978867663906, 2.5899975413693452, 2.5834816193138685, 2.6113621910925815, 2.5898044481863502, 2.590920908071931, 3.3717031159601163, 3.344015329290517, 3.365469676951465, 3.3662756897854065, 3.3186860705131145, 3.315823472825067, 3.31519434074867, 3.3299953275646867, 3.339522987929102, 3.328824161889328, 3.357244944083188, 3.380592834736858, 4.094961332605219, 4.092402156744475, 4.067203427890615, 4.069432053254211, 4.146380604304989, 4.117328261605498, 4.124890920326456, 4.085081969922388, 4.070593793979281, 4.0688564852513025, 4.12116865743176, 4.078474762183362, 3.3346780543160093, 3.348460474276619, 3.3620596431285144, 3.344769364145783, 3.321092921711903, 3.366358924372875, 3.374818055985407, 3.2947558009213944, 3.3149268258737266, 3.367976203746811, 3.372863721108211, 3.319917141525905]","[0.0, 0.0, 0.0, 0.0, 0.0, 0.0, 0.0, 0.0, 0.0, 0.0, 0.0, 0.0, 0.0, 0.2372206794736054, 0.5904302761823955, 0.847715193864975, 0.9608584370651592, 1.361470837492766, 1.6031061463764025, 1.769535599339922, 2.005204599146385, 2.0877509237543914, 2.3920674880674415, 2.2018819771838647, 2.3734035879905395, 2.2321679304464532, 1.94747442475777, 1.8974696536384223, 1.5591626122672269, 1.1460078321688207, 1.0320553635480274, 0.900927371269333, 0.6127908079293467, 0.43206936239466426, 0.35941112837046296, 0.22877585332913036, 0.15600946114737246, 0.09359194663845184, 0.0, 0.0, 0.0, 0.0, 0.0, 0.0, 0.0, 0.0, 0.0, 0.0]","[1.4205704500031517, 1.5264537332391315, 1.4610529118150053, 1.5414563464472029, 1.5883550924843957, 1.6409109546788465, 1.6268442274389554, 1.4779913694875522, 1.3234213413947302, 1.4025340237605441, 1.5232135601003902, 1.420312755769878, 1.4479487381445952, 1.6484392324190194, 1.413529717097084, 1.479051254694103, 1.5519341016053891, 1.6315792735553163, 1.594215782456709, 1.5176298890569677, 1.4112441816987316, 1.6188449507405465, 1.4559332046250533, 1.37426511459183, 1.4271152384176435, 1.5226359371325129, 1.5555475680762627, 1.5428731574788297, 1.6233681947028544, 1.629060616267985, 1.470022938476045, 1.4258161529646063, 1.3720607472179212, 1.4894976996795752, 1.5712451369505154, 1.5211259776301813, 1.533582386713075, 1.5557965844411288, 1.5415948128572399, 1.411675072814169, 1.5825907982067662, 1.4661738019964239, 1.5121863892619425, 1.5063337981273761, 1.662188028451373, 1.3863518840739602, 1.4281946776842602, 1.408021793304207]",nan,"[2, 2, 2, 2, 2, 2, 2, 2, 2, 2, 2, 2, 2, 2, 2, 2, 2, 2, 2, 2, 2, 2, 2, 2, 2, 2, 2, 2, 2, 2, 2, 2, 2, 2, 2, 2, 2, 2, 2, 2, 2, 2, 2, 2, 2, 2, 2, 2]","[2, 2, 3, 1, 1, 1, 1, 2, 1, 1, 1, 1, 1, 1, 1, 2, 1, 2, 1, 1, 1, 1, 2, 1, 1, 2, 1, 1, 1, 1, 1, 1, 1, 1, 1, 1, 1, 1, 1, 1, 1, 1, 1, 1, 1, 1, 1, 1]",48,0
33,Perfect-Global,98,test_id,id_actual,perfect_full_horizon,48,,1262.5577160124371,1262.5577160124371,0.0,,1800.638000011444,37.51329166690508,1800.638000011444,0,1,True,,100098,perfect_global_clean,48,48,True,,1.0,0.12500000000815095,"[44.686773482395225, 31.602216693850277, 25.618758735970886, 13.440909173898905, 6.16615, 6.16615, 6.16615, 8.093006594140398, 13.481586166444036, 12.48940690259498, 6.166715368371319, 10.305914490319275, 38.05194682181979, 29.412034482595466, 30.946574288330467, 11.326543720405951, 6.16615, 5.442371495716628, 4.219871610669618, 3.768768312634027, 2.535532917471209, 1.3023935200366021, 0.9260090380038538, 2.1591191335079616, 3.3923252286786214, 4.625627323124153, 5.859025415388797, 6.16615, 8.885457238771382, 31.20972154155917, 48.32190817182681, 56.46065571658248, 74.0849163420239, 68.25616140137888, 68.15534256150504, 68.31518160721973, 40.54884163726414, 39.424408017263346, 40.695548906331396, 44.56182168363239, 37.84658666307942, 43.75835088070357, 42.620694596205546, 39.435526945042334, 34.83512883462268, 47.20729480798139, 44.784211766659105, 42.46577577641575]","[37.51329166690508, 37.51329166690508, 37.51329166690508, 37.51329166690508, 37.51329166690508, 37.51329166690508, 37.51329166690508, 37.51329166690508, 37.51329166690508, 37.51329166690508, 37.51329166690508, 37.51329166690508, 37.51329166690508, 37.51329166690508, 37.51329166690508, 37.51329166690508, 37.51329166690508, 37.51329166690508, 37.51329166690508, 37.51329166690508, 37.51329166690508, 37.51329166690508, 37.51329166690508, 37.51329166690508, 37.51329166690508, 37.51329166690508, 37.51329166690508, 37.51329166690508, 37.51329166690508, 37.51329166690508, 37.51329166690508, 37.51329166690508, 37.51329166690508, 37.51329166690508, 37.51329166690508, 37.51329166690508, 37.51329166690508, 37.51329166690508, 37.51329166690508, 37.51329166690508, 37.51329166690508, 37.51329166690508, 37.51329166690508, 37.51329166690508, 37.51329166690508, 37.51329166690508, 37.51329166690508, 37.51329166690508]",,flat_price,Flat price,Remove price variation,Removed,Strong,True,False,,,mpc_diagnostic,,0.0,full_day_optimization_objective,False,9,11378,0,6482,4752,48,1800.638000011444,0.0021263701234284053,0.0021263701234284053,9,2,,,,,,,,,,,,,
33,MPC-3,99,test_id,id_actual,id_reliable,3,,1595.2178957767953,1320.9410277135817,20.7637481393064,,126.08899998664856,2.6268541663885117,20.139999866485596,0,0,True,,100099,pure_mpc_clean,4,48,True,,1.0,0.1250000091867347,"[26.788603539106493, 21.441251223834307, 9.677838079759868, 4.584743951082657, 16.50521474346597, 6.023477035828931, 13.024602140313954, 17.547429355543507, 23.938871768701198, 23.954643785373, 22.934750586407063, 24.587425329167523, 61.589849069163854, 45.33764732402126, 22.769318209219918, 5.9693527714251395, 4.736119642892265, 4.940417551434811, 3.7070909529166336, 2.749980896747738, 1.5168248037976253, 0.2837647102136405, 0.0, 0.0, 0.6620410371987189, 1.8951304877357407, 24.368625620900346, 28.06572991849772, 26.262964423934562, 19.65291027944037, 42.46315489966156, 60.5406431524158, 57.97716422891343, 80.79277825188969, 85.33394326138365, 89.24101945667293, 44.37923872377853, 64.36951946398781, 56.865663357984374, 48.61496591630063, 57.96395764692707, 62.10652640929077, 61.392615718120084, 54.04823696730314, 65.43218306621142, 74.44940115683096, 68.31554051237566, 55.41472434862302]","[0.44099998474121094, 7.417999982833862, 20.139999866485596, 0.4440000057220459, 17.383000135421753, 0.12899994850158691, 16.16000008583069, 3.6560001373291016, 1.6599998474121094, 1.3439998626708984, 0.3320000171661377, 0.15700006484985352, 0.3689999580383301, 0.437000036239624, 2.2109999656677246, 4.480999946594238, 0.0559999942779541, 0.34400010108947754, 0.6340000629425049, 12.611000061035156, 0.814000129699707, 0.6419999599456787, 9.750999927520752, 0.04900002479553223, 4.391000032424927, 2.9630000591278076, 3.5769999027252197, 4.4710001945495605, 1.8459999561309814, 1.2300000190734863, 0.8010001182556152, 0.17199993133544922, 0.5970001220703125, 0.1679999828338623, 0.5679998397827148, 0.4290001392364502, 0.44700002670288086, 0.1510000228881836, 0.375, 0.37199997901916504, 0.4049999713897705, 0.24499988555908203, 0.37399983406066895, 0.39100003242492676, 0.1549999713897705, 0.15000009536743164, 0.09799981117248535, 0.04999995231628418]",,flat_price,Flat price,Remove price variation,Removed,Strong,True,False,,,mpc_diagnostic,,20.7637481393064,,,,698.125,0.0,398.5,290.8125,2.9375,2.6268541663885117,0.0008226668701227714,0.0009988680289758016,2.0,1.0,"[0.2, 0.4, 0.6, 0.7435713952228167, 0.9435713952046936, 0.9768663029708716, 1.0, 1.0, 1.0, 1.0, 1.0, 1.0, 1.0, 1.0, 1.0, 0.9680902737072455, 0.7681184171500088, 0.8012469128697477, 0.6012469128697477, 0.44602829986530323, 0.24602829996810405, 0.046028299968104036, 0.0, 0.0, 0.10738565587455108, 0.3073856405351758, 0.5073856405260652, 0.7073856405145323, 0.9073856375102841, 1.0, 1.0, 1.0, 1.0, 1.0, 1.0, 1.0, 1.0, 1.0, 1.0, 1.0, 1.0, 1.0, 1.0, 1.0, 1.0, 1.0, 1.0, 1.0]","[1.0, 0.75, 0.5, 0.37491039740770915, 0.2837294552077626, 0.2229613235011808, 0.18033978824993876, 0.16297540381306777, 0.15787573357669885, 0.14815295762556907, 0.14815295755170893, 0.14815295746819204, 0.1250000007017313, 0.12500000033878936, 0.12500000041047385, 0.125, 0.17762363885101073, 0.12500572015937647, 0.14877519005343898, 0.1675113540687198, 0.168159436208323, 0.2525695683792901, 0.28788826176505594, 0.5330918275517073, 0.44306633341014323, 0.33725649796969065, 0.337256495747218, 0.33725649505360844, 0.3372563024886003, 0.33725630193064243, 0.33725630126970546, 0.3372563002649667, 0.3372562968440339, 0.3269593338869509, 0.24574016922106642, 0.1427819250887253, 0.14278192421795707, 0.14278192280687502, 0.14107944848809573, 0.13385059964359083, 0.1311540386178837, 0.13115383082152407, 0.1250000297355929, 0.12500002317110637, 0.12500001766990992, 0.12500001287560655, 0.1250000091867347, 0.1250000091867347]","[0.49, 0.49, 0.49, 0.2451756210808901, 0.17871464671189521, 0.11910554205687553, 0.08353820948498401, 0.034034193887310625, 0.009995354052704908, 0.01905664125431258, 0.0, 0.0, 0.04537979564479982, 0.0, 0.0, 0.0, -0.11463658046414887, 0.10313109331389601, -0.04848971858388751, -0.038221774591173235, -0.010464884087679843, -0.1721966696287729, -0.07524910954043214, -0.5004043675987153, 0.17644996851746553, 0.20738727746328708, 0.0, 0.0, 4.568902706535405e-07, 0.0, 0.0, 0.0, 0.0, 0.020182047783413648, 0.15918956313175472, 0.20179815888421007, 0.0, 0.0, 0.003336850048682434, 0.01416854412073925, 0.005285259993840119, 4.076642951847208e-07, 0.012061450512131875, 0.0, 0.0, 0.0, 0.0, 0.0]","[0.4130192410360645, 0.30666794705186756, 0.09662118916783623, 0.0, 0.1727204182339455, 0.0, 0.11084367095456896, 0.1839398683724203, 0.2872359073729487, 0.287490808652493, 0.27100768624496263, 0.29771758107745494, 0.8957365506127491, 0.6330747042266063, 0.2683340316641603, 0.0, -0.01966107957403501, 0.0, -0.150107966573255, 0.0, -0.012222969748997252, -0.012406636948219998, -0.012888360436110559, -0.03216669228646702, 0.0, 0.0, 0.34327773071698303, 0.3830970883341312, 0.334028110214648, 0.21796784290004634, 0.5866182610046312, 0.8787796873117705, 0.8373497249117322, 1.2060869212426615, 1.2794794870526651, 1.342624152835118, 0.6175852723034914, 0.9406605165897021, 0.8193860744724747, 0.6860414693543536, 0.8371362852028618, 0.9040868914632851, 0.8925489408989105, 0.773851910582677, 0.9578348778377604, 1.1035676954639346, 1.0044345941394046, 0.7959365551292609]","[0.024944882773409456, 0.026580709673404018, 0.027316392582213828, 0.030172634382807515, 0.028915406211095434, 0.03259896425678352, 0.03090019783423953, 0.030787916277661604, 0.029996205387491183, 0.03075541453634805, 0.031228948440185984, 0.031835944385559076, 0.049461538927631755, 0.042767056514594524, 0.0405940649285734, 0.04499347159936499, 0.06566886236801205, 0.04872899605933076, 0.08501062732235248, 0.0675951928304457, 0.08836165852341583, 0.10312401105084273, 0.1181595262342113, 0.12016281608204066, 0.1399433301438615, 0.13771629438760238, 0.08768834211867248, 0.08461364512096727, 0.06788613053572415, 0.06663608866139673, 0.06027180429672386, 0.053701811369194025, 0.0567995237848695, 0.058238186308205646, 0.060348623727946096, 0.06178768246725321, 0.0437718455054784, 0.04816867834393317, 0.04809110568731369, 0.048725184512241296, 0.05025859726268196, 0.05037082891793094, 0.048782443073709256, 0.04972747354621374, 0.048745440546194965, 0.05204046976942643, 0.05068754203628123, 0.0499441795486893]","[2.5612588227034383, 2.612104255378208, 2.5806287390176346, 2.5921114724445573, 2.617657619108123, 2.6000474966054354, 2.5781711264584306, 2.5696251765205753, 2.555383445433101, 2.647622605876661, 2.590210313978032, 2.605650239453154, 3.371143417020363, 3.358140743245938, 3.3614534385928434, 3.3039551400403924, 3.2986769680037584, 3.3113729194575434, 3.3708142478604755, 3.348053414111716, 3.3179162225650107, 3.34127836761329, 3.394599826276336, 3.320862180773066, 4.047679799377627, 4.1382911372294355, 4.088161387606893, 4.093363727742387, 4.078495413784447, 4.034296308562382, 4.151919216287328, 4.068375912702415, 4.156317196273024, 4.0673676325550625, 4.105128196605712, 4.055929891657084, 3.313441790687732, 3.39972537907277, 3.2893475030142487, 3.305340051826576, 3.3778803715110235, 3.3544704210608307, 3.35229864855172, 3.366733954496375, 3.321268812156693, 3.322640387044882, 3.343939277465299, 3.374617448999673]","[0.0, 0.0, 0.0, 0.0, 0.0, 0.0, 0.0, 0.0, 0.0, 0.0, 0.0, 0.0, 0.0, 0.23248168123254004, 0.6636512738334879, 0.8673542767692071, 1.1096436049892955, 1.0363087164510238, 1.5591867335616372, 1.5830379123809089, 1.8646888871935297, 2.1795802597712863, 2.196916123868093, 2.5010639385394144, 2.3534607418841147, 2.305055417454242, 1.8193226421802977, 1.8365532137407066, 1.3900119946403235, 1.316926063917349, 1.0965847118481848, 0.7664069637056471, 0.6794454568933369, 0.47811690511929195, 0.2926391866537409, 0.22336417626215932, 0.15117402403310906, 0.09685319756106017, 0.0, 0.0, 0.0, 0.0, 0.0, 0.0, 0.0, 0.0, 0.0, 0.0]","[1.483184381233881, 1.442016918928085, 1.4213235283629597, 1.6335370523183672, 1.3515664498772573, 1.5366746200826964, 1.4146890603546445, 1.382439002614498, 1.2881483083629814, 1.3718304854745331, 1.350431491902915, 1.3397686026481817, 1.4794885627157521, 1.5353513612855751, 1.4700621400481844, 1.5135034810086692, 1.6208815063552364, 1.4194152556347603, 1.493988438224219, 1.4248033357558563, 1.3182485477599974, 1.4033971255017346, 1.4039805831204464, 1.4725321180366606, 1.5503267678234207, 1.4561791006790379, 1.5058636005977724, 1.25094142891847, 1.5149554277708337, 1.5660384893429156, 1.5289880464639656, 1.4768910711170675, 1.6963215315773092, 1.4212199451370344, 1.4341685839140101, 1.3499310865611047, 1.5884543381994292, 1.410380340535973, 1.5147156845979188, 1.653855169004618, 1.585717371079027, 1.5007539512682078, 1.4964706494758486, 1.6426094586016269, 1.4121793641962455, 1.271113151987553, 1.3901922181668533, 1.6286250554628108]",nan,"[2, 2, 2, 2, 2, 2, 2, 2, 2, 2, 2, 2, 2, 2, 2, 2, 2, 2, 2, 2, 2, 2, 2, 2, 2, 2, 2, 2, 2, 2, 2, 2, 2, 2, 2, 2, 2, 2, 2, 2, 2, 2, 2, 2, 2, 2, 2, 2]","[1, 3, 4, 1, 2, 1, 2, 1, 1, 1, 1, 1, 1, 1, 1, 5, 1, 1, 1, 4, 1, 1, 5, 1, 1, 1, 3, 2, 2, 1, 1, 1, 1, 1, 1, 1, 1, 1, 1, 1, 1, 1, 1, 1, 1, 1, 1, 1]",48,0
33,Perfect-Global,99,test_id,id_actual,perfect_full_horizon,48,,1320.9410277135817,1320.9410277135817,0.0,,1801.3970000743866,37.529104168216385,1801.3970000743866,0,1,True,,100099,perfect_global_clean,48,48,True,,1.0,0.12500000000815087,"[40.65913999887031, 36.31770601178439, 27.82148418375711, 12.8571663918934, 15.680983832954194, 8.89578142064634, 12.08001460354772, 12.959278341473333, 16.067890125211733, 17.23976895045761, 15.36308300048504, 15.937606878332222, 39.95709192267887, 37.73768187724219, 22.76932170810909, 6.16615, 6.16615, 6.16615, 5.436538476299248, 5.219231998534631, 3.985883700652918, 2.752631401737878, 2.3879985964708212, 3.4346754741688983, 4.667980866331757, 5.9013822575713055, 6.16615, 12.01809745690227, 21.179480634520107, 19.652910347803363, 42.463154959503136, 60.540643041829405, 57.97716450097959, 71.74098214164653, 73.58006678840157, 73.01217633582499, 37.323577758648206, 47.32099878178444, 38.48490305982321, 34.748847220701734, 40.297382387330316, 41.738566082113074, 42.568524574425545, 37.69385580270811, 44.300757451623, 47.82183802245103, 46.29398746971766, 39.38819087563353]","[37.529104168216385, 37.529104168216385, 37.529104168216385, 37.529104168216385, 37.529104168216385, 37.529104168216385, 37.529104168216385, 37.529104168216385, 37.529104168216385, 37.529104168216385, 37.529104168216385, 37.529104168216385, 37.529104168216385, 37.529104168216385, 37.529104168216385, 37.529104168216385, 37.529104168216385, 37.529104168216385, 37.529104168216385, 37.529104168216385, 37.529104168216385, 37.529104168216385, 37.529104168216385, 37.529104168216385, 37.529104168216385, 37.529104168216385, 37.529104168216385, 37.529104168216385, 37.529104168216385, 37.529104168216385, 37.529104168216385, 37.529104168216385, 37.529104168216385, 37.529104168216385, 37.529104168216385, 37.529104168216385, 37.529104168216385, 37.529104168216385, 37.529104168216385, 37.529104168216385, 37.529104168216385, 37.529104168216385, 37.529104168216385, 37.529104168216385, 37.529104168216385, 37.529104168216385, 37.529104168216385, 37.529104168216385]",,flat_price,Flat price,Remove price variation,Removed,Strong,True,False,,,mpc_diagnostic,,0.0,full_day_optimization_objective,False,9,11378,0,6482,4752,48,1801.3970000743866,0.00206532693428703,0.00206532693428703,9,4,,,,,,,,,,,,,
33,MPC-3,80,test_id,id_actual,id_reliable,3,,1665.0722693545733,1332.583172736036,24.95072003167177,,78.81899929046631,1.642062485218048,19.664999961853027,0,0,True,,100080,pure_mpc_clean,4,48,True,,1.0,0.1250000008143806,"[5.374448557959751, 4.719323660516364, 5.14936978513069, 6.1574980650482, 5.454191043208706, 8.635350849084574, 5.472372729247068, 10.22854316009991, 15.236296024595667, 5.92480447396413, 22.119411769145827, 27.20666336491304, 40.98044586476272, 26.268163068680728, 16.665195755655965, 6.058175723001358, 5.5962517660454205, 3.401145913148813, 0.9355093470400206, 1.0057555519095582, 0.0, 0.0, 0.0, 0.0, 2.381066153329366, 3.8011500699112206, 5.929111412577111, 6.16615, 33.060398373818344, 38.91841296048401, 64.1365366337117, 79.59463933813097, 101.56400834636425, 129.38689075866947, 92.64475224372865, 115.38221006195405, 54.65258367414319, 52.93589534057672, 57.31782920309089, 64.87999562247327, 70.66968465945693, 72.55979415944563, 64.03571797055636, 68.24031937442378, 73.08466817182729, 64.7912945129669, 64.48228202684345, 61.8679618129312]","[3.263000011444092, 0.36700010299682617, 0.09800004959106445, 0.09200000762939453, 0.4010000228881836, 2.680000066757202, 0.41300010681152344, 4.638999938964844, 1.9399998188018799, 0.10699987411499023, 0.5320000648498535, 0.4159998893737793, 1.8980000019073486, 2.884999990463257, 3.4009997844696045, 0.21199989318847656, 0.15899991989135742, 3.311000108718872, 0.056999921798706055, 10.499000072479248, 0.7880001068115234, 0.06599998474121094, 0.059999942779541016, 0.051000118255615234, 4.119999885559082, 4.111999988555908, 0.8789999485015869, 19.664999961853027, 5.150000095367432, 2.191999912261963, 0.8369998931884766, 0.14599990844726562, 0.497999906539917, 0.12800002098083496, 0.4589998722076416, 0.15600013732910156, 0.2560000419616699, 0.2709999084472656, 0.2480001449584961, 0.23600006103515625, 0.16499996185302734, 0.11299991607666016, 0.2539999485015869, 0.14999985694885254, 0.1380000114440918, 0.14499998092651367, 0.11400008201599121, 0.05200004577636719]",,relaxed_ramp,Relaxed ramp,Weaken DG inter-temporal coupling,High,Weak DG ramp,False,True,0.8,0.8,mpc_diagnostic,,24.95072003167177,,,,698.125,0.0,398.5,290.8125,2.9375,1.642062485218048,0.0008015794622527802,0.0009976909754678463,2.0,1.0,"[0.3999995634059731, 0.7653947988999983, 0.8351297018123538, 0.9985971385905739, 0.8845573951234617, 1.0, 0.887505580720054, 1.0, 1.0, 0.960866926035843, 1.0, 1.0, 1.0, 1.0, 1.0, 0.9824925381546196, 0.9075926482367676, 0.5516315227770716, 0.1517419794622865, 0.16313572956634603, 0.0, 0.0, 0.0, 0.0, 0.38619732119227096, 0.6165003743189122, 0.9615652816694403, 1.0, 1.0, 1.0, 1.0, 1.0, 1.0, 1.0, 1.0, 1.0, 1.0, 1.0, 1.0, 1.0, 1.0, 1.0, 1.0, 1.0, 1.0, 1.0, 1.0, 1.0]","[1.0, 0.75, 0.5447014367576093, 0.39367415453498056, 0.30606150258917475, 0.24615006811158774, 0.1987491395563054, 0.17149984053937314, 0.14840854094552522, 0.14183648955208514, 0.259113387722296, 0.5091133876657769, 0.25911338766577685, 0.12500000285666454, 0.12500000159075195, 0.14408936713535345, 0.12500004262357417, 0.12500000765170077, 0.1250012334752549, 0.12500000008658413, 0.2156887996000585, 0.22904525605858195, 0.30753097825624987, 0.417121660063226, 0.4025811067005518, 0.402579931961517, 0.4025797937833083, 0.4068736639558704, 0.4068736639558704, 0.4068736639558704, 0.4068736639558704, 0.4068736639558704, 0.3864359438001469, 0.352105072443271, 0.2663303076091197, 0.1250000000172472, 0.12500000093970048, 0.12500000114149573, 0.12500000099415262, 0.1250000012040238, 0.12500000142449225, 0.12500000108302323, 0.1250000011521919, 0.12500000121270247, 0.12500000119646343, 0.12500000092636915, 0.1250000008143806, 0.1250000008143806]","[0.49, 0.49, 0.40238518395508566, 0.2960111778893389, 0.1717207978137794, 0.11742641233752915, 0.09290582388379992, 0.05340862683097275, 0.045258947958503444, 0.012881224629342675, -0.23924487304011738, -0.51, 0.49, 0.2628622346257073, 0.0, -0.03894230988998596, 0.03741508008011603, 0.0, -7.385381628496204e-06, 2.4216070035752374e-06, -0.18500515100748774, -0.036502951287048946, -0.16695840319526337, -0.22906146281754636, 0.028499484590841354, 2.3024885082692915e-06, 2.7082928895651456e-07, -0.008759495152026588, 0.0, 0.0, 0.0, 0.0, 0.04005793150521799, 0.06728850785947675, 0.16811853933627127, 0.2770074031395745, 0.0, 0.0, 0.0, 0.0, 0.0, 0.0, 0.0, 0.0, 0.0, 0.0, 0.0, 0.0]","[0.09088372656122586, 0.0, 0.0, -1.7329823625720752e-06, 0.0, 0.07716252653389293, 0.0, 0.12694978625312223, 0.2834420632686146, 0.0, 0.49853943028580705, 0.6575160426535326, 0.566086111622158, 0.32686200111675984, 0.17071619114887746, 0.0, 0.0, 0.0, -2.0771885945183665e-06, 0.0, -0.05235578940088256, -0.11134845219935645, -0.4446368669902461, -0.4232088043240834, 0.0, 0.0, 0.0, 0.0, 0.2907486310683064, 0.35407851849171906, 0.626706882526613, 0.7938215063581727, 1.031328198339073, 1.3321161163099402, 0.9349038080403097, 1.1807141628319358, 0.7883972955145233, 0.7604836640744183, 0.8317346211884696, 0.9546966767881834, 1.048837961942389, 1.0795714497470834, 0.9409685848870953, 1.0093360873890045, 1.088105986533777, 0.9532543823246651, 0.9482297890543651, 0.9057205172834341]","[0.03292099104854072, 0.029293306412870597, 0.028263526880377664, 0.028689693060342383, 0.0314723412303376, 0.030816586218367928, 0.03162985516105023, 0.03031589481601528, 0.031340009022975665, 0.03431691971866453, 0.03552767007377484, 0.04773087878054365, 0.040376150711942976, 0.04087367381690058, 0.04174241380813555, 0.046371637048701904, 0.04877876746311695, 0.05977388036421566, 0.07159183701396463, 0.07656156514694623, 0.10038321569902539, 0.1362188544456444, 0.16104657168486722, 0.16283929399854044, 0.13133978192020113, 0.115670543903818, 0.09626344807659387, 0.08648336668879515, 0.07059866638512025, 0.06192580481535595, 0.056635592055996054, 0.055171804554418585, 0.056238911170249394, 0.06068542595878994, 0.059985920911132, 0.061755380085847404, 0.04596109915853631, 0.046543386144812474, 0.0484810416193888, 0.04916804762104965, 0.05069792722699725, 0.04997761917454794, 0.05058544704062301, 0.049288046828177855, 0.05226431558792973, 0.04935907344417243, 0.05118874257266945, 0.04886072127258681]","[2.7132089191123425, 2.6088374394562495, 2.5628593867992686, 2.564212480438701, 2.584745443009836, 2.6104840409062655, 2.571779950943961, 2.568325409757719, 2.611434030929823, 2.5966378724417516, 2.5676425932718017, 2.6227183115077537, 3.3413843606459896, 3.317244808256567, 3.379348272315224, 3.3373979030086294, 3.3437969275082597, 3.3671512929798793, 3.3760173159499924, 3.3064905868741383, 3.339738337990356, 3.3533014057877955, 3.340860478391098, 3.350634203687415, 4.104128738089579, 4.101242564656378, 4.090079642291502, 4.127868819061592, 4.130195864594892, 4.058102032715038, 4.1031662446956165, 4.08043217259036, 4.106604983217476, 4.102001025499306, 4.090534978435265, 4.138713804272314, 3.3976452430891904, 3.3771898471780073, 3.319674877517964, 3.3454392241131448, 3.342387902819633, 3.3826620038194175, 3.3357258168705, 3.332130252121777, 3.2903453459754184, 3.322519195856787, 3.333833065763846, 3.3614080882715576]","[0.0, 0.0, 0.0, 0.0, 0.0, 0.0, 0.0, 0.0, 0.0, 0.0, 0.0, 0.0, 0.0, 0.2714931373609537, 0.5903959433733065, 0.9436496727515377, 1.00563220640961, 1.3719636461126852, 1.5547793214703711, 1.711720382074807, 2.114008177240559, 2.297236608317033, 2.4879912570617635, 2.5583176156757474, 2.3852881857272754, 2.176627516886669, 1.9120041113743236, 1.7046525488479725, 1.4565625283379555, 1.2139612921355032, 0.9952610536154478, 0.8516663316842352, 0.6115842181940371, 0.3875042958821095, 0.3359269714713186, 0.23155402805374803, 0.15489519551388106, 0.11253658656737825, 0.0, 0.0, 0.0, 0.0, 0.0, 0.0, 0.0, 0.0, 0.0, 0.0]","[1.7652460862453716, 1.382735918770104, 1.3536080321561026, 1.2982955900012332, 1.5599395561397391, 1.4467116529208324, 1.6229983714069798, 1.4182828590954828, 1.3140729513778264, 1.6572066457014154, 1.3438756728140802, 1.5229331475603671, 1.3256744018504498, 1.496900686343137, 1.6599785495405905, 1.4965696351676938, 1.4419357645883517, 1.5033299401143632, 1.7410973600623083, 1.5081920779607163, 1.5634743168571927, 1.3401350552336064, 1.6255110630246756, 1.607426118987472, 1.435483533051794, 1.4237829193881661, 1.3127734310230537, 1.5184589206998682, 1.4534832830223756, 1.5519880201710197, 1.53783389451238, 1.4901161329780854, 1.4798735466302906, 1.3757775316860856, 1.7115715807785865, 1.511193590612758, 1.5003138531463762, 1.5507129831405893, 1.5364212977001213, 1.4399105955802927, 1.344247868915517, 1.3530681726081522, 1.4453426792120885, 1.3720822117315459, 1.2545036750463276, 1.4186238864792746, 1.4367920191081718, 1.5045482906853482]",nan,"[2, 2, 2, 2, 2, 2, 2, 2, 2, 2, 2, 2, 2, 2, 2, 2, 2, 2, 2, 2, 2, 2, 2, 2, 2, 2, 2, 2, 2, 2, 2, 2, 2, 2, 2, 2, 2, 2, 2, 2, 2, 2, 2, 2, 2, 2, 2, 2]","[3, 3, 1, 1, 2, 1, 1, 1, 1, 1, 1, 1, 1, 2, 1, 1, 1, 1, 1, 8, 1, 1, 1, 1, 2, 2, 1, 3, 2, 1, 1, 1, 1, 1, 1, 1, 1, 1, 1, 1, 1, 1, 1, 1, 1, 1, 1, 1]",48,0
33,Perfect-Global,80,test_id,id_actual,perfect_full_horizon,48,,1332.583172736036,1332.583172736036,0.0,,1800.5320000648499,37.51108333468437,1800.5320000648499,0,1,True,,100080,perfect_global_clean,48,48,True,,1.0,0.12500000000805542,"[16.589628242363748, 14.73722487268627, 10.230922205890552, 11.312899262725095, 6.719353269653702, 9.452942448473783, 6.16615, 8.768382908455218, 11.61030821049222, 6.16615, 10.679150040138527, 8.46889794923159, 40.980445739397986, 12.447780772552818, 6.16615, 6.16615, 6.16615, 6.16615, 3.989116584002998, 4.044063789955509, 1.5776461336747534, 1.9410213993291237, 0.5954162290299615, 3.0616809439211887, 5.528329659312297, 6.16615, 6.16615, 6.16615, 6.16615, 6.16615, 20.016657540896965, 35.065171344450256, 60.09969840530678, 89.83551073114803, 62.781596498992315, 95.41301522170282, 54.652583423177944, 52.93589517421931, 56.5834124233523, 60.277289987844355, 62.77795060776957, 65.83201839658835, 60.17150777370126, 62.33811367836846, 63.477759882257146, 60.46786162480057, 60.28713308098493, 59.00713627918732]","[37.51108333468437, 37.51108333468437, 37.51108333468437, 37.51108333468437, 37.51108333468437, 37.51108333468437, 37.51108333468437, 37.51108333468437, 37.51108333468437, 37.51108333468437, 37.51108333468437, 37.51108333468437, 37.51108333468437, 37.51108333468437, 37.51108333468437, 37.51108333468437, 37.51108333468437, 37.51108333468437, 37.51108333468437, 37.51108333468437, 37.51108333468437, 37.51108333468437, 37.51108333468437, 37.51108333468437, 37.51108333468437, 37.51108333468437, 37.51108333468437, 37.51108333468437, 37.51108333468437, 37.51108333468437, 37.51108333468437, 37.51108333468437, 37.51108333468437, 37.51108333468437, 37.51108333468437, 37.51108333468437, 37.51108333468437, 37.51108333468437, 37.51108333468437, 37.51108333468437, 37.51108333468437, 37.51108333468437, 37.51108333468437, 37.51108333468437, 37.51108333468437, 37.51108333468437, 37.51108333468437, 37.51108333468437]",,relaxed_ramp,Relaxed ramp,Weaken DG inter-temporal coupling,High,Weak DG ramp,False,True,0.8,0.8,mpc_diagnostic,,0.0,full_day_optimization_objective,False,9,11378,0,6482,4752,48,1800.5320000648499,0.0013939240349578677,0.0013939240349578677,9,3,,,,,,,,,,,,,
33,MPC-3,81,test_id,id_actual,id_reliable,3,,1595.7864491854411,1257.2498714477892,26.92675381607391,,96.41299986839294,2.008604163924853,13.72000002861023,0,0,True,,100081,pure_mpc_clean,4,48,True,,1.0,0.1250000005869398,"[18.189515893636656, 3.4249471241904668, 4.0825588247207945, 5.943120751963642, 5.2440985753123135, 13.432226960834342, 5.642359566528372, 8.784269458700175, 9.128908219850363, 9.317238597439985, 19.947148173940263, 26.715228197911763, 27.45846859561835, 29.32484506977579, 10.121871524018148, 5.704481934195983, 5.415104073181724, 3.6850392146152373, 2.6658453771923747, 0.4458633935785713, 1.1324615831327278, 0.0, 0.0, 0.0, 2.4661718294169366, 4.840451998154685, 3.9895358430886447, 6.16615, 19.31346003754567, 35.38642199931953, 61.300789197872014, 87.90200537866723, 97.56767857368584, 101.69064952513493, 115.33407437115119, 111.41727108549446, 55.668893734544994, 66.0181678918444, 59.95167759837273, 77.09619502881705, 71.97509155922269, 61.191993711917455, 49.72895091850713, 56.06499557463383, 57.32793339057858, 55.14839296117503, 60.2717444810277, 62.1621513849304]","[7.960000038146973, 0.9039998054504395, 0.12899994850158691, 0.08099985122680664, 0.4939999580383301, 4.939000129699707, 0.40000009536743164, 4.413999795913696, 0.5049998760223389, 1.7840001583099365, 0.7939999103546143, 0.3959999084472656, 5.3999998569488525, 0.5399999618530273, 3.495000123977661, 0.3989999294281006, 0.16499996185302734, 0.6600000858306885, 6.986999988555908, 13.72000002861023, 12.61899995803833, 0.5899999141693115, 0.8010001182556152, 8.011000156402588, 1.815999984741211, 0.440000057220459, 0.5500001907348633, 5.009999990463257, 5.370000123977661, 1.803999900817871, 0.8330001831054688, 0.16199994087219238, 0.16699981689453125, 0.5409998893737793, 0.4960000514984131, 0.18199992179870605, 0.25800013542175293, 0.1530001163482666, 0.24600005149841309, 0.1640000343322754, 0.1359999179840088, 0.41899991035461426, 0.31399989128112793, 0.34400010108947754, 0.2669999599456787, 0.38699984550476074, 0.12900018692016602, 0.03800010681152344]",,relaxed_ramp,Relaxed ramp,Weaken DG inter-temporal coupling,High,Weak DG ramp,False,True,0.8,0.8,mpc_diagnostic,,26.92675381607391,,,,698.125,0.0,398.5,290.8125,2.9375,2.008604163924853,0.0008660996502984869,0.0009988432571971175,2.0,1.0,"[0.4, 0.5554914215568916, 0.6621355755515131, 0.9638368476955809, 0.8504903648333733, 1.0, 0.9150690183956494, 1.0, 1.0, 1.0, 1.0, 1.0, 1.0, 1.0, 1.0, 0.9251421128608013, 0.8782193772945665, 0.5976707941121138, 0.4323832360160309, 0.07232128681276244, 0.18368698757353152, 0.0, 0.0, 0.0, 0.399999972334487, 0.7850367738377687, 0.6470504114399486, 1.0, 1.0, 1.0, 1.0, 1.0, 1.0, 1.0, 1.0, 1.0, 1.0, 1.0, 1.0, 1.0, 1.0, 1.0, 1.0, 1.0, 1.0, 1.0, 1.0, 1.0]","[1.0, 0.75, 0.5452329588936664, 0.41541596754959653, 0.31899734022249937, 0.2437202916078029, 0.19932719217321368, 0.17548877418533584, 0.1526792164474172, 0.15267898195759347, 0.26221703648229105, 0.5122170364260723, 0.2622170364260723, 0.12500000242693232, 0.12500000000977005, 0.12500000436975248, 0.12500000599986744, 0.12500000623738128, 0.12500000334837305, 0.12500000008601705, 0.12500000008575907, 0.1412486155255288, 0.2618682288851978, 0.4270319854816929, 0.34138527816208664, 0.3411093387607349, 0.34110932655027365, 0.36712191162890356, 0.3671219108118842, 0.36712191018838486, 0.36712190927277083, 0.36712190812458806, 0.36712125394496786, 0.35347197698824884, 0.27015332756741, 0.12500000001735645, 0.12500000088573884, 0.1250000010223804, 0.1250000008830526, 0.1250000008917601, 0.12500000103784267, 0.1250000007560781, 0.12500000091132404, 0.12500000084607657, 0.12500000084597276, 0.1250000007632632, 0.1250000005869398, 0.1250000005869398]","[0.49, 0.49, 0.4013434005684137, 0.2544412765490977, 0.18898050956111045, 0.1475430160439632, 0.08701047880229379, 0.046723300014384024, 0.044706733925748615, 4.6035857241300335e-07, -0.22345763200567567, -0.51, 0.49, 0.26894538703723136, 0.0, 0.0, 0.0, 0.0, 0.0, 0.0, 0.0, -0.033147175497130255, -0.2506914303231318, -0.33693406804394604, 0.16786754634642825, 0.0005381521059054258, 2.8823846693764864e-08, -0.05306567385893207, 0.0, 0.0, 0.0, 0.0, 1.28245258845092e-06, 0.026752583096195562, 0.1633045531240054, 0.2845005222583121, 0.0, 0.0, 0.0, 0.0, 0.0, 0.0, 0.0, 0.0, 0.0, 0.0, 0.0, 0.0]","[0.4913544966761455, 0.0, 0.0, 0.0, 0.0, 0.2270649050260732, 0.0, 0.08181623308438048, 0.09258619437032384, 0.09847151866999955, 0.4306561929356333, 0.6421586936847427, 0.3462165625303797, 0.37656414747602907, 0.06432067518728696, 0.0, 0.0, 0.0, 0.0, 0.0, 0.0, -0.08410721114138939, -0.13227276464803853, 0.0, 0.0, -2.112169223171125e-06, 0.0, 0.0, 0.14213308148698023, 0.31589483242507604, 0.5960501534905083, 0.8836308689585646, 0.9881246332290361, 1.0326972921636208, 1.1801937769854183, 1.1378499576810213, 0.8049226623503251, 0.9732035429568195, 0.8745614243637843, 1.1533340655092204, 1.070064090393865, 0.8947291660474382, 0.7083382263171891, 0.8113633426769729, 0.8318989169199769, 0.7964592351410573, 0.8797657639191496, 0.9105040875598438]","[0.025724577042032466, 0.030035065548497844, 0.029436264790966764, 0.02909906677765807, 0.031723638256620224, 0.029641644751170707, 0.03309248056767077, 0.03134518283719064, 0.03245605159741351, 0.03355818243493932, 0.0378300251287958, 0.04819446824738435, 0.04311876828974294, 0.040953686336614815, 0.04457537610075783, 0.04830040413421297, 0.0474115252517064, 0.05419273243976413, 0.06550644082302806, 0.08639766277552113, 0.09572174299620255, 0.1055088684758913, 0.11180424444644367, 0.1015460433947003, 0.12244574212805523, 0.09894212165786374, 0.10961160001376688, 0.07855185014442996, 0.07378219260824276, 0.06711941301253313, 0.057834651137667975, 0.05528172659037893, 0.05479357255007055, 0.056935312358727216, 0.059726477662654834, 0.05971611784876697, 0.04561834779947581, 0.04703693260187618, 0.04851402957158554, 0.05121111334812719, 0.04956600904221879, 0.05040441397240917, 0.05119160858723926, 0.05041776384365281, 0.04968564537928329, 0.050793568396166645, 0.048304628678655655, 0.051799825184631026]","[2.685283393583955, 2.595427948046338, 2.5998746895187845, 2.58831741550506, 2.597409261724422, 2.637581923879786, 2.59364918093377, 2.5831731382207015, 2.617016450528968, 2.5944647207977733, 2.650015712561016, 2.5992595972605113, 3.3980804786072563, 3.3751603029209583, 3.356584181126108, 3.3842866226336055, 3.3447385442431106, 3.305814420007008, 3.3412319986046493, 3.354550245922482, 3.372780544253877, 3.303649038485524, 3.312120714277433, 3.301280125276448, 4.092527987105706, 4.103397650432869, 4.09633948615209, 4.082269028084282, 4.102060187714434, 4.111667701899945, 4.074119847636103, 4.1026730188380505, 4.0692538890573395, 4.095942858967989, 4.091854493485501, 4.1036176582754536, 3.379257923921622, 3.3505620095735598, 3.3158183195650084, 3.355504301563778, 3.328690919981976, 3.37374376554219, 3.373226499205291, 3.3585399079124976, 3.349109661914482, 3.3817570358115945, 3.3005727235741427, 3.3845052556417423]","[0.0, 0.0, 0.0, 0.0, 0.0, 0.0, 0.0, 0.0, 0.0, 0.0, 0.0, 0.0, 0.0, 0.25228914067079333, 0.7173702150289141, 0.9571362345173189, 1.0164010012496143, 1.2095994193355355, 1.4983678035252288, 1.8626544721766578, 2.040533526107394, 2.027084579666436, 2.227288990495797, 2.334098286279889, 2.172818114868093, 1.9669721265690383, 2.0938242864016914, 1.5595027702599875, 1.4874741539190852, 1.3690737127398762, 1.084934243739314, 0.8807577426689912, 0.6874324869290043, 0.5128116518671046, 0.30998531655838085, 0.23737332865120003, 0.1442417522665954, 0.08304051114285976, 0.0, 0.0, 0.0, 0.0, 0.0, 0.0, 0.0, 0.0, 0.0, 0.0]","[1.3296534089142569, 1.5799715923219018, 1.5658319824393456, 1.3991383781934825, 1.5896619861040748, 1.292615617608818, 1.6246621353037052, 1.4859787090073566, 1.5121795017983446, 1.5295508468351897, 1.4806471301601467, 1.5152953717493851, 1.6049826864075134, 1.5183153145104407, 1.6194686625698704, 1.550308688655376, 1.4975296947049825, 1.5527369400817896, 1.4759857251624626, 1.5059695576923264, 1.2442799603375134, 1.4993277139335033, 1.5796001630370424, 1.4056619427330004, 1.4742881001983255, 1.4497949037240458, 1.4650763647109153, 1.654383781233423, 1.5462351433222299, 1.4938185685408416, 1.4509700997602146, 1.3935661315688423, 1.4484890592746007, 1.5806166444789462, 1.4980973247591542, 1.5036099678160502, 1.475711858920962, 1.3413548884041677, 1.4897709245402748, 1.2533813494738835, 1.3081928389729067, 1.529418957034422, 1.7160798818612424, 1.5975942756810915, 1.566896390425081, 1.6360913689444743, 1.469111588029583, 1.5258009921703073]",nan,"[2, 2, 2, 2, 2, 2, 2, 2, 2, 2, 2, 2, 2, 2, 2, 2, 2, 2, 2, 2, 2, 2, 2, 2, 2, 2, 2, 2, 2, 2, 2, 2, 2, 2, 2, 2, 2, 2, 2, 2, 2, 2, 2, 2, 2, 2, 2, 2]","[3, 2, 1, 1, 2, 1, 2, 1, 1, 1, 2, 1, 1, 1, 1, 2, 1, 2, 6, 8, 5, 1, 2, 1, 2, 1, 1, 1, 1, 1, 1, 1, 1, 1, 1, 1, 1, 1, 1, 1, 1, 1, 1, 1, 1, 1, 1, 1]",48,0
33,Perfect-Global,81,test_id,id_actual,perfect_full_horizon,48,,1257.2498714477892,1257.2498714477892,0.0,,1801.6859998703003,37.53512499729792,1801.6859998703003,0,1,True,,100081,perfect_global_clean,48,48,True,,1.0,0.125,"[23.9092462208706, 9.745390498341612, 6.629365373164614, 9.358128696451018, 6.166174080695675, 12.581717163453664, 6.16615, 7.414541821164251, 8.597204108880181, 7.315992018188673, 9.873484001466123, 7.906512153308569, 27.458468475603603, 15.842750966204905, 6.16615, 6.16615, 6.16615, 6.16615, 5.7328223005256485, 3.465756952083888, 4.1380881713533455, 2.227272881850499, 0.6344985313941325, 2.6077214915611, 5.074299528979407, 6.16615, 6.16615, 6.16615, 6.16615, 6.16615, 17.364433553073102, 43.322322006852794, 52.6063341045017, 58.86134273129973, 84.77806373801405, 92.19756462838465, 55.66889331350865, 61.52756831993257, 54.40300963473235, 64.51363277685039, 62.30680159625525, 55.78382297995866, 48.17557050909602, 52.621266336078776, 53.7338804858456, 51.123386160699766, 54.81541189175078, 55.10563124541273]","[37.53512499729792, 37.53512499729792, 37.53512499729792, 37.53512499729792, 37.53512499729792, 37.53512499729792, 37.53512499729792, 37.53512499729792, 37.53512499729792, 37.53512499729792, 37.53512499729792, 37.53512499729792, 37.53512499729792, 37.53512499729792, 37.53512499729792, 37.53512499729792, 37.53512499729792, 37.53512499729792, 37.53512499729792, 37.53512499729792, 37.53512499729792, 37.53512499729792, 37.53512499729792, 37.53512499729792, 37.53512499729792, 37.53512499729792, 37.53512499729792, 37.53512499729792, 37.53512499729792, 37.53512499729792, 37.53512499729792, 37.53512499729792, 37.53512499729792, 37.53512499729792, 37.53512499729792, 37.53512499729792, 37.53512499729792, 37.53512499729792, 37.53512499729792, 37.53512499729792, 37.53512499729792, 37.53512499729792, 37.53512499729792, 37.53512499729792, 37.53512499729792, 37.53512499729792, 37.53512499729792, 37.53512499729792]",,relaxed_ramp,Relaxed ramp,Weaken DG inter-temporal coupling,High,Weak DG ramp,False,True,0.8,0.8,mpc_diagnostic,,0.0,full_day_optimization_objective,False,9,11378,0,6482,4752,48,1801.6859998703003,0.001361892370976137,0.001361892370976137,9,5,,,,,,,,,,,,,
33,MPC-3,82,test_id,id_actual,id_reliable,3,,1563.8710960853687,1227.2283350707526,27.431143120991244,,107.55900144577026,2.240812530120214,32.629000186920166,0,0,True,,100082,pure_mpc_clean,4,48,True,,1.0,0.1250000007128712,"[16.017945454818125, 2.878276375200838, 4.37336062866785, 4.613876109261869, 5.067239665434808, 8.402465409630913, 6.166149467190695, 13.648059576724009, 11.413700967538691, 10.135898782007782, 19.247393356177383, 22.4350585651477, 30.475389992968026, 24.47352284081426, 32.710467618759445, 8.1842872881219, 5.520188040076661, 5.752701363968893, 3.2938916036351147, 2.9512793348096014, 0.4850318082915442, 0.0, 0.0, 0.0, 1.7799982248880544, 3.2686877180059906, 4.958254870085228, 6.16615, 29.23633126726967, 30.344530296897, 43.68887757404453, 77.75736959601936, 89.45924013251175, 101.62222845584519, 118.87480854588956, 103.34114339430842, 46.966722449035295, 64.43558192722361, 62.95688038250168, 60.521955602677764, 62.362121869692004, 58.54338442818372, 52.16307880366165, 54.433242733600174, 64.02372920035594, 58.7693144978677, 69.06454613993726, 60.886733725620836]","[0.1830000877380371, 0.5, 0.9939999580383301, 0.5519998073577881, 0.5339999198913574, 2.9040000438690186, 0.11400008201599121, 1.2669999599456787, 1.9560000896453857, 2.015000104904175, 2.7239999771118164, 1.866999864578247, 0.7249999046325684, 1.6119999885559082, 0.5110001564025879, 4.486000061035156, 0.3530001640319824, 1.0179998874664307, 5.244000196456909, 3.5940001010894775, 0.9470000267028809, 0.5630002021789551, 0.0410001277923584, 15.519000053405762, 7.148000001907349, 3.048999786376953, 0.9950001239776611, 32.629000186920166, 3.818000078201294, 3.449000120162964, 0.6549999713897705, 0.5, 0.49000000953674316, 0.6489999294281006, 0.44499993324279785, 0.17799997329711914, 0.37199997901916504, 0.13899993896484375, 0.38499999046325684, 0.2850000858306885, 0.3990001678466797, 0.16100001335144043, 0.31600022315979004, 0.29000020027160645, 0.3919999599456787, 0.42999982833862305, 0.0989999771118164, 0.06300020217895508]",,relaxed_ramp,Relaxed ramp,Weaken DG inter-temporal coupling,High,Weak DG ramp,False,True,0.8,0.8,mpc_diagnostic,,27.431143120991244,,,,698.125,0.0,398.5,290.8125,2.9375,2.240812530120214,0.000816393078758693,0.0009992814277606065,2.0,1.0,"[0.4, 0.4668350681228303, 0.7092931674240707, 0.7482954726193494, 0.8218118907200114, 1.0, 0.9999999136080643, 1.0, 1.0, 1.0, 1.0, 1.0, 1.0, 1.0, 1.0, 1.0, 0.8952588835131591, 0.9329608293462203, 0.5342377653747673, 0.478674503389868, 0.07867450355291333, 0.0, 0.0, 0.0, 0.2887125116977042, 0.5301503575412727, 0.8041393526252604, 1.0, 1.0, 1.0, 1.0, 0.9999998333608511, 0.9999998337268554, 1.0, 1.0, 1.0, 1.0, 1.0, 1.0, 1.0, 1.0, 1.0, 1.0, 1.0, 1.0, 1.0, 1.0, 1.0]","[1.0, 0.75, 0.5470834071708763, 0.4087100009212622, 0.3172574167110261, 0.24730013248649152, 0.19048560412639565, 0.16168146085659788, 0.14969748803732003, 0.13918573343930812, 0.25598594511695844, 0.5059859450792028, 0.2559859450792028, 0.12500000678773943, 0.1250000011686563, 0.12500000000948727, 0.12500000445375248, 0.1250000055960147, 0.12500000598013933, 0.1250000070740204, 0.12671169153745424, 0.22119236957541788, 0.30083672789843163, 0.5149372567560018, 0.4245969846671819, 0.42459659676995054, 0.4234801688420717, 0.4652211684337838, 0.44664595238953636, 0.4241569342548354, 0.4241569342548354, 0.4215033932404137, 0.413346896467189, 0.39084811599216196, 0.28102757246214194, 0.12500000001739592, 0.1250000007761951, 0.12500000100881486, 0.125000001191235, 0.12500000090068056, 0.12500000095955535, 0.1250000009498695, 0.1250000008841625, 0.1250000009137751, 0.12500000081624563, 0.1250000007280278, 0.1250000007128712, 0.1250000007128712]","[0.49, 0.49, 0.3977165219450825, 0.27121187624924376, 0.1792470650520628, 0.1371162778415207, 0.11135647948843135, 0.05645612156519125, 0.023488587482427443, 0.02060303976973291, -0.23827243259761957, -0.51, 0.49, 0.2567324394507309, 0.0, 0.0, 0.0, 0.0, 0.0, 0.0, -0.008155245984144743, -0.1927405831974458, -0.16926225503378697, -0.43683332787969, 0.177066933294087, 7.602785734131646e-07, 0.002188198738642513, -0.08515163916709273, 0.03640742344672495, 0.04407847554401388, 0.0, 0.005200785178714502, 0.01598657989727998, 0.04409760973105298, 0.21524826531883917, 0.3058140422521435, 0.0, 0.0, 0.0, 0.0, 0.0, 0.0, 0.0, 0.0, 0.0, 0.0, 0.0, 0.0]","[0.42349292046306636, 0.0, 0.0, 0.0, 0.0, 0.06988485655096607, 0.0, 0.23380967427262528, 0.16398596773558408, 0.12405464943774322, 0.4087888548805433, 0.5084033926608655, 0.3952721950076101, 0.2976808592002319, 0.4316149206302349, 0.032815240457266664, 0.0, 0.0, 0.0, 0.0, -0.009564169983041125, -0.032939998967666154, -0.38693355908201627, -0.0007978011394612273, 0.0, 0.0, 0.0, 0.0, 0.24940736505156402, 0.26138789510158916, 0.4056511089085895, 0.7739591418782844, 0.900465850356502, 1.031957604928056, 1.2184719842798872, 1.0505404691276585, 0.6634239422607364, 0.9474704378410344, 0.9234265102845801, 0.8838342374419148, 0.9137556401575936, 0.8516623484257515, 0.7479175415229536, 0.7848307761561004, 0.9407736455342429, 0.8553360080954097, 1.022738148616866, 0.8897655890344851]","[0.024057459847406256, 0.03068881926390232, 0.030868616104017654, 0.030119761706155927, 0.030983658664563336, 0.029865957472255195, 0.03284171651428656, 0.030362168587397754, 0.030781864761916907, 0.032859059584098536, 0.036901010322319336, 0.047324845468566266, 0.042107165383066344, 0.04087613828166731, 0.03898948900384579, 0.04382205883583957, 0.04859934524308379, 0.049007307789941945, 0.062441622871156045, 0.06490134573478905, 0.10288997705636052, 0.09916067822638464, 0.16182253667150573, 0.10471238244589849, 0.1300344146316515, 0.12035817785473721, 0.09021000592045031, 0.0860930551042888, 0.07089088925709089, 0.06745136344569279, 0.0615027982498773, 0.05564855572929784, 0.05491221979049603, 0.057762525684925375, 0.058682992925032706, 0.06025374013957839, 0.043152511827014406, 0.0478892908179286, 0.04933573207474506, 0.050215385835190605, 0.050979752276035906, 0.051468260058520884, 0.049497212397029464, 0.048944553446745996, 0.0497372435414636, 0.05086062267688414, 0.05112280060527697, 0.04993245136674825]","[2.568968007380602, 2.613657565629952, 2.6627302553405334, 2.5730155177157257, 2.5606206054806577, 2.5963994394253596, 2.6287401361830742, 2.62094447652395, 2.5614032294991027, 2.646249147891431, 2.6206183797917104, 2.5591075138160377, 3.367821422681762, 3.333226137891515, 3.367963994943176, 3.3298238093221055, 3.396016721396757, 3.3705444608883477, 3.326414065953525, 3.415158843731709, 3.356667843635203, 3.3240272766545367, 3.352528724390406, 3.373067551889899, 4.0886650985164446, 4.098192472279465, 4.054535056112501, 4.082567908047237, 4.1373909549908685, 4.099262408702291, 4.069910622269717, 4.067570123338615, 4.113733574410226, 4.062341283731733, 4.086305193656893, 4.130810376370059, 3.286434901801242, 3.3819722530423446, 3.307868334605346, 3.3471986002128653, 3.348137437011622, 3.3673612660212715, 3.314897552238153, 3.299877183147406, 3.3286382251246835, 3.3479892609806305, 3.336801305370686, 3.306287659880224]","[0.0, 0.0, 0.0, 0.0, 0.0, 0.0, 0.0, 0.0, 0.0, 0.0, 0.0, 0.0, 0.0, 0.2366997454655111, 0.6214551761878008, 0.7602371145617669, 1.0246330204714214, 1.1282786497433874, 1.433893714405468, 1.454609364612771, 2.0227650459856585, 2.1035246707977553, 2.4954845359480826, 2.3925605199790065, 2.2358789771706986, 2.2703648604407682, 1.791462508302081, 1.774588121665487, 1.3572226573032848, 1.1129930266497632, 1.124913150963663, 0.8384310096649485, 0.6852037015888501, 0.44655043815535456, 0.3326211298001956, 0.220768616456408, 0.14806389320508948, 0.09385069509560123, 0.0, 0.0, 0.0, 0.0, 0.0, 0.0, 0.0, 0.0, 0.0, 0.0]","[1.2795325468352279, 1.6875112846533977, 1.5865891863227732, 1.5836278882358439, 1.5905452755568312, 1.419264227080012, 1.5502254637839035, 1.3610408189227496, 1.4047104609513845, 1.5344504472125364, 1.4870029331597894, 1.6080289334291273, 1.5246563950282206, 1.5829891795251056, 1.3538833170247673, 1.580593511154974, 1.5247241720915428, 1.3583122924184332, 1.4207242102855553, 1.5467763241302754, 1.3758376871167601, 1.545343866248313, 1.5750625390552957, 1.5228503702394178, 1.5170409091111514, 1.4180346764229261, 1.546955006816453, 1.4792242449631514, 1.5652443097355797, 1.7482543376814557, 1.600849155238342, 1.5056279089845022, 1.5669898286303536, 1.5974981568814244, 1.378646807462447, 1.6139409889526626, 1.5180995245545406, 1.3885404114473137, 1.4337775569924465, 1.5135797480672277, 1.4853615492974936, 1.5671671776851317, 1.616477223029527, 1.5639909605483782, 1.4376017718369507, 1.5435138182863926, 1.365185957349977, 1.4664545208687232]",nan,"[2, 2, 2, 2, 2, 2, 2, 2, 2, 2, 2, 2, 2, 2, 2, 2, 2, 2, 2, 2, 2, 2, 2, 2, 2, 2, 2, 2, 2, 2, 2, 2, 2, 2, 2, 2, 2, 2, 2, 2, 2, 2, 2, 2, 2, 2, 2, 2]","[2, 3, 1, 2, 2, 1, 1, 1, 1, 1, 1, 1, 1, 2, 1, 1, 1, 1, 1, 1, 2, 3, 1, 5, 1, 2, 1, 1, 2, 2, 2, 1, 1, 1, 1, 1, 1, 1, 1, 1, 1, 1, 1, 1, 1, 1, 1, 1]",48,0
33,Perfect-Global,82,test_id,id_actual,perfect_full_horizon,48,,1227.2283350707526,1227.2283350707526,0.0,,1801.7780001163483,37.53704166909059,1801.7780001163483,0,1,True,,100082,perfect_global_clean,48,48,True,,1.0,0.1250000000080796,"[23.4227123551447, 9.482607703982428, 8.803389074964002, 6.897593816663161, 6.290169922164394, 10.078879055024819, 8.596048543604802, 12.138180036932898, 10.207020712337638, 9.476954838047087, 10.177838281355893, 6.16615, 30.47538987705557, 10.270849032198674, 6.16615, 6.16615, 6.16615, 6.16615, 6.16615, 6.02456284942309, 3.557836889754685, 1.6283493984863495, 0.878929389854575, 3.3452382510836625, 5.811931112812633, 6.16615, 6.16615, 6.16615, 6.16615, 6.16615, 6.16615, 33.71562142544284, 46.014671978009744, 60.24786779310198, 93.19887297179251, 86.1181642507425, 46.96672562172418, 60.83992601780581, 56.20956622752092, 55.087496684417765, 55.9970823363039, 54.5517034176862, 50.50150976662452, 51.1813631492668, 56.83466214895518, 54.14528509734287, 59.50974242513812, 54.54979261798579]","[37.53704166909059, 37.53704166909059, 37.53704166909059, 37.53704166909059, 37.53704166909059, 37.53704166909059, 37.53704166909059, 37.53704166909059, 37.53704166909059, 37.53704166909059, 37.53704166909059, 37.53704166909059, 37.53704166909059, 37.53704166909059, 37.53704166909059, 37.53704166909059, 37.53704166909059, 37.53704166909059, 37.53704166909059, 37.53704166909059, 37.53704166909059, 37.53704166909059, 37.53704166909059, 37.53704166909059, 37.53704166909059, 37.53704166909059, 37.53704166909059, 37.53704166909059, 37.53704166909059, 37.53704166909059, 37.53704166909059, 37.53704166909059, 37.53704166909059, 37.53704166909059, 37.53704166909059, 37.53704166909059, 37.53704166909059, 37.53704166909059, 37.53704166909059, 37.53704166909059, 37.53704166909059, 37.53704166909059, 37.53704166909059, 37.53704166909059, 37.53704166909059, 37.53704166909059, 37.53704166909059, 37.53704166909059]",,relaxed_ramp,Relaxed ramp,Weaken DG inter-temporal coupling,High,Weak DG ramp,False,True,0.8,0.8,mpc_diagnostic,,0.0,full_day_optimization_objective,False,9,11378,0,6482,4752,48,1801.7780001163483,0.001514526771047672,0.001514526771047672,9,3,,,,,,,,,,,,,
33,MPC-3,83,test_id,id_actual,id_reliable,3,,1628.152232435144,1287.195115704531,26.488378690280705,,108.23200011253357,2.2548333356777825,26.671000003814697,0,0,True,,100083,pure_mpc_clean,4,48,True,,1.0,0.12500000073834688,"[12.087109629577986, 3.8366955987807727, 4.447767242125674, 5.1707575811675826, 6.298383600065254, 5.1670488127960486, 10.694424904802707, 11.246978315603263, 6.16615, 6.540126301879343, 14.779426858750242, 24.272946151576505, 35.662218032427624, 23.237054061939638, 15.717895683205603, 18.26679207057881, 6.013646292681868, 4.400842471433747, 1.934716552251962, 1.5426223403782708, 0.9250472380658893, 0.0, 0.0, 0.0, 1.9253759801229797, 4.171258417514892, 4.105738042279255, 5.423620170633369, 32.210831008760586, 45.053970755625635, 62.45512958753555, 85.59714079502727, 108.93204437883239, 113.68502818008204, 127.68918902552198, 107.92659780156431, 51.41025385723905, 41.7570805485971, 59.40490240171643, 63.02261591029558, 56.86560019497442, 62.75863223915951, 64.53189044635651, 67.05815802759318, 63.26342741794984, 62.00681220166085, 59.30300423424057, 59.185281071772266]","[1.2290000915527344, 0.3940000534057617, 0.13299989700317383, 0.44899988174438477, 15.394000053405762, 0.5759999752044678, 4.715000152587891, 3.433000087738037, 1.4600000381469727, 3.9210000038146973, 0.8050000667572021, 1.0480000972747803, 0.8329999446868896, 3.1700000762939453, 5.187999963760376, 2.055000066757202, 0.1830000877380371, 0.46700000762939453, 0.056999921798706055, 26.671000003814697, 13.629000186920166, 0.4779999256134033, 0.042999982833862305, 0.5639998912811279, 5.514999866485596, 0.5799999237060547, 0.8599998950958252, 0.943000078201294, 6.620000123977661, 1.4509999752044678, 0.23399996757507324, 0.47099995613098145, 0.440000057220459, 0.47499990463256836, 0.41100001335144043, 0.1659998893737793, 0.2779998779296875, 0.3080000877380371, 0.38499999046325684, 0.2539999485015869, 0.32200002670288086, 0.38699984550476074, 0.1549999713897705, 0.14899992942810059, 0.3789999485015869, 0.382000207901001, 0.12100005149841309, 0.051000118255615234]",,relaxed_ramp,Relaxed ramp,Weaken DG inter-temporal coupling,High,Weak DG ramp,False,True,0.8,0.8,mpc_diagnostic,,26.488378690280705,,,,698.125,0.0,398.5,290.8125,2.9375,2.2548333356777825,0.0008295207394572718,0.0009994067880504814,2.0,1.0,"[0.4, 0.6222647292693082, 0.7213591045144688, 0.8385978289499701, 1.0, 0.8379964358452642, 1.0, 1.0, 1.0, 1.0, 1.0, 1.0, 1.0, 1.0, 1.0, 1.0, 0.9752722901943799, 0.7137496889823145, 0.31380601354349974, 0.25021244500881695, 0.15004504851555786, 0.0, 0.0, 0.0, 0.31229108901999886, 0.6765195505352329, 0.6658944425808584, 0.879600278129462, 1.0, 1.0, 1.0, 1.0, 1.0, 1.0, 1.0, 1.0, 1.0, 1.0, 1.0, 1.0, 1.0, 1.0, 1.0, 1.0, 1.0, 1.0, 1.0, 1.0]","[1.0, 0.75, 0.5452251098596138, 0.40227953915413694, 0.3144366431257263, 0.25206403904849634, 0.21028093912813847, 0.18676540054283164, 0.18377612178518, 0.16020100975484405, 0.26683899873697925, 0.5168389986989792, 0.2668389986989792, 0.12500000214349363, 0.12500000118071966, 0.12500000000947156, 0.1250000045684807, 0.12500000560355293, 0.14760694077246284, 0.12500003838256776, 0.125, 0.14359793132674192, 0.2579172700956895, 0.5026881546524251, 0.45683576803159925, 0.4375453803699732, 0.43754533919307953, 0.4375453063703674, 0.4375453063703674, 0.4172622440489028, 0.4172622440489028, 0.40825596968740047, 0.3874195527927679, 0.36831554354006696, 0.26717621712367967, 0.1250000000173424, 0.12500000088508603, 0.12500000109073311, 0.12500000081670518, 0.12500000086668442, 0.1250000008044877, 0.12500000097840072, 0.12500000088664406, 0.1250000008609802, 0.125000001022158, 0.12500000085851376, 0.12500000073834688, 0.12500000073834688]","[0.49, 0.49, 0.40135646972175215, 0.2801733185827346, 0.17217207621568484, 0.12225030791218146, 0.08189487660291338, 0.04609045638378657, 0.005858987123966061, 0.04620722034041432, -0.21754149830160427, -0.51, 0.49, 0.2780044336489548, 0.0, 0.0, 0.0, 0.0, -0.05364340339752638, 0.04430953284940596, 0.0, -0.037939779906553506, -0.2381938568864527, -0.4993326044957407, 0.08987067777681869, 0.03780915981678709, 8.070671156547356e-08, 6.433251572692881e-08, 0.0, 0.039754802150070684, 0.0, 0.01765229774854455, 0.04083937711347985, 0.03744385813529385, 0.19823308003505255, 0.2786653857887474, 0.0, 0.0, 0.0, 0.0, 0.0, 0.0, 0.0, 0.0, 0.0, 0.0, 0.0, 0.0]","[0.30065430092431206, 0.0, -1.736660005088672e-06, 0.0, 0.00413230000203917, 0.0, 0.1415085907750846, 0.15877588486260197, 0.0, 0.011686759433729462, 0.26916490183594505, 0.5658373797367658, 0.4796108623158963, 0.2775756758038965, 0.15531293793830248, 0.19675840765168792, 0.0, 0.0, -0.025415074190782094, 0.0, 0.0, -0.2652785257687007, -0.09424771904956168, -0.32188738749042267, 0.0, 0.0, 0.0, 0.0, 0.28156411901362793, 0.42040887303379065, 0.6085295090544384, 0.8587134140002948, 1.110982641933323, 1.1623662505954815, 1.3137625840596971, 1.1001129492061006, 0.7356764854835618, 0.5787143178633675, 0.8656707707596166, 0.9244953806552126, 0.8243813039833239, 0.920202963238366, 0.9490364300220572, 0.9901139516681817, 0.9284110149260136, 0.9079782471814772, 0.8640138899876515, 0.8620996922239392]","[0.028260844539130702, 0.031541362634515215, 0.03004103910929641, 0.03007210166452402, 0.03157219086175227, 0.032212097595291075, 0.031170921674758666, 0.03118711476851022, 0.03347234124558776, 0.034206335288728726, 0.038287114232611774, 0.04906609556140551, 0.041924331051796916, 0.041152319068229345, 0.04265195222834584, 0.041985734419421966, 0.04786228293621516, 0.055568348197257304, 0.07109394652326934, 0.07954443838615328, 0.08927352266402604, 0.13085455051196881, 0.13095655794944336, 0.14105776261769654, 0.13587255979860774, 0.10146851022518522, 0.1038407049170873, 0.08592184922993383, 0.07116080691910527, 0.06165979969076529, 0.0589403031004593, 0.05449438765522373, 0.05627462546416179, 0.05791475639896414, 0.0602366564338617, 0.057981303444300324, 0.04358799258907881, 0.046598368433808414, 0.05007152653335892, 0.04979153895996442, 0.05064266922020413, 0.05056013071627462, 0.050396495889655675, 0.04846895270050109, 0.051397108461229024, 0.05018437640234652, 0.049844001356064885, 0.04979561474524423]","[2.6304435717640464, 2.634681054778553, 2.6046487935302505, 2.6052638024335746, 2.635504311540774, 2.5892705481036984, 2.606310207860857, 2.5860281794129922, 2.565051966326448, 2.6235149839801464, 2.622433489698684, 2.639791255654531, 3.342118505878911, 3.3493588478950542, 3.3476403053816592, 3.408206848286356, 3.3689893153961226, 3.349873829803933, 3.3268663093217477, 3.3671413508481285, 3.322482752033543, 3.316571650663832, 3.3758342901759315, 3.3262713098521806, 4.068322600298062, 4.091533392525057, 4.048526256391203, 4.098450278008327, 4.088451241503581, 4.116859528632235, 4.085508365157141, 4.061908048839257, 4.062292024232052, 4.076112394949474, 4.151447634115353, 4.095686877231213, 3.335596578183165, 3.3258780221948423, 3.3304172049975826, 3.3551030050078148, 3.3464089228350122, 3.3318700459502812, 3.356840510582547, 3.3319655541203437, 3.401523928148925, 3.349230312658449, 3.3203127656587896, 3.374536818101103]","[0.0, 0.0, 0.0, 0.0, 0.0, 0.0, 0.0, 0.0, 0.0, 0.0, 0.0, 0.0, 0.0, 0.2668052901469468, 0.7113739997533625, 0.8051695841207143, 0.9847584684520526, 1.2826376551829854, 1.4999796659902889, 1.738031788063466, 1.9267496242578144, 2.2654475246854613, 2.3751741095719687, 2.697996510681383, 2.374662538287069, 1.9855333455988933, 2.039499968558214, 1.6901820632893552, 1.4910257652520884, 1.1243432121501677, 1.0970684093070675, 0.7759072347599028, 0.5754978740276672, 0.46746448638196825, 0.31958538651256013, 0.22719399473351254, 0.14603649699006666, 0.08825950631284268, 0.0, 0.0, 0.0, 0.0, 0.0, 0.0, 0.0, 0.0, 0.0, 0.0]","[1.4680501154494174, 1.5539576587590176, 1.5119760114236969, 1.516564715437703, 1.4907711633461336, 1.6612358694150147, 1.4140776330702116, 1.4123489255045807, 1.592665224324751, 1.5998272114621266, 1.6090971594449712, 1.6330199373291983, 1.4144319759148947, 1.5681257195942435, 1.5236048771392634, 1.4482645436494517, 1.456820849355422, 1.409054772102328, 1.6632330944906155, 1.4141314552022815, 1.3349587790451563, 1.4851969821655886, 1.464058314322639, 1.5905519133043018, 1.4273708595761128, 1.493139851284667, 1.4469724741648815, 1.6145897262122344, 1.3870221564798997, 1.594012441275238, 1.4388507465008626, 1.464129490267791, 1.391246756902334, 1.4667525565144959, 1.3801032402210118, 1.5476958512262335, 1.4974715901141802, 1.7055025669185788, 1.5148179006235527, 1.480399163466502, 1.5726702296690394, 1.462227157475177, 1.4582005763157355, 1.3903205551525615, 1.5245100220572338, 1.4914363849577537, 1.5061428768739797, 1.5622327392286817]",nan,"[2, 2, 2, 2, 2, 2, 2, 2, 2, 2, 2, 2, 2, 2, 2, 2, 2, 2, 2, 2, 2, 2, 2, 2, 2, 2, 2, 2, 2, 2, 2, 2, 2, 2, 2, 2, 2, 2, 2, 2, 2, 2, 2, 2, 2, 2, 2, 2]","[2, 3, 1, 2, 4, 2, 1, 1, 1, 2, 2, 1, 1, 2, 2, 2, 1, 2, 1, 4, 6, 2, 1, 2, 1, 1, 1, 1, 1, 1, 1, 1, 1, 1, 1, 1, 1, 1, 1, 1, 1, 1, 1, 1, 1, 1, 1, 1]",48,0
33,Perfect-Global,83,test_id,id_actual,perfect_full_horizon,48,,1287.195115704531,1287.195115704531,0.0,,1800.6760001182556,37.51408333579699,1800.6760001182556,0,1,True,,100083,perfect_global_clean,48,48,True,,1.0,0.12500000000806444,"[19.894564695937294, 11.292447356354526, 8.324643763744987, 8.089119707515772, 9.162531031280523, 6.16615, 9.812814800993495, 8.884320342764235, 6.16615, 7.0645387349679405, 6.469810268375264, 6.322429389745804, 35.662217957604966, 10.34497698573665, 6.16615, 6.16615, 6.16615, 6.16615, 4.489168424745585, 4.8422365344973315, 3.5289162151942435, 1.0625787580174957, 0.8905314037683153, 2.9658770454845778, 5.432510844724377, 6.16615, 6.16615, 6.16615, 6.16615, 6.16615, 18.575293137705078, 42.48821515076695, 67.40206569107187, 71.5876101555937, 100.34492410050468, 88.17364695668094, 51.410253601802474, 41.757080411616364, 55.7546900316366, 58.12082267170853, 54.56943370023185, 57.40845425348792, 58.676864905265994, 60.851428886888385, 57.93364403067225, 57.5920914466225, 55.797195815395206, 56.3875164954263]","[37.51408333579699, 37.51408333579699, 37.51408333579699, 37.51408333579699, 37.51408333579699, 37.51408333579699, 37.51408333579699, 37.51408333579699, 37.51408333579699, 37.51408333579699, 37.51408333579699, 37.51408333579699, 37.51408333579699, 37.51408333579699, 37.51408333579699, 37.51408333579699, 37.51408333579699, 37.51408333579699, 37.51408333579699, 37.51408333579699, 37.51408333579699, 37.51408333579699, 37.51408333579699, 37.51408333579699, 37.51408333579699, 37.51408333579699, 37.51408333579699, 37.51408333579699, 37.51408333579699, 37.51408333579699, 37.51408333579699, 37.51408333579699, 37.51408333579699, 37.51408333579699, 37.51408333579699, 37.51408333579699, 37.51408333579699, 37.51408333579699, 37.51408333579699, 37.51408333579699, 37.51408333579699, 37.51408333579699, 37.51408333579699, 37.51408333579699, 37.51408333579699, 37.51408333579699, 37.51408333579699, 37.51408333579699]",,relaxed_ramp,Relaxed ramp,Weaken DG inter-temporal coupling,High,Weak DG ramp,False,True,0.8,0.8,mpc_diagnostic,,0.0,full_day_optimization_objective,False,9,11378,0,6482,4752,48,1800.6760001182556,0.0012528285210827823,0.0012528285210827823,9,4,,,,,,,,,,,,,
33,MPC-3,84,test_id,id_actual,id_reliable,3,,1684.806788791297,1345.503364059638,25.217582786855065,,118.56300044059753,2.4700625091791153,19.581000089645386,0,0,True,,100084,pure_mpc_clean,4,48,True,,1.0,0.12500000179121087,"[6.539480778862245, 4.76935416375363, 4.283848219022852, 4.946483873694777, 9.702174528975362, 7.8536163473598055, 6.051763905277235, 8.816296781782437, 8.735144112470193, 13.337975931696665, 19.347867540716372, 25.31076021895109, 22.907551563991788, 29.540326295697852, 14.031487785995711, 6.159752829851972, 5.777143693951909, 5.09263143815169, 3.6236546942268415, 1.157649416824047, 0.0, 0.0, 0.0, 0.0, 2.1478072379217674, 4.259056577534888, 1.9141934338223026, 4.283964086141341, 29.83675530315231, 64.30435483328992, 61.81727483126434, 92.68380704764604, 114.29596283085567, 109.79594306615247, 127.21384166486469, 110.69860407350956, 48.695371560596946, 70.74847473501138, 58.40625880489041, 64.52794374632614, 57.113625920125926, 68.14666657724558, 65.11401898552919, 66.81908261201285, 55.73902132789655, 68.87507623592275, 65.60078625358649, 63.78393292474287]","[19.581000089645386, 0.08299994468688965, 0.26999998092651367, 0.5130000114440918, 15.144000053405762, 13.25600004196167, 0.10899996757507324, 7.803000211715698, 3.380000114440918, 2.234999895095825, 0.9660000801086426, 0.4010000228881836, 7.294000148773193, 0.5269999504089355, 1.5499999523162842, 0.4309999942779541, 0.15999984741210938, 0.44900012016296387, 5.065000057220459, 0.06200003623962402, 0.7640001773834229, 0.06299996376037598, 8.470999956130981, 9.835999965667725, 5.80400013923645, 0.7300000190734863, 2.2730000019073486, 0.8470001220703125, 5.061000108718872, 0.5950000286102295, 0.624000072479248, 0.1700000762939453, 0.5529999732971191, 0.55899977684021, 0.14400005340576172, 0.17100000381469727, 0.3789999485015869, 0.14899992942810059, 0.41300010681152344, 0.1509997844696045, 0.2669999599456787, 0.1640000343322754, 0.25799989700317383, 0.15799999237060547, 0.37599992752075195, 0.15399980545043945, 0.0989999771118164, 0.051000118255615234]",,relaxed_ramp,Relaxed ramp,Weaken DG inter-temporal coupling,High,Weak DG ramp,False,True,0.8,0.8,mpc_diagnostic,,25.217582786855065,,,,698.125,0.0,398.5,290.8125,2.9375,2.4700625091791153,0.0008692965780951961,0.0009996319435674904,2.0,1.0,"[0.39999984870963, 0.7735076824292001, 0.6947775667251451, 0.8022306077027801, 1.0, 1.0, 0.9814528918389535, 1.0, 1.0, 1.0, 1.0, 1.0, 1.0, 1.0, 1.0, 0.9989627357877974, 0.936924111599094, 0.8259293014701591, 0.5877160726377987, 0.18777234311399782, 0.0, 0.0, 0.0, 0.0, 0.3483664274520371, 0.6907572653168933, 0.31047741804066, 0.6947963561374446, 1.0, 1.0, 1.0, 1.0, 1.0, 1.0, 1.0, 1.0, 1.0, 1.0, 1.0, 1.0, 1.0, 1.0, 1.0, 1.0, 1.0, 1.0, 1.0, 1.0]","[1.0, 0.7500011620570142, 0.5437524581353064, 0.4028978787895895, 0.30527694627575913, 0.24262684187962336, 0.20930594245003015, 0.17765447641207188, 0.15448719693138102, 0.14600141546851195, 0.2543151471763967, 0.5043151471199641, 0.25431514711996406, 0.12500000437765563, 0.12500000001014436, 0.12500000322648888, 0.12500000572496428, 0.12500000618814025, 0.1250000069018228, 0.16515702497186233, 0.2441126504459077, 0.2557463498712259, 0.30860270917350574, 0.4468330358325733, 0.3882069788058028, 0.38820685179090425, 0.38820683073886464, 0.38820683073886464, 0.38820683073886464, 0.38820683073886464, 0.38820683073886464, 0.38820683073886464, 0.3755115794232528, 0.3457317086347099, 0.2520468144821136, 0.12500000283711615, 0.12500000326562555, 0.12500000315748808, 0.12500000302999814, 0.12500000261881847, 0.12500000267699826, 0.1250000027407826, 0.1250000022765813, 0.12500000246271414, 0.12500000249331575, 0.12500000218011004, 0.12500000179121087, 0.12500000179121087]","[0.49, 0.489997629403691, 0.4042451453112336, 0.276074975517605, 0.1913370277271075, 0.12279420461642612, 0.0653089667856442, 0.062036874193504385, 0.04540786854042625, 0.0166321324213559, -0.22096001345872485, -0.51, 0.49, 0.253457680173427, 0.0, 0.0, 0.0, 0.0, 0.0, -0.08975533826337306, -0.16106947596705257, -0.033125482794745226, -0.10782697297665086, -0.2819898663844978, 0.11490707177247018, 2.489492011936929e-07, 4.126199763051354e-08, 0.0, 0.0, 0.0, 0.0, 0.0, 0.024882692578599222, 0.058368546745544043, 0.18362239279728582, 0.24901179365550308, 0.0, 0.0, 0.0, 0.0, 0.0, 0.0, 0.0, 0.0, 0.0, 0.0, 0.0, 0.0]","[0.1272909284907828, -1.7359020806356492e-06, -1.7377171411651377e-06, 0.0, 0.11050076653048006, 0.05273332335499391, 0.0, 0.08281708693070114, 0.08028106601469352, 0.22411956036552078, 0.4119286731473867, 0.5982690693422216, 0.2722179116096226, 0.3800679072471196, 0.12789167131700344, 0.0, 0.0, 0.0, 0.0, -0.06245173501516684, -0.007422171493707744, -0.19945487254648733, 0.0, 0.0, 0.0, 0.0, 0.0, 0.0, 0.2558984357097547, 0.6285211333328641, 0.6016337819596145, 0.9353260221367139, 1.168970949522764, 1.1203220872016484, 1.3086236936742128, 1.130080584705892, 0.6915320578958852, 1.0501191013822988, 0.849432663494153, 0.9489722560378234, 0.8284142426036736, 1.00781327767879, 0.9585019347240519, 0.9862265465367943, 0.8060629484210822, 1.0196573371694757, 0.966416849651813, 0.9368745191015101]","[0.027910457296195724, 0.028949056555157338, 0.029468252705134753, 0.02979185694626007, 0.02911015141600089, 0.03044881924728821, 0.03400501261110462, 0.0319355546598864, 0.03180881835910747, 0.03076565575343817, 0.036108795209000004, 0.04686728280341488, 0.04269456910260487, 0.04226354170397653, 0.04367059383717906, 0.046365485107749814, 0.0482497701958917, 0.053446579819734163, 0.06510198127836672, 0.09234809884524071, 0.10174933705905301, 0.13584328455615624, 0.09710822854136031, 0.0971021050181994, 0.12637613107983708, 0.10859114798952962, 0.12539836657280592, 0.09534578749589315, 0.07277904854563776, 0.05696876654653862, 0.05817836987226595, 0.05488993640667426, 0.056253663238720095, 0.058296281734867963, 0.0596676612032326, 0.059750426517529556, 0.04554193480337438, 0.04811747897452957, 0.05181598495113636, 0.050507072075725204, 0.047871873819470404, 0.04999042358358827, 0.04912655601116961, 0.049696127731143284, 0.04948572579559494, 0.052492054679971964, 0.04984979613753168, 0.05025530611188974]","[2.6122678968849087, 2.608248080867093, 2.5904024672252417, 2.6033264353479337, 2.604965901039811, 2.5445327383080025, 2.633797195870041, 2.602074184866261, 2.5581807417606512, 2.5587531475780243, 2.6043155366014856, 2.5945371996749858, 3.2898904219669327, 3.414286651870974, 3.334996136283748, 3.382119415523813, 3.3740595272055875, 3.367073340722222, 3.3972886255273678, 3.341190545517853, 3.372431068806149, 3.35414370775168, 3.3600777674575006, 3.343177307223164, 4.087676851293548, 4.113351344318064, 4.069658034960746, 4.050627534251676, 4.13490587260526, 4.066185549785221, 4.090654328453262, 4.099980350898488, 4.1106899113282225, 4.088211070401831, 4.081488120034939, 4.085258496120042, 3.319540017757028, 3.3596692433732125, 3.3851573584609147, 3.3524342739063933, 3.2986656484043424, 3.352602946964698, 3.3242388937779, 3.344897658909508, 3.2923254271198195, 3.361420816995116, 3.306184817389643, 3.358847723567899]","[0.0, 0.0, 0.0, 0.0, 0.0, 0.0, 0.0, 0.0, 0.0, 0.0, 0.0, 0.0, 0.0, 0.23146428990361276, 0.6500660036670607, 0.8775497743470656, 1.0359305984176497, 1.2333818656330457, 1.4937883602478412, 1.8110643278050491, 2.1079085961334707, 2.2137978238476763, 2.095077890155517, 2.1974127793954437, 2.213553110790632, 2.0957364805606087, 2.2999547573260464, 1.889191805541536, 1.4965579019897124, 1.147816419556398, 1.030404839431941, 0.8512489886511186, 0.6103140084184174, 0.41783568681657357, 0.287197049836363, 0.2116337680948657, 0.15112268021143074, 0.09722886085972449, 0.0, 0.0, 0.0, 0.0, 0.0, 0.0, 0.0, 0.0, 0.0, 0.0]","[1.6228873624345832, 1.3736935804453791, 1.5208496663092048, 1.5548126764905768, 1.3322376192594114, 1.3994535658994753, 1.6210403731164567, 1.4891557275628307, 1.4643006012040314, 1.3487670388553445, 1.44945567141717, 1.5531354130619186, 1.5703670611838882, 1.5915603166876302, 1.6007090036733784, 1.5519723495952435, 1.4494545928802727, 1.3612087549444691, 1.3808859785845942, 1.5869090842258908, 1.534763457192487, 1.5087695236332046, 1.4699350020815323, 1.5248564552820518, 1.5372263769039363, 1.435448502051743, 1.5846241899451414, 1.5619851461950125, 1.455228580422869, 1.3468167604576304, 1.516794074265177, 1.3682952689708672, 1.3627759243278752, 1.5499810316522424, 1.3617126452100075, 1.5542828031139255, 1.522427156228659, 1.2604387599394944, 1.5875406223781634, 1.4539690891783998, 1.5181232801311229, 1.3947800933975485, 1.4148635141946841, 1.4083672408577577, 1.5357482049625617, 1.3942555339329914, 1.3896177635175375, 1.4722285071186478]",nan,"[2, 2, 2, 2, 2, 2, 2, 2, 2, 2, 2, 2, 2, 2, 2, 2, 2, 2, 2, 2, 2, 2, 2, 2, 2, 2, 2, 2, 2, 2, 2, 2, 2, 2, 2, 2, 2, 2, 2, 2, 2, 2, 2, 2, 2, 2, 2, 2]","[3, 1, 1, 2, 2, 2, 1, 2, 1, 1, 1, 1, 2, 1, 1, 1, 1, 2, 2, 1, 1, 1, 2, 1, 2, 1, 1, 1, 1, 1, 2, 1, 1, 1, 1, 2, 1, 1, 1, 1, 1, 1, 1, 1, 1, 1, 1, 1]",48,0
33,Perfect-Global,84,test_id,id_actual,perfect_full_horizon,48,,1345.503364059638,1345.503364059638,0.0,,1801.5440001487732,37.532166669766106,1801.5440001487732,0,1,True,,100084,perfect_global_clean,48,48,True,,1.0,0.125000000008059,"[16.253259145321067, 15.182378273905151, 7.557358589394047, 7.432754934016202, 11.651638993176372, 8.599877006851624, 6.560003912119132, 8.348912611838001, 7.638441976432565, 9.895901013716497, 9.2316944553079, 7.474091094185754, 22.907545915827434, 15.105829545449279, 6.16615, 6.16615, 6.16615, 6.16615, 5.665849238023662, 3.199179116333292, 1.9683089915083398, 1.4111450959053704, 2.365754488684152, 2.153617712856908, 4.620125048305738, 6.16615, 4.90687942725057, 6.16615, 6.16615, 20.46657532366912, 17.797218524648024, 48.00071882399242, 71.30372371415444, 69.67842901236233, 98.4336485270173, 88.1273533617809, 48.695374916722294, 66.90825001308838, 55.94357855336526, 58.79928467532571, 55.84892661547282, 62.438593069457134, 60.31664577352616, 61.80617458172494, 54.56863760873048, 62.92681831439243, 60.406890491741756, 59.74292557205672]","[37.532166669766106, 37.532166669766106, 37.532166669766106, 37.532166669766106, 37.532166669766106, 37.532166669766106, 37.532166669766106, 37.532166669766106, 37.532166669766106, 37.532166669766106, 37.532166669766106, 37.532166669766106, 37.532166669766106, 37.532166669766106, 37.532166669766106, 37.532166669766106, 37.532166669766106, 37.532166669766106, 37.532166669766106, 37.532166669766106, 37.532166669766106, 37.532166669766106, 37.532166669766106, 37.532166669766106, 37.532166669766106, 37.532166669766106, 37.532166669766106, 37.532166669766106, 37.532166669766106, 37.532166669766106, 37.532166669766106, 37.532166669766106, 37.532166669766106, 37.532166669766106, 37.532166669766106, 37.532166669766106, 37.532166669766106, 37.532166669766106, 37.532166669766106, 37.532166669766106, 37.532166669766106, 37.532166669766106, 37.532166669766106, 37.532166669766106, 37.532166669766106, 37.532166669766106, 37.532166669766106, 37.532166669766106]",,relaxed_ramp,Relaxed ramp,Weaken DG inter-temporal coupling,High,Weak DG ramp,False,True,0.8,0.8,mpc_diagnostic,,0.0,full_day_optimization_objective,False,9,11378,0,6482,4752,48,1801.5440001487732,0.0011945904570334024,0.0011945904570334024,9,4,,,,,,,,,,,,,
33,MPC-3,85,test_id,id_actual,id_reliable,3,,1608.201798786675,1290.726613721451,24.59662500875167,,99.37199926376343,2.070249984661738,18.533999919891357,0,0,True,,100085,pure_mpc_clean,4,48,True,,1.0,0.12500000074295492,"[16.08009043128675, 4.067195601900057, 5.547073791528411, 5.291085868436854, 6.062440297365613, 8.415987368143323, 15.443592899068104, 8.273135245681921, 5.864409787146265, 8.427287295633487, 19.23450458420116, 26.95925883583302, 33.24530052108851, 27.012546291612033, 14.561133084037909, 21.569010839005635, 5.54657219848767, 3.580429253391027, 3.011854819839138, 1.1863973562305994, 0.4006514095016143, 0.0, 0.0, 0.0, 2.092072969930852, 4.558570584954396, 5.036767920368698, 6.10061008458154, 13.41131968199674, 61.226084947530744, 62.7963048447013, 82.13289117437849, 106.22790013570645, 112.3299367203894, 113.39324772938554, 97.49986887225378, 50.78136600474595, 53.713745573907254, 62.32440285156449, 52.3734304266892, 67.35957923839977, 63.79449561795154, 64.51456602098463, 70.74743302547661, 54.37567862518957, 51.58256258609911, 49.89776612310847, 60.151239246961325]","[8.995999813079834, 0.1119999885559082, 0.09400010108947754, 0.4030001163482666, 0.10000014305114746, 2.4670000076293945, 0.7369999885559082, 4.614000082015991, 0.09800004959106445, 0.492999792098999, 0.5439999103546143, 0.3880000114440918, 6.492000102996826, 0.5769999027252197, 0.7990000247955322, 1.6700000762939453, 0.17499995231628418, 2.2890000343322754, 6.148000001907349, 18.533999919891357, 12.606000185012817, 0.5369999408721924, 9.013000011444092, 0.620999813079834, 5.4100000858306885, 0.5379998683929443, 0.46199989318847656, 0.9330000877380371, 7.199000120162964, 0.870999813079834, 0.7950000762939453, 0.14899992942810059, 0.47699999809265137, 0.4679999351501465, 0.5749998092651367, 0.14899992942810059, 0.4139997959136963, 0.17100000381469727, 0.1830000877380371, 0.3789999485015869, 0.1510000228881836, 0.37600016593933105, 0.16899991035461426, 0.15899991989135742, 0.25999999046325684, 0.39499998092651367, 0.12599992752075195, 0.0559999942779541]",,relaxed_ramp,Relaxed ramp,Weaken DG inter-temporal coupling,High,Weak DG ramp,False,True,0.8,0.8,mpc_diagnostic,,24.59662500875167,,,,698.125,0.0,398.5,290.8125,2.9375,2.070249984661738,0.0008382648590329235,0.0009993871286357473,2.0,1.0,"[0.4, 0.6596441893855017, 0.8996184260299708, 0.8581095136395226, 0.9831840187492104, 1.0, 1.0, 1.0, 0.9510741103804803, 1.0, 1.0, 1.0, 1.0, 1.0, 1.0, 1.0, 0.8995370924518178, 0.5807061841189788, 0.4884984408579264, 0.19243512416129674, 0.0649877681748594, 0.0, 0.0, 0.0, 0.33932713135521997, 0.7393271088112324, 0.816870726774359, 0.9893730612115975, 1.0, 1.0, 1.0, 1.0, 1.0, 1.0, 1.0, 1.0, 1.0, 1.0, 1.0, 1.0, 1.0, 1.0, 1.0, 1.0, 1.0, 1.0, 1.0, 1.0]","[1.0, 0.75, 0.5443160917861244, 0.4067067983269228, 0.3166379275132275, 0.25600490931102976, 0.221594211165169, 0.19422514171951563, 0.17526183676736848, 0.15851507248035712, 0.2671210614827558, 0.5171210614260537, 0.26712106142605374, 0.12500000167968472, 0.1250000000095651, 0.12500000031444042, 0.14879079483442242, 0.12500002326816412, 0.12500001388154483, 0.1250000087828486, 0.12500000053258492, 0.18305798651832267, 0.34553286070017153, 0.5949483521808556, 0.4957169210919308, 0.4317130338448647, 0.43171300206653934, 0.47076797752796606, 0.47076796226138706, 0.46085657604496383, 0.45553465952777994, 0.44205069447915574, 0.4250492211346136, 0.3745907179201483, 0.27717969596229597, 0.1250000000174243, 0.12500000076458398, 0.12500000116193205, 0.12500000120907617, 0.12500000089771313, 0.1250000010363587, 0.12500000085055893, 0.12500000086930715, 0.1250000008844843, 0.12500000088206872, 0.12500000081166135, 0.12500000074295492, 0.12500000074295492]","[0.49, 0.49, 0.4031404600991962, 0.26971421518003513, 0.17653496038949462, 0.11884071643717307, 0.06744496912124594, 0.05364337687267847, 0.03716808160918462, 0.03282365876099017, -0.22155621833996575, -0.51, 0.49, 0.27855727750268894, 0.0, 0.0, -0.04853322500565707, 0.04662991635850709, 0.0, 0.0, 0.0, -0.118438291410905, -0.33144874333097163, -0.5088076026205957, 0.1944936049342927, 0.12544761900424947, 6.228551766819183e-08, -0.07967215423937794, 2.99224948203764e-08, 0.019426316984189493, 0.010430956373680422, 0.026428571495303435, 0.03332288775530263, 0.09889866630035188, 0.19092560329756503, 0.2982722043132873, 0.0, 0.0, 0.0, 0.0, 0.0, 0.0, 0.0, 0.0, 0.0, 0.0, 0.0, 0.0]","[0.4254349509777109, 0.0, 0.0, 0.0, 0.0, 0.07030741775447882, 0.28992009059587825, 0.06584328892756, 0.0, 0.07066054048854645, 0.40838608075628624, 0.6497846511197819, 0.440311390586805, 0.33896579335954524, 0.13650378998435625, 0.2504530217724494, 0.0, 0.0, 0.0, 0.0, 0.0, -0.04419717700712539, 0.0, -0.051366788617051344, 0.0, 0.0, 0.0, 0.0, 0.0783261587242891, 0.5952425399733053, 0.612217890212987, 0.8212620667500377, 1.0817486501157454, 1.147716613193399, 1.1592118673447085, 0.9873915553757165, 0.7254506667438365, 0.7731316353480854, 0.9131423227896666, 0.7513378931168975, 0.9950151095674761, 0.9370462702105942, 0.9487547320485306, 1.0501021630158798, 0.7838947743933263, 0.7384782534325058, 0.7110831889936335, 0.8778063292188832]","[0.02584984892934231, 0.029320244147058267, 0.02969608134634434, 0.030277148199549235, 0.03060213160583077, 0.030931087342420525, 0.03161598776828145, 0.032465175172127776, 0.03570051618091733, 0.03194022154297926, 0.03650501740676851, 0.04771621029073925, 0.042995842461419735, 0.040783610511156906, 0.04127302079241728, 0.040115615704824935, 0.04816886353487697, 0.056717066856119755, 0.06068377556153359, 0.08113499479251512, 0.08819262251502226, 0.09690369615587748, 0.100814966630587, 0.12061329500877555, 0.1336620440839313, 0.10066656062951737, 0.0998404100224854, 0.09034467211863757, 0.08106019732429605, 0.06030280862806608, 0.05688404066786951, 0.05416595946330026, 0.05556439486286351, 0.059959659664102306, 0.058742123278646786, 0.059601478252037654, 0.04467106267293311, 0.046913966748346976, 0.04818892422169915, 0.050742982682932626, 0.0501118814117551, 0.05070585304481409, 0.04882873702095004, 0.04953538039779714, 0.048179674041774825, 0.05091238558870478, 0.050476585923597043, 0.050487838917920594]","[2.593596702901045, 2.6108666430497003, 2.6443831541838247, 2.58031030670229, 2.586848194282376, 2.606332457012563, 2.6277006740418805, 2.5755601468903486, 2.6160605231849905, 2.5700707400015648, 2.5754760064846067, 2.5830699250568454, 3.41343961992986, 3.3224214055466934, 3.316856844611387, 3.3766626275947598, 3.3836846410329633, 3.352438576138371, 3.3299824482795968, 3.388239203095012, 3.368962464217078, 3.3382519219251328, 3.3218208142914856, 3.3357246357784005, 4.140755693064153, 4.096541570810763, 4.115353685875238, 4.076356106404061, 4.076033349197674, 4.075545420080785, 4.042929386269885, 4.074616190251893, 4.140374844814863, 4.135957054736535, 4.091035810832215, 4.136625598362935, 3.328768283073292, 3.347145783081401, 3.289687503424048, 3.3512308707667193, 3.3748290635425464, 3.301479480075789, 3.3284142063510203, 3.3544254939961053, 3.287632816889677, 3.354727506821531, 3.35596028595166, 3.3103859295210376]","[0.0, 0.0, 0.0, 0.0, 0.0, 0.0, 0.0, 0.0, 0.0, 0.0, 0.0, 0.0, 0.0, 0.29247137446854515, 0.7012665531156103, 0.7709473797517861, 0.9649696539438886, 1.2492449428913983, 1.411935659102356, 1.7641671887644614, 1.8807726132850733, 1.9881559931475308, 2.3088123136742413, 2.320428852519994, 2.241629392409816, 1.9268379202130694, 1.9373097000030641, 1.9121358730078306, 1.61957156129559, 1.182056271730071, 0.9944680289217959, 0.8110707080555397, 0.6608792567150726, 0.40808360166722624, 0.3545286284044444, 0.2540480190625344, 0.1560102974496339, 0.09124463326419548, 0.0, 0.0, 0.0, 0.0, 0.0, 0.0, 0.0, 0.0, 0.0, 0.0]","[1.304011501116562, 1.4905427698996307, 1.371320353642298, 1.4827636937511717, 1.4577313667941585, 1.4481153807665246, 1.3019515723264732, 1.4885386267012635, 1.6635188515599506, 1.4985266833353428, 1.425151131731146, 1.49100148415754, 1.5261240749044243, 1.4532105259444887, 1.5203594668481704, 1.3953777834397973, 1.6158799792986174, 1.5325746040227695, 1.4902321058277421, 1.5127710245963129, 1.5113928143341444, 1.6096350933515104, 1.4452714465858305, 1.696083469504826, 1.4989676130094103, 1.4055954878647903, 1.4610136116144905, 1.3448639945608578, 1.459195796883289, 1.339123100305128, 1.4826965517078674, 1.470020803695778, 1.4199884453723106, 1.5412178335184386, 1.4451118352888046, 1.6565152981421438, 1.4919783253698538, 1.5296834820745076, 1.4247341049999451, 1.6506359077521273, 1.4299258357145046, 1.415139062585435, 1.4284882114125614, 1.3538587114606377, 1.5519177165832907, 1.667161581405496, 1.6953536827942193, 1.483067437817251]",nan,"[2, 2, 2, 2, 2, 2, 2, 2, 2, 2, 2, 2, 2, 2, 2, 2, 2, 2, 2, 2, 2, 2, 2, 2, 2, 2, 2, 2, 2, 2, 2, 2, 2, 2, 2, 2, 2, 2, 2, 2, 2, 2, 2, 2, 2, 2, 2, 2]","[2, 2, 1, 2, 1, 1, 1, 1, 1, 1, 1, 1, 1, 1, 1, 2, 1, 1, 1, 4, 4, 2, 3, 1, 1, 2, 1, 2, 1, 1, 1, 1, 1, 1, 1, 1, 1, 1, 1, 1, 1, 1, 1, 1, 1, 1, 1, 1]",48,0
33,Perfect-Global,85,test_id,id_actual,perfect_full_horizon,48,,1290.726613721451,1290.726613721451,0.0,,1800.9590001106262,37.51997916897138,1800.9590001106262,0,1,True,,100085,perfect_global_clean,48,48,True,,1.0,0.12500000000808428,"[23.212414871749424, 13.518511820823019, 13.251403932456657, 9.334011866533075, 10.10200286145632, 10.397618685958925, 13.890397273785968, 9.263097533898364, 6.16615, 8.971373110455158, 10.731393766452307, 9.525473077829812, 33.24530033556099, 14.141155207753922, 6.16615, 6.16615, 6.16615, 6.16615, 6.089093331987092, 4.219979187878396, 3.4185836287753397, 1.996018985564481, 1.233038, 3.699402, 6.16615, 6.16615, 6.16615, 6.16615, 6.16615, 19.196097522067305, 19.669777297265323, 39.93809941984894, 64.21041770236484, 75.91800271686402, 85.50229081152109, 79.63702998727429, 50.78136924896295, 53.71374476913067, 55.22695722457117, 49.408019331258764, 59.19206387942833, 55.412570922614044, 57.12087553524367, 61.128097714751945, 50.62768172939628, 49.503621153531135, 48.41445551269636, 54.223671763740604]","[37.51997916897138, 37.51997916897138, 37.51997916897138, 37.51997916897138, 37.51997916897138, 37.51997916897138, 37.51997916897138, 37.51997916897138, 37.51997916897138, 37.51997916897138, 37.51997916897138, 37.51997916897138, 37.51997916897138, 37.51997916897138, 37.51997916897138, 37.51997916897138, 37.51997916897138, 37.51997916897138, 37.51997916897138, 37.51997916897138, 37.51997916897138, 37.51997916897138, 37.51997916897138, 37.51997916897138, 37.51997916897138, 37.51997916897138, 37.51997916897138, 37.51997916897138, 37.51997916897138, 37.51997916897138, 37.51997916897138, 37.51997916897138, 37.51997916897138, 37.51997916897138, 37.51997916897138, 37.51997916897138, 37.51997916897138, 37.51997916897138, 37.51997916897138, 37.51997916897138, 37.51997916897138, 37.51997916897138, 37.51997916897138, 37.51997916897138, 37.51997916897138, 37.51997916897138, 37.51997916897138, 37.51997916897138]",,relaxed_ramp,Relaxed ramp,Weaken DG inter-temporal coupling,High,Weak DG ramp,False,True,0.8,0.8,mpc_diagnostic,,0.0,full_day_optimization_objective,False,9,11378,0,6482,4752,48,1800.9590001106262,0.0013823455989182595,0.0013823455989182595,9,3,,,,,,,,,,,,,
33,MPC-3,86,test_id,id_actual,id_reliable,3,,1613.7265179271694,1284.7196078451495,25.609238628642142,,78.75200033187866,1.6406666735808055,16.075999975204468,0,0,True,,100086,pure_mpc_clean,4,48,True,,1.0,0.12500000085876942,"[3.907182225254447, 4.302395648238738, 5.408496507434428, 4.88664475937292, 6.000390550346571, 8.817873364019766, 8.3238169164649, 10.586922008980874, 6.686235236680636, 8.468215353926126, 17.96859489137354, 25.721264401998837, 33.96410451320743, 35.408163646943045, 22.630716722369478, 6.087093285404532, 6.127647807545563, 4.399369091186755, 1.932896120854945, 2.02972198186875, 1.2197840993409845, 0.0, 0.0, 0.0, 1.9462727022978579, 4.412747239211861, 4.547489650061303, 4.68887041113831, 18.99914144458381, 24.788910114947882, 69.63511531775465, 82.53467450866032, 94.45306885202146, 109.21067459845679, 104.40808723031446, 131.1630788024615, 57.16078787425655, 49.13443962008539, 61.0521600455908, 72.17437958014112, 63.80429758746254, 69.98062951095307, 58.283037754216004, 61.19091714941957, 55.49313977696539, 70.30602675339752, 66.63293268773506, 52.848109582223124]","[2.9589998722076416, 0.9739999771118164, 0.10299992561340332, 0.8190000057220459, 0.10899996757507324, 2.0899999141693115, 16.075999975204468, 0.7319998741149902, 3.0199999809265137, 3.244999885559082, 0.5969998836517334, 0.4509999752044678, 3.444000005722046, 0.5450000762939453, 2.741000175476074, 0.3530001640319824, 0.33100008964538574, 0.5180001258850098, 0.6099998950958252, 3.2860000133514404, 7.259000062942505, 0.05000019073486328, 0.057000160217285156, 0.6419999599456787, 8.63100004196167, 0.9709999561309814, 0.9240000247955322, 0.9100000858306885, 5.605999946594238, 5.299000024795532, 0.1960000991821289, 0.7250001430511475, 0.562000036239624, 0.5299999713897705, 0.5329999923706055, 0.11100006103515625, 0.1679999828338623, 0.3840000629425049, 0.25099992752075195, 0.1529998779296875, 0.25999999046325684, 0.14800000190734863, 0.3959999084472656, 0.3659999370574951, 0.28100013732910156, 0.16199994087219238, 0.12299990653991699, 0.051000118255615234]",,relaxed_ramp,Relaxed ramp,Weaken DG inter-temporal coupling,High,Weak DG ramp,False,True,0.8,0.8,mpc_diagnostic,,25.609238628642142,,,,698.125,0.0,398.5,290.8125,2.9375,1.6406666735808055,0.0008166889980045035,0.0009985960611954986,2.0,1.0,"[0.4, 0.6977852801858969, 0.8771479478677832, 0.7925272775918777, 0.973122926944977, 1.0, 1.0, 1.0, 1.0, 1.0, 1.0, 1.0, 1.0, 1.0, 1.0, 0.9871813806941605, 0.9937570854219049, 0.7135107623025734, 0.31351076230257335, 0.32921466080297246, 0.1978502868081325, 0.0, 0.0, 0.0, 0.3156802759882692, 0.715680192288129, 0.7375302166403221, 0.7604565257115327, 1.0, 1.0, 1.0, 1.0, 1.0, 1.0, 1.0, 1.0, 1.0, 1.0, 1.0, 1.0, 1.0, 1.0, 1.0, 1.0, 1.0, 1.0, 1.0, 1.0]","[1.0, 0.75, 0.5436452211186475, 0.40452019800055494, 0.3063894975092329, 0.24338609976170353, 0.20195399848355672, 0.18135465171721413, 0.16133672458765358, 0.14580462475898026, 0.25897838354267616, 0.5089783834859756, 0.25897838348597557, 0.1250000033376456, 0.1250000017360057, 0.1265094721372563, 0.12500319846385288, 0.12500001731525454, 0.1550733300419943, 0.12500003563089804, 0.12500000008812773, 0.1932938448362504, 0.3024902173204032, 0.4751747450589482, 0.40593673279566983, 0.3874914404716531, 0.3874914404716531, 0.3874914404716531, 0.3874914404716531, 0.3874914404716531, 0.3874914404716531, 0.3869279348234239, 0.36809961322423695, 0.34670753276267385, 0.25648363193744594, 0.12500000001710126, 0.12500000094138156, 0.12500000128182664, 0.1250000012837001, 0.12500000101009062, 0.12500000106204043, 0.12500000111816514, 0.1250000008394972, 0.12500000076175594, 0.12500000099987985, 0.1250000010460892, 0.12500000085876942, 0.12500000085876942]","[0.49, 0.49, 0.4044553666074508, 0.27268504531146154, 0.1923361465222349, 0.1234866603462679, 0.08120691850516776, 0.04037472041994213, 0.0392351371739387, 0.030442916422570132, -0.23087446869414566, -0.51, 0.49, 0.26259762548857557, 0.0, -0.0031572690239423714, 0.002952269157737369, 6.239122914440294e-06, -0.06134955796254915, 0.05894366118572929, 0.0, -0.14643606866188397, -0.22842443072111934, -0.3522764365866318, 0.13570650403602555, 0.03615277295507272, 0.0, 0.0, 0.0, 0.0, 0.0, 0.001104471070529236, 0.03690351033440648, 0.04192847796494454, 0.1768388458778257, 0.25770791882189836, 0.0, 0.0, 0.0, 0.0, 0.0, 0.0, 0.0, 0.0, 0.0, 0.0, 0.0, 0.0]","[0.04503156953920146, 0.0, 0.0, 0.0, 0.0, 0.08286635512561769, 0.0674270911395281, 0.13814912528065235, 0.01625280053931209, 0.07193954231019146, 0.3688264028554232, 0.6110973250624637, 0.4519992603773566, 0.4754798966982609, 0.2677165320710484, -4.8815335786837645e-05, 0.0, 0.0, 0.0, 0.0, 0.0, -0.2918662891219641, -0.4655046343160548, -0.17455331590102963, 0.0, 0.0, 0.0, 0.0, 0.1387350426441493, 0.20132713637781496, 0.6861509764081584, 0.8256056703638953, 0.9544531767786103, 1.1139948605238572, 1.0620749970844807, 1.3513181492158002, 0.8291811036464479, 0.6986713759363478, 0.8924554478957853, 1.0733045460185549, 0.9372056518286592, 1.0376338131862288, 0.847429069174244, 0.8947116609661718, 0.8020648744222014, 1.0429248252584962, 0.9831997184997572, 0.7590562533694817]","[0.030297006572770988, 0.029047484111421603, 0.02832052334490191, 0.0318263999154451, 0.03036346729862576, 0.03068247192718185, 0.03269545060543866, 0.03158831052037537, 0.03481222096808373, 0.032482967187460424, 0.0368813901392941, 0.04759446719417613, 0.04129785787660458, 0.04045191878432915, 0.04144651326593948, 0.045527119461459806, 0.048812693973439326, 0.052089707717332255, 0.11460617859889564, 0.07188406577558268, 0.09014889047953414, 0.14195908032575294, 0.17378193150268423, 0.16127600778910212, 0.1298357257619614, 0.11242608553067966, 0.10556607505914367, 0.10434034633675579, 0.0767279581123849, 0.06654452877157364, 0.05746401164480332, 0.055726967742431674, 0.053572878015652865, 0.05759596359869806, 0.0590404192910346, 0.06133982778243558, 0.04466368537512931, 0.04714677168456022, 0.05070756509035385, 0.05111178964366064, 0.049147838567885446, 0.04985203626935695, 0.0502299192273254, 0.051376456042034155, 0.049305655993658964, 0.05097947594716571, 0.050371267157755285, 0.04835833122314376]","[2.552232246839093, 2.554598864518298, 2.570320018157834, 2.622338899574276, 2.6135414836061126, 2.589224015755772, 2.6279717978130464, 2.5850943464004454, 2.6274778923373967, 2.5841752347221973, 2.609913601837287, 2.625287180907117, 3.306485121790118, 3.400840834901885, 3.3755089566082166, 3.3543518698018024, 3.3354193141878508, 3.3126990396561484, 3.3447677309280603, 3.387830171081905, 3.374676427870492, 3.339744798764725, 3.309518997252684, 3.3714409293338763, 4.086352494153745, 4.056738899946032, 4.119421116424987, 4.096731834783149, 4.125152129188705, 4.032956950209494, 4.1282253909097815, 4.094297194872794, 4.038235703257669, 4.093142250901273, 4.087421038390197, 4.044404676824943, 3.351859105631551, 3.3562426888488157, 3.37618974061688, 3.318423607219592, 3.336497992954915, 3.302451063769031, 3.341617686481741, 3.3433459110456845, 3.3315521429580306, 3.36242911465839, 3.365670666249276, 3.3077181454263513]","[0.0, 0.0, 0.0, 0.0, 0.0, 0.0, 0.0, 0.0, 0.0, 0.0, 0.0, 0.0, 0.0, 0.25807397748131944, 0.678666965903805, 0.8295329690825093, 1.1053024022633604, 1.210469753513462, 1.4629556149446012, 1.5577844438549584, 1.9482668332296822, 2.343769213402179, 2.6620497329167163, 2.505758807881406, 2.2849788988516546, 2.1526606513799194, 2.0545399456128375, 2.0332790254338344, 1.5285957810899196, 1.3643221859882555, 0.9746073044211502, 0.7600264348335908, 0.6598777235410511, 0.4793378485572768, 0.3501041428116503, 0.21274427256845027, 0.1547423723958212, 0.1011495778384667, 0.0, 0.0, 0.0, 0.0, 0.0, 0.0, 0.0, 0.0, 0.0, 0.0]","[1.6474976839435365, 1.3958610687275383, 1.3170372286917087, 1.58895298081486, 1.4784458974810453, 1.4135534363928817, 1.5120328934410512, 1.438158784997237, 1.6068020972531074, 1.5142756656794245, 1.508843017216063, 1.5717843229742043, 1.405783722917959, 1.4451412544543811, 1.4705719197764386, 1.586370728957448, 1.2822203166842454, 1.440801936658769, 1.744257090242325, 1.51377147546449, 1.318706545858822, 1.5762370233036629, 1.515180260698152, 1.5537878817292305, 1.4798225455957787, 1.26467137330217, 1.4329170013563026, 1.4073366152227682, 1.5345492465749198, 1.533852148033807, 1.5249311168137438, 1.563287586622488, 1.4405741709003765, 1.5154770277334428, 1.5574434721863568, 1.283974164280341, 1.4125993168949482, 1.6035685074944097, 1.534441857864748, 1.2962308503399025, 1.4484401799485263, 1.3146692870139116, 1.544418485173674, 1.500010649129822, 1.5787929250579937, 1.3704837654889501, 1.4328422145836512, 1.5970202216499]",nan,"[2, 2, 2, 2, 2, 2, 2, 2, 2, 2, 2, 2, 2, 2, 2, 2, 2, 2, 2, 2, 2, 2, 2, 2, 2, 2, 2, 2, 2, 2, 2, 2, 2, 2, 2, 2, 2, 2, 2, 2, 2, 2, 2, 2, 2, 2, 2, 2]","[2, 2, 1, 1, 1, 1, 2, 1, 1, 1, 2, 1, 1, 1, 1, 1, 1, 2, 1, 2, 4, 1, 1, 1, 1, 1, 1, 1, 2, 1, 1, 1, 1, 1, 1, 1, 1, 1, 1, 1, 1, 1, 1, 1, 1, 1, 1, 1]",48,0
33,Perfect-Global,86,test_id,id_actual,perfect_full_horizon,48,,1284.7196078451495,1284.7196078451495,0.0,,1800.5620000362396,37.511708334088326,1800.5620000362396,0,1,True,,100086,perfect_global_clean,48,48,True,,1.0,0.12500000000808176,"[14.393994613460194, 12.774185249072975, 10.872634079019473, 7.704962536521289, 9.124225206219904, 9.528481581824945, 9.387100087043217, 9.343710717517364, 6.810490875520529, 7.507994287333557, 8.24139881108515, 8.100948689418539, 33.96410429463491, 21.504850173963362, 6.16615, 6.16615, 6.16615, 6.16615, 4.317180084804926, 5.438703194128483, 4.23588923555919, 1.7694417162131573, 0.34176828762905376, 2.807993505878976, 5.274602724628782, 6.16615, 6.16615, 6.16615, 6.16615, 6.16615, 25.452885433881377, 37.950790726209924, 52.82087522853064, 67.6446822941574, 75.23968948237511, 109.27457697252575, 57.16078736674748, 49.13443933224687, 55.135628452988186, 61.52005550639557, 56.59058999274588, 60.04054478801395, 53.42034911139006, 53.95978789799645, 50.80915896480585, 60.89041817894003, 58.16143492842923, 50.57290323529166]","[37.511708334088326, 37.511708334088326, 37.511708334088326, 37.511708334088326, 37.511708334088326, 37.511708334088326, 37.511708334088326, 37.511708334088326, 37.511708334088326, 37.511708334088326, 37.511708334088326, 37.511708334088326, 37.511708334088326, 37.511708334088326, 37.511708334088326, 37.511708334088326, 37.511708334088326, 37.511708334088326, 37.511708334088326, 37.511708334088326, 37.511708334088326, 37.511708334088326, 37.511708334088326, 37.511708334088326, 37.511708334088326, 37.511708334088326, 37.511708334088326, 37.511708334088326, 37.511708334088326, 37.511708334088326, 37.511708334088326, 37.511708334088326, 37.511708334088326, 37.511708334088326, 37.511708334088326, 37.511708334088326, 37.511708334088326, 37.511708334088326, 37.511708334088326, 37.511708334088326, 37.511708334088326, 37.511708334088326, 37.511708334088326, 37.511708334088326, 37.511708334088326, 37.511708334088326, 37.511708334088326, 37.511708334088326]",,relaxed_ramp,Relaxed ramp,Weaken DG inter-temporal coupling,High,Weak DG ramp,False,True,0.8,0.8,mpc_diagnostic,,0.0,full_day_optimization_objective,False,9,11378,0,6482,4752,48,1800.5620000362396,0.0013793792398728287,0.0013793792398728287,9,2,,,,,,,,,,,,,
33,MPC-3,87,test_id,id_actual,id_reliable,3,,1657.0457905293822,1302.9405207197817,27.177393302188698,,108.49000072479248,2.2602083484331765,17.58299994468689,0,0,True,,100087,pure_mpc_clean,4,48,True,,1.0,0.1250000017461561,"[9.709181669515289, 4.520228208189709, 3.5393339969956767, 4.532781925710594, 5.816680729843386, 10.285651068425613, 7.1668323475174915, 8.227707832005208, 11.624580270050398, 8.541957928310104, 22.933118113861056, 29.14894848776217, 33.29517342017701, 34.07961665178653, 19.751383389302873, 11.94822439233168, 5.252731946600961, 3.796999946555957, 3.283823397648512, 2.3774750407413303, 0.0, 0.0, 0.0, 0.0, 1.3502718653368222, 3.3083946006771607, 4.565940549533579, 5.626739794919667, 24.451536998074744, 45.46313369975454, 73.08835637809557, 96.75407046730747, 115.70835841013528, 106.44575070828294, 124.46946458622064, 97.38311450438727, 58.50454005822711, 56.87860642320896, 69.93183633510938, 60.34514267906865, 68.12355128781311, 56.07724697739377, 48.81873864448341, 67.0547285763724, 53.81489218391566, 56.26478292796849, 58.76031103544753, 64.02385007431644]","[17.58299994468689, 0.877000093460083, 0.5570001602172852, 0.8639998435974121, 0.11599993705749512, 5.016000032424927, 6.230999946594238, 3.4489998817443848, 1.3540000915527344, 4.5, 0.5299999713897705, 0.4500000476837158, 2.052999973297119, 0.48600006103515625, 0.8519999980926514, 3.8910000324249268, 0.3919999599456787, 2.4860000610351562, 4.675999879837036, 15.66599988937378, 0.5179998874664307, 0.07200002670288086, 10.164000034332275, 7.608999967575073, 5.884000062942505, 0.695000171661377, 1.2189998626708984, 0.8480000495910645, 4.017000198364258, 0.8159999847412109, 0.18700003623962402, 0.4739999771118164, 0.2049999237060547, 0.5090000629425049, 0.17300009727478027, 0.17799997329711914, 0.2710001468658447, 0.25300002098083496, 0.1790001392364502, 0.2650001049041748, 0.15700006484985352, 0.3880000114440918, 0.3059999942779541, 0.14300012588500977, 0.309999942779541, 0.44099998474121094, 0.13400006294250488, 0.046000003814697266]",,relaxed_ramp,Relaxed ramp,Weaken DG inter-temporal coupling,High,Weak DG ramp,False,True,0.8,0.8,mpc_diagnostic,,27.177393302188698,,,,698.125,0.0,398.5,290.8125,2.9375,2.2602083484331765,0.0008791056397092571,0.0009988048222155951,2.0,1.0,"[0.4, 0.7331094767652295, 0.5740417308015855, 0.7351451998074331, 0.9433349618120461, 1.0, 1.0, 1.0, 1.0, 1.0, 1.0, 1.0, 1.0, 1.0, 1.0, 1.0, 0.8518902969379055, 0.6158273553813078, 0.5326049677591049, 0.38561490395158937, 0.0, 0.0, 0.0, 0.0, 0.21901463993087006, 0.5365897673757318, 0.740522226738518, 0.9125362781480698, 1.0, 1.0, 1.0, 1.0, 1.0, 1.0, 1.0, 1.0, 1.0, 1.0, 1.0, 1.0, 1.0, 1.0, 1.0, 1.0, 1.0, 1.0, 1.0, 1.0]","[1.0, 0.75, 0.5511270011544269, 0.40746401931791815, 0.30833932412427234, 0.23962997818875642, 0.20671024047655145, 0.1777626397053337, 0.1570815824972503, 0.1491534167994479, 0.2604420606432459, 0.5104420605868754, 0.26044206058687536, 0.12500000249722998, 0.12500000136239658, 0.1250000000095374, 0.12500000444875203, 0.1250000053119131, 0.1250000059589357, 0.12500000485525684, 0.12602129974465043, 0.13937433956557033, 0.2184421796307331, 0.3271762135954149, 0.32717619333824505, 0.3271761852242752, 0.3271761699920682, 0.3502579958922047, 0.3502579951973703, 0.3502579906721774, 0.3502579897735469, 0.35025798824469767, 0.35024586219040454, 0.34091015009524334, 0.26440465354264847, 0.12500000001738398, 0.12500000094626754, 0.12500000131450414, 0.12500000165677655, 0.12500000160790428, 0.1250000018495707, 0.12500000211486986, 0.12500000228119248, 0.12500000238201395, 0.12500000234500203, 0.1250000023831195, 0.1250000017461561, 0.1250000017461561]","[0.49, 0.49, 0.38979107773732335, 0.2815794443995572, 0.1942821117732013, 0.13467031879429073, 0.06452268667649068, 0.05673729827049576, 0.040534872883950315, 0.015539205524596866, -0.22702883421471345, -0.51, 0.49, 0.2654664342544479, 0.0, 0.0, 0.0, 0.0, 0.0, 0.0, -0.0020834415743629098, -0.03531935379433357, -0.16573263839350977, -0.2218174338411073, 0.0, 0.0, 3.460393350242995e-08, -0.04708692912007577, 0.0, 0.0, 0.0, 0.0, 2.376732733937406e-05, 0.01829799596696253, 0.1499507735017927, 0.27323312117052007, 0.0, 0.0, 0.0, 0.0, 0.0, 0.0, 0.0, 0.0, 0.0, 0.0, 0.0, 0.0]","[0.22634405217235276, 0.0, 0.0, 0.0, -1.7373315903852385e-06, 0.12873440838830041, 0.031271323359921596, 0.06442368225016275, 0.1705759459390749, 0.07424399775969079, 0.523967753558158, 0.7182124527425677, 0.4411223320353985, 0.45387750653311426, 0.2208981038911036, 0.09401746979401106, 0.0, 0.0, 0.0, 0.0, -0.014734224154465993, -0.021662001366890213, -0.06201360611800399, 0.0, 0.0, 0.0, 0.0, 0.0, 0.19767985943864586, 0.42483225621356263, 0.7234833121956277, 0.9793288699168375, 1.1842400909203814, 1.0841037914408966, 1.2789547522834663, 0.9861293459933758, 0.8510307326540992, 0.8245927873692513, 1.0368404282131607, 0.8809592305539617, 1.0074374193140343, 0.8115625524779475, 0.6935380267395677, 0.9900581882336976, 0.7747762956734253, 0.8146119175279429, 0.8551896103324801, 0.940775610964495]","[0.02762243482733424, 0.028046397369159398, 0.028688543311863886, 0.03130279830397837, 0.031353229060139404, 0.029045982852124726, 0.03162678880757224, 0.03218606201606854, 0.031298223867596245, 0.03237662298853333, 0.03618675739450594, 0.04650484151716109, 0.04018618356660951, 0.038665195618652684, 0.03979565569488514, 0.042509895633065634, 0.04984990112849359, 0.055648016897607094, 0.05974886757384229, 0.06986582351719497, 0.09648944242172224, 0.10451006616128602, 0.11659441544902116, 0.10894050661133821, 0.142438387126032, 0.11149097717430645, 0.10734517460976137, 0.0859161674385241, 0.0759229778171748, 0.06241589912262288, 0.05677307462234036, 0.05463298829227963, 0.0574301683659839, 0.05741285754527931, 0.06061704798869049, 0.0575693174790729, 0.0449150200799152, 0.04643839874029481, 0.05054089613240459, 0.048132479299447015, 0.050112644729961485, 0.04836934947445272, 0.050595407040370334, 0.0510282112789975, 0.04981633798100951, 0.05060540260277972, 0.050333419037552056, 0.04929655521698627]","[2.6039496072911765, 2.5636144314161258, 2.5256125591541743, 2.630434514467635, 2.586627551616785, 2.5618952991423782, 2.5527855401274233, 2.5970283528469738, 2.5586676242430713, 2.570479334538768, 2.5935992772000396, 2.578471122402062, 3.295609598321386, 3.3598070755084537, 3.3190567453051387, 3.31980450651639, 3.3735707720041885, 3.3086582205036876, 3.3432936064020016, 3.317062601574869, 3.3729362308456774, 3.3306543982294103, 3.388393091886167, 3.368913228512109, 4.072900383679919, 4.0888305984723665, 4.08254423178251, 4.088152947439197, 4.124627521071561, 4.128603123326018, 4.106943210279455, 4.09421472790264, 4.138947946118925, 4.05993889793053, 4.129469726107022, 4.027606878179681, 3.29806311019217, 3.2998013596137517, 3.338475002822255, 3.327034092729087, 3.379498194177875, 3.337095022519774, 3.3430779873913092, 3.364013439730453, 3.3064741491837935, 3.3350503368604807, 3.3220218381191966, 3.317432396141213]","[0.0, 0.0, 0.0, 0.0, 0.0, 0.0, 0.0, 0.0, 0.0, 0.0, 0.0, 0.0, 0.0, 0.26514408937450173, 0.6171346949276846, 0.8276078542167948, 1.0615007857289043, 1.3159576942007183, 1.380975433382407, 1.6276905531681019, 1.928311954261111, 1.9040989818610672, 2.249809857552952, 2.3532364700820727, 2.5180769629243835, 2.1315191445582493, 2.0890363592411494, 1.7199814172746093, 1.4947957597653585, 1.1244260522619587, 1.0110703948201158, 0.8054598802118864, 0.6209307067386728, 0.5185961148115772, 0.33287415948921756, 0.2555156862781104, 0.1652478662306902, 0.10013974466609954, 0.0, 0.0, 0.0, 0.0, 0.0, 0.0, 0.0, 0.0, 0.0, 0.0]","[1.515227882293919, 1.3685513520202413, 1.5904682659528273, 1.6450126727924097, 1.480365444423179, 1.3275365221488877, 1.48861828592429, 1.508053403509333, 1.3788549563127537, 1.513072681824199, 1.332847076615423, 1.416763511114461, 1.4046734546792652, 1.4139842414022648, 1.520819548220814, 1.4406890757778488, 1.5100295399550645, 1.4325211900206531, 1.4894620746029594, 1.3736219893896635, 1.5579313847351441, 1.5880468375279624, 1.482923895181544, 1.3464345566279858, 1.4782470186555714, 1.5322126481702296, 1.3603307908990239, 1.5886383446069412, 1.5080748783361695, 1.6417607051191347, 1.429162576141632, 1.364058963088521, 1.3911835497814433, 1.4963538535365175, 1.4283070891001453, 1.5702980424999555, 1.3266995333193754, 1.4215072271565143, 1.3521754717862131, 1.494207341463281, 1.4221734204595153, 1.5739017691911836, 1.700135368402775, 1.4249834633770897, 1.5815141918242959, 1.5710437637368662, 1.5171656456141478, 1.4259533370223931]",nan,"[2, 2, 2, 2, 2, 2, 2, 2, 2, 2, 2, 2, 2, 2, 2, 2, 2, 2, 2, 2, 2, 2, 2, 2, 2, 2, 2, 2, 2, 2, 2, 2, 2, 2, 2, 2, 2, 2, 2, 2, 2, 2, 2, 2, 2, 2, 2, 2]","[3, 1, 2, 1, 1, 1, 1, 1, 1, 1, 2, 1, 1, 1, 2, 1, 1, 1, 1, 4, 2, 1, 2, 1, 1, 1, 1, 2, 1, 1, 1, 1, 1, 1, 1, 1, 1, 1, 1, 1, 1, 1, 1, 1, 1, 1, 1, 1]",48,0
33,Perfect-Global,87,test_id,id_actual,perfect_full_horizon,48,,1302.9405207197817,1302.9405207197817,0.0,,1801.3829998970032,37.52881249785423,1801.3829998970032,0,1,True,,100087,perfect_global_clean,48,48,True,,1.0,0.12500000000807984,"[19.886499653548217, 13.499589108438453, 6.16615, 6.47110117496859, 8.62913273191084, 11.137854899624728, 8.012511736495554, 8.01020717709525, 9.653930923545193, 7.3796372583339815, 12.343811620663772, 9.905280393184869, 33.295173128151966, 20.380868577666636, 6.16615, 6.16615, 5.523449254502571, 5.4778266879360595, 5.445681209224376, 5.33731630963323, 2.870697639409575, 2.5823792230634552, 1.5740209616887264, 1.6833775368501025, 4.149811625790957, 6.166149937511972, 6.16615, 6.166149935866223, 6.16615, 6.16615, 28.90319501530508, 51.98345198012101, 70.41563736185226, 62.75642675991889, 92.62308694195274, 77.1780462710793, 58.504539004169345, 56.1075536285019, 61.5044719402183, 55.267931238602145, 60.21174693614298, 53.61620249227279, 47.210769027241206, 59.30371570089911, 51.14397904502852, 52.39507119614943, 54.323812211779924, 56.91152526344151]","[37.52881249785423, 37.52881249785423, 37.52881249785423, 37.52881249785423, 37.52881249785423, 37.52881249785423, 37.52881249785423, 37.52881249785423, 37.52881249785423, 37.52881249785423, 37.52881249785423, 37.52881249785423, 37.52881249785423, 37.52881249785423, 37.52881249785423, 37.52881249785423, 37.52881249785423, 37.52881249785423, 37.52881249785423, 37.52881249785423, 37.52881249785423, 37.52881249785423, 37.52881249785423, 37.52881249785423, 37.52881249785423, 37.52881249785423, 37.52881249785423, 37.52881249785423, 37.52881249785423, 37.52881249785423, 37.52881249785423, 37.52881249785423, 37.52881249785423, 37.52881249785423, 37.52881249785423, 37.52881249785423, 37.52881249785423, 37.52881249785423, 37.52881249785423, 37.52881249785423, 37.52881249785423, 37.52881249785423, 37.52881249785423, 37.52881249785423, 37.52881249785423, 37.52881249785423, 37.52881249785423, 37.52881249785423]",,relaxed_ramp,Relaxed ramp,Weaken DG inter-temporal coupling,High,Weak DG ramp,False,True,0.8,0.8,mpc_diagnostic,,0.0,full_day_optimization_objective,False,9,11378,0,6482,4752,48,1801.3829998970032,0.0012363061911492873,0.0012363061911492873,9,1,,,,,,,,,,,,,
33,MPC-3,88,test_id,id_actual,id_reliable,3,,1621.2799579026437,1285.9871091153354,26.072800140116883,,111.54499936103821,2.323854153354963,23.544000148773193,0,0,True,,100088,pure_mpc_clean,4,48,True,,1.0,0.12500000190391053,"[13.18804173781141, 2.5974823480818388, 4.572064597098659, 5.716032288626438, 11.298596496039954, 8.632803098679108, 11.897985984260234, 13.352015095208744, 8.445970578056542, 5.991769247027228, 19.893788463637957, 29.153129587335812, 30.907403591363106, 35.460727364028415, 22.116598838640392, 11.176431971729816, 6.161311451933685, 5.399342677091113, 2.9327140400005267, 0.46648370878568995, 0.15420111807311035, 0.0, 0.0, 0.0, 2.466171925130294, 3.1545749433492554, 4.742627312128369, 6.16615, 8.773161333747018, 52.406507525622075, 41.003743877860956, 90.21970036312182, 104.88687644685515, 109.0169686162271, 105.28030059209787, 101.2587586590801, 55.06342617788774, 55.04502416468914, 63.22925269987431, 58.469198921348166, 77.01868546470051, 71.58203571222307, 68.60628666335903, 50.095348117835194, 52.359590448733094, 62.235863348879896, 67.02144695316687, 61.66336335121703]","[0.9690001010894775, 0.44099998474121094, 0.1530001163482666, 0.09999990463256836, 14.890000104904175, 10.223000049591064, 1.8199999332427979, 0.7689998149871826, 1.1019999980926514, 0.09800004959106445, 0.5519998073577881, 0.4049999713897705, 2.878000020980835, 0.38499999046325684, 0.7260000705718994, 2.6629998683929443, 0.7450001239776611, 0.9110000133514404, 0.5369999408721924, 0.07400012016296387, 23.544000148773193, 0.43900012969970703, 8.526999950408936, 0.6770000457763672, 3.240000009536743, 0.6510000228881836, 0.14400005340576172, 21.531999826431274, 5.347999811172485, 0.5519998073577881, 1.1959998607635498, 0.18799996376037598, 0.45799994468688965, 0.8860001564025879, 0.4830000400543213, 0.18700003623962402, 0.37599992752075195, 0.1699998378753662, 0.2760000228881836, 0.4219999313354492, 0.13899993896484375, 0.16199994087219238, 0.2720000743865967, 0.39800000190734863, 0.43000006675720215, 0.25999999046325684, 0.11299991607666016, 0.03399991989135742]",,relaxed_ramp,Relaxed ramp,Weaken DG inter-temporal coupling,High,Weak DG ramp,False,True,0.8,0.8,mpc_diagnostic,,26.072800140116883,,,,698.125,0.0,398.5,290.8125,2.9375,2.323854153354963,0.0008152826464818522,0.0009991379122635334,2.0,1.0,"[0.4, 0.42129609479435387, 0.7415153055840776, 0.9270149896555824, 1.0, 0.9999994055246335, 1.0, 1.0, 1.0, 0.9717250176587475, 1.0, 1.0, 1.0, 1.0, 1.0, 1.0, 0.9992154573998681, 0.8756636360273742, 0.47566363602737416, 0.07566595647674783, 0.025012427891102366, 0.0, 0.0, 0.0, 0.39999998785747665, 0.511644183265871, 0.7691736929455172, 1.0, 1.0, 1.0, 1.0, 1.0, 1.0, 1.0, 1.0, 0.9999998341199878, 1.0, 1.0, 1.0, 1.0, 1.0, 1.0, 1.0, 1.0, 1.0, 1.0, 1.0, 1.0]","[1.0, 0.75, 0.5426052165384466, 0.40604683066717867, 0.312908350142751, 0.2552292435389748, 0.20788704594035678, 0.1822619939455391, 0.16857191746763905, 0.15287518780988124, 0.25778409333873903, 0.5077840932826363, 0.2577840932826363, 0.12500000338726808, 0.12500000180087106, 0.12500000000964614, 0.1277792983496284, 0.12500002073737493, 0.16951921306653933, 0.12792480051049024, 0.125, 0.22000642226681727, 0.26158168275089816, 0.4902399853850573, 0.3060826123083223, 0.3060826049419777, 0.30596331253832015, 0.37006355338898816, 0.37006355262653884, 0.37006355172985433, 0.37006355101248134, 0.37006354869371005, 0.37006353134508185, 0.34528510540165847, 0.25454826938385905, 0.1250002463021279, 0.12500024495690293, 0.12500024359945391, 0.1250002396107807, 0.1250002365931633, 0.12500000542519812, 0.12500000435538097, 0.12500000346918622, 0.12500000330346644, 0.12500000301592767, 0.12500000252227206, 0.12500000190391053, 0.12500000190391053]","[0.49, 0.49, 0.406491461589961, 0.2676544097809267, 0.18255142182787829, 0.1130510497049768, 0.09279070805188276, 0.05022510266696823, 0.02683255065516436, 0.030765594030974376, -0.2140141680536743, -0.51, 0.49, 0.26025681659278777, 0.0, 0.0, -0.005669772807126212, 0.005447388176406643, -0.0908191523514954, 0.08122396347005847, 0.005732609000560868, -0.19381310142430724, -0.09292968104904037, -0.4664629373736846, 0.36094845123040065, 0.0, 0.00023080949824761963, -0.13076449163836937, 0.0, 0.0, 0.0, 0.0, 3.426704509769318e-08, 0.0485657151087254, 0.17784419885484212, 0.2539139733090469, 0.0, 0.0, 0.0, 0.0, 4.5347517377141034e-07, 0.0, 0.0, 0.0, 0.0, 0.0, 0.0, 0.0]","[0.33505842930660656, 0.0, -1.7366516244206595e-06, 0.0, 0.16038895300124856, 0.07708302390677373, 0.17911987450813233, 0.22455828422527324, 0.07124439306426694, 0.0, 0.42898870198868616, 0.7183431121042442, 0.40229680636362775, 0.4763345912850148, 0.2593568916852096, 0.08146799954032219, 0.0, 0.0, -0.007644690594557172, -0.11984673485461085, 0.0, -0.012821064535228018, -0.21633153272862596, -0.19011058238314493, 0.0, 0.0, -2.1129541637944316e-06, 0.0, 0.028183906310778568, 0.49989575703375216, 0.37662263651741573, 0.9086870309526683, 1.0672510967227584, 1.1119007417970497, 1.0715043307253824, 1.0280282127796778, 0.795077661429069, 0.7947784417022624, 0.9278553284532407, 0.8504560800219214, 1.152073747393504, 1.0636729384101313, 1.015286775013968, 0.7142959043550438, 0.7511128528249283, 0.9117026560793479, 0.9895170236287296, 0.9023937130279192]","[0.022420208198425277, 0.030967536924595557, 0.028813734252285117, 0.030678553040000545, 0.02992951940838814, 0.03094859118023608, 0.03079581707743529, 0.03086245694522436, 0.03377063223054989, 0.03310517150788037, 0.038265241843263166, 0.04794208900895149, 0.04092119146514333, 0.0384539406337127, 0.04153011344643279, 0.0443672962940187, 0.04708004366735772, 0.049943362941349274, 0.06849754762787101, 0.10312585160010566, 0.08871668892081577, 0.11276731665871847, 0.13331564299991036, 0.12940595523890433, 0.13404194532655436, 0.11075900529365855, 0.09745121207809483, 0.0914758297450847, 0.0752065109304955, 0.06208746212555265, 0.06255697432345499, 0.053696008762341006, 0.05620677591422299, 0.058027209848066474, 0.05755714750465624, 0.05866528945020389, 0.04487624517161142, 0.04631590957781799, 0.049479178988074815, 0.050350696812660606, 0.052049763346390415, 0.05200649815774773, 0.05222392683520197, 0.049143604898804476, 0.05073976231211553, 0.048905716971935555, 0.051580156959335564, 0.051316862064732904]","[2.4893101818428693, 2.5986717471710516, 2.6125154292156343, 2.634709936993539, 2.6334769666117626, 2.5981932536388843, 2.6088263612204123, 2.6413928339639767, 2.6236554487850903, 2.5728552734165606, 2.6553552261631355, 2.631839369334071, 3.319159679708292, 3.290790574338689, 3.3817576864187164, 3.3547603213736195, 3.3299916321749436, 3.32408413800577, 3.3606252361023206, 3.379659392248141, 3.346252615211314, 3.381713035356576, 3.361192234966117, 3.3770087017679717, 4.126491955352849, 4.095250271278546, 4.062663774767229, 4.1093303288521055, 4.058971325931768, 4.119647203074488, 4.067479765109342, 4.086995396924157, 4.085312977846773, 4.0984007733721075, 4.04978695221291, 4.083459625513068, 3.362131238687639, 3.3458892034236154, 3.325505797145441, 3.3677634255926345, 3.3564276645410827, 3.345788620559802, 3.397348105576369, 3.3389710686122185, 3.3618213485238626, 3.3192696659736836, 3.3398826571653943, 3.3726656970195443]","[0.0, 0.0, 0.0, 0.0, 0.0, 0.0, 0.0, 0.0, 0.0, 0.0, 0.0, 0.0, 0.0, 0.257338779505815, 0.5796146158944919, 0.8098506456037602, 1.0103880500958982, 1.1641512788048565, 1.445189581213635, 1.930586488829555, 1.919362597197448, 2.329510034599836, 2.4785290204391415, 2.586121992264185, 2.185008607402999, 2.0960216020795888, 1.9128191984477683, 1.8941105785030152, 1.4753668070797252, 1.1431229609478448, 1.1128307408628215, 0.8289258984476978, 0.64855184208237, 0.4231476732356597, 0.3004841799350282, 0.22700352127655504, 0.14525347380604242, 0.08905581555154307, 0.0, 0.0, 0.0, 0.0, 0.0, 0.0, 0.0, 0.0, 0.0, 0.0]","[1.2866719608050183, 1.7183430860528692, 1.4933240512041703, 1.4707191106345245, 1.320465112856387, 1.439007736156177, 1.3677115673844868, 1.3974718763559775, 1.5593491078086132, 1.6034698374172445, 1.47864590446919, 1.4714383461771103, 1.4677840358632808, 1.3353143280250184, 1.584316239157432, 1.5078089693072032, 1.373137937266216, 1.328765202302116, 1.6067334094352166, 1.5151556236028196, 1.4848595457311369, 1.3716044833749927, 1.3252400062227356, 1.576866184499516, 1.3145768586991735, 1.5983434771532945, 1.4778934663690702, 1.4374600711635368, 1.630627121983343, 1.5387159454761707, 1.6405833606587996, 1.4030784717589153, 1.4257167809710134, 1.5728138533551441, 1.5575113904844662, 1.6331793420218759, 1.46667628717978, 1.508370853125775, 1.4471296399182947, 1.5676579842697587, 1.2564032274367742, 1.334122178277095, 1.4342852557088013, 1.6738187692140143, 1.6614482578285146, 1.456472725937977, 1.4019457893223004, 1.521588842375865]",nan,"[2, 2, 2, 2, 2, 2, 2, 2, 2, 2, 2, 2, 2, 2, 2, 2, 2, 2, 2, 2, 2, 2, 2, 2, 2, 2, 2, 2, 2, 2, 2, 2, 2, 2, 2, 2, 2, 2, 2, 2, 2, 2, 2, 2, 2, 2, 2, 2]","[2, 2, 1, 1, 4, 2, 1, 1, 1, 1, 2, 1, 2, 1, 2, 1, 1, 1, 1, 1, 10, 2, 3, 2, 1, 1, 1, 1, 1, 1, 1, 1, 1, 1, 1, 1, 1, 1, 1, 1, 1, 1, 1, 1, 1, 1, 1, 1]",48,0
33,Perfect-Global,88,test_id,id_actual,perfect_full_horizon,48,,1285.9871091153354,1285.9871091153354,0.0,,1801.5140001773834,37.53154167036215,1801.5140001773834,0,1,True,,100088,perfect_global_clean,48,48,True,,1.0,0.125,"[22.14522716023987, 8.57311812299982, 10.213985201531663, 11.215024253483396, 14.028828461217183, 11.089250724010101, 12.431945317422507, 12.979662988312727, 9.12063170230022, 6.263350749035124, 11.232436599625919, 11.228103352682428, 30.907405386217206, 21.415906655216652, 6.16615, 6.16615, 6.16615, 6.16615, 5.366086105072553, 3.1790387869773062, 3.202392233978343, 1.7429351176650996, 1.233038, 3.699402, 6.16615, 6.16615, 6.16615, 6.16615, 6.16615, 8.697344624854159, 6.16615, 45.54577452880011, 59.73767555943221, 67.95562345271615, 76.1579198434582, 79.20484711389604, 55.06342972745747, 55.045015802893744, 56.664543365967255, 54.01218261149208, 65.16492909004918, 61.08528582872143, 59.39986589195635, 48.90485195575932, 50.22630101221866, 55.84062103396844, 58.45745546974084, 55.894173283965436]","[37.53154167036215, 37.53154167036215, 37.53154167036215, 37.53154167036215, 37.53154167036215, 37.53154167036215, 37.53154167036215, 37.53154167036215, 37.53154167036215, 37.53154167036215, 37.53154167036215, 37.53154167036215, 37.53154167036215, 37.53154167036215, 37.53154167036215, 37.53154167036215, 37.53154167036215, 37.53154167036215, 37.53154167036215, 37.53154167036215, 37.53154167036215, 37.53154167036215, 37.53154167036215, 37.53154167036215, 37.53154167036215, 37.53154167036215, 37.53154167036215, 37.53154167036215, 37.53154167036215, 37.53154167036215, 37.53154167036215, 37.53154167036215, 37.53154167036215, 37.53154167036215, 37.53154167036215, 37.53154167036215, 37.53154167036215, 37.53154167036215, 37.53154167036215, 37.53154167036215, 37.53154167036215, 37.53154167036215, 37.53154167036215, 37.53154167036215, 37.53154167036215, 37.53154167036215, 37.53154167036215, 37.53154167036215]",,relaxed_ramp,Relaxed ramp,Weaken DG inter-temporal coupling,High,Weak DG ramp,False,True,0.8,0.8,mpc_diagnostic,,0.0,full_day_optimization_objective,False,9,11378,0,6482,4752,48,1801.5140001773834,0.0013799284126263123,0.0013799284126263123,9,4,,,,,,,,,,,,,
33,MPC-3,89,test_id,id_actual,id_reliable,3,,1691.8294191758246,1356.0556167291202,24.761064244297664,,92.27800130844116,1.9224583605925243,38.90399980545044,0,0,True,,100089,pure_mpc_clean,4,48,True,,1.0,0.12500000090290242,"[18.355905764689176, 4.090877767726345, 5.073409227857085, 5.068572113243416, 5.051782694286221, 6.166148336026191, 8.12165756619742, 13.65829739508058, 8.285452527171449, 10.582492136658082, 17.636594624948216, 28.677241639099584, 30.30754490266171, 28.02241488472339, 18.62452894265413, 6.048903059459138, 4.352087210417174, 5.1414218306657435, 2.675053222972233, 3.2080491487383407, 0.741761646043502, 0.0, 0.0, 0.0, 0.4014011467681078, 2.7534693341037015, 5.220069792920705, 5.958365028158075, 26.20910827267435, 51.56125136559728, 55.21945861710438, 113.1523008734396, 82.86249870908901, 119.58486020938925, 126.37056280805719, 125.31445000287994, 58.64117389435129, 46.842226445456085, 63.48906132511164, 69.36247315788764, 65.95893572738028, 62.91824633273625, 69.04565719821134, 74.77291972158751, 62.64807720794556, 62.29620634971509, 60.58340510154037, 50.77304391240088]","[0.7200000286102295, 0.14100003242492676, 0.11400008201599121, 0.41899991035461426, 1.8399999141693115, 0.10299992561340332, 16.223000049591064, 0.5, 0.5089998245239258, 3.128999948501587, 0.5220000743865967, 0.40200018882751465, 0.874000072479248, 0.5850000381469727, 0.7209999561309814, 0.42799997329711914, 0.44099998474121094, 1.0, 0.06599998474121094, 3.182999849319458, 0.04500007629394531, 0.054000139236450195, 0.05000019073486328, 5.958000183105469, 38.90399980545044, 2.9560000896453857, 0.16500020027160645, 0.3409998416900635, 4.151000022888184, 2.0870001316070557, 0.9130001068115234, 0.16900014877319336, 0.5190000534057617, 0.5580000877380371, 0.43900012969970703, 0.13199996948242188, 0.3020000457763672, 0.4220001697540283, 0.375, 0.15899991989135742, 0.15899991989135742, 0.35700011253356934, 0.15799999237060547, 0.14400005340576172, 0.2539999485015869, 0.3860001564025879, 0.10299992561340332, 0.09800004959106445]",,relaxed_ramp,Relaxed ramp,Weaken DG inter-temporal coupling,High,Weak DG ramp,False,True,0.8,0.8,mpc_diagnostic,,24.761064244297664,,,,698.125,0.0,398.5,290.8125,2.9375,1.9224583605925243,0.0007929574306504354,0.0009989031463501859,2.0,1.0,"[0.4, 0.6634846208835052, 0.8228123186275741, 0.8220279543701242, 0.8193054575571385, 0.9999997301963064, 1.0, 1.0, 1.0, 1.0, 1.0, 1.0, 1.0, 1.0, 1.0, 0.9809890189073517, 0.7058434135731503, 0.8338409041243926, 0.4338765641772767, 0.520316348683297, 0.1203163488454801, 0.0, 0.0, 0.0, 0.06510937796588599, 0.4465940516317826, 0.8465940076114545, 0.9663086521812081, 1.0, 1.0, 1.0, 1.0, 0.9999998335410334, 1.0, 1.0, 1.0, 1.0, 1.0, 1.0, 1.0, 1.0, 1.0, 1.0, 1.0, 1.0, 1.0, 1.0, 1.0]","[1.0, 0.75, 0.5402111490777914, 0.40489278152684455, 0.30693059409510237, 0.23677218091568128, 0.19497114863074272, 0.1728250517342531, 0.15773124384005965, 0.14086201909897994, 0.26130768184982894, 0.5113076817933986, 0.2613076817933986, 0.12500000242669881, 0.12500000000971204, 0.12500000450965526, 0.12500000572198047, 0.12500000636893754, 0.18199966812149643, 0.12500004821918095, 0.1542395775865071, 0.20110665542867998, 0.28372983242680855, 0.5265521206587351, 0.4451111591154341, 0.44511109481115624, 0.41837878327566047, 0.4409463116324201, 0.44094630471435614, 0.421734602423177, 0.4217345197032672, 0.4057368445546527, 0.3938751701048072, 0.36333567359088137, 0.2693513828031226, 0.12500000001712594, 0.12500000095199665, 0.12500000089855004, 0.125000000736477, 0.12500000087752777, 0.12500000086046836, 0.1250000010568594, 0.1250000009016153, 0.125000000890291, 0.12500000104735068, 0.12500000108055873, 0.12500000090290242, 0.12500000090290242]","[0.49, 0.49, 0.4111861478075288, 0.2652240003998559, 0.19200588736621466, 0.13751049374116367, 0.0819300232784796, 0.04340635067302925, 0.029583864231007916, 0.0330636812500464, -0.2457091527864819, -0.51, 0.49, 0.26716305195814566, 0.0, 0.0, 0.0, 0.0, -0.12360402851599953, 0.11171925913502696, -0.06795463081681549, -0.10356163122524575, -0.1750038503415246, -0.49535747270190594, 0.15962428462487, 1.2603638455853683e-07, 0.052395330609571675, -0.04604015837796781, 1.3559405328443437e-08, 0.03765493649071108, 1.6213102325128256e-07, 0.031355443291284396, 0.02324872781130594, 0.059857413167294704, 0.18420921020259462, 0.2829287105191107, 0.0, 0.0, 0.0, 0.0, 0.0, 0.0, 0.0, 0.0, 0.0, 0.0, 0.0, 0.0]","[0.4965541801465367, 0.0, 0.0, 0.0, 0.0, 0.0, 0.061109611443669394, 0.23412960609626818, 0.06622820397410778, 0.13801069177056507, 0.3584513945296318, 0.7034716137218621, 0.3925430065473449, 0.35538642088981115, 0.20257526736022974, 0.0, 0.0, 0.0, -0.1386122043376352, 0.0, -0.10222659459637097, -0.31248755952152596, -0.24902774106631925, 0.0, 0.0, 0.0, 0.0, -2.112793952417541e-06, 0.21668062997485785, 0.49075785260105165, 0.5303060391038311, 1.1566070364696173, 0.8291497268724293, 1.2261482184798838, 1.29950716549251, 1.2880897297608642, 0.8532524210463625, 0.6613996169992858, 0.9320798589449047, 1.0275824903721567, 0.9722404183313867, 0.922798314353435, 1.02243101135303, 1.1155572312453255, 0.9184053204543994, 0.9126838430847982, 0.8848334162852093, 0.7253153481691199]","[0.026705142333770603, 0.02844567364810532, 0.0295516312126576, 0.030632673562496826, 0.0323451192214584, 0.030712600914573254, 0.03167110742864616, 0.030668873209137998, 0.032990243346052175, 0.0316096030370734, 0.0380627218727669, 0.04939361365798564, 0.04281902621969578, 0.04168842720635625, 0.042467775668149216, 0.04549483975259345, 0.051737704796778694, 0.05052083854528252, 0.08463700205003177, 0.0650578255133047, 0.11985198178272434, 0.1394649225840506, 0.1433952551251192, 0.10810531343312273, 0.1638291929499746, 0.1247037624222058, 0.09648485534101413, 0.08504270833893841, 0.07051382463406893, 0.06139460133160507, 0.05924366180839703, 0.05587916081510018, 0.05535010997057486, 0.0582457995745088, 0.06084784251000437, 0.059330426700259134, 0.045309319916670865, 0.048133833346978246, 0.049364760205962324, 0.0511517614662079, 0.050459252904159736, 0.050827716339724875, 0.051632495652994256, 0.05135726268269155, 0.05178893168385287, 0.05038706989242378, 0.05083580157771195, 0.049850478715048746]","[2.6935460537603477, 2.572235449943288, 2.6390108728248824, 2.6343902615167387, 2.6037903474217847, 2.5790401073889777, 2.5652196790060997, 2.5949965004622135, 2.5936101191901146, 2.627403423934424, 2.5808137000519813, 2.59538781879156, 3.3310154800490017, 3.3712425642793598, 3.3764111544611644, 3.3727995814899323, 3.3812022096343153, 3.320914372724221, 3.3452478817858045, 3.3580114106164114, 3.35936389608746, 3.332208610137747, 3.356051764082607, 3.309019297762197, 4.0926522134219745, 4.063390691249496, 4.0890074871740065, 4.05596615128888, 4.113159206321349, 4.099096159615312, 4.095366014369926, 4.139569302824267, 4.083303606889983, 4.104568731802844, 4.071541531074696, 4.058600464984353, 3.389037843552491, 3.3395861922778547, 3.335209920350592, 3.3708581555761743, 3.3337554512986145, 3.3540456676872905, 3.3985255118020534, 3.3555561271322576, 3.363052887580343, 3.3444891583137, 3.3870225359558637, 3.326495922170611]","[0.0, 0.0, 0.0, 0.0, 0.0, 0.0, 0.0, 0.0, 0.0, 0.0, 0.0, 0.0, 0.0, 0.2661254913383782, 0.6709345383122817, 0.8948944313983697, 1.0509342850732548, 1.1378406039879676, 1.71550867463715, 1.4358433300280242, 2.136477836883601, 2.2750751968202954, 2.3994889034813074, 2.52217875176355, 2.639577724608653, 2.3248617362711532, 1.8971123423433518, 1.6989630769995545, 1.4189260548866385, 1.0517630565552993, 0.9979019788447198, 0.6928061492697746, 0.6831921133788301, 0.4560688625556062, 0.32600671444103557, 0.2138699546230038, 0.14681681421989082, 0.09825133493687996, 0.0, 0.0, 0.0, 0.0, 0.0, 0.0, 0.0, 0.0, 0.0, 0.0]","[1.33369690371747, 1.4471965495813819, 1.4345640418447765, 1.5777709517249587, 1.6248240810376906, 1.472242488556533, 1.453850701345403, 1.3481293800788179, 1.5307882665558634, 1.4879385779322538, 1.506134140069933, 1.4513098186940034, 1.491291508796456, 1.5242559715984594, 1.5453690720850424, 1.5424109191456212, 1.6761621576521066, 1.3997537050246214, 1.542715913078374, 1.355190302719946, 1.3926029175524635, 1.6126474976296752, 1.523989706965177, 1.3903033254790014, 1.3921700238560377, 1.4166385443661844, 1.389390666401432, 1.5217793991840107, 1.5480663328217472, 1.5803149155853373, 1.626401496383734, 1.3146798348898203, 1.6030633152568847, 1.4207400374541774, 1.3226662837282197, 1.333042497061594, 1.4342779301471926, 1.6280690154067199, 1.4524948213269155, 1.3944274270090968, 1.411974285887912, 1.4820750190526228, 1.4277269958386265, 1.2913561585992228, 1.496436499174635, 1.4821923852372978, 1.5530249209443245, 1.6510310509998094]",nan,"[2, 2, 2, 2, 2, 2, 2, 2, 2, 2, 2, 2, 2, 2, 2, 2, 2, 2, 2, 2, 2, 2, 2, 2, 2, 2, 2, 2, 2, 2, 2, 2, 2, 2, 2, 2, 2, 2, 2, 2, 2, 2, 2, 2, 2, 2, 2, 2]","[3, 2, 1, 1, 2, 1, 3, 1, 1, 1, 2, 1, 1, 2, 2, 2, 2, 1, 1, 1, 1, 1, 1, 1, 1, 1, 1, 1, 1, 1, 1, 1, 1, 1, 1, 1, 1, 1, 1, 1, 1, 1, 1, 1, 1, 1, 1, 1]",48,0
33,Perfect-Global,89,test_id,id_actual,perfect_full_horizon,48,,1356.0556167291202,1356.0556167291202,0.0,,1800.566999912262,37.51181249817213,1800.566999912262,0,1,True,,100089,perfect_global_clean,48,48,True,,1.0,0.12500000000806377,"[24.473635219998407, 12.767318221450127, 10.288514639516482, 7.901513638253865, 6.477003633146548, 8.467464166139285, 8.987376437122268, 11.592935426077288, 7.894488619039178, 9.51087306442978, 8.00876359083774, 9.34292914983608, 30.30754434961044, 14.44918024964021, 6.16615, 6.16615, 6.16615, 6.16615, 4.0526345920554725, 5.952255645426125, 3.4855409406096274, 1.0192102362930122, 0.2614287410543629, 1.793611826244421, 4.2600631089130685, 5.748179609446966, 6.16615, 6.16615, 6.16615, 11.104760429742068, 11.204950807265869, 70.8931873811636, 40.16718021425002, 79.49015402937586, 97.68736414471185, 105.82616599797254, 58.64117351861875, 46.84222990779124, 58.60734511863597, 63.058912392673655, 61.262595161056105, 58.12120106331446, 61.983925670009576, 65.95545633275897, 58.18087203859105, 58.219142272545966, 57.83044355394099, 50.773041589561]","[37.51181249817213, 37.51181249817213, 37.51181249817213, 37.51181249817213, 37.51181249817213, 37.51181249817213, 37.51181249817213, 37.51181249817213, 37.51181249817213, 37.51181249817213, 37.51181249817213, 37.51181249817213, 37.51181249817213, 37.51181249817213, 37.51181249817213, 37.51181249817213, 37.51181249817213, 37.51181249817213, 37.51181249817213, 37.51181249817213, 37.51181249817213, 37.51181249817213, 37.51181249817213, 37.51181249817213, 37.51181249817213, 37.51181249817213, 37.51181249817213, 37.51181249817213, 37.51181249817213, 37.51181249817213, 37.51181249817213, 37.51181249817213, 37.51181249817213, 37.51181249817213, 37.51181249817213, 37.51181249817213, 37.51181249817213, 37.51181249817213, 37.51181249817213, 37.51181249817213, 37.51181249817213, 37.51181249817213, 37.51181249817213, 37.51181249817213, 37.51181249817213, 37.51181249817213, 37.51181249817213, 37.51181249817213]",,relaxed_ramp,Relaxed ramp,Weaken DG inter-temporal coupling,High,Weak DG ramp,False,True,0.8,0.8,mpc_diagnostic,,0.0,full_day_optimization_objective,False,9,11378,0,6482,4752,48,1800.566999912262,0.0011712727865238796,0.0011712727865238796,9,2,,,,,,,,,,,,,
33,MPC-3,90,test_id,id_actual,id_reliable,3,,1652.1431073147273,1292.1060359808391,27.864359526854443,,106.67300009727478,2.2223541686932244,13.212999820709229,0,0,True,,100090,pure_mpc_clean,4,48,True,,1.0,0.1250000008268974,"[11.445124437112993, 3.7946194780779963, 3.6930000901223172, 5.2608907787276635, 6.039646377993949, 6.012751885672411, 8.445848155158352, 8.243137542027842, 12.839078159400827, 10.901581485092498, 17.61644854212303, 29.694852590460997, 16.72953435440663, 16.10687128583576, 22.586650033049516, 13.223290641972463, 5.234445926078813, 5.829121093360285, 3.36242557022038, 1.4407145282659946, 0.13760540134482624, 0.0, 0.0, 0.0, 2.4661718942272426, 1.9512749423766467, 13.672262573529183, 4.8976145680103595, 25.010862504737673, 55.94544510501816, 43.83137915166805, 93.63819315169022, 96.33677346972884, 121.6418616366084, 117.86962465603399, 122.84774659376028, 44.01046891125363, 53.258419318074864, 68.36144259534112, 59.7571916151129, 69.43845911293269, 52.44734170502953, 61.72515276138083, 70.25492320159707, 66.7677483738153, 63.71264726206991, 68.4232711949236, 65.23919265930148]","[6.391999959945679, 0.1100001335144043, 0.5539999008178711, 0.39800000190734863, 0.09500002861022949, 0.09300017356872559, 3.8589999675750732, 12.127000093460083, 0.5419998168945312, 3.4790000915527344, 0.6619999408721924, 0.4549999237060547, 4.7149999141693115, 2.1519999504089355, 3.4600000381469727, 1.2139999866485596, 0.33500003814697266, 0.437000036239624, 8.389999866485596, 13.212999820709229, 10.977999925613403, 0.47699999809265137, 0.07899999618530273, 7.0970001220703125, 0.9060001373291016, 5.0980000495910645, 8.809000015258789, 0.41499996185302734, 4.351999998092651, 0.8469998836517334, 1.123999834060669, 0.15700006484985352, 0.504000186920166, 0.1770000457763672, 0.15799999237060547, 0.17499995231628418, 0.3989999294281006, 0.2609999179840088, 0.15599989891052246, 0.4010000228881836, 0.13000011444091797, 0.40799999237060547, 0.14400005340576172, 0.16899991035461426, 0.27500009536743164, 0.15600013732910156, 0.0970001220703125, 0.04200005531311035]",,relaxed_ramp,Relaxed ramp,Weaken DG inter-temporal coupling,High,Weak DG ramp,False,True,0.8,0.8,mpc_diagnostic,,27.864359526854443,,,,698.125,0.0,398.5,290.8125,2.9375,2.2223541686932244,0.0008241201444540002,0.0009936851333618019,2.0,1.0,"[0.4, 0.6154413184953945, 0.5989618056640758, 0.8532132801151713, 0.979488090202083, 0.9751272658903627, 1.0, 1.0, 1.0, 1.0, 1.0, 1.0, 1.0, 1.0, 1.0, 1.0, 0.8489251522529558, 0.9453521382269092, 0.54535214064536, 0.23368380903638597, 0.022320506005537793, 0.0, 0.0, 0.0, 0.39999998284555605, 0.31649157609962064, 0.7164915760878374, 0.794306111383233, 1.0, 1.0, 1.0, 1.0, 1.0, 1.0, 1.0, 1.0, 1.0, 1.0, 1.0, 1.0, 1.0, 1.0, 1.0, 1.0, 1.0, 1.0, 1.0, 1.0]","[1.0, 0.75, 0.5479802666796363, 0.4081840867897295, 0.3106794960538473, 0.2501148344821403, 0.2127742136893724, 0.18367355064898838, 0.1637242784559835, 0.14947242315927325, 0.2638013370139713, 0.5138013369574763, 0.2638013369574763, 0.12500000500152822, 0.1250000024163071, 0.12500000000978392, 0.12500000491413646, 0.1250000063753603, 0.18916728533296281, 0.12500002580035136, 0.12500000119086524, 0.13432615116524513, 0.2636330740851497, 0.5136330740851497, 0.35810755781893583, 0.35810752305312177, 0.31867742242582875, 0.31857942934566463, 0.31857942878395423, 0.3185794279054788, 0.3185794277064888, 0.31857942706861586, 0.3185794261709839, 0.31857942184763843, 0.24265586969123115, 0.12500000001710027, 0.12500000081365734, 0.12500000114063892, 0.12500000092935964, 0.12500000080467558, 0.12500000088445, 0.12500000088236626, 0.1250000010534784, 0.1250000011626981, 0.12500000117966786, 0.1250000009612033, 0.1250000008268974, 0.1250000008268974]","[0.49, 0.49, 0.3959586773079129, 0.2740005125842173, 0.19110670475022223, 0.11870674059452736, 0.07318761751442264, 0.05703729955915272, 0.039100574254966, 0.027933637138846525, -0.23323098503869877, -0.51, 0.49, 0.2720506110345443, 0.0, 0.0, 0.0, 0.0, -0.13090125362413602, 0.12576789198191307, 0.0, -0.019025345947734973, -0.2685051215209691, -0.51, 0.30483001188177916, 0.0, 0.07728299722949432, 0.0001889706946154833, 0.0, 0.0, 0.0, 0.0, 0.0, 0.0, 0.14881016248536855, 0.23060550481984737, 0.0, 0.0, 0.0, 0.0, 0.0, 0.0, 0.0, 0.0, 0.0, 0.0, 0.0, 0.0]","[0.280592263659781, 0.0, 0.0, 0.0, -1.7362949169323664e-06, 0.0, 0.07124056734869852, 0.06490586068837007, 0.20852900498127586, 0.14798223390914056, 0.3578218294413447, 0.7352719559519062, 0.17176234722612407, 0.16163774448513427, 0.2670000005373905, 0.11475025434101566, 0.0, 0.0, 0.0, 0.0, 0.0, -0.1803118540554882, -0.4158659901471087, -0.06102383436906164, 0.0, 0.0, 0.10004877620877994, -2.1125330941595413e-06, 0.2037266216728397, 0.538154541675872, 0.40719166650451943, 0.9456437097480023, 0.9748175510240955, 1.2483860717471178, 1.2076051314165837, 1.2614226658784895, 0.6153547790447744, 0.7657279563914612, 1.011305570655953, 0.8713990506522423, 1.028818034356629, 0.7525397025208054, 0.9033984188842412, 1.0420938731967002, 0.9853918434766714, 0.9357154026352831, 1.012310913738595, 0.9605372790130322]","[0.026544541722249296, 0.02987795261219475, 0.030586038227369064, 0.030798724378392393, 0.030171374717799637, 0.032082393045335784, 0.032181177475781635, 0.03336985907930036, 0.03124167369200019, 0.032461494741303706, 0.03748963983504667, 0.04761807043947449, 0.0446275886026701, 0.04220003855423922, 0.04101245482324562, 0.043266660791952946, 0.04848517905553818, 0.04713750728643778, 0.059916055564443495, 0.07509911722281166, 0.0835326638721618, 0.15954164954132702, 0.16568520349081234, 0.10667515906506304, 0.1287816628825367, 0.13063753990651744, 0.0916239197146679, 0.09082310262587398, 0.0713667794883567, 0.059915264275378646, 0.061857173660881434, 0.05250999068623613, 0.05380790869607454, 0.05966953954203421, 0.06017075251745343, 0.06036367093713829, 0.04558680142557777, 0.043412948890052816, 0.05023077578630742, 0.048947346967040395, 0.05045299400057217, 0.05011211447753991, 0.05026514016534425, 0.050680329182157216, 0.05160989276212331, 0.05169859415308388, 0.05180961849861542, 0.05043069477640585]","[2.6118946253445228, 2.5628814220102147, 2.5926206511278878, 2.6455290349785114, 2.5918535293195326, 2.614800269867439, 2.616316741017513, 2.6469750560192145, 2.6011923319462085, 2.6216832368272147, 2.609631358092526, 2.6171304330693452, 3.3394151084799493, 3.268034240684709, 3.3624900744974378, 3.369783129915495, 3.364764347185125, 3.29548773594158, 3.351048051064188, 3.349051759139566, 3.3628706684261216, 3.346683641290625, 3.3368803268975635, 3.326522380922599, 4.158657679737549, 4.081523208151871, 4.093047553452312, 4.081821461282602, 4.061091474886443, 4.116082292616408, 4.085651000591168, 4.051810035074875, 4.069889306500257, 4.08121283799989, 4.100945367411111, 4.060761822551616, 3.3586080065272053, 3.287515002462842, 3.3595083674543935, 3.303437045295742, 3.3435039496881647, 3.3658032873176937, 3.35464560857869, 3.347403828171602, 3.3740867217180552, 3.371128238301486, 3.3738306673645297, 3.3455672554513]","[0.0, 0.0, 0.0, 0.0, 0.0, 0.0, 0.0, 0.0, 0.0, 0.0, 0.0, 0.0, 0.0, 0.23620850099622803, 0.6769012764874617, 0.8111215483955564, 1.0419389250123388, 1.0532826679199587, 1.4934207865121054, 1.5932859211704722, 1.7946397356029058, 2.031173333961038, 2.6238468098889633, 2.448288137229392, 2.1144428950880703, 2.382065133134998, 1.809741880959944, 1.7875186540927919, 1.4817286278892337, 1.11809055742795, 1.214089881105453, 0.8074684951088207, 0.6587851932111677, 0.495080984187264, 0.29981943362733804, 0.2362179912401846, 0.15191081021877537, 0.11126526213739653, 0.0, 0.0, 0.0, 0.0, 0.0, 0.0, 0.0, 0.0, 0.0, 0.0]","[1.4678468043778232, 1.487318123742002, 1.6282861758320424, 1.549113932512359, 1.4514318453796733, 1.5530486606230443, 1.5040697018481932, 1.5584009346946308, 1.3848043493239577, 1.478228780270964, 1.5225301111704526, 1.4394765474946052, 1.7222803543612077, 1.640337423158575, 1.4596011959169086, 1.4871779374439513, 1.522385459346912, 1.343990383727128, 1.5030924288757876, 1.4714126601746575, 1.629441475477643, 1.6743891568741378, 1.5630898319907212, 1.5559327374776046, 1.468166457316212, 1.5136039166648994, 1.4811061039316857, 1.5906330177363888, 1.447003003725491, 1.5197524560849023, 1.526226626267126, 1.3512078196738857, 1.4900944692213591, 1.3974153131548959, 1.5048813926773488, 1.3928793318289987, 1.6369292203542427, 1.4539347335385597, 1.398433572206433, 1.4809852824722325, 1.3651389095462085, 1.6633756993217423, 1.5015123302529552, 1.3559902844254466, 1.4403047710868595, 1.487111429426544, 1.4133293719068347, 1.4354606696407595]",nan,"[2, 2, 2, 2, 2, 2, 2, 2, 2, 2, 2, 2, 2, 2, 2, 2, 2, 2, 2, 2, 2, 2, 2, 2, 2, 2, 2, 2, 2, 2, 2, 2, 2, 2, 2, 2, 2, 2, 2, 2, 2, 2, 2, 2, 2, 2, 2, 2]","[3, 2, 2, 2, 1, 1, 1, 3, 1, 1, 1, 1, 1, 2, 1, 1, 1, 2, 1, 2, 7, 2, 1, 7, 1, 2, 2, 1, 1, 1, 1, 1, 1, 1, 1, 1, 1, 1, 1, 1, 1, 1, 1, 1, 1, 1, 1, 1]",48,0
33,Perfect-Global,90,test_id,id_actual,perfect_full_horizon,48,,1292.1060359808391,1292.1060359808391,0.0,,1800.6400001049042,37.51333333551884,1800.6400001049042,0,1,True,,100090,perfect_global_clean,48,48,True,,1.0,0.12500000000806302,"[20.291322063233828, 12.094324512725564, 6.16615, 8.744487498192932, 10.40358190150087, 8.470568985819924, 9.523086095885539, 9.139816114330541, 11.410728023626225, 9.89653530972489, 8.360105185493081, 10.671543296348547, 16.729534084669666, 6.16615, 6.16615, 6.16615, 6.16615, 6.16615, 5.649793995655901, 5.238931399408569, 3.161961831911046, 1.409725827877098, 1.233038, 3.699402, 6.16615, 4.936861366008426, 6.16615, 6.16615, 6.16615, 12.142380930471436, 6.16615, 48.86346550751924, 51.30855871722768, 76.02351068073463, 85.93055757222272, 98.476547288034, 44.01046871811085, 53.25841905394584, 62.07459000950195, 56.24358814533245, 62.30308759424083, 52.44733065671546, 57.575887281712475, 62.6115055552693, 60.048804146000165, 58.73349103290117, 62.14150487134247, 59.01934072714385]","[37.51333333551884, 37.51333333551884, 37.51333333551884, 37.51333333551884, 37.51333333551884, 37.51333333551884, 37.51333333551884, 37.51333333551884, 37.51333333551884, 37.51333333551884, 37.51333333551884, 37.51333333551884, 37.51333333551884, 37.51333333551884, 37.51333333551884, 37.51333333551884, 37.51333333551884, 37.51333333551884, 37.51333333551884, 37.51333333551884, 37.51333333551884, 37.51333333551884, 37.51333333551884, 37.51333333551884, 37.51333333551884, 37.51333333551884, 37.51333333551884, 37.51333333551884, 37.51333333551884, 37.51333333551884, 37.51333333551884, 37.51333333551884, 37.51333333551884, 37.51333333551884, 37.51333333551884, 37.51333333551884, 37.51333333551884, 37.51333333551884, 37.51333333551884, 37.51333333551884, 37.51333333551884, 37.51333333551884, 37.51333333551884, 37.51333333551884, 37.51333333551884, 37.51333333551884, 37.51333333551884, 37.51333333551884]",,relaxed_ramp,Relaxed ramp,Weaken DG inter-temporal coupling,High,Weak DG ramp,False,True,0.8,0.8,mpc_diagnostic,,0.0,full_day_optimization_objective,False,9,11378,0,6482,4752,48,1800.6400001049042,0.0013163150210856653,0.0013163150210856653,9,3,,,,,,,,,,,,,
33,MPC-3,91,test_id,id_actual,id_reliable,3,,1670.2344798937656,1318.2184226604245,26.70392487179047,,98.84099984169006,2.059187496701876,18.977999925613403,0,0,True,,100091,pure_mpc_clean,4,48,True,,1.0,0.12500000089989755,"[18.679047039656513, 4.647594781374893, 3.8265589947488277, 6.162560445020182, 6.165960993420358, 10.671311790740152, 12.540297472634252, 7.945842044742518, 9.187403635569382, 8.238863436289032, 15.889043351693342, 34.440707952329895, 42.23079770991421, 27.2841869553408, 20.948270846013262, 5.9936961935271125, 4.473879200684623, 5.052437575316905, 2.595518372811065, 1.2801463707408813, 1.0201578462669276, 0.0, 0.0, 0.0, 2.4661719292936226, 3.6955863435553966, 4.6018330382738695, 16.575654213213447, 23.765117488519316, 55.37423477608273, 68.98964163513976, 77.02723223190058, 110.35692746290931, 107.548963367409, 133.36899247516635, 98.91605306790377, 60.23954266629916, 52.39087326492835, 59.35267331027066, 59.01029725535384, 54.72785696126225, 67.47154499185729, 63.3155587604383, 52.918122388459636, 68.13105995291096, 66.78112154803554, 58.61428319267083, 55.320854563076864]","[1.1959998607635498, 0.38499999046325684, 0.5340001583099365, 0.11700010299682617, 0.09799981117248535, 5.312999963760376, 1.9089999198913574, 6.010999917984009, 1.5049998760223389, 3.003000020980835, 1.565000057220459, 0.40400004386901855, 1.128000020980835, 2.1989998817443848, 1.5959999561309814, 0.35700011253356934, 0.38900017738342285, 0.4240000247955322, 9.95799994468689, 14.694000005722046, 18.977999925613403, 0.440000057220459, 0.04900002479553223, 7.730000019073486, 0.8259999752044678, 0.6990001201629639, 0.49000000953674316, 8.210999965667725, 3.4679999351501465, 0.630000114440918, 0.47099995613098145, 0.1790001392364502, 0.18199992179870605, 0.5889999866485596, 0.14499998092651367, 0.1679999828338623, 0.1549999713897705, 0.2390000820159912, 0.38699984550476074, 0.3810000419616699, 0.41300010681152344, 0.1530001163482666, 0.2739999294281006, 0.247999906539917, 0.13299989700317383, 0.24300003051757812, 0.13400006294250488, 0.0409998893737793]",,relaxed_ramp,Relaxed ramp,Weaken DG inter-temporal coupling,High,Weak DG ramp,False,True,0.8,0.8,mpc_diagnostic,,26.70392487179047,,,,698.125,0.0,398.5,290.8125,2.9375,2.059187496701876,0.0008602202514509028,0.0009996490156864199,2.0,1.0,"[0.4, 0.7537632893144811, 0.6206208956104341, 0.9994179744320781, 0.9999693536801431, 1.0, 1.0, 1.0, 1.0, 1.0, 1.0, 1.0, 1.0, 1.0, 1.0, 0.9720374642663424, 0.7255934626618146, 0.8194116501794766, 0.42097757585508677, 0.2076407161680903, 0.16547173767699072, 0.0, 0.0, 0.0, 0.3999999885326939, 0.5993812170647536, 0.7463425665418065, 1.0, 1.0, 1.0, 1.0, 1.0, 1.0, 1.0, 1.0, 1.0, 1.0, 1.0, 1.0, 1.0, 1.0, 1.0, 1.0, 1.0, 1.0, 1.0, 1.0, 1.0]","[1.0, 0.75, 0.5395189444545649, 0.38688653425399583, 0.30866581479314636, 0.24629860230166536, 0.21035453715836117, 0.18304547935519935, 0.15821844246350047, 0.14564709585594707, 0.26088587708705324, 0.5108858770308892, 0.26088587703088917, 0.12500000323992086, 0.12500000165044015, 0.1250000048206487, 0.12500000612654896, 0.1250000079509853, 0.12500000816235535, 0.12500000611164488, 0.12500000615665666, 0.12500000615665666, 0.23687546181907604, 0.45966826309645326, 0.28459177859659956, 0.284591766904017, 0.28459175730518227, 0.28459175714322943, 0.28459175694503475, 0.28459175636614853, 0.28459175590315805, 0.2845917555066766, 0.2845917541611812, 0.279682732593092, 0.22027090861418902, 0.12500000001712586, 0.1250000009854699, 0.12500000117368668, 0.1250000008520991, 0.12500000101372635, 0.12500000088840454, 0.12500000090857513, 0.12500000101516837, 0.12500000097382066, 0.12500000086745125, 0.1250000010598443, 0.12500000089989755, 0.12500000089989755]","[0.49, 0.49, 0.41254286886905284, 0.2991572336045705, 0.1533125837662267, 0.12223973724314825, 0.07045036843839776, 0.05352575405407733, 0.048660993065621654, 0.024639840109832563, -0.23508711448868017, -0.51, 0.49, 0.2663363130298179, 0.0, 0.0, 0.0, 0.0, -9.346436842171494e-10, 0.0, 0.0, 0.0, -0.23317929162663165, -0.4544973146058495, 0.34314990961971326, 2.7849745183356798e-08, 2.3850161920352993e-08, 0.0, 0.0, 0.0, 0.0, 0.0, 0.0, 0.009621682533010371, 0.11644717525612014, 0.18673098111040226, 0.0, 0.0, 0.0, 0.0, 0.0, 0.0, 0.0, 0.0, 0.0, 0.0, 0.0, 0.0]","[0.506652344989266, 0.0, 0.0, -1.7275250878770857e-06, 0.0, 0.14078630596062972, 0.1991921085198204, 0.055615408325163554, 0.0944141761115432, 0.06477229488403224, 0.30384041724041694, 0.8835799360103092, 0.5864170359335643, 0.3433827147209886, 0.24035968855306117, 0.0, 0.0, 0.0, 0.0, 0.0, 0.0, -0.048161638718248585, -0.09402909063866514, 0.0, 0.0, 0.0, 0.0, 0.1125351806833886, 0.19025910798399262, 0.53197929487657, 0.6791728825420514, 0.7660657538583846, 1.1263867833828034, 1.0960304147828, 1.375165864596393, 1.0027016547881489, 0.8792421571755961, 0.7516215165029, 0.8648215172401733, 0.8592544269163226, 0.7896212514026382, 0.9968356909245089, 0.929258679031517, 0.7601946729830835, 1.0075595114294464, 0.9856092934639926, 0.8528151738645664, 0.7992634888305181]","[0.023922555399190495, 0.029508738514726938, 0.02901867964631448, 0.028207978742236232, 0.03255217104911632, 0.03050988568027543, 0.030631323712503312, 0.03350668726855254, 0.031557870395223495, 0.03240911335161113, 0.03689125751265842, 0.048224913029859026, 0.04033424897544513, 0.04062467010378654, 0.041391599739887784, 0.04752148964299525, 0.04938952958361302, 0.05188343071956339, 0.06830874082858582, 0.07137196271797704, 0.08502629025420678, 0.10679282317095477, 0.10750909461207045, 0.10259300086691493, 0.13099831562412007, 0.11515762794486965, 0.09968551148158192, 0.08722167804539377, 0.07384611273142538, 0.059800163628487675, 0.05737628128133023, 0.054344949327990145, 0.056058523028474964, 0.06013385179758929, 0.06107591403247194, 0.06075200440533871, 0.044949973350411704, 0.045454204815798066, 0.04971321802801011, 0.0494099380592393, 0.04906066039426207, 0.05230446575026766, 0.05072332398924459, 0.04837503699664306, 0.05070083795729999, 0.04942883989742874, 0.05003925845041676, 0.050275001448588076]","[2.6653565069686174, 2.58610920187421, 2.558959389065821, 2.5712883886071785, 2.6440037366464484, 2.616517123403047, 2.6226363818619256, 2.611063733589466, 2.5907173927238265, 2.598197557592931, 2.5649729533980175, 2.6112184391325597, 3.3486449427264895, 3.3574522177324306, 3.341916105391043, 3.341040223055857, 3.302515689420251, 3.3527768567078886, 3.4080837192812043, 3.3443016967359727, 3.331219718151219, 3.359227890909332, 3.3593313393622664, 3.350054679097058, 4.100840757039457, 4.133627538145592, 4.068217207289447, 4.069270010352096, 4.108528684952418, 4.086308779609123, 4.139813231524238, 4.069482074385848, 4.111530068176194, 4.086902251019849, 4.072679905840978, 4.0729706982895415, 3.3590571817799297, 3.3455899294278133, 3.3218979998820135, 3.309317312279222, 3.30204787176002, 3.3834629832189536, 3.3349624545557424, 3.277588725733147, 3.3752102416013385, 3.323373549630094, 3.337238991423, 3.368728635337502]","[0.0, 0.0, 0.0, 0.0, 0.0, 0.0, 0.0, 0.0, 0.0, 0.0, 0.0, 0.0, 0.0, 0.2664597195437866, 0.5919149917760533, 0.9589763514652624, 1.0981538718741684, 1.1798608168578166, 1.5675133855993595, 1.5908720127678417, 1.8420615187926688, 2.0976527058873766, 2.104514879469018, 2.398024026211324, 2.145836667870159, 2.1604773273733553, 1.9798933293659506, 1.8104914558852387, 1.5088137924873979, 1.1309922311266183, 1.0436305666625916, 0.799994869091545, 0.6188087706383635, 0.4486616282389674, 0.32695664025756804, 0.2379402714898835, 0.14481576029681484, 0.1040746091199729, 0.0, 0.0, 0.0, 0.0, 0.0, 0.0, 0.0, 0.0, 0.0, 0.0]","[1.2926266086788698, 1.3718546140571204, 1.5548142787957702, 1.3009229039467134, 1.5232739906170174, 1.3840009260737678, 1.3836251998880884, 1.535429232242666, 1.4792000702670145, 1.541194461868454, 1.5331108740873756, 1.2858634160782634, 1.3125621616221486, 1.5218981409757109, 1.5510329758133232, 1.457547903823768, 1.5281578875612398, 1.4053877599485873, 1.487901499731631, 1.61716092637216, 1.4087123167600661, 1.4165296469111492, 1.6895339366081357, 1.5091208455299419, 1.3428525111399576, 1.4889265990521259, 1.4416668044028889, 1.2334650515176944, 1.4833018182335738, 1.4831374161180937, 1.4743860627116474, 1.5577664000071045, 1.4223930345671076, 1.5927223775412203, 1.3151861400427092, 1.7063497955871991, 1.3799492396703903, 1.535348009052564, 1.5067896478366987, 1.4994728237962465, 1.561487280547594, 1.438931758138649, 1.456427099780794, 1.5657690897124934, 1.418351567963918, 1.3871930966355208, 1.534463075739781, 1.6197401462098824]",nan,"[2, 2, 2, 2, 2, 2, 2, 2, 2, 2, 2, 2, 2, 2, 2, 2, 2, 2, 2, 2, 2, 2, 2, 2, 2, 2, 2, 2, 2, 2, 2, 2, 2, 2, 2, 2, 2, 2, 2, 2, 2, 2, 2, 2, 2, 2, 2, 2]","[4, 3, 2, 1, 1, 1, 1, 1, 1, 1, 2, 1, 1, 1, 1, 1, 2, 2, 1, 1, 5, 2, 1, 2, 2, 1, 1, 1, 1, 1, 1, 1, 1, 1, 1, 1, 1, 1, 1, 1, 1, 1, 1, 1, 1, 1, 1, 1]",48,0
33,Perfect-Global,91,test_id,id_actual,perfect_full_horizon,48,,1318.2184226604245,1318.2184226604245,0.0,,1800.6480000019073,37.513500000039734,1800.6480000019073,0,1,True,,100091,perfect_global_clean,48,48,True,,1.0,0.12500000000806816,"[24.90012891925163, 15.199714318415111, 7.34427615541883, 12.70741845682684, 10.17701018108824, 11.642647600133213, 12.027607841619158, 9.012365589030441, 8.977448827977629, 8.77357811802595, 8.23502633304885, 13.946885122218868, 42.23079735357381, 13.664505071521594, 6.16615, 6.16615, 6.16615, 6.16615, 5.654063781862334, 4.331661768087718, 4.044966824981298, 2.66861790370231, 1.233038, 3.699402, 6.16615, 6.16615, 6.16615, 6.16615, 6.16615, 11.598474984825092, 24.95093387388423, 32.45028719953219, 65.08565171580894, 62.93672260007286, 98.25859286777808, 70.63791604300833, 60.23954200832179, 52.39087302249585, 55.17943932742521, 55.752597092995025, 52.662598790041606, 60.704562681413194, 57.711374918961084, 51.86006838577364, 60.99136245361846, 59.825325047191804, 55.46960419421243, 53.545985286280974]","[37.513500000039734, 37.513500000039734, 37.513500000039734, 37.513500000039734, 37.513500000039734, 37.513500000039734, 37.513500000039734, 37.513500000039734, 37.513500000039734, 37.513500000039734, 37.513500000039734, 37.513500000039734, 37.513500000039734, 37.513500000039734, 37.513500000039734, 37.513500000039734, 37.513500000039734, 37.513500000039734, 37.513500000039734, 37.513500000039734, 37.513500000039734, 37.513500000039734, 37.513500000039734, 37.513500000039734, 37.513500000039734, 37.513500000039734, 37.513500000039734, 37.513500000039734, 37.513500000039734, 37.513500000039734, 37.513500000039734, 37.513500000039734, 37.513500000039734, 37.513500000039734, 37.513500000039734, 37.513500000039734, 37.513500000039734, 37.513500000039734, 37.513500000039734, 37.513500000039734, 37.513500000039734, 37.513500000039734, 37.513500000039734, 37.513500000039734, 37.513500000039734, 37.513500000039734, 37.513500000039734, 37.513500000039734]",,relaxed_ramp,Relaxed ramp,Weaken DG inter-temporal coupling,High,Weak DG ramp,False,True,0.8,0.8,mpc_diagnostic,,0.0,full_day_optimization_objective,False,9,11378,0,6482,4752,48,1800.6480000019073,0.0013622260819858602,0.0013622260819858602,9,3,,,,,,,,,,,,,
33,MPC-3,92,test_id,id_actual,id_reliable,3,,1508.9053491242335,1180.3814410461237,27.83201231857327,,93.34499955177307,1.944687490661939,23.006999969482422,0,0,True,,100092,pure_mpc_clean,4,48,True,,1.0,0.12500000095518007,"[2.0670742820041768, 7.845843562755208, 5.280319935461686, 6.165870082605033, 6.16615, 5.661712047098396, 5.417585412340409, 10.072690598680644, 15.116594942361735, 8.297281896179687, 10.994320712707736, 24.32000750461986, 39.40145292636674, 26.400070979414323, 11.868098024703556, 11.333078833441206, 5.123944100387212, 3.1344455337874524, 1.3920997262947399, 0.7121499612327109, 0.0, 0.0, 0.0, 0.0, 2.466171832800592, 2.054893020910879, 3.928068158347071, 4.62326711889162, 20.261838878105333, 20.185365355902093, 63.61518524934548, 70.69085165329878, 105.92238485003105, 122.1693342180394, 89.40822738097461, 121.80280710005535, 49.84669330682224, 56.60665503124345, 48.617604501854984, 63.90740845216218, 55.484375732375355, 55.25890775507292, 53.208515732847765, 65.43591737674711, 49.109559083663015, 64.32217443754121, 60.99135353281396, 52.216998301944635]","[0.4939999580383301, 1.3489999771118164, 0.8599998950958252, 0.08299994468688965, 2.059999942779541, 0.12999987602233887, 0.33500003814697266, 3.7760000228881836, 0.44500017166137695, 3.0230000019073486, 4.20199990272522, 0.9650001525878906, 0.8169999122619629, 2.700000047683716, 0.6019999980926514, 0.6449999809265137, 0.49000000953674316, 4.191999912261963, 4.2170000076293945, 12.375, 0.7160000801086426, 0.6150000095367432, 8.57099986076355, 0.8910000324249268, 2.865999937057495, 2.2269999980926514, 0.5759999752044678, 0.14599990844726562, 23.006999969482422, 3.5939998626708984, 0.7630000114440918, 0.48000001907348633, 0.5089998245239258, 0.5510001182556152, 0.46000003814697266, 0.12899994850158691, 0.2909998893737793, 0.3690001964569092, 0.28600001335144043, 0.4049999713897705, 0.4120001792907715, 0.3810000419616699, 0.4199998378753662, 0.15199995040893555, 0.3789999485015869, 0.2369999885559082, 0.11400008201599121, 0.03800010681152344]",,relaxed_ramp,Relaxed ramp,Weaken DG inter-temporal coupling,High,Weak DG ramp,False,True,0.8,0.8,mpc_diagnostic,,27.83201231857327,,,,698.125,0.0,398.5,290.8125,2.9375,1.944687490661939,0.0008241844462572672,0.0009998893501438773,2.0,1.0,"[0.3352726936421632, 0.7352726936030002, 0.8563637831201937, 0.9999546130189726, 1.0, 0.9182070125721817, 0.8786217310707851, 1.0, 1.0, 1.0, 1.0, 1.0, 1.0, 1.0, 1.0, 1.0, 0.831006806804867, 0.5083796938972176, 0.2257988376477733, 0.11551333737262715, 0.0, 0.0, 0.0, 0.0, 0.3999999728832552, 0.3332970610619363, 0.6370823947597005, 0.7498183190257446, 0.9999998521855259, 1.0, 1.0, 0.9999998330988203, 1.0, 1.0, 1.0, 1.0, 1.0, 1.0, 1.0, 1.0, 1.0, 1.0, 1.0, 1.0, 1.0, 1.0, 1.0, 1.0]","[1.0, 0.75, 0.5402127658440228, 0.3925838218056576, 0.3054590171205257, 0.24647897359347617, 0.2048891565360384, 0.17963766571744139, 0.16202073746677975, 0.1457844685689855, 0.26226237437543426, 0.512262374337424, 0.26226237433742405, 0.12500000261059246, 0.1250000000097908, 0.12500000000923, 0.14812324892224957, 0.12500001937206526, 0.125, 0.125, 0.2181859730855989, 0.18076572707967395, 0.2765043176014715, 0.5044833299824588, 0.37226103096494606, 0.3722610185145342, 0.37226100594111483, 0.37226093127422466, 0.37226093024817847, 0.3722609291832567, 0.3722609267894104, 0.3722323954460502, 0.3683047168549597, 0.358101871228738, 0.275235894153474, 0.12500000001735154, 0.125000000900727, 0.12500000092911823, 0.12500000089646854, 0.1250000007607941, 0.12500000081956456, 0.12500000076520285, 0.12500000074599737, 0.12500000096650754, 0.12500000107727474, 0.12500000114763676, 0.12500000095518007, 0.12500000095518007]","[0.49, 0.49, 0.41118297894571537, 0.28935270380841, 0.1707646171828585, 0.11560088922651979, 0.08151601507954283, 0.04949292276271756, 0.03452918012590969, 0.031823087798475085, -0.23761492862532715, -0.51, 0.49, 0.26903424898451506, 0.0, 0.0, -0.04717143198423468, 0.04532153402265908, 0.0, 0.0, -0.19009938509462176, 0.07334368217161291, -0.19885611415248627, -0.4650771852572142, 0.259155706074325, 0.0, 2.9513209599441688e-08, 1.9443355008825362e-07, 0.0, 0.0, 0.0, 5.5754848034618306e-05, 0.0076982502996886925, 0.01999757768628184, 0.1624173153294517, 0.29446235276589827, 0.0, 0.0, 0.0, 0.0, 0.0, 0.0, 0.0, 0.0, 0.0, 0.0, 0.0, 0.0]","[0.0, 0.10350860685020757, 0.0, 0.0, 0.0, 0.0, 0.0, 0.1220793937087701, 0.2797014044488042, 0.06659787175561524, 0.15088033477211674, 0.5673080470193707, 0.54041142969702, 0.3290068451937288, 0.0927146020277001, 0.08401510298278386, 0.0, 0.0, 0.0, 0.0, -0.004949632185091275, -0.1329184183478099, -0.0221835705613429, -0.1325952337637646, 0.0, 0.0, 0.0, 0.0, 0.15238583556463708, 0.15155908492867126, 0.6210706513442754, 0.6975643533258029, 1.0784457821624978, 1.2540884780328583, 0.8999143500645904, 1.250126022703301, 0.7102527366962965, 0.8201708135161536, 0.6902675528756907, 0.9388822512546695, 0.8019223696321196, 0.7982562236597223, 0.7649165159812644, 0.9637360549064571, 0.6982668143685042, 0.9456264136185561, 0.8914667241107961, 0.7487942813324331]","[0.030198520849119476, 0.026628920233116915, 0.02822640798249793, 0.029132431006071827, 0.031550907587805765, 0.03227679351351854, 0.032850158683930125, 0.031621554842230414, 0.030520319381615472, 0.0328648466932047, 0.03912263830473037, 0.047529840746442474, 0.042394944663506795, 0.03964523636143518, 0.04394614933377364, 0.042610933028274935, 0.049981516124321196, 0.061204806795568785, 0.07206487810879131, 0.0822045552747738, 0.09369201872864141, 0.11463117949285027, 0.11676204017263624, 0.11763687112263747, 0.12594760817987194, 0.13470428974637152, 0.10737317313076661, 0.09215944430827712, 0.07691956598464134, 0.07395282253160632, 0.05675339369913149, 0.05668269496076417, 0.05578394187614751, 0.05996868571022727, 0.05793422813858845, 0.059109342040232986, 0.04491473197546356, 0.046169421884182826, 0.050486029119007986, 0.04967939997006908, 0.05055598553432677, 0.04882165919787236, 0.04851477838113545, 0.05038873614584359, 0.050659814753967324, 0.04929706673947623, 0.05113884530310493, 0.04973578538080755]","[2.5562646503045534, 2.5539879604929174, 2.6247198065057082, 2.5972173674973575, 2.6244827116798, 2.615533834212507, 2.5962828617127407, 2.6062345522696315, 2.616818936570764, 2.620795457304123, 2.5866843949362224, 2.5867252083350962, 3.37042201204416, 3.326112107424821, 3.3602101931465627, 3.3396672506105713, 3.371249815799241, 3.3819499363892875, 3.3492072955115764, 3.326636927174465, 3.320180189549175, 3.3603322664321578, 3.3386718901862307, 3.342876405018306, 4.126023924902019, 4.127787384008071, 4.092954572952763, 4.054259127533513, 4.0565710143291405, 4.126000714237441, 4.07225946798171, 4.105849016851389, 4.066576056301582, 4.143912859395748, 4.0979976946743655, 4.0860984382140995, 3.344235985348588, 3.3024616880660727, 3.321074535051581, 3.3210811160264564, 3.3292952631642594, 3.342778003113427, 3.2937792261691388, 3.377929472630668, 3.319285577483746, 3.3556572005589036, 3.3488985775931597, 3.383802346901167]","[0.0, 0.0, 0.0, 0.0, 0.0, 0.0, 0.0, 0.0, 0.0, 0.0, 0.0, 0.0, 0.0, 0.2770391218408682, 0.6828610807911815, 0.8324890986231468, 1.0607491526848305, 1.3611786887757822, 1.586157674321865, 1.800097685400314, 1.988486872920343, 1.9981745825349257, 2.365054061602697, 2.491347842982788, 2.1286624614185636, 2.394970635565368, 2.081939447065878, 1.810575797245637, 1.618491444801311, 1.4035686405852874, 0.9621092799937495, 0.9197390544969086, 0.6162421411687762, 0.47534463392337245, 0.36916098908992123, 0.24628479511375084, 0.16102635280254998, 0.0961367528535945, 0.0, 0.0, 0.0, 0.0, 0.0, 0.0, 0.0, 0.0, 0.0, 0.0]","[1.7611904528175488, 1.2518355803043582, 1.3853994566654566, 1.337042501703864, 1.4852689171749003, 1.6140027301239503, 1.668995294295959, 1.4662837546742038, 1.3331086453137793, 1.555239227183436, 1.7125415935402493, 1.5769469686058297, 1.382405532308177, 1.4906770787947905, 1.6285806094612214, 1.465773937500564, 1.5766468005228202, 1.5282746663609517, 1.6093150771238143, 1.4932295141059218, 1.620434352637186, 1.5363635995662768, 1.3114195530820982, 1.5668378521791206, 1.4641533972296759, 1.534223953073525, 1.4813058799605288, 1.586024312537695, 1.3626130698841807, 1.6448258091816794, 1.5458329256609376, 1.5451727333832663, 1.4199738248271276, 1.454450855742678, 1.7244392686085683, 1.354334609952565, 1.5178716296649444, 1.432323495549637, 1.681293011278903, 1.4318782083204125, 1.5779288792299098, 1.5933433833097443, 1.5773774373649851, 1.4645821543544122, 1.6716785781411159, 1.4593278539341836, 1.5085706984515477, 1.6847438491278148]",nan,"[2, 2, 2, 2, 2, 2, 2, 2, 2, 2, 2, 2, 2, 2, 2, 2, 2, 2, 2, 2, 2, 2, 2, 2, 2, 2, 2, 2, 2, 2, 2, 2, 2, 2, 2, 2, 2, 2, 2, 2, 2, 2, 2, 2, 2, 2, 2, 2]","[3, 2, 1, 1, 1, 1, 1, 1, 1, 1, 1, 2, 1, 1, 1, 1, 2, 1, 2, 3, 1, 1, 4, 1, 1, 2, 1, 1, 5, 1, 1, 1, 1, 1, 1, 1, 1, 1, 1, 1, 1, 1, 1, 1, 1, 1, 1, 1]",48,0
33,Perfect-Global,92,test_id,id_actual,perfect_full_horizon,48,,1180.3814410461237,1180.3814410461237,0.0,,1801.5520000457764,37.53233333428701,1801.5520000457764,0,1,True,,100092,perfect_global_clean,48,48,True,,1.0,0.125,"[12.12146882073936, 14.328006003575084, 10.061448198211039, 10.604355845571932, 8.592084906677872, 6.16615, 6.16615, 8.338534352337545, 11.043637043304242, 6.945660679206519, 6.166148943839078, 6.16615, 39.40145260456197, 12.956867682753419, 6.16615, 6.16615, 6.133013959424663, 6.166149412512027, 4.443852809528837, 3.740128030520511, 1.8169382356760928, 2.5358336028630877, 1.6285890948348343, 0.0, 2.4661720000000003, 4.93272796511508, 6.16615, 6.16615, 6.16615, 6.16615, 19.485667037476006, 26.43204306482624, 61.4063681688665, 78.37847653950979, 59.089676493126994, 103.43133653051144, 49.84669290186897, 52.57667343813312, 44.796911162544944, 54.14152555625412, 49.83933541211181, 48.89373543867016, 47.163263410692544, 54.92433480022505, 45.47807229265233, 54.48504056436218, 52.74208758483004, 47.35178045820816]","[37.53233333428701, 37.53233333428701, 37.53233333428701, 37.53233333428701, 37.53233333428701, 37.53233333428701, 37.53233333428701, 37.53233333428701, 37.53233333428701, 37.53233333428701, 37.53233333428701, 37.53233333428701, 37.53233333428701, 37.53233333428701, 37.53233333428701, 37.53233333428701, 37.53233333428701, 37.53233333428701, 37.53233333428701, 37.53233333428701, 37.53233333428701, 37.53233333428701, 37.53233333428701, 37.53233333428701, 37.53233333428701, 37.53233333428701, 37.53233333428701, 37.53233333428701, 37.53233333428701, 37.53233333428701, 37.53233333428701, 37.53233333428701, 37.53233333428701, 37.53233333428701, 37.53233333428701, 37.53233333428701, 37.53233333428701, 37.53233333428701, 37.53233333428701, 37.53233333428701, 37.53233333428701, 37.53233333428701, 37.53233333428701, 37.53233333428701, 37.53233333428701, 37.53233333428701, 37.53233333428701, 37.53233333428701]",,relaxed_ramp,Relaxed ramp,Weaken DG inter-temporal coupling,High,Weak DG ramp,False,True,0.8,0.8,mpc_diagnostic,,0.0,full_day_optimization_objective,False,9,11378,0,6482,4752,48,1801.5520000457764,0.00152314202242814,0.00152314202242814,9,5,,,,,,,,,,,,,
33,MPC-3,93,test_id,id_actual,id_reliable,3,,1552.7360010027294,1233.6094780927572,25.869331305995082,,155.67900037765503,3.243312507867813,28.986000061035156,0,0,True,,100093,pure_mpc_clean,4,48,True,,1.0,0.1250000008898572,"[11.044513725582796, 4.3706241063638105, 5.214267783129474, 5.279726317051889, 6.652320692552191, 5.978370209541332, 14.604818478364825, 6.132643641016976, 8.721016128316462, 12.947549582953434, 20.41098314822934, 26.960374867801093, 21.694150031783025, 24.301591605779834, 25.968293394236262, 5.233147707582452, 3.872384534275668, 4.209508304115724, 2.511859334276231, 1.9397795393175674, 0.6775866968437898, 0.0, 0.0, 0.0, 2.1313805294651464, 3.505553748975851, 4.943775721610962, 6.16615, 6.16615, 48.809603420149976, 63.67678557336252, 75.02913663467837, 78.74300789105739, 111.5636581018784, 115.70127408965472, 110.8574506796287, 42.42709754851609, 64.7476340169617, 56.709754562299835, 59.41606589798742, 69.87583245218211, 62.435961036132134, 66.4439918330369, 61.15507681019528, 66.98454525639251, 54.458599037883864, 47.961180890289555, 54.10082544127572]","[10.96500015258789, 0.13100004196166992, 0.11999988555908203, 0.39499998092651367, 19.519999980926514, 0.127000093460083, 0.7769999504089355, 0.11500000953674316, 2.2660000324249268, 2.822000026702881, 0.49699997901916504, 0.42600011825561523, 6.504000186920166, 3.6510000228881836, 5.5329999923706055, 0.35199999809265137, 0.5069999694824219, 0.4509999752044678, 5.138000011444092, 5.824999809265137, 13.16100001335144, 0.6840000152587891, 0.41100001335144043, 0.05200004577636719, 6.5299999713897705, 2.6640000343322754, 0.1810002326965332, 28.7189998626709, 28.986000061035156, 2.0920000076293945, 0.7360000610351562, 0.7269999980926514, 0.8339998722076416, 0.5989999771118164, 0.46000003814697266, 0.17599987983703613, 0.30099987983703613, 0.1380000114440918, 0.2849998474121094, 0.13700008392333984, 0.15700006484985352, 0.2539999485015869, 0.26800012588500977, 0.3540000915527344, 0.1529998779296875, 0.2710001468658447, 0.12400007247924805, 0.10299992561340332]",,relaxed_ramp,Relaxed ramp,Weaken DG inter-temporal coupling,High,Weak DG ramp,False,True,0.8,0.8,mpc_diagnostic,,25.869331305995082,,,,698.125,0.0,398.5,290.8125,2.9375,3.243312507867813,0.00082558071668052,0.0009997837510378896,2.0,1.0,"[0.4, 0.7088494059785373, 0.8456531890688578, 0.8562675259589574, 1.0, 0.9695524166903023, 1.0, 0.9945671326579031, 1.0, 1.0, 1.0, 1.0, 1.0, 1.0, 1.0, 0.8487146412755454, 0.6280523272053817, 0.682722320926323, 0.40740965541057833, 0.3146271666457599, 0.10990716896987658, 0.0, 0.0, 0.0, 0.3457022550720042, 0.5685635457820648, 0.801791462729027, 1.0, 1.0, 1.0, 1.0, 1.0, 1.0, 1.0, 1.0, 1.0, 1.0, 1.0, 1.0, 1.0, 1.0, 1.0, 1.0, 1.0, 1.0, 1.0, 1.0, 1.0]","[1.0, 0.75, 0.5418568160163035, 0.4031010468430078, 0.3105985047066262, 0.2414378126993634, 0.20828602888550557, 0.18490206462473693, 0.16314762970981211, 0.15998600952456868, 0.26162563443690434, 0.511625634380149, 0.26162563438014896, 0.12500000435198427, 0.12500000142930026, 0.12500077392725611, 0.12500002128935034, 0.12500001692667675, 0.12500001131411442, 0.1250000089657403, 0.12500000008702183, 0.13247960878990056, 0.2949410292550244, 0.503899765589042, 0.4132960958801151, 0.4112019999782567, 0.410927059313146, 0.45492550532530646, 0.4649996546636791, 0.4519371051291993, 0.4519371051291993, 0.4503978516820567, 0.4257675720979471, 0.3944115544823367, 0.2834060405265998, 0.12500000001739428, 0.12500000087648686, 0.12500000123144045, 0.12500000100205563, 0.12500000098438657, 0.12500000110866527, 0.12500000096267633, 0.12500000087040392, 0.12500000079013399, 0.12500000095915847, 0.12500000107289927, 0.1250000008898572, 0.1250000008898572]","[0.49, 0.49, 0.40796064060804516, 0.27196130757965964, 0.18130498258730793, 0.13555492995919377, 0.0649774970306751, 0.045832573854259616, 0.04263869319266461, 0.006196776317661528, -0.20734483559517602, -0.51, 0.49, 0.2677862352549685, 0.0, -1.6132561943224532e-06, 1.4792502821031619e-06, 0.0, 0.0, 0.0, 0.0, -0.015258401753872608, -0.3314212977488526, -0.42781466749172187, 0.17758319262949676, 0.0041044279676425805, 0.0005362081416063532, -0.08975682986480735, -0.020551264650280187, 0.02560259708758038, 0.0, 0.0030169367563995728, 0.04827534798485488, 0.06145779452659629, 0.21757080735324433, 0.31047583965770625, 0.0, 0.0, 0.0, 0.0, 0.0, 0.0, 0.0, 0.0, 0.0, 0.0, 0.0, 0.0]","[0.26807317892446236, 0.0, 0.0, 0.0, 0.015192834142255968, 0.0, 0.2637083899489008, 0.0, 0.07983956650988942, 0.2119187369672948, 0.4451510358821669, 0.6498195271187841, 0.2524878053948459, 0.2948852293622737, 0.3219860714509961, 0.0, 0.0, 0.0, 0.0, 0.0, 0.0, -0.00012993449275030817, 0.0, -0.1094350401948355, 0.0, 0.0, -2.1123639062363697e-06, 0.0, 0.0, 0.4610103072448646, 0.6217366007931083, 0.7444647203749013, 0.7846146799033231, 1.139432520020307, 1.184163503671943, 1.1317978451851751, 0.5896089032279038, 0.9525444555603528, 0.8218472286552818, 0.8658522910241857, 1.0359297959704408, 0.9149562770102786, 0.9801275094802749, 0.8941288912226875, 0.9889169960389025, 0.7852430737867295, 0.6795939982160902, 0.7794256169313124]","[0.026826047721871256, 0.03037758997944365, 0.02907788959111684, 0.030185274188416954, 0.030354427107467757, 0.032160509343675286, 0.028828322692532788, 0.03461300345926038, 0.03182482419280982, 0.030983048290656585, 0.036376495639196364, 0.04693940467160003, 0.04240977428050092, 0.041463325075775395, 0.038470042254284575, 0.047448615537970716, 0.05461540622393319, 0.05307996455957515, 0.06291527613911409, 0.07031118899668677, 0.08772828247698088, 0.11279391561183215, 0.10896949613590103, 0.13419404386504538, 0.12243596615555107, 0.11909050572449138, 0.09107392760163156, 0.08849115343785474, 0.08291994932614309, 0.05910412782169464, 0.05980038930896148, 0.05562855459762427, 0.05609709673460038, 0.0577008368694135, 0.058300489683554405, 0.05861118563452633, 0.04466926667258536, 0.04741654781424793, 0.05086731087288477, 0.04929033246687855, 0.0499538387483451, 0.05036471188244763, 0.0501072681170004, 0.05000524559577512, 0.05113447288567201, 0.05072118931293949, 0.0495691425803994, 0.050970214921846065]","[2.5621028838313764, 2.6435630096516896, 2.6093763132016763, 2.5980653723153213, 2.596820236054498, 2.615320987898593, 2.556224133262172, 2.6058387898348023, 2.582295609027799, 2.5719221896631, 2.5974996730313427, 2.5837500077144946, 3.320440908164688, 3.3568530102485012, 3.3295703341731344, 3.3192086333862423, 3.3671964333899105, 3.352696185657532, 3.3323889913593305, 3.3372572251816504, 3.3781206410034663, 3.3390238528254708, 3.3230758940813336, 3.3270426044573376, 4.099047155317909, 4.103868633729069, 4.10221104289662, 4.080534317280682, 4.023667046175497, 4.090573739916267, 4.139550023869898, 4.083100525236238, 4.071332955073784, 4.078826027568972, 4.074037322963395, 4.034533889234381, 3.3057262703132912, 3.354257692954581, 3.367857664016299, 3.3277097045217783, 3.3707089772732184, 3.372057550575073, 3.3357692386633193, 3.2970987185243965, 3.3584600931603115, 3.36937378829293, 3.346235053821931, 3.344340409070175]","[0.0, 0.0, 0.0, 0.0, 0.0, 0.0, 0.0, 0.0, 0.0, 0.0, 0.0, 0.0, 0.0, 0.2364897602446497, 0.614917591572569, 0.9378484920115067, 1.1757185754345285, 1.1994654761203392, 1.4387875170904412, 1.613004818441794, 1.9161875181888832, 2.178196154651738, 2.4053908104866957, 2.5747241325595054, 2.147799695838854, 2.2075192516688746, 1.80854007739763, 1.8581059234459096, 1.673978091939329, 1.0813325847875879, 1.0875738941409119, 0.777406568215963, 0.6770903823649443, 0.4418663041535853, 0.3163335725506445, 0.20807536262291337, 0.1446989237325559, 0.0990277038243559, 0.0, 0.0, 0.0, 0.0, 0.0, 0.0, 0.0, 0.0, 0.0, 0.0]","[1.430855644620493, 1.4750911939365414, 1.3848403774136662, 1.500021773885916, 1.430676114377504, 1.5423741932663866, 1.2563665392635517, 1.6000520909658138, 1.4916421452879547, 1.3847896293259938, 1.396069932625751, 1.4908698852034656, 1.6203628818376017, 1.5991550656350415, 1.431136654947467, 1.580095752272778, 1.6180393983097092, 1.5235882843325865, 1.5491069117174616, 1.479935829951614, 1.4397521678266125, 1.2890099500321546, 1.3580758774793922, 1.423762223280875, 1.5503979824721608, 1.4427719185559253, 1.582419325849342, 1.4006757890019466, 1.453159919028924, 1.581732378910676, 1.490039895541377, 1.6138408547744834, 1.6174496418324082, 1.4937702460170936, 1.4142699293505387, 1.442796027683141, 1.6160877118221602, 1.3501020821490757, 1.596877745818536, 1.5111477459785052, 1.3847330203498562, 1.5074659852008254, 1.4057489971647636, 1.4529750247941935, 1.420677570395954, 1.6348519040969451, 1.7162101978521807, 1.6158850053668532]",nan,"[2, 2, 2, 2, 2, 2, 2, 2, 2, 2, 2, 2, 2, 2, 2, 2, 2, 2, 2, 2, 2, 2, 2, 2, 2, 2, 2, 2, 2, 2, 2, 2, 2, 2, 2, 2, 2, 2, 2, 2, 2, 2, 2, 2, 2, 2, 2, 2]","[3, 2, 1, 2, 3, 1, 1, 1, 1, 1, 1, 1, 1, 1, 1, 1, 2, 2, 2, 4, 4, 2, 3, 1, 1, 2, 1, 3, 6, 2, 1, 1, 1, 1, 1, 1, 1, 1, 1, 1, 1, 1, 1, 1, 1, 1, 1, 1]",48,0
33,Perfect-Global,93,test_id,id_actual,perfect_full_horizon,48,,1233.6094780927572,1233.6094780927572,0.0,,1800.869000196457,37.51810417075952,1800.869000196457,0,1,True,,100093,perfect_global_clean,48,48,True,,1.0,0.12500000000808797,"[20.434388853758996, 14.617354554368461, 11.448502172944181, 9.029563621342383, 10.141429098203464, 8.63752815527569, 12.502587622929372, 7.471809060817599, 9.180862871866779, 10.32219205544142, 10.595116533663466, 9.097866893250181, 21.694149743412655, 10.777791979529134, 6.16615, 6.16615, 6.16615, 6.16615, 5.585225816762216, 4.99103547249082, 3.6958403021908715, 2.8697214326463025, 1.0195705113573164, 0.7105712833772774, 3.1768539293608513, 5.64352057430842, 6.16615, 6.16615, 6.16615, 7.323706786725275, 19.719917580878636, 30.74720165324711, 38.367986310280116, 71.70634570270083, 90.25144465523972, 94.01785617931442, 42.427097335685076, 60.47362307977502, 52.796317456873915, 54.4992055265425, 60.74455464241457, 55.8351388167432, 57.59365788683332, 53.40500587457887, 58.14904782645419, 51.070950009256094, 47.439313776621105, 50.234574453295444]","[37.51810417075952, 37.51810417075952, 37.51810417075952, 37.51810417075952, 37.51810417075952, 37.51810417075952, 37.51810417075952, 37.51810417075952, 37.51810417075952, 37.51810417075952, 37.51810417075952, 37.51810417075952, 37.51810417075952, 37.51810417075952, 37.51810417075952, 37.51810417075952, 37.51810417075952, 37.51810417075952, 37.51810417075952, 37.51810417075952, 37.51810417075952, 37.51810417075952, 37.51810417075952, 37.51810417075952, 37.51810417075952, 37.51810417075952, 37.51810417075952, 37.51810417075952, 37.51810417075952, 37.51810417075952, 37.51810417075952, 37.51810417075952, 37.51810417075952, 37.51810417075952, 37.51810417075952, 37.51810417075952, 37.51810417075952, 37.51810417075952, 37.51810417075952, 37.51810417075952, 37.51810417075952, 37.51810417075952, 37.51810417075952, 37.51810417075952, 37.51810417075952, 37.51810417075952, 37.51810417075952, 37.51810417075952]",,relaxed_ramp,Relaxed ramp,Weaken DG inter-temporal coupling,High,Weak DG ramp,False,True,0.8,0.8,mpc_diagnostic,,0.0,full_day_optimization_objective,False,9,11378,0,6482,4752,48,1800.869000196457,0.0012978593132335716,0.0012978593132335716,9,2,,,,,,,,,,,,,
33,MPC-3,94,test_id,id_actual,id_reliable,3,,1608.3057765623835,1275.4513306484462,26.096993112603705,,99.69500064849854,2.076979180177053,33.70699977874756,0,0,True,,100094,pure_mpc_clean,4,48,True,,1.0,0.12500000073277506,"[16.546124262737052, 3.042828896964491, 3.5834320091286584, 7.123608345892807, 8.416216545231217, 5.570675073430339, 6.166152953311299, 10.52676819808105, 12.444149292183404, 12.815010882227078, 21.20633652568915, 26.34682853955764, 41.615173846548956, 29.398846045579234, 17.461866345741967, 16.90222909375875, 4.868344285560385, 5.191212687801897, 2.72461644967844, 0.2584042115549825, 0.0, 0.0, 0.0, 0.0, 2.4661717826431695, 3.8841661033512263, 3.955350487880652, 6.16615, 6.16615, 31.361975508901864, 66.96097778827813, 86.812089488687, 102.43217051172776, 113.78893687957026, 107.23805449556299, 100.07928137300642, 53.56541397033712, 59.688088175529884, 50.69640525545291, 52.87031976849567, 68.08675337090374, 61.19049030552716, 68.44538299327505, 55.48657131568673, 61.03841424893872, 53.38688667020028, 71.87290156941367, 68.45785000835428]","[1.2079999446868896, 1.0350000858306885, 0.5610001087188721, 14.236000061035156, 14.782999992370605, 0.4309999942779541, 1.0720000267028809, 2.7649998664855957, 0.4460000991821289, 1.6700000762939453, 0.5280001163482666, 0.4479999542236328, 0.7790000438690186, 0.4809999465942383, 0.5380001068115234, 0.5789999961853027, 0.29600000381469727, 0.9559998512268066, 0.5920000076293945, 0.6700000762939453, 0.8029999732971191, 0.8350000381469727, 0.04699993133544922, 4.857000112533569, 1.0810000896453857, 4.884000062942505, 0.5559999942779541, 33.70699977874756, 1.7100000381469727, 1.8299999237060547, 0.879000186920166, 0.2109999656677246, 0.16699981689453125, 0.5220000743865967, 0.5160000324249268, 0.17599987983703613, 0.16500020027160645, 0.16100001335144043, 0.4200000762939453, 0.3959999084472656, 0.24600005149841309, 0.17100000381469727, 0.14499998092651367, 0.27900004386901855, 0.28099989891052246, 0.4120001792907715, 0.10500001907348633, 0.05900001525878906]",,relaxed_ramp,Relaxed ramp,Weaken DG inter-temporal coupling,High,Weak DG ramp,False,True,0.8,0.8,mpc_diagnostic,,26.096993112603705,,,,698.125,0.0,398.5,290.8125,2.9375,2.076979180177053,0.0007616157380287655,0.0009984298750729105,2.0,1.0,"[0.4, 0.4935217026187308, 0.5811931429395824, 0.9811931429003456, 1.0, 0.9034453835241365, 1.0, 1.0, 1.0, 1.0, 1.0, 1.0, 1.0, 1.0, 1.0, 1.0, 0.7895597206947879, 0.8419147119349372, 0.44191471193493714, 0.04191471193493712, 0.0, 0.0, 0.0, 0.0, 0.39999996474862093, 0.6299629160691457, 0.6415066871402164, 1.0, 1.0, 1.0, 1.0, 1.0, 1.0, 1.0, 1.0, 1.0, 1.0, 1.0, 1.0, 1.0, 1.0, 1.0, 1.0, 1.0, 1.0, 1.0, 1.0, 1.0]","[1.0, 0.75, 0.540648629679068, 0.3991053574036, 0.3136378006254272, 0.24617932077532334, 0.21048083182751717, 0.1813822865851639, 0.15925036774926848, 0.15417105460756006, 0.2577716379944155, 0.5077716379380399, 0.2577716379380399, 0.12500000033276276, 0.12500000000924383, 0.12500000000921027, 0.1250805943841206, 0.1250000190867666, 0.1711122046535874, 0.1685422010003921, 0.12665947467202504, 0.14345704967801529, 0.2536978571531433, 0.44916430194018175, 0.36136241210090025, 0.3613622131101602, 0.3613621930489944, 0.3850287593062881, 0.4323668437171563, 0.4263954853997118, 0.4228529888970049, 0.42285297121594745, 0.4148151600671387, 0.3805824657677056, 0.28215696981045346, 0.12500000001738573, 0.12500000092376434, 0.12500000112042936, 0.12500000131602984, 0.1250000010765265, 0.12500000110175313, 0.12500000093990488, 0.1250000011440614, 0.12500000097823763, 0.12500000092937694, 0.12500000077710416, 0.12500000073277506, 0.12500000073277506]","[0.49, 0.49, 0.4103286858290268, 0.27742481365991734, 0.16751641128521869, 0.132218594110782, 0.0699690390993555, 0.05703314943406826, 0.04337856167473341, 0.009955454512313439, -0.21134519088350892, -0.51, 0.49, 0.2602324101028234, 0.0, 0.0, -0.00016754959768994308, 0.00015793163491099717, -0.09406885855631442, 0.005037207160262749, 0.08209014360359945, -0.0418297724249064, -0.23049102455475332, -0.39875154736555846, 0.1720917040849918, 3.942668264594709e-07, 4.393097525919969e-08, -0.04827979516487912, -0.09656969219817105, 0.011703862302191208, 0.006943293145305523, 3.4654872625909716e-08, 0.015754109851665133, 0.06709608082688888, 0.19291397207621414, 0.30802766105514323, 0.0, 0.0, 0.0, 0.0, 0.0, 0.0, 0.0, 0.0, 0.0, 0.0, 0.0, 0.0]","[0.43999850821053293, 0.0, 0.0, 0.033545199737153454, 0.07031457953847552, 0.0, 9.229097807903923e-08, 0.13626931869003284, 0.19618747788073135, 0.20777690256959616, 0.4700058289277859, 0.6306462043611764, 0.5764068918138041, 0.37776741537527214, 0.18367018448360922, 0.17457039176843495, -2.0259997547016778e-06, 0.0, 1.0317467019176074e-06, -2.3843651532073906e-06, -0.01060327611303587, -0.05510554328152563, -0.5133254154178736, 0.0, 0.0, 0.0, 0.0, 0.0, 0.0, 0.2723873027989391, 0.6572413814948987, 0.8718479944722918, 1.0407137352619218, 1.163489587887246, 1.0926692377898701, 1.0152770959243937, 0.7707197393550751, 0.8702754174882907, 0.7240691911455758, 0.7594173946096856, 1.0068390792016868, 0.8947047204150758, 1.012670455175204, 0.801958070173768, 0.8922319390071337, 0.7678168564260208, 1.0684024645433117, 1.0128731708675494]","[0.02449998041707791, 0.03064153996633721, 0.029629843925249054, 0.0288099325162829, 0.030883350936952644, 0.030999668480206764, 0.0328855715534372, 0.03235896947016952, 0.03137543592774583, 0.03206899689855013, 0.03545361717143141, 0.047603081574695394, 0.04109255951996839, 0.04049824976941006, 0.04218122120113868, 0.04103722610992698, 0.04983169255523208, 0.04937330627524292, 0.09197129418672798, 0.12840047670650812, 0.09567316304234487, 0.10132151485629101, 0.17296220298454174, 0.1113770619588812, 0.12734222659281103, 0.11738982586361817, 0.10568978845213028, 0.08717410610120006, 0.08010066476754193, 0.06635224724344058, 0.0573862842459109, 0.054622228838040396, 0.05530158033522834, 0.05659778090934927, 0.05801668030894065, 0.057669659670133065, 0.0437188648446768, 0.045110187936066116, 0.0500435313373315, 0.05093934037602625, 0.050189266854041785, 0.05007691962758228, 0.051863699683655756, 0.05079021405846913, 0.050190249512233755, 0.05113661618688009, 0.05191082011641188, 0.05067688643861082]","[2.616660869429963, 2.59044176655895, 2.5366745747632042, 2.61140224390443, 2.629305514460222, 2.5753645043688436, 2.592956177803006, 2.64102375449076, 2.624185704309541, 2.597312138407859, 2.604756333610526, 2.584508554373933, 3.3992675178079477, 3.3243689668790197, 3.3647678057011827, 3.3279408596744875, 3.3272341301596495, 3.344583656116696, 3.3416144756956547, 3.3491847903460936, 3.3250879210281585, 3.309897495729244, 3.319143981866326, 3.3263008204403444, 4.077338415051953, 4.066088426490539, 4.081500082735247, 4.113361055062972, 4.083333563685999, 4.059696933339542, 4.083866194225152, 4.0782534391116165, 4.118486974314047, 4.0653748603068625, 4.041178725232399, 4.037913963540552, 3.325730628066494, 3.3219968577265924, 3.355748693117436, 3.358479077295459, 3.337900774652333, 3.324541212534389, 3.4098361347737365, 3.352140126319887, 3.364375022682015, 3.3429173927747304, 3.3723685776472707, 3.3305146339683045]","[0.0, 0.0, 0.0, 0.0, 0.0, 0.0, 0.0, 0.0, 0.0, 0.0, 0.0, 0.0, 0.0, 0.2529136190919238, 0.6987105127754931, 0.8175171349555457, 1.0675458027926124, 1.121060930352187, 1.3683503489628317, 1.7494220486125873, 1.8775064535026411, 1.9808125865115325, 2.6092181404054116, 2.5063090706581415, 2.225080320173356, 2.2528930792634903, 2.0576451911397005, 1.7599589397692708, 1.5986062423387077, 1.3097453163030297, 0.9517062863874386, 0.7789959587869293, 0.6987555877974001, 0.4735376089416531, 0.3405128723661906, 0.23122852809068667, 0.16429552809739514, 0.10430746507294633, 0.0, 0.0, 0.0, 0.0, 0.0, 0.0, 0.0, 0.0, 0.0, 0.0]","[1.3111622647286874, 1.6375616041907934, 1.5747825604971386, 1.3480483058837855, 1.422357604710034, 1.5707002359610598, 1.5558725841877823, 1.4800802267211612, 1.41599507671829, 1.411648749985009, 1.3815492728842578, 1.511465431526104, 1.3739531904285385, 1.4739537725060843, 1.5245682870465624, 1.3768905216166814, 1.5201299098343652, 1.430823392829053, 1.7173885357942753, 1.6812136837099794, 1.4717677630773072, 1.527341739605183, 1.6267044842425316, 1.3301201954915647, 1.4075086571675863, 1.3006218673207308, 1.4880379538968553, 1.488855572869453, 1.6613976777695978, 1.5322126994653251, 1.525361517721653, 1.4820316803187659, 1.418565122018661, 1.417849363840674, 1.4730993235915872, 1.541050338419593, 1.4344342273450283, 1.3925241635505423, 1.681723033985275, 1.6500009682149377, 1.3812509624045433, 1.4799134114684098, 1.4490293797419205, 1.600972269918636, 1.5223333331388036, 1.6262370964200463, 1.3558769331811087, 1.368318348123787]",nan,"[2, 2, 2, 2, 2, 2, 2, 2, 2, 2, 2, 2, 2, 2, 2, 2, 2, 2, 2, 2, 2, 2, 2, 2, 2, 2, 2, 2, 2, 2, 2, 2, 2, 2, 2, 2, 2, 2, 2, 2, 2, 2, 2, 2, 2, 2, 2, 2]","[3, 2, 2, 2, 3, 1, 1, 1, 1, 1, 2, 1, 1, 1, 1, 1, 1, 1, 1, 1, 1, 2, 1, 2, 2, 1, 1, 4, 1, 1, 1, 1, 1, 1, 1, 1, 1, 1, 1, 1, 1, 1, 1, 1, 1, 2, 1, 1]",48,0
33,Perfect-Global,94,test_id,id_actual,perfect_full_horizon,48,,1275.4513306484462,1275.4513306484462,0.0,,1801.460000038147,37.530416667461395,1801.460000038147,0,1,True,,100094,perfect_global_clean,48,48,True,,1.0,0.12500000000809341,"[23.67577749964454, 10.069078103621209, 6.16615, 11.468277539556338, 10.884710759629481, 7.324759754239079, 7.799331818325786, 10.728080480130856, 10.840703423108394, 10.835644609303731, 11.514976052280392, 8.55594727780208, 41.61517354817818, 15.379504190608632, 6.16615, 6.16615, 6.16615, 6.16615, 5.035004576344208, 3.031945657082885, 3.39966912279868, 2.368256458955885, 0.0, 2.4636590457000156, 4.9302146534459625, 6.16615, 6.16615, 6.16615, 6.16615, 6.16615, 23.362570227344058, 42.105553127845, 58.88895823107612, 74.48995704630642, 79.54554980073988, 83.08059449196138, 53.56541334342668, 57.89779119913446, 48.33798574048849, 49.22772230111476, 57.37816246988348, 53.101342075936216, 58.81522550059117, 51.17596801257297, 53.888807511777095, 49.650512731458186, 59.72674848634541, 57.6302537796879]","[37.530416667461395, 37.530416667461395, 37.530416667461395, 37.530416667461395, 37.530416667461395, 37.530416667461395, 37.530416667461395, 37.530416667461395, 37.530416667461395, 37.530416667461395, 37.530416667461395, 37.530416667461395, 37.530416667461395, 37.530416667461395, 37.530416667461395, 37.530416667461395, 37.530416667461395, 37.530416667461395, 37.530416667461395, 37.530416667461395, 37.530416667461395, 37.530416667461395, 37.530416667461395, 37.530416667461395, 37.530416667461395, 37.530416667461395, 37.530416667461395, 37.530416667461395, 37.530416667461395, 37.530416667461395, 37.530416667461395, 37.530416667461395, 37.530416667461395, 37.530416667461395, 37.530416667461395, 37.530416667461395, 37.530416667461395, 37.530416667461395, 37.530416667461395, 37.530416667461395, 37.530416667461395, 37.530416667461395, 37.530416667461395, 37.530416667461395, 37.530416667461395, 37.530416667461395, 37.530416667461395, 37.530416667461395]",,relaxed_ramp,Relaxed ramp,Weaken DG inter-temporal coupling,High,Weak DG ramp,False,True,0.8,0.8,mpc_diagnostic,,0.0,full_day_optimization_objective,False,9,11378,0,6482,4752,48,1801.460000038147,0.0013421808850525893,0.0013421808850525893,9,2,,,,,,,,,,,,,
33,MPC-3,95,test_id,id_actual,id_reliable,3,,1570.884937585453,1226.2468079291802,28.105119412158064,,88.48599934577942,1.843458319703738,17.181999921798706,0,0,True,,100095,pure_mpc_clean,4,48,True,,1.0,0.12500000078483414,"[10.157889775732134, 2.657328333888152, 4.375902747904946, 5.082352023908204, 5.187180913684729, 6.16615, 5.145904717848738, 6.053426014444937, 8.683517231988276, 14.14700741672913, 18.014564060284997, 29.283722742160805, 27.13374818966264, 35.51871781823135, 14.772951007356118, 15.960480662950152, 5.036457662823819, 3.906764601250981, 2.7850746866313485, 3.3085124292431622, 0.8422092847221642, 0.0, 0.0, 0.0, 1.0097771672981075, 2.4116365418868884, 3.6594098634966716, 4.993046274027165, 14.509584345285989, 50.079983585969956, 60.467374242430374, 81.10740761257185, 96.6661598224584, 101.81577606868758, 91.89844386322014, 125.32522558657439, 64.73712219995821, 49.54399755389626, 46.272426492270434, 64.7333749164819, 59.529745997401996, 61.542333561371095, 50.34364265103325, 64.48773367101386, 49.8734733693721, 69.4035877444505, 65.12341680810226, 67.13039532474689]","[17.181999921798706, 0.38899993896484375, 0.13700008392333984, 0.36099982261657715, 0.8159999847412109, 6.7769999504089355, 0.49899983406066895, 0.09399986267089844, 12.03499984741211, 1.9260001182556152, 1.5379998683929443, 0.4049999713897705, 2.8610000610351562, 0.8380000591278076, 0.7790000438690186, 0.6029999256134033, 0.4459998607635498, 0.5659999847412109, 4.093000173568726, 4.331000089645386, 0.6200001239776611, 0.5880000591278076, 0.04800009727478027, 6.320000171661377, 6.48799991607666, 2.569999933242798, 0.6099998950958252, 0.4519999027252197, 8.15499997138977, 0.8689999580383301, 0.5970001220703125, 0.1809999942779541, 0.14800000190734863, 0.560999870300293, 0.5880000591278076, 0.12999987602233887, 0.1360001564025879, 0.3940000534057617, 0.4089999198913574, 0.14800000190734863, 0.2739999294281006, 0.23100018501281738, 0.3810000419616699, 0.26399993896484375, 0.3299999237060547, 0.1640000343322754, 0.10599994659423828, 0.04799985885620117]",,relaxed_ramp,Relaxed ramp,Weaken DG inter-temporal coupling,High,Weak DG ramp,False,True,0.8,0.8,mpc_diagnostic,,28.105119412158064,,,,698.125,0.0,398.5,290.8125,2.9375,1.843458319703738,0.000842656964649635,0.000999154255365051,2.0,1.0,"[0.4, 0.43100194140746567, 0.7097054039031218, 0.8242624406723298, 0.8412609428650584, 1.0, 0.8345678251572182, 0.981722395122691, 1.0, 1.0, 1.0, 1.0, 1.0, 1.0, 1.0, 1.0, 0.8168204167287646, 0.6336276564193717, 0.45171977481170184, 0.5366088760395703, 0.13660887603957028, 0.0, 0.0, 0.0, 0.1637880235002939, 0.3911553117078704, 0.5935144895185767, 0.8097810006089958, 1.0, 1.0, 1.0, 1.0, 1.0, 1.0, 1.0, 1.0, 1.0, 1.0, 1.0, 1.0, 1.0, 1.0, 1.0, 1.0, 1.0, 1.0, 1.0, 1.0]","[1.0, 0.75, 0.5405225628508841, 0.4111561755026126, 0.3153312863516887, 0.2698151565031693, 0.22031371338891867, 0.18165800019590028, 0.16055371451582442, 0.1495381678149389, 0.26502619827011287, 0.5150261982132951, 0.2650261982132951, 0.12500000405631956, 0.12500000001004927, 0.1250000000092576, 0.12500000441074693, 0.12500000560386507, 0.1250000062208943, 0.12500000728374094, 0.12869993016122086, 0.37869993016122083, 0.427304060690616, 0.574354260510521, 0.45496287300369964, 0.45496278748445534, 0.45496275921485074, 0.4545288422226477, 0.44663386991795373, 0.4314809850531347, 0.4220598079201953, 0.4220597708420811, 0.41820911381688286, 0.37751869826179907, 0.27640717227359557, 0.1250000000172957, 0.12500000089670946, 0.12500000094422964, 0.1250000007882975, 0.12500000098575267, 0.12500000087787316, 0.12500000106203724, 0.12500000091239968, 0.1250000009056806, 0.1250000009013247, 0.12500000082007975, 0.12500000078483414, 0.12500000078483414]","[0.49, 0.49, 0.41057346104321146, 0.2535581192026121, 0.18781678273581082, 0.08921161526671444, 0.09702283242107432, 0.07576520176728398, 0.04136440069219144, 0.02159047228885549, -0.23559558290346816, -0.51, 0.49, 0.2744513409456016, 0.0, 0.0, 0.0, 0.0, 0.0, 0.0, -0.007547842670059035, -0.51, -0.10719335400117186, -0.29998240763260614, 0.23400711951336978, 1.676177188333174e-07, 5.540842502458581e-08, 0.0008479029311995387, 0.01547414571720021, 0.02969965433504527, 0.01846555150978689, 7.267310386696471e-08, 0.007547287769388536, 0.0797532144879642, 0.19817863410127057, 0.29675805788136567, 0.0, 0.0, 0.0, 0.0, 0.0, 0.0, 0.0, 0.0, 0.0, 0.0, 0.0, 0.0]","[0.24036618049162914, 0.0, -1.7363687692058554e-06, 0.0, 0.0, 2.0745281628734668e-08, 0.0, 0.0, 0.07866772599963363, 0.2494017942727853, 0.3702629393844131, 0.7224241481925252, 0.3409365559294738, 0.47727752549969676, 0.13994798385944907, 0.15925740915366102, 0.0, 0.0, 0.0, 0.0, -0.0001934280687404539, -0.04758214449225574, -0.3795684843375483, 0.0, 0.0, 0.0, 0.0, -2.1132163845094616e-06, 0.09019929021930799, 0.4747441468753509, 0.5870402622089316, 0.8101757579737497, 0.9783784845671178, 1.0340500115533793, 0.9268356094599071, 1.288206222557561, 0.9523735317066375, 0.7053308545348985, 0.6521345771100883, 0.9523126002679986, 0.8677007479252357, 0.9004257489653836, 0.718333213837939, 0.9483184336750221, 0.710688184867839, 1.0282510202349675, 0.9586547448471913, 0.991288541865803]","[0.02760627239337216, 0.03231420312878564, 0.030823812693347316, 0.030838795123015635, 0.031322752592907274, 0.033257358477180116, 0.03292410494119987, 0.03283584794885713, 0.03193439831248111, 0.032149769782381404, 0.03909857136603061, 0.049508185987542565, 0.04190652614334415, 0.040180181489869356, 0.04212439999745585, 0.04415067490690694, 0.04963870863400292, 0.054595593687214145, 0.059926024200821645, 0.06881109365598917, 0.0906547105619695, 0.10190358649242402, 0.1480724504216937, 0.09766945097195677, 0.1368309967392131, 0.1355007329279972, 0.10249147892941286, 0.08783919156586112, 0.07467587770182664, 0.06204738273929274, 0.05660607443558216, 0.05210830635403197, 0.05598220239988186, 0.058320265437572065, 0.05751745276267413, 0.06082490786164901, 0.04555328220228688, 0.045894229362156154, 0.049480503021105945, 0.05085769136075537, 0.04933506644798481, 0.051107860639688966, 0.04999476324306563, 0.048119729652181066, 0.05003345732508027, 0.05179556761529665, 0.0503314910156079, 0.04974552891164236]","[2.5923855472720163, 2.6247890311312254, 2.6186421149404624, 2.6315902393658774, 2.6026261173895664, 2.5974343283661803, 2.600280197630391, 2.588996456017017, 2.5891957957274556, 2.6134400640210327, 2.6349622974021347, 2.661626439060239, 3.33851548257954, 3.356272007727335, 3.3304784223280723, 3.3478100097136148, 3.3568355402272423, 3.3331354893429275, 3.3295456751280077, 3.3352747032431007, 3.3148559786979614, 3.269233282284796, 3.2695164707885023, 3.3103381382031363, 4.063591457346457, 4.089691653732862, 4.102214372400983, 4.004201899456474, 4.120078586038173, 4.130183996524256, 4.06360014399963, 4.043096907473648, 4.106312088026767, 4.111213709216263, 4.062200179238095, 4.084799010854005, 3.362641934912604, 3.3466408034012085, 3.3142071784543283, 3.3546543958710853, 3.340248730439913, 3.3198596372042264, 3.3188441236506345, 3.2815360843421497, 3.315173934680158, 3.3848594331679154, 3.322335469749241, 3.322377225596597]","[0.0, 0.0, 0.0, 0.0, 0.0, 0.0, 0.0, 0.0, 0.0, 0.0, 0.0, 0.0, 0.0, 0.2268434633480026, 0.6032098094348315, 0.9458927978142564, 1.1517201364909793, 1.2487363889339076, 1.345094332010924, 1.6107823750136088, 1.7935270802912415, 2.3285978903363063, 2.375955737052223, 2.248628107514933, 2.2645115975381507, 2.468191867025868, 1.977372068610901, 1.7290376309410624, 1.4691540938114331, 1.2071876536645205, 0.9848574143643631, 0.8579441692338408, 0.6712576799401113, 0.4222698987121522, 0.35332782049098715, 0.23771509485067194, 0.14460268604269974, 0.10322831025928283, 0.0, 0.0, 0.0, 0.0, 0.0, 0.0, 0.0, 0.0, 0.0, 0.0]","[1.4896255296514602, 1.73610119949014, 1.529188717919679, 1.5846084378083731, 1.6048711485913474, 1.5414800202998638, 1.7016136132335458, 1.5643447112658204, 1.5010974589371728, 1.3745975418397136, 1.5393934681968036, 1.4987104937353135, 1.5494854570416443, 1.4178798598562774, 1.6294449779143796, 1.286810433900442, 1.4379337049932375, 1.5053670406001611, 1.592657594217858, 1.2566945484525478, 1.4831160036679105, 1.6001211229331433, 1.5283950223243408, 1.4593610306263658, 1.5381155564896918, 1.365845044981233, 1.6338192426283757, 1.5523766567181136, 1.6199269021075449, 1.4805999246707437, 1.529843038419434, 1.4270852142292199, 1.5051108384298486, 1.63346085017962, 1.6413755818641689, 1.3229445437057434, 1.311219001206414, 1.5839758242997224, 1.7115530522135773, 1.4531994874101017, 1.5218830487947077, 1.4705417493310757, 1.6505056169521262, 1.381337380357465, 1.6545192071790629, 1.408403980435832, 1.4140122158525004, 1.3808342111571446]",nan,"[2, 2, 2, 2, 2, 2, 2, 2, 2, 2, 2, 2, 2, 2, 2, 2, 2, 2, 2, 2, 2, 2, 2, 2, 2, 2, 2, 2, 2, 2, 2, 2, 2, 2, 2, 2, 2, 2, 2, 2, 2, 2, 2, 2, 2, 2, 2, 2]","[3, 2, 1, 2, 1, 1, 1, 1, 3, 1, 1, 1, 1, 1, 2, 1, 2, 2, 1, 1, 1, 1, 1, 3, 3, 2, 1, 1, 2, 1, 2, 1, 1, 1, 2, 1, 1, 1, 1, 1, 1, 1, 1, 1, 1, 1, 1, 1]",48,0
33,Perfect-Global,95,test_id,id_actual,perfect_full_horizon,48,,1226.2468079291802,1226.2468079291802,0.0,,1800.7530000209808,37.5156875004371,1800.7530000209808,0,1,True,,100095,perfect_global_clean,48,48,True,,1.0,0.12500000000807987,"[18.179440296490828, 7.253821408879479, 7.688840655377205, 6.716844254628813, 6.16615, 7.031447739666949, 6.16615, 6.5495969487626144, 7.51752106348487, 10.433331626343701, 7.289866937709913, 8.997864718170888, 27.13374793397987, 22.338008036622433, 6.16615, 6.16615, 6.16615, 6.16615, 5.868745557256811, 5.144198256565268, 2.677609339123131, 0.21140442065285908, 0.0, 1.2317622927102951, 3.698126092179293, 5.3917096612657245, 6.16615, 6.16615, 6.16615, 9.12850146744983, 18.066586075720046, 36.558188895709904, 52.355358188136655, 63.732949718518476, 64.81819669103041, 107.16213276402767, 63.06709302996879, 49.54399999777558, 46.27242876211936, 57.90607136062014, 54.1783495212916, 55.32096909448632, 48.9371131436478, 56.964356114519695, 48.213369229967604, 61.434529166219576, 57.817312871586985, 57.92006459651272]","[37.5156875004371, 37.5156875004371, 37.5156875004371, 37.5156875004371, 37.5156875004371, 37.5156875004371, 37.5156875004371, 37.5156875004371, 37.5156875004371, 37.5156875004371, 37.5156875004371, 37.5156875004371, 37.5156875004371, 37.5156875004371, 37.5156875004371, 37.5156875004371, 37.5156875004371, 37.5156875004371, 37.5156875004371, 37.5156875004371, 37.5156875004371, 37.5156875004371, 37.5156875004371, 37.5156875004371, 37.5156875004371, 37.5156875004371, 37.5156875004371, 37.5156875004371, 37.5156875004371, 37.5156875004371, 37.5156875004371, 37.5156875004371, 37.5156875004371, 37.5156875004371, 37.5156875004371, 37.5156875004371, 37.5156875004371, 37.5156875004371, 37.5156875004371, 37.5156875004371, 37.5156875004371, 37.5156875004371, 37.5156875004371, 37.5156875004371, 37.5156875004371, 37.5156875004371, 37.5156875004371, 37.5156875004371]",,relaxed_ramp,Relaxed ramp,Weaken DG inter-temporal coupling,High,Weak DG ramp,False,True,0.8,0.8,mpc_diagnostic,,0.0,full_day_optimization_objective,False,9,11378,0,6482,4752,48,1800.7530000209808,0.0014159000881895463,0.0014159000881895463,9,2,,,,,,,,,,,,,
33,MPC-3,96,test_id,id_actual,id_reliable,3,,1616.9209504565124,1287.3231591419774,25.603345125416485,,134.74899911880493,2.807270814975103,35.57099986076355,0,0,True,,100096,pure_mpc_clean,4,48,True,,1.0,0.12500000078027296,"[10.084301532307746, 4.883575439200891, 4.885353108698578, 5.767949750994303, 5.935856434693976, 7.047082404837769, 5.829971658830315, 8.030812960077041, 7.48749949628593, 6.676550782659204, 15.872688298869546, 23.909841241560997, 34.409069848111926, 14.376360778786962, 25.622949122411953, 5.708461365624603, 5.208494923076093, 4.078343124766707, 2.370722976856579, 2.287174995545226, 0.837732291621801, 0.0, 0.0, 0.6951864177174756, 2.319302208757872, 4.158314358393472, 6.16615, 5.456187887167936, 7.877862692566055, 51.259022049285235, 77.71860755969746, 90.5221274730758, 98.8290410282708, 100.19773899002196, 109.04981480994475, 100.06191497791795, 43.36729885233248, 65.9241195015712, 62.96503879756706, 62.23054445338888, 66.96436506686635, 66.6944050929181, 60.44144666106556, 73.723701462739, 75.04157102622443, 65.10438597803822, 52.093368573870514, 66.74864200129578]","[1.4909999370574951, 0.0989999771118164, 0.12800002098083496, 0.13099980354309082, 0.11599993705749512, 17.13099980354309, 0.12999987602233887, 5.878000020980835, 6.42900013923645, 3.6660001277923584, 0.9190001487731934, 0.46399998664855957, 1.6040000915527344, 3.5969998836517334, 4.211999893188477, 0.22699999809265137, 1.0520000457763672, 0.47500014305114746, 5.111999988555908, 5.6600000858306885, 16.08300018310547, 0.7319998741149902, 0.046000003814697266, 3.9589998722076416, 6.579999923706055, 0.7159998416900635, 35.57099986076355, 0.9219999313354492, 4.180999994277954, 2.187999963760376, 0.17199993133544922, 0.182999849319458, 0.4759998321533203, 0.5989999771118164, 0.5870001316070557, 0.872999906539917, 0.3380000591278076, 0.1380000114440918, 0.26200008392333984, 0.1400001049041748, 0.14499998092651367, 0.18799996376037598, 0.4029998779296875, 0.13100004196166992, 0.16299986839294434, 0.27300000190734863, 0.125, 0.054000139236450195]",,relaxed_ramp,Relaxed ramp,Weaken DG inter-temporal coupling,High,Weak DG ramp,False,True,0.8,0.8,mpc_diagnostic,,25.603345125416485,,,,698.125,0.0,398.5,290.8125,2.9375,2.807270814975103,0.0008698879253923025,0.0009991256233541671,2.0,1.0,"[0.4, 0.7920295649117768, 0.7923178270142942, 0.9354333300961463, 0.9626589639748693, 1.0, 0.9454900554094455, 1.0, 1.0, 1.0, 1.0, 1.0, 1.0, 1.0, 1.0, 0.9257873732815304, 0.844717096928196, 0.6614519343016629, 0.3845198339408018, 0.37096973264895516, 0.13588271351553574, 0.0, 0.0, 0.11276184874752204, 0.37618024393819194, 0.6744204814005942, 1.0, 0.8848811863050445, 1.0, 1.0, 1.0, 1.0, 1.0, 1.0, 1.0, 1.0, 1.0, 1.0, 1.0, 1.0, 1.0, 1.0, 1.0, 1.0, 1.0, 1.0, 1.0, 1.0]","[1.0, 0.7500011573369617, 0.5468137146209728, 0.40783238760251295, 0.3164409107343117, 0.25252075146381947, 0.23727566152578292, 0.2057826888741337, 0.1797798708689057, 0.17258172786487197, 0.27529817495508246, 0.5252981655803718, 0.2752981655803718, 0.1250000489883515, 0.12500000078440834, 0.1250000047850681, 0.12500000581525778, 0.12500000646344905, 0.125000004909678, 0.12500000538022923, 0.12500000008685216, 0.14215379740097575, 0.22644855346797121, 0.29936424275811424, 0.29936404707350717, 0.2993640301835578, 0.39873770804210856, 0.39873770804210856, 0.39873770804210856, 0.3986700972251488, 0.3986700972251488, 0.39045030096159256, 0.3776861447046074, 0.3461217296012662, 0.2610367007845536, 0.12500000001710562, 0.1250000008627513, 0.12500000117588922, 0.1250000012552175, 0.1250000009852285, 0.125000000934276, 0.12500000087729365, 0.12500000075215764, 0.12500000101812697, 0.12500000122310123, 0.12500000090186184, 0.12500000078027296, 0.12500000078027296]","[0.49, 0.489997639032598, 0.3982473877233383, 0.2724033744318148, 0.17912500520789434, 0.12528351217016467, 0.029880380182213673, 0.061726227157694616, 0.05096552404998919, 0.01410836104670155, -0.20954155284144133, -0.51, 0.49, 0.2945843089222223, 9.488901371091019e-08, 0.0, 0.0, 0.0, 0.0, 0.0, 0.0, -0.03499374652081211, -0.1784198545104864, -0.14874801061061269, 3.8781391839556476e-07, 3.7812753374287534e-08, -0.2027223028314436, 0.0, 0.0, 0.0001325172012411405, 0.0, 0.01611080067657023, 0.025017746263690997, 0.061866253602548674, 0.16676665674041027, 0.2666319337643163, 0.0, 0.0, 0.0, 0.0, 0.0, 0.0, 0.0, 0.0, 0.0, 0.0, 0.0, 0.0]","[0.23806654788461706, -1.7355998808569391e-06, 0.0, 0.0, -1.7373602903854485e-06, 0.027529137651180282, 0.0, 0.05827071750240755, 0.04129217175893532, 0.01595002445810011, 0.3033293218396733, 0.5544903525324648, 0.45923446907499066, 0.13349936225669856, 0.31637071743759276, 0.0, 0.0, 0.0, 0.0, 0.0, 0.0, -0.0001269860982089046, -0.3292219765255765, 0.0, 0.0, 0.0, 0.0, 0.0, 0.018505002081795188, 0.48749050864092147, 0.773540081726459, 0.9119565132224411, 1.001760984089414, 1.0165577188110482, 1.1122558357831864, 1.0150893511126264, 0.6048967293062192, 0.9716743008385561, 0.9235591674401148, 0.9116161699738029, 0.9885888628758756, 0.9841992698035463, 0.8825251489604157, 1.0984967717518537, 1.1199255451418606, 0.958345300455906, 0.746784041851553, 0.985081170752777]","[0.027636773118947442, 0.02765833162426145, 0.02834146844312478, 0.029293565459187324, 0.030777203010515588, 0.03166532928598382, 0.03553142650760472, 0.033104347551455374, 0.03419147445627636, 0.033994914991787535, 0.036735832486228207, 0.04667443592202894, 0.040369232950489796, 0.04309824556079936, 0.03896441037995306, 0.04542708700119216, 0.047989167792356346, 0.053277494618005024, 0.06815959727560895, 0.07081813741254926, 0.09690138771155637, 0.10416840297253277, 0.15063123415192065, 0.08833832212632034, 0.12997851282231213, 0.11115698657262613, 0.09789596137750364, 0.10201975864690083, 0.08416104170577912, 0.06155794556192462, 0.05460646162318839, 0.055952947620858125, 0.054147508536153084, 0.05904431235884795, 0.05987351247898179, 0.059844788020507175, 0.04535675605880091, 0.04685659634886219, 0.051960408409156465, 0.04954133160503917, 0.04946945936351537, 0.051156864949481816, 0.04988008650074928, 0.05166953178048109, 0.053587929526061534, 0.05069089085648772, 0.050625240227370714, 0.05085114094513787]","[2.61213853875595, 2.5953970487642213, 2.6292906072270235, 2.5787739831932615, 2.598102968356182, 2.6151302915324655, 2.657225512550686, 2.6417104440073977, 2.614333260707001, 2.6100516629076056, 2.5835094270401635, 2.5233990065074523, 3.2962746999076864, 3.316710090017823, 3.312315217916197, 3.320712633698842, 3.320904365549646, 3.322374623846355, 3.348802551539002, 3.381677748351176, 3.3743441086962145, 3.3639589758346164, 3.3168389138024894, 3.344509715673478, 4.102218729935772, 4.070313029205087, 4.116367144907805, 4.128176519091383, 4.119958360423956, 4.085330562506344, 4.061668505831552, 4.127972221328877, 4.086688938094506, 4.0746179029133875, 4.1189074088570194, 4.1029976208647145, 3.3528466913700514, 3.3536089711456434, 3.365210472311941, 3.306825683544577, 3.288845956197631, 3.3495064810679778, 3.3193010667303806, 3.3614262586380654, 3.4049546687446908, 3.3575782820474243, 3.356703836047401, 3.382158702131366]","[0.0, 0.0, 0.0, 0.0, 0.0, 0.0, 0.0, 0.0, 0.0, 0.0, 0.0, 0.0, 0.0, 0.24354272382840064, 0.6226512608583668, 0.8586804236937421, 1.037837981666992, 1.233004396183496, 1.5223744995993589, 1.604965352250053, 2.063891426465475, 2.0501162512959823, 2.429646036312412, 2.001968504085314, 2.3890926455890025, 2.177255687428418, 2.0664710741220995, 1.9926166957001836, 1.6406497800485726, 1.1715932338759238, 0.9580811589903062, 0.7277724059403793, 0.6502600075441596, 0.4113531478376142, 0.29038299405637696, 0.2342884464069954, 0.16087654803088397, 0.10224872698161674, 0.0, 0.0, 0.0, 0.0, 0.0, 0.0, 0.0, 0.0, 0.0, 0.0]","[1.5117087270824157, 1.3410298407660346, 1.4670668651783156, 1.40023086417415, 1.4870979395439468, 1.4939827462035775, 1.7173865076510137, 1.5548178162187047, 1.5562670085263635, 1.6139881157207316, 1.5264574555822032, 1.5255830961198211, 1.387409421345024, 1.6881818935003614, 1.4122575041185526, 1.581671932261695, 1.4863384572838907, 1.4811957273567087, 1.5100672512281184, 1.4765606605207229, 1.2714696270064172, 1.4531318601301795, 1.5454659425065103, 1.4668656914394926, 1.4669239700112615, 1.3297938141545327, 1.3505142165304038, 1.352698370407589, 1.5449646192162416, 1.487672248643368, 1.384653722870357, 1.528085449391733, 1.4637977090142256, 1.6438850953000514, 1.6093754350346374, 1.646832677874714, 1.6324301718613943, 1.3265425403609985, 1.4936117134920575, 1.4447508446776822, 1.3497265526350786, 1.4164640761501284, 1.4866559544039013, 1.3145990192511727, 1.338617053763766, 1.4499238718473144, 1.6605450342311188, 1.4479286708475005]",nan,"[2, 2, 2, 2, 2, 2, 2, 2, 2, 2, 2, 2, 2, 2, 2, 2, 2, 2, 2, 2, 2, 2, 2, 2, 2, 2, 2, 2, 2, 2, 2, 2, 2, 2, 2, 2, 2, 2, 2, 2, 2, 2, 2, 2, 2, 2, 2, 2]","[2, 1, 1, 1, 1, 2, 1, 1, 1, 1, 2, 2, 1, 1, 1, 1, 1, 2, 3, 2, 7, 1, 1, 2, 1, 1, 5, 1, 1, 1, 1, 1, 1, 1, 1, 1, 1, 1, 1, 1, 1, 1, 1, 1, 1, 1, 1, 1]",48,0
33,Perfect-Global,96,test_id,id_actual,perfect_full_horizon,48,,1287.3231591419774,1287.3231591419774,0.0,,1800.5899999141693,37.512291664878525,1800.5899999141693,0,1,True,,100096,perfect_global_clean,48,48,True,,1.0,0.12500000000806671,"[18.684957969176548, 13.955221285204205, 9.628615532966267, 9.60065442448041, 8.23472460971421, 8.417305134840767, 6.16615, 8.293899537157005, 7.290179639299222, 6.36723859044299, 7.294552575842557, 6.16615, 34.40907248301341, 6.16615, 6.16615, 5.874722504038211, 6.166148999802471, 6.166146684809086, 5.432395421762736, 5.34249824210537, 3.840518964653375, 2.4661720000000003, 0.0, 2.4661720000000003, 4.932728, 6.16615, 6.16615, 6.16615, 6.16615, 7.582965616332872, 33.38899334464374, 47.18858878493103, 56.08812143372401, 60.480556705684414, 78.8709297522469, 79.20566884922047, 43.36729867880429, 63.66035373525189, 57.732298958689476, 57.646852599449865, 60.0363124778232, 59.5462868439934, 56.955049492210236, 63.84015489085221, 65.16134990614957, 59.966347483599485, 51.29705278194484, 61.114852207116634]","[37.512291664878525, 37.512291664878525, 37.512291664878525, 37.512291664878525, 37.512291664878525, 37.512291664878525, 37.512291664878525, 37.512291664878525, 37.512291664878525, 37.512291664878525, 37.512291664878525, 37.512291664878525, 37.512291664878525, 37.512291664878525, 37.512291664878525, 37.512291664878525, 37.512291664878525, 37.512291664878525, 37.512291664878525, 37.512291664878525, 37.512291664878525, 37.512291664878525, 37.512291664878525, 37.512291664878525, 37.512291664878525, 37.512291664878525, 37.512291664878525, 37.512291664878525, 37.512291664878525, 37.512291664878525, 37.512291664878525, 37.512291664878525, 37.512291664878525, 37.512291664878525, 37.512291664878525, 37.512291664878525, 37.512291664878525, 37.512291664878525, 37.512291664878525, 37.512291664878525, 37.512291664878525, 37.512291664878525, 37.512291664878525, 37.512291664878525, 37.512291664878525, 37.512291664878525, 37.512291664878525, 37.512291664878525]",,relaxed_ramp,Relaxed ramp,Weaken DG inter-temporal coupling,High,Weak DG ramp,False,True,0.8,0.8,mpc_diagnostic,,0.0,full_day_optimization_objective,False,9,11378,0,6482,4752,48,1800.5899999141693,0.001235591798430234,0.001235591798430234,9,3,,,,,,,,,,,,,
33,MPC-3,97,test_id,id_actual,id_reliable,3,,1561.708852683865,1222.0253433567084,27.796764704903765,,48.78600025177002,1.0163750052452087,4.953999996185303,0,0,True,,100097,pure_mpc_clean,4,48,True,,1.0,0.12500000060593272,"[18.322270920422852, 3.6942247901701717, 3.8345324732442294, 5.329937011636288, 5.667187797920889, 6.429267291017345, 5.418801826341281, 10.399030297210274, 6.097931354833567, 13.687690108975332, 19.490207031937317, 24.031505691207364, 36.335834565992435, 27.56926459068051, 18.89578707864895, 9.282966132446218, 5.948199070036909, 4.680325812231236, 3.5877273732821475, 1.1213807591464025, 0.0, 0.0, 0.0, 0.0, 0.6294502102325241, 2.95625314916742, 3.9489235261809132, 5.776752538070379, 22.902810766388342, 58.024565933572134, 53.58124270387877, 80.7039699869818, 85.30778149504816, 118.55252961548238, 116.55583954909727, 105.93558024779385, 43.071272515800835, 48.08796231302869, 46.07812266018193, 64.38704970056536, 58.88597441030388, 64.22765285782192, 68.18184825329828, 52.73081059893901, 64.62228851372578, 54.34694064789424, 55.21777820484291, 57.171380308186066]","[1.2809998989105225, 0.13700008392333984, 0.4649999141693115, 0.4309999942779541, 0.3269999027252197, 3.687999963760376, 0.44299983978271484, 4.953999996185303, 0.10500001907348633, 0.437999963760376, 0.5809998512268066, 0.6659998893737793, 4.098999977111816, 0.5049998760223389, 4.879999876022339, 0.554999828338623, 0.9280002117156982, 1.2239999771118164, 3.259000062942505, 0.5869998931884766, 0.6530001163482666, 0.057000160217285156, 0.0709998607635498, 0.051000118255615234, 1.3269999027252197, 2.752000093460083, 0.9640002250671387, 0.20099997520446777, 3.0260000228881836, 3.1449999809265137, 1.8040001392364502, 0.49900007247924805, 0.46000003814697266, 0.15700006484985352, 0.46900010108947754, 0.19000005722045898, 0.4330000877380371, 0.437000036239624, 0.33100008964538574, 0.16000008583068848, 0.4380002021789551, 0.26799988746643066, 0.14499998092651367, 0.3600001335144043, 0.26199984550476074, 0.4089999198913574, 0.12199997901916504, 0.04200005531311035]",,relaxed_ramp,Relaxed ramp,Weaken DG inter-temporal coupling,High,Weak DG ramp,False,True,0.8,0.8,mpc_diagnostic,,27.796764704903765,,,,698.125,0.0,398.5,290.8125,2.9375,1.0163750052452087,0.0007907867594131754,0.0009988661143483127,2.0,1.0,"[0.4, 0.5991604146549744, 0.6219139394328512, 0.8644093411017942, 0.9190949018880084, 1.0, 0.8788189748485579, 1.0, 0.9889387189005391, 1.0, 1.0, 1.0, 1.0, 1.0, 1.0, 1.0, 0.9646602789466867, 0.7590709390672418, 0.5818897247341902, 0.18188972473419018, 0.0, 0.0, 0.0, 0.0, 0.10209940082033864, 0.47948114203176717, 0.6404644469998083, 0.9368606863860279, 1.0, 1.0, 1.0, 1.0, 1.0, 1.0, 1.0, 1.0, 1.0, 1.0, 1.0, 1.0, 1.0, 1.0, 1.0, 1.0, 1.0, 1.0, 1.0, 1.0]","[1.0, 0.75, 0.5411260933416524, 0.4005514315734537, 0.3071080278783642, 0.24937835306042183, 0.2067717382881466, 0.17229549986238052, 0.16207759594079713, 0.14909057995371253, 0.2555073286390296, 0.5055073286011688, 0.25550732860116876, 0.12500000161644528, 0.12500000099371236, 0.12500000000947092, 0.12500000449029006, 0.1250000055504857, 0.12500000631495076, 0.17819479272313699, 0.25311515303075743, 0.2619596108898445, 0.33840781545818666, 0.5171654526304762, 0.4326724920077122, 0.43267188593248807, 0.43267179957609864, 0.46005039830626465, 0.46005039830626465, 0.45471589795683115, 0.43791898251562905, 0.430742380292717, 0.3999354133176604, 0.3698214273645918, 0.27705869687226653, 0.12500000001732492, 0.1250000007058795, 0.12500000093485067, 0.1250000009484378, 0.12500000089924412, 0.1250000007536086, 0.12500000081040122, 0.12500000099922756, 0.12500000086215576, 0.12500000086059687, 0.12500000078341406, 0.12500000060593272, 0.12500000060593272]","[0.49, 0.49, 0.40939285705036116, 0.2755263370656695, 0.18314907124237534, 0.11315016416942039, 0.08350896886502625, 0.06757342807291096, 0.02002706543282098, 0.02545455208979648, -0.21709016809284074, -0.51, 0.49, 0.255794361289432, 0.0, 0.0, 0.0, 0.0, 0.0, -0.10851736427269992, -0.1528375350275457, -0.02753342176112944, -0.16270513997179425, -0.36731060510553626, 0.16560620282061753, 1.1879074393202937e-06, 1.6925852323305684e-07, -0.055854745330780504, 0.0, 0.010455620684889711, 0.032921954264756075, 0.014066140356907574, 0.06038165527111088, 0.05902341246801452, 0.18181495202436732, 0.2980350460959509, 0.0, 0.0, 0.0, 0.0, 0.0, 0.0, 0.0, 0.0, 0.0, 0.0, 0.0, 0.0]","[0.4955030912632141, 0.0, 0.0, 0.0, 0.0, 0.008222415344301034, 0.0, 0.13227750928782106, 0.0, 0.2350481284054791, 0.4163767822480412, 0.5582923653502302, 0.4905639766828039, 0.3480181234256994, 0.2069859687585195, 0.05067993711294663, 0.0, 0.0, 0.0, -0.02653787977657765, -0.035387802391689545, -0.20897124158724378, -0.2572705413741683, -0.17043983274471794, 0.0, 0.0, 0.0, -2.1127427177184677e-06, 0.18093687315014426, 0.5606315236061852, 0.5125955967986894, 0.805814270129533, 0.855585205351872, 1.2149878877349447, 1.19340204917943, 1.0785884351112849, 0.600083292939851, 0.6816554847646941, 0.6489751652062102, 0.9466812959441521, 0.8572329172407135, 0.944089477362958, 1.0083853374520046, 0.7571489528282765, 0.950506317296354, 0.7834274902096625, 0.7975874504852505, 0.8293533383444889]","[0.023957839919742232, 0.03158340406525599, 0.028991424560707774, 0.028820164234663957, 0.03117728921915112, 0.032954949026466875, 0.03284604253041826, 0.03046319130237733, 0.03442504021767762, 0.03096756415634381, 0.03705822841857959, 0.047610415159415775, 0.042887794688650574, 0.04027231971951097, 0.04151523182812389, 0.04415880363408104, 0.047123208393220414, 0.051229233922297904, 0.05990665189800441, 0.09136430001665184, 0.09681680716638105, 0.13179692832700465, 0.14604509475793778, 0.13637163279850228, 0.14645616686128868, 0.11825311405412413, 0.10549632187607574, 0.0851136003439201, 0.07294459843689186, 0.06361071384954554, 0.05656997602985956, 0.05479374063257775, 0.055184790171836605, 0.057328360897666096, 0.05907702463115268, 0.059162126411860416, 0.04471882599204629, 0.047025207637678215, 0.05002128806794599, 0.052069666687093605, 0.04980748023100118, 0.05171308439697528, 0.05163198928855422, 0.05052816791141016, 0.05008883606544177, 0.05077834659145576, 0.050631861803956534, 0.04905273621267868]","[2.603854369667863, 2.627636644874168, 2.581864499280118, 2.5709840369930355, 2.6058193625080426, 2.6045908223183045, 2.5925741756607734, 2.578852297776015, 2.6323012725452997, 2.6032490514723827, 2.600097872097426, 2.593385035842135, 3.3988416760550946, 3.3394631410868776, 3.3346620822811794, 3.342853915613467, 3.336412453853514, 3.3252269073822402, 3.3286763710475173, 3.3465847498567047, 3.3044463335177268, 3.3227856203470134, 3.3250684059073246, 3.3450229758078063, 4.088812655687948, 4.093615969126616, 4.095867870351062, 4.04521209331145, 4.140821243715349, 4.10242056734857, 4.030216552257622, 4.0883988093858425, 4.088076748753147, 4.060047875455263, 4.118650525652882, 4.058759008453839, 3.3155563824173346, 3.3635404434597254, 3.3090756248529827, 3.4112222791391935, 3.3396961568019456, 3.3929082861007562, 3.3735291589033727, 3.3462174195867878, 3.3529447891455337, 3.3318234817920827, 3.394069766529695, 3.322852638068844]","[0.0, 0.0, 0.0, 0.0, 0.0, 0.0, 0.0, 0.0, 0.0, 0.0, 0.0, 0.0, 0.0, 0.2706937885374743, 0.644016479243617, 0.8569256312314996, 1.076253258272558, 1.2254539258427812, 1.4051929654082416, 1.951529595253219, 2.0431819669833566, 2.177180406229853, 2.4534957705543694, 2.5170752017891562, 2.4188258920589316, 2.183624302316884, 2.0143683642792682, 1.7525891877935467, 1.4002697171599205, 1.2827115421580892, 1.0120459254015748, 0.7577676615981876, 0.6411758486974168, 0.47274301261056695, 0.3349003437153522, 0.22208128629573304, 0.1484018455846611, 0.1043074066708374, 0.0, 0.0, 0.0, 0.0, 0.0, 0.0, 0.0, 0.0, 0.0, 0.0]","[1.2423090418885077, 1.5700597060021695, 1.5795490990053882, 1.4598684924149048, 1.5347526828031295, 1.516173161878326, 1.663092244730486, 1.4094645162465462, 1.657760569207528, 1.3737139049988474, 1.4378694456983452, 1.5927030494855692, 1.461165467048514, 1.5052291360091006, 1.525174865291944, 1.4794071029351, 1.342622134539187, 1.3919312790435128, 1.4015003348700363, 1.4395849739352222, 1.5463065111200152, 1.5139068056238105, 1.4375933816434916, 1.5020698444987262, 1.5487373314588901, 1.5487624554604815, 1.5465312162872298, 1.4967326775492988, 1.632559235200672, 1.312232595033569, 1.5292230037442305, 1.5655444782143395, 1.5861188298854498, 1.370621923819485, 1.4676102056447156, 1.5192163676420487, 1.6117900158450933, 1.6246027002045116, 1.7101217477931678, 1.516610649835079, 1.5322706617166222, 1.5005318933025324, 1.4167758111686974, 1.6395965792816214, 1.452527307963859, 1.5991742854749416, 1.6471141775425506, 1.5425520348199684]",nan,"[2, 2, 2, 2, 2, 2, 2, 2, 2, 2, 2, 2, 2, 2, 2, 2, 2, 2, 2, 2, 2, 2, 2, 2, 2, 2, 2, 2, 2, 2, 2, 2, 2, 2, 2, 2, 2, 2, 2, 2, 2, 2, 2, 2, 2, 2, 2, 2]","[3, 2, 1, 2, 1, 1, 2, 2, 1, 1, 2, 1, 1, 1, 1, 1, 1, 1, 1, 1, 1, 1, 1, 1, 2, 1, 1, 1, 1, 1, 2, 1, 1, 1, 1, 1, 1, 1, 1, 1, 1, 1, 1, 1, 1, 1, 1, 1]",48,0
33,Perfect-Global,97,test_id,id_actual,perfect_full_horizon,48,,1222.0253433567084,1222.0253433567084,0.0,,1801.0609998703003,37.52210416396459,1801.0609998703003,0,1,True,,100097,perfect_global_clean,48,48,True,,1.0,0.12500000000808478,"[23.483350381742724, 10.879394945541971, 6.166184751299388, 8.474098495492552, 7.685659683000642, 8.45835342807717, 6.16615, 9.325089575393084, 6.16615, 10.580204138575493, 9.347204934132407, 6.415546530579319, 36.335836250452374, 13.30720219229524, 6.16615, 6.16615, 6.16615, 6.16615, 5.7652741750399175, 3.298588576597296, 1.8488661805152842, 1.3918586622494717, 0.2750913283293312, 1.3977606351810405, 3.864150282498598, 5.962957778809875, 6.16615, 6.16615, 6.16615, 15.367252510493289, 12.586499692439075, 37.312765728022704, 45.909890227007956, 78.44133987047277, 87.74074776359457, 87.97762031919267, 43.07127574187254, 48.087965773327696, 45.83066473308733, 57.32302234595224, 54.25628813168228, 57.23826725939951, 59.03051021884803, 50.18121346119049, 57.229203231455415, 50.426766318608124, 51.83109960229299, 52.424927501965506]","[37.52210416396459, 37.52210416396459, 37.52210416396459, 37.52210416396459, 37.52210416396459, 37.52210416396459, 37.52210416396459, 37.52210416396459, 37.52210416396459, 37.52210416396459, 37.52210416396459, 37.52210416396459, 37.52210416396459, 37.52210416396459, 37.52210416396459, 37.52210416396459, 37.52210416396459, 37.52210416396459, 37.52210416396459, 37.52210416396459, 37.52210416396459, 37.52210416396459, 37.52210416396459, 37.52210416396459, 37.52210416396459, 37.52210416396459, 37.52210416396459, 37.52210416396459, 37.52210416396459, 37.52210416396459, 37.52210416396459, 37.52210416396459, 37.52210416396459, 37.52210416396459, 37.52210416396459, 37.52210416396459, 37.52210416396459, 37.52210416396459, 37.52210416396459, 37.52210416396459, 37.52210416396459, 37.52210416396459, 37.52210416396459, 37.52210416396459, 37.52210416396459, 37.52210416396459, 37.52210416396459, 37.52210416396459]",,relaxed_ramp,Relaxed ramp,Weaken DG inter-temporal coupling,High,Weak DG ramp,False,True,0.8,0.8,mpc_diagnostic,,0.0,full_day_optimization_objective,False,9,11378,0,6482,4752,48,1801.0609998703003,0.0014896900514322123,0.0014896900514322123,9,2,,,,,,,,,,,,,
33,MPC-3,98,test_id,id_actual,id_reliable,3,,1612.6562838489888,1256.865175103056,28.30781819670992,,101.82900047302246,2.1214375098546348,18.406999826431274,0,0,True,,100098,pure_mpc_clean,4,48,True,,1.0,0.1250000006346411,"[13.911036298225763, 4.047794947593724, 4.748959290375456, 4.945863304442186, 5.220508179846548, 5.255114300874212, 5.585601315624473, 9.154283426462337, 14.070345943150778, 13.110119985949368, 16.530574414990582, 29.481094347910556, 35.489624290950154, 21.392199011929694, 30.796386453833975, 11.29526600319171, 5.255757530003419, 2.7891512443337043, 0.7645001650138383, 0.7616280944434348, 0.12404631774191645, 0.0, 0.0, 0.0, 2.4661702686200204, 2.8270800076356224, 4.090097407594953, 5.284456526666818, 9.979665665873814, 43.60502410014314, 69.18687931027554, 81.35389585897322, 108.7956086604771, 114.76206842894081, 106.68225805707607, 110.80058557372735, 48.60487083549178, 52.06195033419233, 59.76635385134009, 66.60931531109958, 54.567214398563095, 64.66953452899915, 62.32949773032316, 57.69912812395986, 49.37250750869843, 69.70726518397899, 67.3482224650145, 65.35677884443584]","[12.473000049591064, 0.9570000171661377, 0.13900017738342285, 0.41699981689453125, 0.5039999485015869, 0.4330000877380371, 0.4570000171661377, 2.072999954223633, 0.5160000324249268, 1.878999948501587, 1.1700000762939453, 0.43000006675720215, 1.5460000038146973, 0.9020001888275146, 1.557999849319458, 0.7819998264312744, 0.16900014877319336, 1.6570000648498535, 11.315999984741211, 12.45300006866455, 18.406999826431274, 0.5220000743865967, 11.342000007629395, 3.5889999866485596, 2.875, 1.4690001010894775, 0.8409998416900635, 0.8690001964569092, 1.9849998950958252, 0.940000057220459, 0.8590002059936523, 0.8789999485015869, 0.4440000057220459, 0.5580000877380371, 0.8829998970031738, 0.1919999122619629, 0.35899996757507324, 0.39099979400634766, 0.37400007247924805, 0.2670001983642578, 0.3400001525878906, 0.25800013542175293, 0.2630000114440918, 0.3859999179840088, 0.39999985694885254, 0.14899992942810059, 0.0970001220703125, 0.059999942779541016]",,relaxed_ramp,Relaxed ramp,Weaken DG inter-temporal coupling,High,Weak DG ramp,False,True,0.8,0.8,mpc_diagnostic,,28.30781819670992,,,,698.125,0.0,398.5,290.8125,2.9375,2.1214375098546348,0.0008645671021810494,0.0009955518416027442,2.0,1.0,"[0.4, 0.6564980672899047, 0.7702004784861165, 0.8021299782544495, 0.8466650937492404, 0.8522766040896288, 0.9058656768465415, 1.0, 1.0, 1.0, 1.0, 1.0, 1.0, 1.0, 1.0, 1.0, 0.8523809059526549, 0.4523809523809524, 0.12400452760629008, 0.12353867919076834, 0.02012114160042, 0.0, 0.0, 0.0, 0.3999997192012242, 0.4585321382281246, 0.663358073443358, 0.8570345447754957, 1.0, 1.0, 1.0, 1.0, 1.0, 1.0, 1.0, 1.0, 1.0, 1.0, 1.0, 1.0, 1.0, 1.0, 1.0, 1.0, 1.0, 1.0, 1.0, 1.0]","[1.0, 0.75, 0.5437412379768678, 0.40204952153104423, 0.3096127958565772, 0.25075053352182164, 0.20566441305935326, 0.1796636158242114, 0.15764987539054223, 0.14580446424275548, 0.25390754565899076, 0.5039075456028721, 0.2539075456028721, 0.12500000618349508, 0.12500000095499203, 0.1250000000094521, 0.12500000516106632, 0.16003958315199646, 0.12500000008652404, 0.125, 0.125, 0.15323121728106462, 0.27391360946093024, 0.31825999950788253, 0.30624593855880866, 0.3062459261984933, 0.30624591855734645, 0.37295655832553604, 0.3715004509179552, 0.37150044757078377, 0.3715004467673292, 0.37150044601719223, 0.3556744487624057, 0.3388813296447315, 0.25604507041538616, 0.12500000001713985, 0.12500000081155904, 0.1250000009541347, 0.1250000008062257, 0.12500000086162924, 0.12500000076882617, 0.12500000083570012, 0.1250000008397343, 0.12500000081056487, 0.12500000077068724, 0.12500000098380093, 0.1250000006346411, 0.1250000006346411]","[0.49, 0.49, 0.40426717356533914, 0.27771576423381417, 0.1811759823219554, 0.11537003809441189, 0.08836880001900164, 0.050961563339822116, 0.043146932005701015, 0.023217006605792866, -0.22053028686553802, -0.51, 0.49, 0.25265877766171113, 0.0, 0.0, -1.6169598378075018e-08, -0.07148074818893273, 0.06867758280832593, 0.0, 0.0, -0.05759168325337183, -0.250925117957546, -0.09046664022235877, 0.023547563685255575, 0.0, 0.0, -0.13608970529547557, 0.0028539707966689916, 0.0, 0.0, 0.0, 0.031018954880946654, 0.03291451372954008, 0.16235906834990277, 0.25684833824024916, 0.0, 0.0, 0.0, 0.0, 0.0, 0.0, 0.0, 0.0, 0.0, 0.0, 0.0, 0.0]","[0.3576520093195551, 0.0, 0.0, 0.0, 0.0, 0.0, 0.0, 0.09337916957694803, 0.24700612322346183, 0.21699906206091776, 0.32388826296845574, 0.7285920108722049, 0.4768044600154496, 0.24757803271430398, 0.40049164965583695, 0.08340026021449935, 0.0, 0.0, 0.0, 0.0, 0.0, -0.20345673344810145, -0.1212964542090491, 0.0, 0.0, 0.0, 0.0, 0.0, 0.04122719638782501, 0.4047445848664123, 0.6813051817327086, 0.8128404957726835, 1.109507661194347, 1.1740099289615222, 1.0866606276440656, 1.131183087283539, 0.6900605013901102, 0.746273176165729, 0.8715480301030909, 0.9828156961154404, 0.787009177212408, 0.9512745451869782, 0.913225166346718, 0.8379346036416238, 0.7025423985154217, 1.0331888647801462, 0.9948304465856016, 0.9624492495030218]","[0.024897787002112766, 0.029438272128479874, 0.02966330111806873, 0.029411537751961866, 0.03139376797132945, 0.0318144842233457, 0.0330998672201407, 0.032334586494658035, 0.030092853387204757, 0.03138797954134216, 0.03676708871695531, 0.04798385864381575, 0.04305008005413164, 0.04188144500775012, 0.03898202488964161, 0.04389106269485044, 0.046487363237165846, 0.058126804210208965, 0.07481101828698922, 0.08070986371805286, 0.09704937986591972, 0.11672329590419454, 0.1185342427423862, 0.10508763098143259, 0.12910477214419622, 0.12093387298422793, 0.09917665303285877, 0.09185559719530192, 0.08023136954863255, 0.062484778235578964, 0.05849256499196625, 0.05450205153955348, 0.05478437696300219, 0.059635019235133147, 0.058507303606996054, 0.05945849402050568, 0.04497434889008699, 0.04720129157803642, 0.0510832000875502, 0.04972140461863513, 0.048507108749307776, 0.05108942262264553, 0.05059349956363594, 0.04951265658682733, 0.04980365684842707, 0.0515645446295127, 0.05016140381455413, 0.05055390247147494]","[2.6433249864549238, 2.6435135281167494, 2.6058572585004507, 2.591890586553363, 2.584802438670948, 2.5767431451295524, 2.587978867663906, 2.5899975413693452, 2.5834816193138685, 2.6113621910925815, 2.5898044481863502, 2.590920908071931, 3.3717031159601163, 3.344015329290517, 3.365469676951465, 3.3662756897854065, 3.3186860705131145, 3.315823472825067, 3.31519434074867, 3.3299953275646867, 3.339522987929102, 3.328824161889328, 3.357244944083188, 3.380592834736858, 4.094961332605219, 4.092402156744475, 4.067203427890615, 4.069432053254211, 4.146380604304989, 4.117328261605498, 4.124890920326456, 4.085081969922388, 4.070593793979281, 4.0688564852513025, 4.12116865743176, 4.078474762183362, 3.3346780543160093, 3.348460474276619, 3.3620596431285144, 3.344769364145783, 3.321092921711903, 3.366358924372875, 3.374818055985407, 3.2947558009213944, 3.3149268258737266, 3.367976203746811, 3.372863721108211, 3.319917141525905]","[0.0, 0.0, 0.0, 0.0, 0.0, 0.0, 0.0, 0.0, 0.0, 0.0, 0.0, 0.0, 0.0, 0.2372206794736054, 0.5904302761823955, 0.847715193864975, 0.9608584370651592, 1.361470837492766, 1.6031061463764025, 1.769535599339922, 2.005204599146385, 2.0877509237543914, 2.3920674880674415, 2.2018819771838647, 2.3734035879905395, 2.2321679304464532, 1.94747442475777, 1.8974696536384223, 1.5591626122672269, 1.1460078321688207, 1.0320553635480274, 0.900927371269333, 0.6127908079293467, 0.43206936239466426, 0.35941112837046296, 0.22877585332913036, 0.15600946114737246, 0.09359194663845184, 0.0, 0.0, 0.0, 0.0, 0.0, 0.0, 0.0, 0.0, 0.0, 0.0]","[1.4205704500031517, 1.5264537332391315, 1.4610529118150053, 1.5414563464472029, 1.5883550924843957, 1.6409109546788465, 1.6268442274389554, 1.4779913694875522, 1.3234213413947302, 1.4025340237605441, 1.5232135601003902, 1.420312755769878, 1.4479487381445952, 1.6484392324190194, 1.413529717097084, 1.479051254694103, 1.5519341016053891, 1.6315792735553163, 1.594215782456709, 1.5176298890569677, 1.4112441816987316, 1.6188449507405465, 1.4559332046250533, 1.37426511459183, 1.4271152384176435, 1.5226359371325129, 1.5555475680762627, 1.5428731574788297, 1.6233681947028544, 1.629060616267985, 1.470022938476045, 1.4258161529646063, 1.3720607472179212, 1.4894976996795752, 1.5712451369505154, 1.5211259776301813, 1.533582386713075, 1.5557965844411288, 1.5415948128572399, 1.411675072814169, 1.5825907982067662, 1.4661738019964239, 1.5121863892619425, 1.5063337981273761, 1.662188028451373, 1.3863518840739602, 1.4281946776842602, 1.408021793304207]",nan,"[2, 2, 2, 2, 2, 2, 2, 2, 2, 2, 2, 2, 2, 2, 2, 2, 2, 2, 2, 2, 2, 2, 2, 2, 2, 2, 2, 2, 2, 2, 2, 2, 2, 2, 2, 2, 2, 2, 2, 2, 2, 2, 2, 2, 2, 2, 2, 2]","[4, 2, 1, 2, 2, 1, 2, 1, 1, 1, 1, 1, 1, 2, 1, 1, 1, 2, 6, 3, 4, 2, 4, 1, 2, 1, 2, 1, 2, 2, 1, 1, 1, 1, 1, 1, 1, 1, 1, 1, 1, 1, 1, 1, 1, 1, 1, 1]",48,0
33,Perfect-Global,98,test_id,id_actual,perfect_full_horizon,48,,1256.865175103056,1256.865175103056,0.0,,1800.5090000629425,37.51060416797797,1800.5090000629425,0,1,True,,100098,perfect_global_clean,48,48,True,,1.0,0.12500000000808184,"[22.26829253111444, 12.622679477037744, 10.133071209943067, 7.9025609016936755, 6.795416260611541, 6.16615, 6.16615, 9.198108409845272, 11.989488614171206, 11.474342581284034, 8.197587131595911, 10.343989876064523, 35.48962416393757, 6.953343558059499, 6.16615, 6.16615, 5.255757616918335, 3.1707633852439683, 3.3397039634863552, 3.791685551170778, 3.1275088047725403, 1.3023934320996209, 0.7141581516445707, 2.4586003092819477, 4.9251550771584425, 5.829576729760498, 6.166149789521688, 6.16614980667859, 6.16615, 6.16615, 25.111515304790245, 36.93887280257726, 66.43657325218624, 72.15380437506744, 76.18025906078427, 88.97096471224783, 48.6048740242294, 52.061952966392546, 54.25058525914851, 58.120153342394914, 51.41032306044813, 57.30984337212699, 56.17363271698547, 53.00087581952398, 48.399300298739206, 60.755567198942316, 58.33883630176892, 56.03423390160642]","[37.51060416797797, 37.51060416797797, 37.51060416797797, 37.51060416797797, 37.51060416797797, 37.51060416797797, 37.51060416797797, 37.51060416797797, 37.51060416797797, 37.51060416797797, 37.51060416797797, 37.51060416797797, 37.51060416797797, 37.51060416797797, 37.51060416797797, 37.51060416797797, 37.51060416797797, 37.51060416797797, 37.51060416797797, 37.51060416797797, 37.51060416797797, 37.51060416797797, 37.51060416797797, 37.51060416797797, 37.51060416797797, 37.51060416797797, 37.51060416797797, 37.51060416797797, 37.51060416797797, 37.51060416797797, 37.51060416797797, 37.51060416797797, 37.51060416797797, 37.51060416797797, 37.51060416797797, 37.51060416797797, 37.51060416797797, 37.51060416797797, 37.51060416797797, 37.51060416797797, 37.51060416797797, 37.51060416797797, 37.51060416797797, 37.51060416797797, 37.51060416797797, 37.51060416797797, 37.51060416797797, 37.51060416797797]",,relaxed_ramp,Relaxed ramp,Weaken DG inter-temporal coupling,High,Weak DG ramp,False,True,0.8,0.8,mpc_diagnostic,,0.0,full_day_optimization_objective,False,9,11378,0,6482,4752,48,1800.5090000629425,0.0013478019338743047,0.0013478019338743047,9,1,,,,,,,,,,,,,
33,MPC-3,99,test_id,id_actual,id_reliable,3,,1630.2411598524702,1295.9022053732995,25.79970564853392,,150.00500011444092,3.1251041690508523,24.32699990272522,0,0,True,,100099,pure_mpc_clean,4,48,True,,1.0,0.12500000139177297,"[9.323071714568005, 4.374505819774123, 4.7896795426406635, 4.4209071187166575, 9.647336481736724, 5.930050515372191, 9.392040181086376, 11.837716817494172, 15.214193665375191, 15.270249661929954, 21.99097949784357, 32.57919849264394, 33.47803661478924, 28.92475557231625, 22.668692760271774, 5.9873577233739175, 3.8001102417953003, 5.564816323523247, 3.0981619279532944, 1.8908493318661244, 1.3468279768867948, 0.0, 0.0, 0.0, 0.9887439986924419, 2.9880156780575455, 5.27284279057714, 14.914515883957682, 28.61032084083324, 26.328175427153084, 60.42833907770034, 87.45327082170233, 81.57907335706456, 114.12912405362026, 120.90661692983916, 123.42736198158636, 44.14764446128056, 64.01677199427584, 56.770094268867425, 49.25263787234281, 57.98511764556174, 61.76751969932913, 61.823705328835736, 53.75804316229389, 65.0729957060813, 74.03556383990924, 67.93887794359966, 55.11624910735103]","[12.038999795913696, 0.40599989891052246, 0.1490001678466797, 0.49000000953674316, 20.675999879837036, 0.13000011444091797, 16.81599998474121, 0.6970000267028809, 0.4270000457763672, 1.1000001430511475, 0.9710001945495605, 0.4090001583099365, 4.016000032424927, 0.5429999828338623, 2.6510000228881836, 0.39999985694885254, 0.5460000038146973, 0.9309999942779541, 0.6600000858306885, 7.80400013923645, 9.772000074386597, 0.6460001468658447, 24.32699990272522, 13.492000102996826, 7.700999975204468, 2.9079999923706055, 0.1359999179840088, 6.723999977111816, 3.565000057220459, 2.871000051498413, 0.5729999542236328, 0.4869999885559082, 0.9980001449584961, 0.5139999389648438, 0.4759998321533203, 0.1660001277923584, 0.3689999580383301, 0.17399978637695312, 0.2649998664855957, 0.3510000705718994, 0.2720000743865967, 0.2390000820159912, 0.2649998664855957, 0.40199995040893555, 0.15999984741210938, 0.13700008392333984, 0.11699986457824707, 0.03699994087219238]",,relaxed_ramp,Relaxed ramp,Weaken DG inter-temporal coupling,High,Weak DG ramp,False,True,0.8,0.8,mpc_diagnostic,,25.79970564853392,,,,698.125,0.0,398.5,290.8125,2.9375,3.1251041690508523,0.0008456358083073497,0.000998593857493009,2.0,1.0,"[0.4, 0.7094788745157806, 0.7768036130085147, 0.7170034154436529, 1.0, 0.9617175540089966, 1.0, 1.0, 1.0, 1.0, 1.0, 1.0, 1.0, 1.0, 1.0, 0.9710097067378036, 0.6163317470552699, 0.9024953853670372, 0.5024953853670372, 0.3066912887225736, 0.21845606358928005, 0.0, 0.0, 0.0, 0.16037650490992617, 0.4846322899471681, 0.8551513394271083, 1.0, 1.0, 1.0, 1.0, 1.0, 1.0, 1.0, 1.0, 1.0, 1.0, 1.0, 1.0, 1.0, 1.0, 1.0, 1.0, 1.0, 1.0, 1.0, 1.0, 1.0]","[1.0, 0.75, 0.5403481646924196, 0.4018068352190244, 0.30655815530736863, 0.23817624460390102, 0.19047735086671216, 0.1697345154790287, 0.16238258378728318, 0.15115755176777843, 0.25824234909274846, 0.5082423490365608, 0.25824234903656085, 0.12500000359957672, 0.12500000201138678, 0.1263500800771935, 0.12500002866622856, 0.1250000123925619, 0.17955876763523995, 0.1250001910545861, 0.1250000076253057, 0.17752274480890837, 0.2277929575598959, 0.47779295737907335, 0.4167096652819082, 0.4072193443350166, 0.4068922313417805, 0.4068922313417805, 0.4068922313417805, 0.4068922313417805, 0.4068922313417805, 0.4068922313417805, 0.3956645157831223, 0.3658990159572918, 0.26520532029980465, 0.1250000000172189, 0.12500000077055734, 0.12500000114599844, 0.12500000137664932, 0.12500000157024274, 0.12500000178699067, 0.12500000165076555, 0.12500000181129478, 0.12500000198735692, 0.12500000210756354, 0.12500000184488905, 0.12500000139177297, 0.12500000139177297]","[0.49, 0.49, 0.41091528462568827, 0.2715410057678548, 0.18668741262684527, 0.1340285488935854, 0.0934898324844152, 0.04065595811635109, 0.014409786868952015, 0.02200106351260935, -0.21845298731603777, -0.51, 0.49, 0.2611549974553998, 0.0, -0.0028340959397632386, 0.0026461048237505693, 0.0, -0.11129986069506326, 0.10693481009808156, 0.0, -0.10714638385454944, -0.10255123401201456, -0.51, 0.11972325251044366, 0.018601029055907572, 0.0006385089493433504, 0.0, 0.0, 0.0, 0.0, 0.0, 0.022006322494970088, 0.058340379658627727, 0.19735964374795162, 0.2748024280125405, 0.0, 0.0, 0.0, 0.0, 0.0, 0.0, 0.0, 0.0, 0.0, 0.0, 0.0, 0.0]","[0.21427811608025016, 0.0, -1.7376118783483914e-06, 0.0, 0.10878707755427262, 0.0, 0.10080906815894924, 0.17723646304669288, 0.2827513645429747, 0.28450311443531107, 0.49452592180761157, 0.8254077653951231, 0.4440957173136462, 0.3700586271921341, 0.26833402862230527, -4.890485227971951e-05, 0.0, 0.0, -0.0033233422536379045, 0.0, 0.0, -0.027804752174544027, 0.0, -0.03397620221384994, 0.0, 0.0, -2.1127512434679804e-06, 0.09457692847521817, 0.24263968476576472, 0.21796784245570902, 0.5866182602994632, 0.8787796845589442, 0.8152748471034006, 1.167167287066165, 1.2404374803225855, 1.267688778179312, 0.6175852757931798, 0.9406605202321275, 0.8228283620954052, 0.7005932987372814, 0.8425848397652316, 0.9040873121842135, 0.9050008996558656, 0.773851921338112, 0.9578348895297772, 1.1035677047139714, 1.0044346007089378, 0.7959365708512363]","[0.02620378243412391, 0.029391564634546955, 0.028411929889538685, 0.029970044439147404, 0.029383785151021635, 0.03237322216712658, 0.03081700814539301, 0.030706274837214394, 0.029926041258982263, 0.030712089516431926, 0.03629411311176444, 0.04952612865229316, 0.04244089874011965, 0.040905973971481206, 0.04059406495474267, 0.045029301883678215, 0.05082604861851339, 0.04684646953809786, 0.07023310634373092, 0.07341469846803425, 0.08347789502124517, 0.10674788163063775, 0.10374661376580584, 0.1087577647033962, 0.13620744795240483, 0.12617669537118897, 0.09281252909169564, 0.0887078443155716, 0.06911169636052526, 0.06663608866937393, 0.060271804296477945, 0.05370181135616731, 0.05673096151538274, 0.05747688414667469, 0.05947669775356495, 0.05985657707858428, 0.04377184576392174, 0.04816867844988969, 0.04819654294467741, 0.0491084670985465, 0.05042183852683756, 0.05037084261359422, 0.049172899872419136, 0.049727473917631125, 0.04874544093577675, 0.052040470129558834, 0.05068754226116103, 0.04994417999041645]","[2.5612588227034383, 2.612104255378208, 2.5806287390176346, 2.5921114724445573, 2.617657619108123, 2.6000474966054354, 2.5781711264584306, 2.5696251765205753, 2.555383445433101, 2.647622605876661, 2.590210313978032, 2.605650239453154, 3.371143417020363, 3.358140743245938, 3.3614534385928434, 3.3039551400403924, 3.2986769680037584, 3.3113729194575434, 3.3708142478604755, 3.348053414111716, 3.3179162225650107, 3.34127836761329, 3.394599826276336, 3.320862180773066, 4.047679799377627, 4.1382911372294355, 4.088161387606893, 4.093363727742387, 4.078495413784447, 4.034296308562382, 4.151919216287328, 4.068375912702415, 4.156317196273024, 4.0673676325550625, 4.105128196605712, 4.055929891657084, 3.313441790687732, 3.39972537907277, 3.2893475030142487, 3.305340051826576, 3.3778803715110235, 3.3544704210608307, 3.35229864855172, 3.366733954496375, 3.321268812156693, 3.322640387044882, 3.343939277465299, 3.374617448999673]","[0.0, 0.0, 0.0, 0.0, 0.0, 0.0, 0.0, 0.0, 0.0, 0.0, 0.0, 0.0, 0.0, 0.23248168123254004, 0.6636512738334879, 0.8673542767692071, 1.1096436049892955, 1.0363087164510238, 1.5591867335616372, 1.5830379123809089, 1.8646888871935297, 2.1795802597712863, 2.196916123868093, 2.5010639385394144, 2.3534607418841147, 2.305055417454242, 1.8193226421802977, 1.8365532137407066, 1.3900119946403235, 1.316926063917349, 1.0965847118481848, 0.7664069637056471, 0.6794454568933369, 0.47811690511929195, 0.2926391866537409, 0.22336417626215932, 0.15117402403310906, 0.09685319756106017, 0.0, 0.0, 0.0, 0.0, 0.0, 0.0, 0.0, 0.0, 0.0, 0.0]","[1.483184381233881, 1.442016918928085, 1.4213235283629597, 1.6335370523183672, 1.3515664498772573, 1.5366746200826964, 1.4146890603546445, 1.382439002614498, 1.2881483083629814, 1.3718304854745331, 1.350431491902915, 1.3397686026481817, 1.4794885627157521, 1.5353513612855751, 1.4700621400481844, 1.5135034810086692, 1.6208815063552364, 1.4194152556347603, 1.493988438224219, 1.4248033357558563, 1.3182485477599974, 1.4033971255017346, 1.4039805831204464, 1.4725321180366606, 1.5503267678234207, 1.4561791006790379, 1.5058636005977724, 1.25094142891847, 1.5149554277708337, 1.5660384893429156, 1.5289880464639656, 1.4768910711170675, 1.6963215315773092, 1.4212199451370344, 1.4341685839140101, 1.3499310865611047, 1.5884543381994292, 1.410380340535973, 1.5147156845979188, 1.653855169004618, 1.585717371079027, 1.5007539512682078, 1.4964706494758486, 1.6426094586016269, 1.4121793641962455, 1.271113151987553, 1.3901922181668533, 1.6286250554628108]",nan,"[2, 2, 2, 2, 2, 2, 2, 2, 2, 2, 2, 2, 2, 2, 2, 2, 2, 2, 2, 2, 2, 2, 2, 2, 2, 2, 2, 2, 2, 2, 2, 2, 2, 2, 2, 2, 2, 2, 2, 2, 2, 2, 2, 2, 2, 2, 2, 2]","[3, 3, 1, 2, 2, 1, 2, 1, 1, 1, 1, 1, 1, 1, 1, 1, 2, 1, 1, 4, 1, 2, 5, 2, 1, 1, 1, 2, 1, 1, 1, 1, 1, 1, 1, 1, 1, 1, 1, 1, 1, 1, 1, 1, 1, 1, 1, 1]",48,0
33,Perfect-Global,99,test_id,id_actual,perfect_full_horizon,48,,1295.9022053732995,1295.9022053732995,0.0,,1800.6870000362396,37.51431250075499,1800.6870000362396,0,1,True,,100099,perfect_global_clean,48,48,True,,1.0,0.125,"[19.365604851774926, 14.240459144892796, 10.455299212546503, 6.16615, 12.314418299746878, 8.801309171011651, 10.449907995869124, 10.905447831804116, 12.515079186044973, 13.120145479250784, 12.149329629651746, 12.447222700180417, 33.47803887843884, 14.970721622690693, 6.16615, 6.1661444681471185, 6.16615, 6.16615, 5.436538478138033, 5.580021699904026, 4.371811739051974, 2.164541046002227, 2.3879985981260177, 1.2782872474106313, 3.7446564749536573, 6.093985354357992, 6.16615, 6.16615, 6.16615, 6.16615, 16.582138395186583, 42.6894786695615, 38.81793804739044, 74.01801669346943, 93.51729679202758, 103.188644977129, 44.14764424648198, 60.99961160646922, 52.17636207749463, 48.44076166719435, 53.97384793274489, 55.42517710776369, 56.24906066319298, 51.37362722041967, 57.98556333059931, 61.51550107048431, 59.971436021712705, 53.06392974398214]","[37.51431250075499, 37.51431250075499, 37.51431250075499, 37.51431250075499, 37.51431250075499, 37.51431250075499, 37.51431250075499, 37.51431250075499, 37.51431250075499, 37.51431250075499, 37.51431250075499, 37.51431250075499, 37.51431250075499, 37.51431250075499, 37.51431250075499, 37.51431250075499, 37.51431250075499, 37.51431250075499, 37.51431250075499, 37.51431250075499, 37.51431250075499, 37.51431250075499, 37.51431250075499, 37.51431250075499, 37.51431250075499, 37.51431250075499, 37.51431250075499, 37.51431250075499, 37.51431250075499, 37.51431250075499, 37.51431250075499, 37.51431250075499, 37.51431250075499, 37.51431250075499, 37.51431250075499, 37.51431250075499, 37.51431250075499, 37.51431250075499, 37.51431250075499, 37.51431250075499, 37.51431250075499, 37.51431250075499, 37.51431250075499, 37.51431250075499, 37.51431250075499, 37.51431250075499, 37.51431250075499, 37.51431250075499]",,relaxed_ramp,Relaxed ramp,Weaken DG inter-temporal coupling,High,Weak DG ramp,False,True,0.8,0.8,mpc_diagnostic,,0.0,full_day_optimization_objective,False,9,11378,0,6482,4752,48,1800.6870000362396,0.0013340783393884976,0.0013340783393884976,9,4,,,,,,,,,,,,,
33,MPC-3,80,test_id,id_actual,id_reliable,3,,1517.3324354061097,1270.1374310109813,19.462067518029954,,104.96099853515625,2.186687469482422,24.58799982070923,0,0,True,,100080,pure_mpc_clean,4,48,True,,1.0,0.12499999981240448,"[8.089600287370533, 4.7193251072302385, 5.149369785439953, 6.166149232168917, 5.4512867056137315, 10.920823419733567, 5.471092725516575, 14.012644555947027, 23.698248034746854, 5.924429684053089, 21.87052927162579, 14.380841182231256, 70.01930000355861, 42.735227737795825, 16.729211444862166, 6.05817573939905, 5.596251766046172, 3.401141273113239, 0.9355092251394453, 1.0057566604690171, 0.0, 0.0, 0.0, 0.0, 2.278806927985205, 3.741357771645505, 5.878686536068659, 6.16615, 24.15620462490387, 28.07475804514067, 44.94363791451487, 55.28385524298517, 69.63406047269206, 88.35724720347741, 63.991756964137906, 82.17951154897942, 54.948229580248494, 53.22107300300382, 57.48786780032169, 64.91739168780401, 68.34676188682491, 72.96463276920848, 64.23449078789767, 68.61881909013077, 73.49270234147335, 65.14875871021074, 64.8075355519945, 62.123225102399324]","[16.204999923706055, 0.09999990463256836, 0.1100001335144043, 0.08099985122680664, 0.39499998092651367, 13.085999965667725, 0.43900012969970703, 5.124000072479248, 3.049999952316284, 0.09400010108947754, 0.3339998722076416, 0.3959999084472656, 0.38499999046325684, 0.4049999713897705, 0.9099998474121094, 0.20199990272521973, 0.18499994277954102, 5.947000026702881, 0.07299995422363281, 9.128000020980835, 0.7769999504089355, 0.4789998531341553, 0.05200004577636719, 0.75, 5.823999881744385, 3.888000011444092, 0.16300010681152344, 24.58799982070923, 5.082000017166138, 1.5850000381469727, 0.7730000019073486, 0.1549999713897705, 0.5439999103546143, 0.14700007438659668, 0.49000000953674316, 0.5350000858306885, 0.3959999084472656, 0.4589998722076416, 0.18199992179870605, 0.33699989318847656, 0.15899991989135742, 0.14599990844726562, 0.14699983596801758, 0.1659998893737793, 0.1790001392364502, 0.15199995040893555, 0.11400008201599121, 0.042999982833862305]",,flat_price_relaxed_ramp,Flat price + relaxed ramp,Remove dominant long-term effects,Removed,Weak DG ramp,True,True,0.8,0.8,mpc_diagnostic,,19.462067518029954,,,,698.125,0.0,398.5,290.8125,2.9375,2.186687469482422,0.0008175397434883983,0.000999653082533369,2.0,1.0,"[0.3999996395401697, 0.7653950334976722, 0.8351297018625022, 0.9999998755006472, 0.8840864524428033, 1.0, 0.887298026451355, 1.0, 1.0, 0.9608061551013183, 1.0, 1.0, 1.0, 1.0, 1.0, 0.9824925408134284, 0.9075926482368893, 0.551630770290945, 0.15174195969028922, 0.16313590937138264, 0.0, 0.0, 0.0, 0.0, 0.3696125665003004, 0.6068039348943659, 0.9533890453714073, 1.0, 1.0, 1.0, 1.0, 1.0, 1.0, 1.0, 1.0, 1.0, 1.0, 1.0, 1.0, 1.0, 1.0, 1.0, 1.0, 1.0, 1.0, 1.0, 1.0, 1.0]","[1.0, 0.75, 0.5447014367719003, 0.3943862293122816, 0.3065362346587591, 0.24646306127687265, 0.19895776345333455, 0.1716389027663728, 0.1484998182742224, 0.14189734190007136, 0.14189734187063444, 0.14189734193012657, 0.12500000066145633, 0.12500000031903366, 0.12500000027351504, 0.14408936713535483, 0.12500004262357417, 0.12500002297397353, 0.12500123330540217, 0.12500000008660717, 0.21568879020627135, 0.26071158416542206, 0.33695450719013137, 0.4441686979776358, 0.4206132766642862, 0.4153902831319682, 0.4110339826344287, 0.41532796393574767, 0.4153277731031585, 0.4153277731031585, 0.4153277731031585, 0.4153277731031585, 0.3920703853668045, 0.3558612574929856, 0.2699110292079092, 0.15242988019735754, 0.1524298793978134, 0.15242987809349656, 0.15129485490272557, 0.148740020464054, 0.12714419914276184, 0.12714419335806668, 0.12591545364459295, 0.12591544323572992, 0.12591539904566554, 0.1259153493900958, 0.12567357402736054, 0.12499999981240448]","[0.49, 0.49, 0.40238518392707545, 0.2946178066208527, 0.17218598952090414, 0.11774341982849748, 0.0931103876496198, 0.05354496733835018, 0.04535260599480139, 0.012940857591547365, 0.0, 0.0, 0.033118789267433245, 0.0, 0.0, -0.03894231257715209, 0.03741508008011884, 0.0, -7.353693853803307e-06, 2.4212674286624014e-06, -0.18500513184411496, -0.09184649967666747, -0.16248944240604501, -0.21871694920650908, 0.046168625774165195, 0.010237067323343342, 0.008535912582607006, -0.008759721854690703, 3.740318748230517e-07, 0.0, 0.0, 0.0, 0.04558447996325385, 0.07096989063268508, 0.16846244782944972, 0.23026305244741962, 0.0, 0.0, 0.002224645836344902, 0.0050074758825111474, 0.04232781017206755, 0.0, 0.0024083302213586855, 0.0, 8.699473291727622e-08, 9.770534345296485e-08, 0.0004738800937251061, 0.0013202054613138928]","[0.09088372541306512, 0.0, 0.0, 0.0, 0.0, 0.0768432067835728, 0.0, 0.12681203322742668, 0.28334703894540375, 0.0, 0.2538081498444572, 0.13276268577343445, 1.0319701010676139, 0.5910153977825587, 0.17071614456342896, 0.0, 0.0, 0.0, -2.0785874247740848e-06, 0.0, -0.052355807332034494, -0.07392703662225841, -0.44853215606857405, -0.44229418996986974, 0.0, 0.0, -2.020786851327058e-06, 0.0, 0.290748357574204, 0.35407851386085926, 0.6267068753860989, 0.793821498876528, 1.0257440076394677, 1.3283409649046853, 0.9345552640668752, 1.2284987725087584, 0.7883972457413898, 0.7604836040889507, 0.8294419038435829, 0.9495150171766306, 1.0049391820092914, 1.0795714386942783, 0.9384782349559219, 1.0093360661031237, 1.088105896427852, 0.9532542821852242, 0.947739564476679, 0.9043567693317063]","[0.03292099102178235, 0.02929344174127552, 0.028263526880933126, 0.028700787448225674, 0.03146659020423965, 0.030814772062355694, 0.03162686460681226, 0.0303144827110443, 0.03133862087390666, 0.03431578175287214, 0.03004125441960657, 0.032977551784778125, 0.04937898246655972, 0.04216446819959995, 0.04174241448639153, 0.046371637020222296, 0.04877876746311885, 0.05977386713891277, 0.07159184753695787, 0.07656155891766916, 0.10038321693124497, 0.11829672146391691, 0.16162024339590575, 0.15409839179938423, 0.1324241684149452, 0.11620898739949433, 0.09662083727177569, 0.08648334078966205, 0.07059867794361345, 0.06192580826526381, 0.05663559215069599, 0.055171804581125264, 0.05618126878725701, 0.06059165718733846, 0.05998128528983443, 0.06279563892995381, 0.04596109889787295, 0.046543385842832234, 0.04841296943705732, 0.048993864110021094, 0.04912695786136914, 0.04997761877692025, 0.05050342710237262, 0.04928804608048911, 0.052264312077834794, 0.04935907008928092, 0.05117239749841042, 0.04881717676840553]","[2.7132089191123425, 2.6088374394562495, 2.5628593867992686, 2.564212480438701, 2.584745443009836, 2.6104840409062655, 2.571779950943961, 2.568325409757719, 2.611434030929823, 2.5966378724417516, 2.5676425932718017, 2.6227183115077537, 3.3413843606459896, 3.317244808256567, 3.379348272315224, 3.3373979030086294, 3.3437969275082597, 3.3671512929798793, 3.3760173159499924, 3.3064905868741383, 3.339738337990356, 3.3533014057877955, 3.340860478391098, 3.350634203687415, 4.104128738089579, 4.101242564656378, 4.090079642291502, 4.127868819061592, 4.130195864594892, 4.058102032715038, 4.1031662446956165, 4.08043217259036, 4.106604983217476, 4.102001025499306, 4.090534978435265, 4.138713804272314, 3.3976452430891904, 3.3771898471780073, 3.319674877517964, 3.3454392241131448, 3.342387902819633, 3.3826620038194175, 3.3357258168705, 3.332130252121777, 3.2903453459754184, 3.322519195856787, 3.333833065763846, 3.3614080882715576]","[0.0, 0.0, 0.0, 0.0, 0.0, 0.0, 0.0, 0.0, 0.0, 0.0, 0.0, 0.0, 0.0, 0.2714931373609537, 0.5903959433733065, 0.9436496727515377, 1.00563220640961, 1.3719636461126852, 1.5547793214703711, 1.711720382074807, 2.114008177240559, 2.297236608317033, 2.4879912570617635, 2.5583176156757474, 2.3852881857272754, 2.176627516886669, 1.9120041113743236, 1.7046525488479725, 1.4565625283379555, 1.2139612921355032, 0.9952610536154478, 0.8516663316842352, 0.6115842181940371, 0.3875042958821095, 0.3359269714713186, 0.23155402805374803, 0.15489519551388106, 0.11253658656737825, 0.0, 0.0, 0.0, 0.0, 0.0, 0.0, 0.0, 0.0, 0.0, 0.0]","[1.7652460862453716, 1.382735918770104, 1.3536080321561026, 1.2982955900012332, 1.5599395561397391, 1.4467116529208324, 1.6229983714069798, 1.4182828590954828, 1.3140729513778264, 1.6572066457014154, 1.3438756728140802, 1.5229331475603671, 1.3256744018504498, 1.496900686343137, 1.6599785495405905, 1.4965696351676938, 1.4419357645883517, 1.5033299401143632, 1.7410973600623083, 1.5081920779607163, 1.5634743168571927, 1.3401350552336064, 1.6255110630246756, 1.607426118987472, 1.435483533051794, 1.4237829193881661, 1.3127734310230537, 1.5184589206998682, 1.4534832830223756, 1.5519880201710197, 1.53783389451238, 1.4901161329780854, 1.4798735466302906, 1.3757775316860856, 1.7115715807785865, 1.511193590612758, 1.5003138531463762, 1.5507129831405893, 1.5364212977001213, 1.4399105955802927, 1.344247868915517, 1.3530681726081522, 1.4453426792120885, 1.3720822117315459, 1.2545036750463276, 1.4186238864792746, 1.4367920191081718, 1.5045482906853482]",nan,"[2, 2, 2, 2, 2, 2, 2, 2, 2, 2, 2, 2, 2, 2, 2, 2, 2, 2, 2, 2, 2, 2, 2, 2, 2, 2, 2, 2, 2, 2, 2, 2, 2, 2, 2, 2, 2, 2, 2, 2, 2, 2, 2, 2, 2, 2, 2, 2]","[3, 2, 1, 1, 1, 4, 1, 1, 2, 1, 1, 1, 1, 1, 1, 1, 1, 2, 1, 8, 1, 2, 1, 1, 1, 2, 1, 4, 1, 2, 1, 1, 1, 1, 1, 1, 1, 1, 1, 1, 1, 1, 1, 1, 1, 1, 1, 1]",48,0
33,Perfect-Global,80,test_id,id_actual,perfect_full_horizon,48,,1270.1374310109813,1270.1374310109813,0.0,,1800.8670001029968,37.51806250214577,1800.8670001029968,0,1,True,,100080,perfect_global_clean,48,48,True,,1.0,0.12500000000813966,"[26.327807986583025, 20.44386157896705, 10.586435227077876, 12.676191493981499, 6.16615, 9.0846985351042, 6.16615, 7.761548229890605, 13.250146156443618, 6.16615, 11.452550086124008, 7.186528630614822, 41.192729455610895, 33.467205431622844, 16.729214322587502, 6.16615, 6.16615, 6.16615, 3.9891165841733187, 4.044063789965588, 1.5776461336848306, 1.9410214126672483, 0.5954162291178232, 3.061680944009063, 5.528329659400186, 6.16615, 6.16615, 6.16615, 24.156226852074887, 28.07475871916592, 44.94363868760755, 55.28385602470651, 72.27917461447575, 76.7961346438567, 63.57915511708096, 72.03058812049693, 45.165906202984196, 43.18944895855193, 41.2900587654745, 44.979886084145754, 47.475196132623246, 50.54819721433107, 44.876718021853556, 47.04183479433746, 48.16342780703945, 45.16878637301448, 44.99009985672539, 43.7127961328092]","[37.51806250214577, 37.51806250214577, 37.51806250214577, 37.51806250214577, 37.51806250214577, 37.51806250214577, 37.51806250214577, 37.51806250214577, 37.51806250214577, 37.51806250214577, 37.51806250214577, 37.51806250214577, 37.51806250214577, 37.51806250214577, 37.51806250214577, 37.51806250214577, 37.51806250214577, 37.51806250214577, 37.51806250214577, 37.51806250214577, 37.51806250214577, 37.51806250214577, 37.51806250214577, 37.51806250214577, 37.51806250214577, 37.51806250214577, 37.51806250214577, 37.51806250214577, 37.51806250214577, 37.51806250214577, 37.51806250214577, 37.51806250214577, 37.51806250214577, 37.51806250214577, 37.51806250214577, 37.51806250214577, 37.51806250214577, 37.51806250214577, 37.51806250214577, 37.51806250214577, 37.51806250214577, 37.51806250214577, 37.51806250214577, 37.51806250214577, 37.51806250214577, 37.51806250214577, 37.51806250214577, 37.51806250214577]",,flat_price_relaxed_ramp,Flat price + relaxed ramp,Remove dominant long-term effects,Removed,Weak DG ramp,True,True,0.8,0.8,mpc_diagnostic,,0.0,full_day_optimization_objective,False,9,11378,0,6482,4752,48,1800.8670001029968,0.0020421998895169997,0.0020421998895169997,9,2,,,,,,,,,,,,,
33,MPC-3,81,test_id,id_actual,id_reliable,3,,1467.7337237527818,1194.9854831736363,22.824397820698376,,123.72299933433533,2.577562486131986,13.95900011062622,0,0,True,,100081,pure_mpc_clean,4,48,True,,1.0,0.12499999981137172,"[32.86872823360257, 3.4249469305969287, 4.082558824850839, 5.942191621717788, 5.244408597099451, 20.21785971176177, 5.642497912603961, 11.229436271061354, 11.895839764050393, 12.258993379867434, 18.705393564880723, 13.43555542803881, 54.882441045141675, 46.229599160142335, 10.145991992423456, 5.70448193288238, 5.415104073174727, 3.685038322552169, 2.665842917821221, 0.4458633644441539, 1.1324622771763058, 0.0, 0.0, 0.0, 2.4661718364915175, 4.840674290909594, 3.989535850136914, 6.16615, 14.960634381196716, 25.712142901716383, 43.046753207927225, 60.84080996903703, 67.30643898731316, 70.31583522115419, 80.57527060814346, 80.40932018298057, 55.97073602302674, 66.38311877152498, 57.97020253419968, 77.12472346961943, 71.63345103983768, 60.58394384582791, 49.994573515919434, 56.3692562678736, 57.26644195375356, 55.447062856057386, 60.60165405874506, 62.50358665349907]","[8.046000003814697, 0.4240000247955322, 0.11800003051757812, 0.09000015258789062, 0.502000093460083, 7.908999919891357, 0.3919999599456787, 9.845999956130981, 7.569999933242798, 2.2099997997283936, 0.4780001640319824, 0.36500000953674316, 0.3060002326965332, 0.375, 3.3499999046325684, 0.19099998474121094, 0.16300010681152344, 5.111999988555908, 6.505999803543091, 13.95900011062622, 10.483000040054321, 0.6359999179840088, 8.218000173568726, 12.400999784469604, 5.082000017166138, 0.44499993324279785, 1.0280001163482666, 3.376999855041504, 5.448999881744385, 2.194000005722046, 0.8859999179840088, 0.16700005531311035, 0.1700000762939453, 0.5150001049041748, 0.4570000171661377, 0.6349999904632568, 0.4609999656677246, 0.24099993705749512, 0.48000001907348633, 0.16899991035461426, 0.1659998893737793, 0.37199997901916504, 0.4799997806549072, 0.3789999485015869, 0.3879997730255127, 0.3619999885559082, 0.13100004196166992, 0.03900003433227539]",,flat_price_relaxed_ramp,Flat price + relaxed ramp,Remove dominant long-term effects,Removed,Weak DG ramp,True,True,0.8,0.8,mpc_diagnostic,,22.824397820698376,,,,698.125,0.0,398.5,290.8125,2.9375,2.577562486131986,0.0008717771190019752,0.000999457953044185,2.0,1.0,"[0.4, 0.5554913901613925, 0.6621355755726018, 0.9636861924954233, 0.8505406359907679, 1.0, 0.915091451150001, 1.0, 0.9999995826838214, 1.0, 1.0, 1.0, 1.0, 1.0, 1.0, 0.9251421126478018, 0.8782193772934318, 0.5976706494466163, 0.43238283715517256, 0.0723212820870798, 0.1836871001444285, 0.0, 0.0, 0.0, 0.39999997348185706, 0.7850728203326425, 0.6470504125829415, 1.0, 1.0, 1.0, 1.0, 1.0, 1.0, 1.0, 1.0, 1.0, 1.0, 1.0, 1.0, 1.0, 1.0, 1.0, 1.0, 1.0, 1.0, 1.0, 1.0, 1.0]","[1.0, 0.75, 0.5452329588936673, 0.41533991387299707, 0.3189466399762678, 0.2436865004975546, 0.19930466719077097, 0.17547365490653336, 0.1526716346036571, 0.15267073279032678, 0.1526707327200377, 0.1526707326995928, 0.12500000101474532, 0.1250000005734801, 0.12500000000927133, 0.1250000043708437, 0.1250000060003212, 0.12500000603882994, 0.12500000455785135, 0.12500000008625442, 0.12500000008575918, 0.14124860800666603, 0.25571638981398404, 0.42088014641941246, 0.3352334397248741, 0.3349767893013338, 0.33497677771610734, 0.3609893628645383, 0.3609893617297097, 0.36098936086903144, 0.360989359610243, 0.36098935805674237, 0.36098933661201504, 0.3493843737747452, 0.2772291948266017, 0.163109675254324, 0.16310967382541716, 0.16310967038122556, 0.14464264453363845, 0.14143982457718576, 0.1355302768786513, 0.12798950629747297, 0.1279895009232442, 0.12798949642689483, 0.12500007008069539, 0.1250000514234731, 0.12500003059906173, 0.12499999981137172]","[0.49, 0.49, 0.4013434005684121, 0.2545903682405137, 0.18893081683758928, 0.14750987377083769, 0.08698839719179066, 0.04670878446919431, 0.04469196017036047, 1.767940885905878e-06, 0.0, 0.0, 0.05423463448780722, 0.0, 0.0, 0.0, 0.0, 0.0, 0.0, 0.0, 0.0, -0.03314716015864997, -0.23832184047224547, -0.3369340680610433, 0.16786754512129512, 0.0005003263786330919, 0.0, -0.05306567414889695, 0.0, 0.0, 0.0, 0.0, 4.24282329104309e-08, 0.022745727551089827, 0.14142415112522533, 0.22367425874909844, 0.0, 0.0, 0.03619537104563769, 0.00627752749484215, 0.01158271387125647, 0.014779910722825989, 0.0, 0.0, 0.005859276022395367, 3.686161678064417e-08, 4.116845876113667e-08, 6.034387242916966e-08]","[0.49135444417943536, 0.0, 0.0, 0.0, 0.0, 0.22709833877594773, 0.0, 0.08183088922927441, 0.09260108828743965, 0.09847019603826156, 0.20265444145261777, 0.11748534025113229, 0.7873339966891584, 0.6474900874366438, 0.06432067866542958, 0.0, 0.0, 0.0, 0.0, 0.0, 0.0, -0.08410722539164094, -0.11959679254982575, 0.0, 0.0, -2.020725539297023e-06, 0.0, 0.0, 0.14213308090822974, 0.31589483477521424, 0.5960501528553894, 0.8836308681864571, 0.988125882623243, 1.036762589432795, 1.2025716461922173, 1.1998896191188777, 0.8049226023923512, 0.9732035357014137, 0.8372372126739341, 1.146805227791829, 1.0580573905428312, 0.8794794964982289, 0.7083381578330413, 0.8113633336221996, 0.8258633043030877, 0.7964591976736547, 0.8797657221615364, 0.9105040267232173]","[0.02572457630283221, 0.030035065088278697, 0.02943626479120827, 0.029097519189749017, 0.03172421661515694, 0.029641936632148196, 0.03309283161102977, 0.03134532607479121, 0.03245617215241976, 0.03355816778506904, 0.03328589542939336, 0.033521149755598965, 0.048470838550600345, 0.04293429646434356, 0.04457537603796742, 0.0483004039179698, 0.04741152525172782, 0.05419272871949396, 0.06550625854645763, 0.0863976630566539, 0.0957217451601054, 0.10550886956412774, 0.13684980624096826, 0.1015460433936535, 0.1224457420577898, 0.09894043403967082, 0.10961159994324071, 0.07855185014621212, 0.07378219263922886, 0.06711941581190013, 0.05783465114888295, 0.05528172660012764, 0.05479358177144555, 0.056993753942095764, 0.060223944731107745, 0.060929515638599704, 0.04561834748830771, 0.04703693238185627, 0.04738518826898981, 0.05095980277160213, 0.0491420229894104, 0.04993465424248434, 0.051191608223448204, 0.05041776375545461, 0.049509308409772024, 0.05079356728332715, 0.04830462737816096, 0.05179982317666418]","[2.685283393583955, 2.595427948046338, 2.5998746895187845, 2.58831741550506, 2.597409261724422, 2.637581923879786, 2.59364918093377, 2.5831731382207015, 2.617016450528968, 2.5944647207977733, 2.650015712561016, 2.5992595972605113, 3.3980804786072563, 3.3751603029209583, 3.356584181126108, 3.3842866226336055, 3.3447385442431106, 3.305814420007008, 3.3412319986046493, 3.354550245922482, 3.372780544253877, 3.303649038485524, 3.312120714277433, 3.301280125276448, 4.092527987105706, 4.103397650432869, 4.09633948615209, 4.082269028084282, 4.102060187714434, 4.111667701899945, 4.074119847636103, 4.1026730188380505, 4.0692538890573395, 4.095942858967989, 4.091854493485501, 4.1036176582754536, 3.379257923921622, 3.3505620095735598, 3.3158183195650084, 3.355504301563778, 3.328690919981976, 3.37374376554219, 3.373226499205291, 3.3585399079124976, 3.349109661914482, 3.3817570358115945, 3.3005727235741427, 3.3845052556417423]","[0.0, 0.0, 0.0, 0.0, 0.0, 0.0, 0.0, 0.0, 0.0, 0.0, 0.0, 0.0, 0.0, 0.25228914067079333, 0.7173702150289141, 0.9571362345173189, 1.0164010012496143, 1.2095994193355355, 1.4983678035252288, 1.8626544721766578, 2.040533526107394, 2.027084579666436, 2.227288990495797, 2.334098286279889, 2.172818114868093, 1.9669721265690383, 2.0938242864016914, 1.5595027702599875, 1.4874741539190852, 1.3690737127398762, 1.084934243739314, 0.8807577426689912, 0.6874324869290043, 0.5128116518671046, 0.30998531655838085, 0.23737332865120003, 0.1442417522665954, 0.08304051114285976, 0.0, 0.0, 0.0, 0.0, 0.0, 0.0, 0.0, 0.0, 0.0, 0.0]","[1.3296534089142569, 1.5799715923219018, 1.5658319824393456, 1.3991383781934825, 1.5896619861040748, 1.292615617608818, 1.6246621353037052, 1.4859787090073566, 1.5121795017983446, 1.5295508468351897, 1.4806471301601467, 1.5152953717493851, 1.6049826864075134, 1.5183153145104407, 1.6194686625698704, 1.550308688655376, 1.4975296947049825, 1.5527369400817896, 1.4759857251624626, 1.5059695576923264, 1.2442799603375134, 1.4993277139335033, 1.5796001630370424, 1.4056619427330004, 1.4742881001983255, 1.4497949037240458, 1.4650763647109153, 1.654383781233423, 1.5462351433222299, 1.4938185685408416, 1.4509700997602146, 1.3935661315688423, 1.4484890592746007, 1.5806166444789462, 1.4980973247591542, 1.5036099678160502, 1.475711858920962, 1.3413548884041677, 1.4897709245402748, 1.2533813494738835, 1.3081928389729067, 1.529418957034422, 1.7160798818612424, 1.5975942756810915, 1.566896390425081, 1.6360913689444743, 1.469111588029583, 1.5258009921703073]",nan,"[2, 2, 2, 2, 2, 2, 2, 2, 2, 2, 2, 2, 2, 2, 2, 2, 2, 2, 2, 2, 2, 2, 2, 2, 2, 2, 2, 2, 2, 2, 2, 2, 2, 2, 2, 2, 2, 2, 2, 2, 2, 2, 2, 2, 2, 2, 2, 2]","[3, 3, 1, 1, 1, 1, 1, 1, 1, 1, 1, 1, 1, 1, 1, 1, 1, 2, 3, 8, 6, 1, 7, 1, 1, 1, 1, 1, 1, 2, 1, 1, 1, 1, 1, 1, 1, 1, 1, 1, 1, 1, 1, 1, 1, 1, 1, 1]",48,0
33,Perfect-Global,81,test_id,id_actual,perfect_full_horizon,48,,1194.9854831736363,1194.9854831736363,0.0,,1801.3320000171661,37.52775000035763,1801.3320000171661,0,1,True,,100081,perfect_global_clean,48,48,True,,1.0,0.12500000000815398,"[40.66422791116114, 11.004782624932968, 6.16615, 9.102571388435466, 6.16615, 15.329638968366673, 6.16615, 6.16615, 7.6361850203872885, 6.16615, 10.101104714907619, 6.30208425777236, 33.05230081777882, 34.321896957469555, 10.14599197649794, 6.16615, 6.16615, 6.16615, 5.73282230052771, 3.465756952082297, 4.138088171366951, 2.2272728818582044, 0.6344985313969493, 2.6077214915599525, 5.074299528978259, 6.16615, 6.16615, 6.16615, 14.960634492076656, 25.712142816358785, 43.046753320721855, 60.84081004150544, 67.3064411937651, 67.03120933469845, 69.07508270513365, 70.28541595234917, 44.70354675692849, 47.76167877036094, 40.627778576659054, 50.74594377902717, 48.54415949244699, 42.01882372902258, 34.40568950554669, 38.851652092519146, 39.96975978431871, 37.35334639970785, 41.03976236091451, 41.33595757409502]","[37.52775000035763, 37.52775000035763, 37.52775000035763, 37.52775000035763, 37.52775000035763, 37.52775000035763, 37.52775000035763, 37.52775000035763, 37.52775000035763, 37.52775000035763, 37.52775000035763, 37.52775000035763, 37.52775000035763, 37.52775000035763, 37.52775000035763, 37.52775000035763, 37.52775000035763, 37.52775000035763, 37.52775000035763, 37.52775000035763, 37.52775000035763, 37.52775000035763, 37.52775000035763, 37.52775000035763, 37.52775000035763, 37.52775000035763, 37.52775000035763, 37.52775000035763, 37.52775000035763, 37.52775000035763, 37.52775000035763, 37.52775000035763, 37.52775000035763, 37.52775000035763, 37.52775000035763, 37.52775000035763, 37.52775000035763, 37.52775000035763, 37.52775000035763, 37.52775000035763, 37.52775000035763, 37.52775000035763, 37.52775000035763, 37.52775000035763, 37.52775000035763, 37.52775000035763, 37.52775000035763, 37.52775000035763]",,flat_price_relaxed_ramp,Flat price + relaxed ramp,Remove dominant long-term effects,Removed,Weak DG ramp,True,True,0.8,0.8,mpc_diagnostic,,0.0,full_day_optimization_objective,False,9,11378,0,6482,4752,48,1801.3320000171661,0.002073531676006796,0.002073531676006796,9,3,,,,,,,,,,,,,
33,MPC-3,82,test_id,id_actual,id_reliable,3,,1442.7186455452102,1177.4407590412818,22.530041062951476,,82.18899941444397,1.7122708211342494,19.26200008392334,0,0,True,,100082,pure_mpc_clean,4,48,True,,1.0,0.12499999981167971,"[28.669789478366653, 2.8782763753952434, 4.373360638150421, 4.61387610948746, 5.067239663359305, 10.490232678559803, 6.166149467192384, 20.633123551277095, 16.312781989439188, 13.841728435026912, 16.423420469720625, 6.16615, 58.75118841259266, 40.559451460163686, 32.87232387681384, 8.196593089378748, 5.520188040079873, 5.752701363969936, 3.2938916036360313, 2.951279334810433, 0.4850318072871786, 0.0, 0.0, 0.0, 1.7595189858719313, 3.2686726312493786, 4.944299813437501, 6.16615, 21.483358136166522, 22.222823962831313, 31.26581219537701, 54.06118948373472, 61.87204931090253, 70.00213908720211, 84.6306200135712, 74.38900865056817, 47.21550596398397, 64.79088274190592, 60.97049318533376, 58.24731444159151, 61.2994716489025, 58.86275737538962, 52.44354249912424, 54.72754941159992, 64.37651707312787, 59.031744386908336, 69.44805626158411, 61.220390440138814]","[2.4649999141693115, 0.37199997901916504, 0.12400007247924805, 0.4890000820159912, 0.37800002098083496, 11.651000022888184, 0.07699990272521973, 1.3510000705718994, 3.3910000324249268, 1.7409999370574951, 0.3399999141693115, 0.36100006103515625, 0.1529998779296875, 0.7769999504089355, 0.4589998722076416, 4.141000032424927, 0.3020000457763672, 0.8039999008178711, 4.674999952316284, 2.934999942779541, 0.42600011825561523, 0.5199999809265137, 0.03900003433227539, 3.177999973297119, 6.249000072479248, 3.1579999923706055, 0.5360000133514404, 19.26200008392334, 3.7289998531341553, 1.9799997806549072, 0.5469999313354492, 0.6589999198913574, 0.3989999294281006, 0.3960001468658447, 0.4739999771118164, 0.40599989891052246, 0.4380002021789551, 0.14899992942810059, 0.3430001735687256, 0.35199999809265137, 0.3399999141693115, 0.1549999713897705, 0.3429999351501465, 0.309999942779541, 0.33100008964538574, 0.34200000762939453, 0.09500002861022949, 0.04699993133544922]",,flat_price_relaxed_ramp,Flat price + relaxed ramp,Remove dominant long-term effects,Removed,Weak DG ramp,True,True,0.8,0.8,mpc_diagnostic,,22.530041062951476,,,,698.125,0.0,398.5,290.8125,2.9375,1.7122708211342494,0.000819241718935956,0.0009987462851499909,2.0,1.0,"[0.4, 0.46683506815435855, 0.7092931689617886, 0.7482954726559312, 0.821811890383457, 1.0, 0.9999999136083381, 1.0, 1.0, 1.0, 1.0, 1.0, 1.0, 1.0, 1.0, 1.0, 0.8952588835136799, 0.9329608293463892, 0.5342377653749159, 0.4786745033900029, 0.07867450339000287, 0.0, 0.0, 0.0, 0.2853910004532338, 0.5301479108639172, 0.8018764477299236, 1.0, 1.0, 1.0, 1.0, 1.0, 1.0, 1.0, 1.0, 1.0, 1.0, 1.0, 1.0, 1.0, 1.0, 1.0, 1.0, 1.0, 1.0, 1.0, 1.0, 1.0]","[1.0, 0.75, 0.5470834079427237, 0.40871000174000705, 0.31725741732418405, 0.2473000700762823, 0.19048554170573168, 0.16168139808710763, 0.149697427200744, 0.13918320022358835, 0.13918320022801856, 0.1463248874982797, 0.12500000090156568, 0.12500000051256246, 0.1250000003737409, 0.12500000000924089, 0.12500000445370493, 0.12500000559599078, 0.1250000059801282, 0.1250000070740148, 0.13534985772782604, 0.229830516936506, 0.30866676250740077, 0.5203509732224376, 0.42820433443051265, 0.4282026253085801, 0.42588503064985195, 0.46762600120682585, 0.4480675153884517, 0.42458844226562314, 0.42458844226562314, 0.4219873896911894, 0.41374565478885267, 0.39111408878359133, 0.306099595604717, 0.1761407089537023, 0.17614070708008225, 0.1761407025291572, 0.15751953863351043, 0.13668353381330456, 0.12546628625425912, 0.12546628278467764, 0.12546626569596422, 0.1254662519105668, 0.1254662339321169, 0.12500017627572796, 0.1250000436342489, 0.12499999981167971]","[0.49, 0.49, 0.3977165204322616, 0.2712118761573246, 0.17924706545501307, 0.13711640060588745, 0.11135647950892266, 0.05645612188367126, 0.023488583328625107, 0.02060788526704266, 0.0, -0.01456904244805741, 0.04179677811412213, 0.0, 0.0, 0.0, 0.0, 0.0, 0.0, 0.0, -0.02111369533377494, -0.19274054478570712, -0.16765183225636276, -0.43216345720724914, 0.1806074120321729, 3.3498789878050947e-06, 0.004542485531107176, -0.08515157993622675, 0.03833463220401338, 0.046018983320743945, 0.0, 0.005098063045890232, 0.016153800408579975, 0.04435786937031225, 0.16662840663059364, 0.254719418224023, 0.0, 0.0, 0.03649748161927683, 0.040838569832011194, 0.021985805599314796, 0.0, 0.0, 0.0, 0.0, 0.0009134733903069947, 2.6036005604717124e-07, 8.589223561681838e-08]","[0.42349281210248046, 0.0, 0.0, 0.0, 0.0, 0.06988416450197663, 0.0, 0.23380967355599344, 0.16398597154649194, 0.12404975248528342, 0.16577406819750504, 0.0, 0.8498592066681642, 0.5558513367299182, 0.43161493134244583, 0.03281524184854544, 0.0, 0.0, 0.0, 0.0, 0.0, -0.032940035196341956, -0.3883376467052105, -0.0006553864954312768, 0.0, 0.0, 0.0, 0.0, 0.24755083856430743, 0.25950180141949597, 0.4056511061879112, 0.7740612441815712, 0.9002973626004449, 1.0316927529244786, 1.268112646683979, 1.1025916549586774, 0.6634239347714581, 0.9474704281520149, 0.8857267585508486, 0.8417157889550143, 0.8910435822044848, 0.8516623414204383, 0.7479174545313009, 0.7848306975612107, 0.9407736092626727, 0.8543934446369024, 1.0227378789750967, 0.8897655020628495]","[0.024057459255376695, 0.03068881926466662, 0.030868616108067487, 0.03011976170540526, 0.030983658660840355, 0.029865951465412818, 0.0328417165141884, 0.03036216858900497, 0.030781864815821073, 0.032859008524222334, 0.03215864743003221, 0.034352407586029865, 0.04849095670206305, 0.04231412420345479, 0.03898948895523903, 0.043822058809011855, 0.048599345243079226, 0.04900730778994295, 0.062441622871156996, 0.06490134573479053, 0.09949569752344087, 0.09916068040947577, 0.16202887182578676, 0.10952449462734015, 0.13025319570087504, 0.12035832079991701, 0.09030138782353937, 0.08609305173958368, 0.07096157114307411, 0.06750573994054843, 0.0615027983112299, 0.05564810211841147, 0.054911118390205856, 0.057757933176890285, 0.059703796501347134, 0.06121030180260768, 0.0431525116756933, 0.04788929052901591, 0.04813346213980081, 0.04893550621476982, 0.05025349967249497, 0.05146825985011474, 0.04949721130531434, 0.0489445524984579, 0.04973724234465293, 0.05083153016514922, 0.05112279089854606, 0.04993244852521749]","[2.568968007380602, 2.613657565629952, 2.6627302553405334, 2.5730155177157257, 2.5606206054806577, 2.5963994394253596, 2.6287401361830742, 2.62094447652395, 2.5614032294991027, 2.646249147891431, 2.6206183797917104, 2.5591075138160377, 3.367821422681762, 3.333226137891515, 3.367963994943176, 3.3298238093221055, 3.396016721396757, 3.3705444608883477, 3.326414065953525, 3.415158843731709, 3.356667843635203, 3.3240272766545367, 3.352528724390406, 3.373067551889899, 4.0886650985164446, 4.098192472279465, 4.054535056112501, 4.082567908047237, 4.1373909549908685, 4.099262408702291, 4.069910622269717, 4.067570123338615, 4.113733574410226, 4.062341283731733, 4.086305193656893, 4.130810376370059, 3.286434901801242, 3.3819722530423446, 3.307868334605346, 3.3471986002128653, 3.348137437011622, 3.3673612660212715, 3.314897552238153, 3.299877183147406, 3.3286382251246835, 3.3479892609806305, 3.336801305370686, 3.306287659880224]","[0.0, 0.0, 0.0, 0.0, 0.0, 0.0, 0.0, 0.0, 0.0, 0.0, 0.0, 0.0, 0.0, 0.2366997454655111, 0.6214551761878008, 0.7602371145617669, 1.0246330204714214, 1.1282786497433874, 1.433893714405468, 1.454609364612771, 2.0227650459856585, 2.1035246707977553, 2.4954845359480826, 2.3925605199790065, 2.2358789771706986, 2.2703648604407682, 1.791462508302081, 1.774588121665487, 1.3572226573032848, 1.1129930266497632, 1.124913150963663, 0.8384310096649485, 0.6852037015888501, 0.44655043815535456, 0.3326211298001956, 0.220768616456408, 0.14806389320508948, 0.09385069509560123, 0.0, 0.0, 0.0, 0.0, 0.0, 0.0, 0.0, 0.0, 0.0, 0.0]","[1.2795325468352279, 1.6875112846533977, 1.5865891863227732, 1.5836278882358439, 1.5905452755568312, 1.419264227080012, 1.5502254637839035, 1.3610408189227496, 1.4047104609513845, 1.5344504472125364, 1.4870029331597894, 1.6080289334291273, 1.5246563950282206, 1.5829891795251056, 1.3538833170247673, 1.580593511154974, 1.5247241720915428, 1.3583122924184332, 1.4207242102855553, 1.5467763241302754, 1.3758376871167601, 1.545343866248313, 1.5750625390552957, 1.5228503702394178, 1.5170409091111514, 1.4180346764229261, 1.546955006816453, 1.4792242449631514, 1.5652443097355797, 1.7482543376814557, 1.600849155238342, 1.5056279089845022, 1.5669898286303536, 1.5974981568814244, 1.378646807462447, 1.6139409889526626, 1.5180995245545406, 1.3885404114473137, 1.4337775569924465, 1.5135797480672277, 1.4853615492974936, 1.5671671776851317, 1.616477223029527, 1.5639909605483782, 1.4376017718369507, 1.5435138182863926, 1.365185957349977, 1.4664545208687232]",nan,"[2, 2, 2, 2, 2, 2, 2, 2, 2, 2, 2, 2, 2, 2, 2, 2, 2, 2, 2, 2, 2, 2, 2, 2, 2, 2, 2, 2, 2, 2, 2, 2, 2, 2, 2, 2, 2, 2, 2, 2, 2, 2, 2, 2, 2, 2, 2, 2]","[3, 3, 1, 2, 2, 2, 1, 1, 1, 1, 1, 1, 1, 1, 1, 1, 1, 1, 1, 1, 2, 2, 1, 8, 2, 2, 2, 4, 1, 1, 1, 1, 1, 1, 1, 1, 1, 1, 1, 1, 1, 1, 1, 1, 1, 1, 1, 1]",48,0
33,Perfect-Global,82,test_id,id_actual,perfect_full_horizon,48,,1177.4407590412818,1177.4407590412818,0.0,,1801.4589998722076,37.53039583067099,1801.4589998722076,0,1,True,,100082,perfect_global_clean,48,48,True,,1.0,0.1250000000081521,"[36.33467030942616, 7.1446598848581555, 6.16615, 6.16615, 6.16615, 7.137295499895749, 6.16615, 11.11317114124833, 7.386745036376484, 6.16615, 7.332728702947106, 6.16615, 33.285662237269314, 29.369692022424033, 32.87232735732802, 8.196589650659474, 6.16615, 6.16615, 6.16615, 6.024562849795499, 3.557836890127038, 1.628349398725644, 0.8789293903727525, 3.345238251601921, 5.811931113330973, 7.207539846450228, 6.748113670239529, 10.473583214199994, 23.770788502184637, 24.994162797033212, 31.26581272048439, 54.37571817165247, 62.87780262247016, 64.19557453738332, 74.11523987041689, 65.95874680642505, 38.61535856606519, 46.89417613557626, 42.25302428251151, 41.131340072189275, 42.04939581779432, 40.606918704690194, 36.54735323741819, 37.22406100954289, 42.88096017375286, 40.19493796403458, 45.554275933036784, 40.5901346493431]","[37.53039583067099, 37.53039583067099, 37.53039583067099, 37.53039583067099, 37.53039583067099, 37.53039583067099, 37.53039583067099, 37.53039583067099, 37.53039583067099, 37.53039583067099, 37.53039583067099, 37.53039583067099, 37.53039583067099, 37.53039583067099, 37.53039583067099, 37.53039583067099, 37.53039583067099, 37.53039583067099, 37.53039583067099, 37.53039583067099, 37.53039583067099, 37.53039583067099, 37.53039583067099, 37.53039583067099, 37.53039583067099, 37.53039583067099, 37.53039583067099, 37.53039583067099, 37.53039583067099, 37.53039583067099, 37.53039583067099, 37.53039583067099, 37.53039583067099, 37.53039583067099, 37.53039583067099, 37.53039583067099, 37.53039583067099, 37.53039583067099, 37.53039583067099, 37.53039583067099, 37.53039583067099, 37.53039583067099, 37.53039583067099, 37.53039583067099, 37.53039583067099, 37.53039583067099, 37.53039583067099, 37.53039583067099]",,flat_price_relaxed_ramp,Flat price + relaxed ramp,Remove dominant long-term effects,Removed,Weak DG ramp,True,True,0.8,0.8,mpc_diagnostic,,0.0,full_day_optimization_objective,False,9,11378,0,6482,4752,48,1801.4589998722076,0.0025046819414283267,0.0025046819414283267,9,4,,,,,,,,,,,,,
33,MPC-3,83,test_id,id_actual,id_reliable,3,,1458.2032867992275,1203.2939791814142,21.184291788048743,,132.11800074577332,2.7524583488702774,25.335999965667725,0,0,True,,100083,pure_mpc_clean,4,48,True,,1.0,0.12500001242303976,"[21.069156867470728, 3.8366955985232236, 4.451863998006509, 5.169373418815983, 6.41167564729608, 5.166463161523585, 14.918093897586322, 15.98776626736287, 6.16615, 6.931409391821444, 9.132238456715545, 8.767696792977558, 62.24826092993841, 40.6182814582501, 15.775775601431498, 18.340576443913548, 6.013646292682645, 4.400842471855569, 1.934369272154079, 1.4939917060865844, 0.9250523190677543, 0.0, 0.0, 0.0, 1.6157170251059627, 3.9517639272673692, 4.105736762369099, 5.423619542384395, 23.056150717883497, 30.852057179089876, 43.818912992884485, 58.39412822280202, 74.2974297771833, 77.67765174750923, 87.58101131691012, 78.97604506073796, 51.68613216199874, 41.974098125268064, 57.095832716306255, 62.38553816283755, 56.8075432391876, 61.955922239048, 64.39373239623889, 67.4294371753209, 63.611578522076364, 62.34730294438547, 59.49799785697492, 59.50856699397736]","[1.183000087738037, 0.44099998474121094, 0.14499998092651367, 0.4609999656677246, 16.967000007629395, 0.5109999179840088, 4.788000106811523, 4.270999908447266, 14.351999998092651, 12.881999969482422, 0.5439999103546143, 0.5380001068115234, 0.4140000343322754, 0.36100006103515625, 5.534999847412109, 1.9149999618530273, 0.16299986839294434, 0.5190000534057617, 0.7420001029968262, 25.335999965667725, 14.383000135421753, 0.4939999580383301, 0.05200004577636719, 0.6230001449584961, 8.202000141143799, 1.6559998989105225, 1.1700000762939453, 0.6650002002716064, 4.26200008392334, 1.2620000839233398, 0.8359999656677246, 0.45799994468688965, 0.4760000705718994, 0.5309998989105225, 0.48000001907348633, 0.6640000343322754, 0.4459998607635498, 0.440000057220459, 0.49900007247924805, 0.3959999084472656, 0.40600013732910156, 0.3819999694824219, 0.17100000381469727, 0.15899991989135742, 0.3680000305175781, 0.41100001335144043, 0.10800004005432129, 0.05000019073486328]",,flat_price_relaxed_ramp,Flat price + relaxed ramp,Remove dominant long-term effects,Removed,Weak DG ramp,True,True,0.8,0.8,mpc_diagnostic,,21.184291788048743,,,,698.125,0.0,398.5,290.8125,2.9375,2.7524583488702774,0.0007956514531346518,0.0009931920567186686,2.0,1.0,"[0.4, 0.622264729227542, 0.7220234416477282, 0.8383733809527919, 1.0, 0.8379014699025406, 1.0, 1.0, 1.0, 1.0, 1.0, 1.0, 1.0, 1.0, 1.0, 1.0, 0.9752722901945059, 0.713749689050718, 0.313749689050718, 0.24232495647574548, 0.1500458726430997, 0.0, 0.0, 0.0, 0.26206775556910467, 0.6409250659517386, 0.6658942350238709, 0.8796001762577649, 1.0, 1.0, 1.0, 1.0, 1.0, 1.0, 1.0, 1.0, 1.0, 1.0, 1.0, 1.0, 1.0, 1.0, 1.0, 1.0, 1.0, 1.0, 1.0, 1.0]","[1.0, 0.75, 0.54556607962263, 0.4025068486779749, 0.314580086511856, 0.25215966414464347, 0.2103446886060841, 0.18680764778534376, 0.18381902051461285, 0.16058971489546686, 0.16058971488115853, 0.1605897146722864, 0.12500000078827078, 0.12500324008683014, 0.12500000143493858, 0.12500000000947026, 0.12500000456848046, 0.12500000560642624, 0.1518259817123349, 0.12500004018564093, 0.1250000000896459, 0.28581818533051884, 0.3425151785689783, 0.5872860650797311, 0.5140428784513155, 0.4756884849245825, 0.47568833261894744, 0.4756882460388138, 0.4711295471536858, 0.43962479473591953, 0.43962479473591953, 0.42316292471682426, 0.3973583620892751, 0.3749414622434709, 0.27481616747928467, 0.17096248455937124, 0.1709624824218259, 0.17096248027682567, 0.14990478281090458, 0.14205656894339838, 0.13911988719385177, 0.129966764195653, 0.12603044597495996, 0.12603033779298933, 0.12603031384552654, 0.1260303049137322, 0.12500001242303976, 0.12500001242303976]","[0.49, 0.49, 0.4006904839396451, 0.280396092651524, 0.17233645384559312, 0.12234403176056494, 0.08195735244807964, 0.046132600399936455, 0.005857709450632579, 0.045529439013526164, 0.0, 0.0, 0.06975583959565917, -6.968990666895636e-06, 6.348159715015789e-06, 0.0, 0.0, 0.0, -0.05472499125605368, 0.05257884955899939, 0.0, -0.3280690978913807, -0.12317796566756803, -0.49933260848193584, 0.14355664579169466, 0.07517461131239668, 2.985190447044908e-07, 1.6969706188187067e-07, 0.00893504981485091, 0.06174931473882193, 0.0, 0.032265265237426705, 0.05057694274999635, 0.0439371236977762, 0.19624557812484902, 0.203553218910271, 0.0, 0.0, 0.04127308741763741, 0.015382499563365562, 0.005755896612540018, 0.017940121459644198, 0.007715184094860277, 2.1241974312409622e-07, 0.0, 0.0, 0.0020193736652735286, 0.0]","[0.30065430088841577, 0.0, 0.0, 0.0, 0.003968091269431587, 0.0, 0.14144555794078906, 0.15873319219980397, 0.0, 0.012367828554690008, 0.04793678313883709, 0.0420452006945868, 0.906377550382843, 0.5568021245777794, 0.15530708042717573, 0.19675840717436038, 0.0, 0.0, -1.6017876372301747e-05, 0.0, 0.0, 0.0, -0.19653578755377665, -0.32188738384948123, 0.0, 0.0, 0.0, 0.0, 0.27296970857185454, 0.3989641564297354, 0.6085295029153048, 0.844088536934174, 1.101111592358518, 1.1557414423839876, 1.315795738455113, 1.1767255767391993, 0.7356764793858382, 0.5787143131356455, 0.8231059832938384, 0.9085961723286876, 0.8184467594212137, 0.9016528846714827, 0.9410518367068911, 0.9901137321263984, 0.9284109660133554, 0.9079782294042096, 0.8619288542541401, 0.8620996685895331]","[0.02826084453940051, 0.03154136263423029, 0.03004113921006128, 0.030070427676110036, 0.031571980330398555, 0.032210855448421394, 0.031170365089563085, 0.03118661503765513, 0.03347232540016402, 0.034210422550458405, 0.034600484252620495, 0.035273913874040635, 0.04844691631438959, 0.04236705781275498, 0.042652047961623724, 0.04198573442858696, 0.04786228293621701, 0.05556834819733286, 0.09535513107742796, 0.07992604227262672, 0.08927353977280367, 0.1060037582958375, 0.1436843806664077, 0.14105776227245315, 0.13933519435686365, 0.10323947713687415, 0.1038407153298428, 0.08592185291555746, 0.0715014381804489, 0.0622095955287759, 0.05894030322446602, 0.05448247793512501, 0.0561411413848475, 0.05778321360983861, 0.06028230877935608, 0.05948176395944474, 0.04358799245332452, 0.04659836833472203, 0.048779765916070215, 0.04927482992416963, 0.05046396244246435, 0.04995017213871895, 0.05012708610973421, 0.04846894516164274, 0.05139710682503019, 0.05018437588695621, 0.04977833871747443, 0.04979561401676262]","[2.6304435717640464, 2.634681054778553, 2.6046487935302505, 2.6052638024335746, 2.635504311540774, 2.5892705481036984, 2.606310207860857, 2.5860281794129922, 2.565051966326448, 2.6235149839801464, 2.622433489698684, 2.639791255654531, 3.342118505878911, 3.3493588478950542, 3.3476403053816592, 3.408206848286356, 3.3689893153961226, 3.349873829803933, 3.3268663093217477, 3.3671413508481285, 3.322482752033543, 3.316571650663832, 3.3758342901759315, 3.3262713098521806, 4.068322600298062, 4.091533392525057, 4.048526256391203, 4.098450278008327, 4.088451241503581, 4.116859528632235, 4.085508365157141, 4.061908048839257, 4.062292024232052, 4.076112394949474, 4.151447634115353, 4.095686877231213, 3.335596578183165, 3.3258780221948423, 3.3304172049975826, 3.3551030050078148, 3.3464089228350122, 3.3318700459502812, 3.356840510582547, 3.3319655541203437, 3.401523928148925, 3.349230312658449, 3.3203127656587896, 3.374536818101103]","[0.0, 0.0, 0.0, 0.0, 0.0, 0.0, 0.0, 0.0, 0.0, 0.0, 0.0, 0.0, 0.0, 0.2668052901469468, 0.7113739997533625, 0.8051695841207143, 0.9847584684520526, 1.2826376551829854, 1.4999796659902889, 1.738031788063466, 1.9267496242578144, 2.2654475246854613, 2.3751741095719687, 2.697996510681383, 2.374662538287069, 1.9855333455988933, 2.039499968558214, 1.6901820632893552, 1.4910257652520884, 1.1243432121501677, 1.0970684093070675, 0.7759072347599028, 0.5754978740276672, 0.46746448638196825, 0.31958538651256013, 0.22719399473351254, 0.14603649699006666, 0.08825950631284268, 0.0, 0.0, 0.0, 0.0, 0.0, 0.0, 0.0, 0.0, 0.0, 0.0]","[1.4680501154494174, 1.5539576587590176, 1.5119760114236969, 1.516564715437703, 1.4907711633461336, 1.6612358694150147, 1.4140776330702116, 1.4123489255045807, 1.592665224324751, 1.5998272114621266, 1.6090971594449712, 1.6330199373291983, 1.4144319759148947, 1.5681257195942435, 1.5236048771392634, 1.4482645436494517, 1.456820849355422, 1.409054772102328, 1.6632330944906155, 1.4141314552022815, 1.3349587790451563, 1.4851969821655886, 1.464058314322639, 1.5905519133043018, 1.4273708595761128, 1.493139851284667, 1.4469724741648815, 1.6145897262122344, 1.3870221564798997, 1.594012441275238, 1.4388507465008626, 1.464129490267791, 1.391246756902334, 1.4667525565144959, 1.3801032402210118, 1.5476958512262335, 1.4974715901141802, 1.7055025669185788, 1.5148179006235527, 1.480399163466502, 1.5726702296690394, 1.462227157475177, 1.4582005763157355, 1.3903205551525615, 1.5245100220572338, 1.4914363849577537, 1.5061428768739797, 1.5622327392286817]",nan,"[2, 2, 2, 2, 2, 2, 2, 2, 2, 2, 2, 2, 2, 2, 2, 2, 2, 2, 2, 2, 2, 2, 2, 2, 2, 2, 2, 2, 2, 2, 2, 2, 2, 2, 2, 2, 2, 2, 2, 2, 2, 2, 2, 2, 2, 2, 2, 2]","[2, 3, 1, 2, 2, 1, 1, 1, 6, 3, 1, 1, 1, 1, 1, 2, 1, 2, 1, 4, 6, 1, 1, 2, 1, 1, 2, 1, 1, 1, 1, 1, 1, 1, 1, 1, 1, 1, 1, 1, 1, 1, 1, 1, 1, 1, 1, 1]",48,0
33,Perfect-Global,83,test_id,id_actual,perfect_full_horizon,48,,1203.2939791814142,1203.2939791814142,0.0,,110.7480001449585,2.3072500030199685,110.7480001449585,0,0,True,,100083,perfect_global_clean,48,48,True,,1.0,0.1250000000081477,"[29.825960128511035, 10.927886919434256, 6.16615, 6.16615, 6.16615, 6.16615, 6.918829921688387, 6.16615, 6.16615, 6.16615, 6.16615, 6.16615, 35.84207293662483, 28.281588135596117, 15.776165468941214, 18.340579242874213, 6.16615, 6.16615, 4.489167899620193, 4.8422365345798335, 3.5289164349323094, 1.0625789777214345, 0.890531403765823, 2.9658770448294174, 5.432510844069119, 6.16615, 6.16615, 6.16615, 23.587930411124596, 34.58178420527637, 43.8189135669928, 60.39329278028698, 73.00810666991484, 70.12288360100848, 77.21086600221312, 69.12005204456143, 41.64071493253531, 33.21922962289513, 40.558706852183995, 42.926328182775485, 39.37646457756518, 42.21393537800019, 43.48186641142948, 45.653034280975035, 42.73686511874305, 42.39513793679319, 40.6000994528528, 41.19676526009841]","[2.3072500030199685, 2.3072500030199685, 2.3072500030199685, 2.3072500030199685, 2.3072500030199685, 2.3072500030199685, 2.3072500030199685, 2.3072500030199685, 2.3072500030199685, 2.3072500030199685, 2.3072500030199685, 2.3072500030199685, 2.3072500030199685, 2.3072500030199685, 2.3072500030199685, 2.3072500030199685, 2.3072500030199685, 2.3072500030199685, 2.3072500030199685, 2.3072500030199685, 2.3072500030199685, 2.3072500030199685, 2.3072500030199685, 2.3072500030199685, 2.3072500030199685, 2.3072500030199685, 2.3072500030199685, 2.3072500030199685, 2.3072500030199685, 2.3072500030199685, 2.3072500030199685, 2.3072500030199685, 2.3072500030199685, 2.3072500030199685, 2.3072500030199685, 2.3072500030199685, 2.3072500030199685, 2.3072500030199685, 2.3072500030199685, 2.3072500030199685, 2.3072500030199685, 2.3072500030199685, 2.3072500030199685, 2.3072500030199685, 2.3072500030199685, 2.3072500030199685, 2.3072500030199685, 2.3072500030199685]",,flat_price_relaxed_ramp,Flat price + relaxed ramp,Remove dominant long-term effects,Removed,Weak DG ramp,True,True,0.8,0.8,mpc_diagnostic,,0.0,full_day_optimization_objective,True,2,11378,0,6482,4752,48,110.7480001449585,0.0,0.0,2,2,,,,,,,,,,,,,
33,MPC-3,84,test_id,id_actual,id_reliable,3,,1519.401973496154,1263.5052357023762,20.25292262849437,,143.30099892616272,2.98543747762839,26.733999967575073,0,0,True,,100084,pure_mpc_clean,4,48,True,,1.0,0.12500002027328347,"[10.342260328317039, 4.769320677303614, 4.27931340290981, 4.947998558547789, 13.013380266177471, 9.435796672305822, 6.052356901873853, 11.29327621603778, 11.135133910349282, 20.03462422393678, 17.69400883876094, 10.765239257282397, 51.115644052564946, 45.48983878773969, 14.079447634746789, 6.159753145670375, 5.777143681240445, 5.092631434105563, 3.6236559362418874, 1.157318032693718, 0.0, 0.0, 0.0, 0.0, 2.197532833748941, 4.25905707948917, 1.914193452932966, 4.282895594071436, 21.99985666461146, 45.05589507776838, 43.39224021408983, 64.03944759733486, 78.85904426613054, 75.72886836728057, 87.77639080643307, 77.28845693305753, 48.954699610114005, 71.14226930128929, 58.24399276931319, 64.83036924549641, 57.42426534194426, 68.52458335752377, 64.64366561687216, 67.18891660187212, 56.04129369296265, 69.25744705739778, 65.96319150367324, 64.13525855194041]","[26.733999967575073, 0.11100006103515625, 0.127000093460083, 0.49699997901916504, 24.54699993133545, 16.419000148773193, 0.09999990463256836, 14.955999851226807, 12.598999977111816, 2.8519999980926514, 0.4789998531341553, 0.4759998321533203, 0.3710000514984131, 0.46700000762939453, 1.4670000076293945, 0.31599998474121094, 0.15999984741210938, 1.0179998874664307, 3.3380000591278076, 0.08600020408630371, 0.7330000400543213, 0.04800009727478027, 8.190999984741211, 7.2149999141693115, 5.328999996185303, 0.6659998893737793, 3.134999990463257, 0.39299988746643066, 4.733999967575073, 0.624000072479248, 0.5469999313354492, 0.17199993133544922, 0.4909999370574951, 0.18799996376037598, 0.4650001525878906, 0.5039999485015869, 0.42299985885620117, 0.16199994087219238, 0.39499998092651367, 0.1530001163482666, 0.4290001392364502, 0.15899991989135742, 0.1549999713897705, 0.16700005531311035, 0.39099979400634766, 0.1700000762939453, 0.09199976921081543, 0.04999995231628418]",,flat_price_relaxed_ramp,Flat price + relaxed ramp,Remove dominant long-term effects,Removed,Weak DG ramp,True,True,0.8,0.8,mpc_diagnostic,,20.25292262849437,,,,698.125,0.0,398.5,290.8125,2.9375,2.98543747762839,0.000856974749324127,0.0009998401996791188,2.0,1.0,"[0.4, 0.7735022523171162, 0.6940421851667994, 0.8024762239498752, 1.0, 1.0, 0.9815490434868294, 1.0, 1.0, 1.0, 1.0, 1.0, 1.0, 1.0, 1.0, 0.9989627869959385, 0.9369241095379532, 0.8259293008140587, 0.5877162740556435, 0.18771859411171668, 0.0, 0.0, 0.0, 0.0, 0.3564311765591923, 0.6907573467156619, 0.3104774211401748, 0.6946230857661296, 1.0, 1.0, 1.0, 1.0, 1.0, 1.0, 1.0, 1.0, 1.0, 1.0, 1.0, 1.0, 1.0, 1.0, 1.0, 1.0, 1.0, 1.0, 1.0, 1.0]","[1.0, 0.75, 0.5433793255016047, 0.4026491361251259, 0.3051105288532082, 0.24251594402089913, 0.20924325931095092, 0.17761500870472022, 0.15446086301607978, 0.14598383763478148, 0.1459838375590762, 0.14598383746595725, 0.12500000073150883, 0.12500000035457814, 0.12500000000917924, 0.12500000482903395, 0.12500000629064004, 0.1250000065592637, 0.1250000073784238, 0.14976411596303207, 0.22871369244005701, 0.24262432064442438, 0.2954806782855637, 0.43371104385579584, 0.3794597623965772, 0.37945967904105776, 0.37945965964734135, 0.3793629904326246, 0.3793629904326246, 0.3793629904326246, 0.3793629904326246, 0.3793629904326246, 0.36961692181629036, 0.34180158317694126, 0.25325257273049, 0.13588346189044628, 0.13588346115571406, 0.13588346028036932, 0.1320412972062882, 0.13161585217884844, 0.1316157524215065, 0.1316156475956686, 0.1250000518130332, 0.12500004445641563, 0.12500003472113175, 0.12500002899961699, 0.12500002027328347, 0.12500002027328347]","[0.49, 0.49, 0.40497649530311364, 0.27583117117789857, 0.1911756702529586, 0.12268538627132582, 0.06521446593512116, 0.06199137158079504, 0.04538212594181774, 0.01661497013756488, 0.0, 0.0, 0.04112832038340463, 0.0, 0.0, 0.0, 0.0, 0.0, 0.0, -0.05863843559134471, -0.16105713601313085, -0.037662180045265364, -0.10782697416295106, -0.28198994576327363, 0.10633251166006852, 1.6337681812384587e-07, 3.801168413266048e-08, 0.00018635592655662052, 0.0, 0.0, 0.0, 0.0, 0.019102294488015092, 0.05451806412156459, 0.17355606086077982, 0.23004345763404635, 0.0, 0.0, 0.007530640009028844, 0.000833872636094636, 1.959092969780934e-07, 2.0583747737445114e-07, 0.012966568116979221, 1.4701944631723049e-08, 1.935422764270284e-08, 0.0, 1.744066640725943e-08, 0.0]","[0.1272903164172451, 0.0, 0.0, 0.0, 0.11066230733216116, 0.05284277450191227, 0.0, 0.0828626459157621, 0.08030681067231163, 0.22413695715453383, 0.18630882971734852, 0.07432871526921046, 0.7264564695364031, 0.6355343642462981, 0.12789167894540263, 0.0, 0.0, 0.0, 0.0, -0.09963173273811024, -0.007412256534359558, -0.1954223023651979, 0.0, 0.0, 0.0, 0.0, 0.0, -2.02179803607291e-06, 0.2558982895290741, 0.6285211325699941, 0.6016337812378154, 0.9353260217751087, 1.1748346548061501, 1.124245953410595, 1.3189533867706356, 1.1494514251807277, 0.6915321149109334, 1.0501190998188168, 0.8416621053626373, 0.9481085938666086, 0.8284139853243517, 1.0078130643640204, 0.9450911614848025, 0.9862265309393475, 0.8060629283711135, 1.0196573261801662, 0.966416832382598, 0.9368744816475217]","[0.02791044603193815, 0.028947682642820202, 0.029465856060672597, 0.029793668848916363, 0.02911074187637571, 0.030449481374107475, 0.03400668243747585, 0.03193594233161235, 0.03180905981808267, 0.03076590731035393, 0.03144899127593954, 0.03292695438013064, 0.04806147583479267, 0.04427237717028701, 0.04367059373893357, 0.04636548521626481, 0.048249770226855504, 0.05344657955232904, 0.06510198516023152, 0.08623125009209012, 0.10177159197230555, 0.13533915748682857, 0.09710822935490485, 0.09710210084622531, 0.1258663200825339, 0.10859114378240059, 0.12539836638026758, 0.09535683728656369, 0.07277904850978313, 0.05696876656874227, 0.05817836989765769, 0.05488993641233413, 0.05633697029085864, 0.05836966517961047, 0.05993102222392231, 0.0601529574941429, 0.04554193498895718, 0.04811747892364696, 0.05157600887147446, 0.050477281358883394, 0.04787186798884427, 0.04999041621184292, 0.04868234960200634, 0.04969612720433989, 0.04948572519834692, 0.052492054298186354, 0.0498497955510471, 0.050255304884582075]","[2.6122678968849087, 2.608248080867093, 2.5904024672252417, 2.6033264353479337, 2.604965901039811, 2.5445327383080025, 2.633797195870041, 2.602074184866261, 2.5581807417606512, 2.5587531475780243, 2.6043155366014856, 2.5945371996749858, 3.2898904219669327, 3.414286651870974, 3.334996136283748, 3.382119415523813, 3.3740595272055875, 3.367073340722222, 3.3972886255273678, 3.341190545517853, 3.372431068806149, 3.35414370775168, 3.3600777674575006, 3.343177307223164, 4.087676851293548, 4.113351344318064, 4.069658034960746, 4.050627534251676, 4.13490587260526, 4.066185549785221, 4.090654328453262, 4.099980350898488, 4.1106899113282225, 4.088211070401831, 4.081488120034939, 4.085258496120042, 3.319540017757028, 3.3596692433732125, 3.3851573584609147, 3.3524342739063933, 3.2986656484043424, 3.352602946964698, 3.3242388937779, 3.344897658909508, 3.2923254271198195, 3.361420816995116, 3.306184817389643, 3.358847723567899]","[0.0, 0.0, 0.0, 0.0, 0.0, 0.0, 0.0, 0.0, 0.0, 0.0, 0.0, 0.0, 0.0, 0.23146428990361276, 0.6500660036670607, 0.8775497743470656, 1.0359305984176497, 1.2333818656330457, 1.4937883602478412, 1.8110643278050491, 2.1079085961334707, 2.2137978238476763, 2.095077890155517, 2.1974127793954437, 2.213553110790632, 2.0957364805606087, 2.2999547573260464, 1.889191805541536, 1.4965579019897124, 1.147816419556398, 1.030404839431941, 0.8512489886511186, 0.6103140084184174, 0.41783568681657357, 0.287197049836363, 0.2116337680948657, 0.15112268021143074, 0.09722886085972449, 0.0, 0.0, 0.0, 0.0, 0.0, 0.0, 0.0, 0.0, 0.0, 0.0]","[1.6228873624345832, 1.3736935804453791, 1.5208496663092048, 1.5548126764905768, 1.3322376192594114, 1.3994535658994753, 1.6210403731164567, 1.4891557275628307, 1.4643006012040314, 1.3487670388553445, 1.44945567141717, 1.5531354130619186, 1.5703670611838882, 1.5915603166876302, 1.6007090036733784, 1.5519723495952435, 1.4494545928802727, 1.3612087549444691, 1.3808859785845942, 1.5869090842258908, 1.534763457192487, 1.5087695236332046, 1.4699350020815323, 1.5248564552820518, 1.5372263769039363, 1.435448502051743, 1.5846241899451414, 1.5619851461950125, 1.455228580422869, 1.3468167604576304, 1.516794074265177, 1.3682952689708672, 1.3627759243278752, 1.5499810316522424, 1.3617126452100075, 1.5542828031139255, 1.522427156228659, 1.2604387599394944, 1.5875406223781634, 1.4539690891783998, 1.5181232801311229, 1.3947800933975485, 1.4148635141946841, 1.4083672408577577, 1.5357482049625617, 1.3942555339329914, 1.3896177635175375, 1.4722285071186478]",nan,"[2, 2, 2, 2, 2, 2, 2, 2, 2, 2, 2, 2, 2, 2, 2, 2, 2, 2, 2, 2, 2, 2, 2, 2, 2, 2, 2, 2, 2, 2, 2, 2, 2, 2, 2, 2, 2, 2, 2, 2, 2, 2, 2, 2, 2, 2, 2, 2]","[7, 2, 1, 2, 2, 2, 1, 2, 3, 1, 1, 1, 1, 1, 1, 1, 1, 1, 1, 1, 1, 1, 1, 1, 1, 1, 2, 1, 2, 1, 1, 1, 1, 1, 1, 2, 1, 1, 1, 1, 1, 1, 1, 1, 1, 1, 1, 1]",48,0
33,Perfect-Global,84,test_id,id_actual,perfect_full_horizon,48,,1263.5052357023762,1263.5052357023762,0.0,,1800.914999961853,37.51906249920527,1800.914999961853,0,1,True,,100084,perfect_global_clean,48,48,True,,1.0,0.12500000000813954,"[25.87250210165529, 21.501631551678745, 6.16615, 6.16615, 13.529774263251053, 7.633289136091159, 6.16615, 7.1504397297292694, 6.16615, 10.135854754330737, 8.855170263026249, 6.16615, 29.72707304981425, 34.0653655404395, 14.0794502377478, 6.16615, 6.16615, 6.16615, 5.665849238031633, 3.199179116341262, 1.9683089915106498, 1.4111450959075582, 2.365754488689995, 2.1536177128968, 4.620125048345637, 6.16615, 4.906879427215508, 6.16615, 21.99986584466361, 45.05589525128783, 43.39224040140722, 64.03944799167829, 77.3811749388463, 69.9452275332912, 75.15170270126714, 69.00711982602395, 40.84503703093337, 52.0421130321008, 41.07736085948839, 43.929598279565774, 40.98062758276782, 47.577171003666834, 45.44988332649246, 46.94482490984282, 39.69937847671039, 48.06632429954707, 45.535009147820794, 44.882323518271114]","[37.51906249920527, 37.51906249920527, 37.51906249920527, 37.51906249920527, 37.51906249920527, 37.51906249920527, 37.51906249920527, 37.51906249920527, 37.51906249920527, 37.51906249920527, 37.51906249920527, 37.51906249920527, 37.51906249920527, 37.51906249920527, 37.51906249920527, 37.51906249920527, 37.51906249920527, 37.51906249920527, 37.51906249920527, 37.51906249920527, 37.51906249920527, 37.51906249920527, 37.51906249920527, 37.51906249920527, 37.51906249920527, 37.51906249920527, 37.51906249920527, 37.51906249920527, 37.51906249920527, 37.51906249920527, 37.51906249920527, 37.51906249920527, 37.51906249920527, 37.51906249920527, 37.51906249920527, 37.51906249920527, 37.51906249920527, 37.51906249920527, 37.51906249920527, 37.51906249920527, 37.51906249920527, 37.51906249920527, 37.51906249920527, 37.51906249920527, 37.51906249920527, 37.51906249920527, 37.51906249920527, 37.51906249920527]",,flat_price_relaxed_ramp,Flat price + relaxed ramp,Remove dominant long-term effects,Removed,Weak DG ramp,True,True,0.8,0.8,mpc_diagnostic,,0.0,full_day_optimization_objective,False,9,11378,0,6482,4752,48,1800.914999961853,0.00208823913479682,0.00208823913479682,9,3,,,,,,,,,,,,,
33,MPC-3,85,test_id,id_actual,id_reliable,3,,1473.704931827059,1239.5994983234286,18.885570203945743,,149.78999972343445,3.120624994238218,23.12000012397766,0,0,True,,100085,pure_mpc_clean,4,48,True,,1.0,0.1249999998123529,"[28.789959727234244, 4.067191470992505, 5.54699057371778, 5.291113749009027, 6.057625037428193, 10.532579239625393, 24.115814846620964, 10.247380880185135, 5.864893510866288, 10.541410283585085, 17.442924973103395, 13.886460190688421, 60.0663897057182, 44.46820048115455, 14.612322112258521, 21.66293072257546, 5.546572198512583, 3.580429253391772, 3.011854819839901, 1.186402727839386, 0.40065339055866556, 0.0, 0.0, 0.0, 2.3833061853365054, 4.849849122173004, 5.036768026527572, 6.16615, 11.012582424963595, 43.818267646553046, 44.59861445093793, 57.3538225244654, 73.35015353777466, 77.3500301694277, 79.22553292874522, 70.35564612703665, 51.05341338863308, 54.00366677669394, 61.20387081620424, 52.65506403229887, 66.98333418186655, 63.10371365918973, 64.87033591749636, 71.06052596734501, 54.367728661274654, 51.85948600391532, 49.702061976683346, 60.42090740661115]","[9.194000005722046, 0.10299992561340332, 0.10100007057189941, 0.4089999198913574, 0.09500002861022949, 14.65499997138977, 3.7149999141693115, 18.360000133514404, 0.08800005912780762, 12.221999883651733, 0.49000000953674316, 0.4399998188018799, 0.16199994087219238, 0.1490001678466797, 0.7620000839233398, 1.5800001621246338, 0.18599987030029297, 2.5, 5.61299991607666, 13.097999811172485, 16.662999868392944, 0.4869999885559082, 11.372000217437744, 0.06499981880187988, 2.6969997882843018, 0.14099979400634766, 0.9289999008178711, 23.12000012397766, 3.124000072479248, 0.6759998798370361, 0.8259999752044678, 0.1700000762939453, 0.5729999542236328, 0.6060001850128174, 0.4789998531341553, 0.49699997901916504, 0.4380002021789551, 0.42599987983703613, 0.2800002098083496, 0.3970000743865967, 0.1809999942779541, 0.40400004386901855, 0.1660001277923584, 0.15400004386901855, 0.3900001049041748, 0.3940000534057617, 0.16199994087219238, 0.05099987983703613]",,flat_price_relaxed_ramp,Flat price + relaxed ramp,Remove dominant long-term effects,Removed,Weak DG ramp,True,True,0.8,0.8,mpc_diagnostic,,18.885570203945743,,,,698.125,0.0,398.5,290.8125,2.9375,3.120624994238218,0.0008606581523592486,0.0009986699166340326,2.0,1.0,"[0.4, 0.6596435194940968, 0.8996049322179247, 0.858114034562073, 0.982403247075865, 1.0, 1.0, 1.0, 0.9511525448657269, 1.0, 1.0, 1.0, 1.0, 1.0, 1.0, 1.0, 0.8995370924558573, 0.5807061841190996, 0.4884984408580501, 0.19243599541027753, 0.06498808950867922, 0.0, 0.0, 0.0, 0.3865606161290156, 0.7865605899640682, 0.8168707439886309, 1.0, 1.0, 1.0, 1.0, 1.0, 1.0, 1.0, 1.0, 1.0, 1.0, 1.0, 1.0, 1.0, 1.0, 1.0, 1.0, 1.0, 1.0, 1.0, 1.0, 1.0]","[1.0, 0.75, 0.5443092320215462, 0.40670222464561745, 0.316240272391858, 0.255739807565743, 0.22141743788223503, 0.19410718093696558, 0.1751831920606203, 0.1584621826773796, 0.15846218250854432, 0.15846218245817772, 0.12500000110681644, 0.12500000045554369, 0.12500000000921455, 0.1250000003124993, 0.148790794834424, 0.12500002326816412, 0.12500001388154483, 0.12500001016876103, 0.12500000008697953, 0.1830579777803875, 0.27909136659557343, 0.5178512109190255, 0.4443079856121668, 0.4055557434981182, 0.40555572083372177, 0.45002454626782507, 0.45002454626782507, 0.44702786194788163, 0.44631470595680844, 0.4359036238792798, 0.42095123514411337, 0.37185901158496315, 0.2852386635621901, 0.15819574373972273, 0.15819574278883677, 0.1581957417958492, 0.14652027727397296, 0.1465193306453907, 0.14054789331206835, 0.13224392343110847, 0.13224381880147076, 0.13160202014551114, 0.12918543174898453, 0.1291853841387774, 0.1254751655344269, 0.1249999998123529]","[0.49, 0.49, 0.4031539052377693, 0.26970973445682045, 0.17730540001104236, 0.11858091105918538, 0.06727184497029372, 0.05352810361272813, 0.03709102210059831, 0.032773178783410635, 0.0, 0.0, 0.0655858758333013, 0.0, 0.0, 0.0, -0.04853322500962017, 0.0466299163585102, 0.0, 0.0, 0.0, -0.11843827449455224, -0.1959081131829787, -0.48750763617333315, 0.14414472160144318, 0.0759543945435352, 4.442221698082713e-08, -0.0907164038855707, 0.0, 0.005873501267089079, 0.0013977857425034174, 0.020405720871956204, 0.029306681920926142, 0.09622075817593438, 0.16977588251303724, 0.24900412324152413, 2.3284722927198422e-09, 0.0, 0.022883910846259015, 1.8557710991580082e-06, 0.011704017556114698, 0.016275781349293313, 2.054553145437208e-07, 0.0012579257445051496, 0.004736513641624862, 9.369761769519664e-08, 0.007272028849959165, 0.0009313248152650432]","[0.42543495316742214, 0.0, 0.0, 0.0, 0.0, 0.07056855336768313, 0.2900955934807428, 0.06595928695248703, 0.0, 0.07071127731046602, 0.18225090865621651, 0.12477268995051995, 0.8711149851429204, 0.6190230380792654, 0.13650379171326904, 0.25045302177899736, 0.0, 0.0, 0.0, 0.0, 0.0, -0.044197192960784094, -0.11884869590824483, -0.08399417515153541, 0.0, 0.0, 0.0, 0.0, 0.07832618060547224, 0.6085190730756047, 0.621130738601017, 0.8272755155469155, 1.0858020773781762, 1.1504465481927708, 1.1807577038989128, 1.0374059980127135, 0.7254507214324538, 0.773131584269801, 0.8894985182416846, 0.7513359843603857, 0.9829039867776413, 0.9202030490374098, 0.9487545198787292, 1.0487979954318385, 0.7790154127074691, 0.7384781576390355, 0.7036106986130641, 0.8768445641472509]","[0.02584984874267058, 0.02931964603932821, 0.029696032652029063, 0.030277188345761638, 0.03059179611388631, 0.030932772538673478, 0.03161836689398458, 0.032466153548397235, 0.03570189113674396, 0.03194068813246895, 0.03192606034614139, 0.03270428360740707, 0.04938531553248826, 0.042283533825661176, 0.04127302079724962, 0.04011561570470528, 0.048168863534831435, 0.056717066856121705, 0.06068377556153538, 0.0811350118521578, 0.08819270518358506, 0.09690369711857172, 0.11750613706318275, 0.1092858750836442, 0.13054664554016054, 0.09840681733258644, 0.09984040924281834, 0.08992735812517766, 0.08106019626054264, 0.060026525868373294, 0.05676371828370712, 0.05415655749397021, 0.05560161614948435, 0.060011686398895314, 0.05913823885257785, 0.06034783968836596, 0.044671063000916444, 0.046913966517768836, 0.0474290302386257, 0.05074292794736701, 0.049704776089379905, 0.050138412469888344, 0.0488287299722395, 0.04948913821908559, 0.04803687774209249, 0.050912383173854076, 0.050276123886402964, 0.05045739684170639]","[2.593596702901045, 2.6108666430497003, 2.6443831541838247, 2.58031030670229, 2.586848194282376, 2.606332457012563, 2.6277006740418805, 2.5755601468903486, 2.6160605231849905, 2.5700707400015648, 2.5754760064846067, 2.5830699250568454, 3.41343961992986, 3.3224214055466934, 3.316856844611387, 3.3766626275947598, 3.3836846410329633, 3.352438576138371, 3.3299824482795968, 3.388239203095012, 3.368962464217078, 3.3382519219251328, 3.3218208142914856, 3.3357246357784005, 4.140755693064153, 4.096541570810763, 4.115353685875238, 4.076356106404061, 4.076033349197674, 4.075545420080785, 4.042929386269885, 4.074616190251893, 4.140374844814863, 4.135957054736535, 4.091035810832215, 4.136625598362935, 3.328768283073292, 3.347145783081401, 3.289687503424048, 3.3512308707667193, 3.3748290635425464, 3.301479480075789, 3.3284142063510203, 3.3544254939961053, 3.287632816889677, 3.354727506821531, 3.35596028595166, 3.3103859295210376]","[0.0, 0.0, 0.0, 0.0, 0.0, 0.0, 0.0, 0.0, 0.0, 0.0, 0.0, 0.0, 0.0, 0.29247137446854515, 0.7012665531156103, 0.7709473797517861, 0.9649696539438886, 1.2492449428913983, 1.411935659102356, 1.7641671887644614, 1.8807726132850733, 1.9881559931475308, 2.3088123136742413, 2.320428852519994, 2.241629392409816, 1.9268379202130694, 1.9373097000030641, 1.9121358730078306, 1.61957156129559, 1.182056271730071, 0.9944680289217959, 0.8110707080555397, 0.6608792567150726, 0.40808360166722624, 0.3545286284044444, 0.2540480190625344, 0.1560102974496339, 0.09124463326419548, 0.0, 0.0, 0.0, 0.0, 0.0, 0.0, 0.0, 0.0, 0.0, 0.0]","[1.304011501116562, 1.4905427698996307, 1.371320353642298, 1.4827636937511717, 1.4577313667941585, 1.4481153807665246, 1.3019515723264732, 1.4885386267012635, 1.6635188515599506, 1.4985266833353428, 1.425151131731146, 1.49100148415754, 1.5261240749044243, 1.4532105259444887, 1.5203594668481704, 1.3953777834397973, 1.6158799792986174, 1.5325746040227695, 1.4902321058277421, 1.5127710245963129, 1.5113928143341444, 1.6096350933515104, 1.4452714465858305, 1.696083469504826, 1.4989676130094103, 1.4055954878647903, 1.4610136116144905, 1.3448639945608578, 1.459195796883289, 1.339123100305128, 1.4826965517078674, 1.470020803695778, 1.4199884453723106, 1.5412178335184386, 1.4451118352888046, 1.6565152981421438, 1.4919783253698538, 1.5296834820745076, 1.4247341049999451, 1.6506359077521273, 1.4299258357145046, 1.415139062585435, 1.4284882114125614, 1.3538587114606377, 1.5519177165832907, 1.667161581405496, 1.6953536827942193, 1.483067437817251]",nan,"[2, 2, 2, 2, 2, 2, 2, 2, 2, 2, 2, 2, 2, 2, 2, 2, 2, 2, 2, 2, 2, 2, 2, 2, 2, 2, 2, 2, 2, 2, 2, 2, 2, 2, 2, 2, 2, 2, 2, 2, 2, 2, 2, 2, 2, 2, 2, 2]","[2, 2, 1, 2, 1, 2, 1, 2, 1, 3, 1, 2, 1, 1, 1, 2, 1, 1, 1, 2, 2, 2, 3, 1, 2, 1, 1, 1, 1, 1, 1, 1, 1, 1, 1, 1, 1, 1, 1, 1, 1, 1, 1, 1, 1, 1, 1, 1]",48,0
33,Perfect-Global,85,test_id,id_actual,perfect_full_horizon,48,,1239.5994983234286,1239.5994983234286,0.0,,1800.5539999008179,37.51154166460037,1800.5539999008179,0,1,True,,100085,perfect_global_clean,48,48,True,,1.0,0.12500000000815709,"[37.555566781535774, 16.549230657655585, 14.881973362638806, 7.318261258803024, 8.801441853956868, 9.370779223536701, 16.112537671563167, 7.180290420643891, 6.16615, 6.617485809375989, 10.015424449581712, 7.687562829493954, 37.483446667153466, 35.71759599173379, 14.612325387750177, 21.66293426957622, 6.16615, 6.16615, 6.089093332236769, 4.219979188123727, 3.4185836290188565, 1.9960189858092168, 1.233038, 3.699402, 6.724920838291267, 6.370355796725927, 7.175724424209342, 8.549726604966974, 11.012583099976574, 44.17449256822024, 44.68397792925798, 58.615512219273164, 74.75233168649869, 69.1809224390145, 71.12161085428752, 64.76103540816975, 40.505609644651486, 40.93111032527907, 41.22753502404072, 35.41001137127963, 45.20727355243524, 41.41149412151489, 43.12746996279824, 47.141508932204225, 36.6280676381752, 35.51518413079845, 34.42231783989429, 40.22730014127773]","[37.51154166460037, 37.51154166460037, 37.51154166460037, 37.51154166460037, 37.51154166460037, 37.51154166460037, 37.51154166460037, 37.51154166460037, 37.51154166460037, 37.51154166460037, 37.51154166460037, 37.51154166460037, 37.51154166460037, 37.51154166460037, 37.51154166460037, 37.51154166460037, 37.51154166460037, 37.51154166460037, 37.51154166460037, 37.51154166460037, 37.51154166460037, 37.51154166460037, 37.51154166460037, 37.51154166460037, 37.51154166460037, 37.51154166460037, 37.51154166460037, 37.51154166460037, 37.51154166460037, 37.51154166460037, 37.51154166460037, 37.51154166460037, 37.51154166460037, 37.51154166460037, 37.51154166460037, 37.51154166460037, 37.51154166460037, 37.51154166460037, 37.51154166460037, 37.51154166460037, 37.51154166460037, 37.51154166460037, 37.51154166460037, 37.51154166460037, 37.51154166460037, 37.51154166460037, 37.51154166460037, 37.51154166460037]",,flat_price_relaxed_ramp,Flat price + relaxed ramp,Remove dominant long-term effects,Removed,Weak DG ramp,True,True,0.8,0.8,mpc_diagnostic,,0.0,full_day_optimization_objective,False,9,11378,0,6482,4752,48,1800.5539999008179,0.0024743491078363707,0.0024743491078363707,9,3,,,,,,,,,,,,,
33,MPC-3,86,test_id,id_actual,id_reliable,3,,1461.6095029916937,1214.9250933452602,20.304495396271335,,137.4550004005432,2.8636458416779837,26.48900008201599,0,0,True,,100086,pure_mpc_clean,4,48,True,,1.0,0.12500000725189267,"[5.252500363015425, 4.30239564922469, 5.405149581078432, 4.8877633856097, 5.997618381118292, 11.310163050716906, 10.34932615170739, 14.72157521272053, 7.179216968616391, 10.619881752343773, 14.417182798584047, 11.574145763294752, 62.4118465906369, 51.995463185462384, 22.731110601114338, 6.087091053099114, 6.12761155595611, 4.39940657587134, 1.9329335997040717, 2.029452323090791, 1.2197815223576856, 0.0, 0.0, 0.0, 1.7716875537990138, 4.23813502499199, 4.547489622232244, 4.687499871650734, 14.75036165380509, 18.62326426601807, 48.62174112286576, 56.62530163968774, 64.80316489818209, 74.812301380719, 72.36510990493232, 92.22986530789576, 57.47173055252361, 49.39644118278421, 60.230784918311066, 72.57686313449854, 62.1523062776423, 70.00116895227026, 58.60082093394113, 61.52643167138147, 55.79391353035118, 70.69711679634649, 67.00163185033306, 53.13275487920732]","[4.01200008392334, 0.08099985122680664, 0.08700013160705566, 0.44900012016296387, 0.10599994659423828, 14.219000101089478, 24.09500002861023, 3.687000036239624, 12.32800006866455, 12.26799988746643, 0.47099995613098145, 0.41699981689453125, 0.3059999942779541, 0.4549999237060547, 2.865000009536743, 0.3789999485015869, 0.46900010108947754, 0.5269999504089355, 0.6759998798370361, 3.7940001487731934, 11.575000047683716, 0.06399989128112793, 0.5570001602172852, 0.05500006675720215, 26.48900008201599, 1.0829999446868896, 0.5659999847412109, 0.36700010299682617, 4.1570000648498535, 4.389999866485596, 0.8329999446868896, 0.4659998416900635, 0.47499990463256836, 0.5869998931884766, 0.6050000190734863, 0.41499996185302734, 0.3020000457763672, 0.4630000591278076, 0.4010000228881836, 0.17199993133544922, 0.2610001564025879, 0.14700007438659668, 0.4049999713897705, 0.3400001525878906, 0.2669999599456787, 0.16100001335144043, 0.1120002269744873, 0.04900002479553223]",,flat_price_relaxed_ramp,Flat price + relaxed ramp,Remove dominant long-term effects,Removed,Weak DG ramp,True,True,0.8,0.8,mpc_diagnostic,,20.304495396271335,,,,698.125,0.0,398.5,290.8125,2.9375,2.8636458416779837,0.0008455436846301845,0.0009997490338198765,2.0,1.0,"[0.4, 0.6977852803457819, 0.8766052371857351, 0.7927086709811502, 0.9726734310568798, 1.0, 1.0, 1.0, 1.0, 1.0, 1.0, 1.0, 1.0, 1.0, 1.0, 0.9871810187369903, 0.9937512074228348, 0.7135168409042466, 0.3135168409042466, 0.32917092578086365, 0.19784986883477854, 0.0, 0.0, 0.0, 0.2873646111801885, 0.6873645465037416, 0.7375302121275409, 0.7602342799630518, 1.0, 1.0, 1.0, 1.0, 1.0, 1.0, 1.0, 1.0, 1.0, 1.0, 1.0, 1.0, 1.0, 1.0, 1.0, 1.0, 1.0, 1.0, 1.0, 1.0]","[1.0, 0.75, 0.5433693896376213, 0.40433631009822146, 0.305979008304628, 0.24311241699909358, 0.20177152852808064, 0.18123297834702393, 0.16127589225817543, 0.14576408272999025, 0.1457640826915308, 0.14576408261173374, 0.12500000099799996, 0.12500000061445088, 0.12500000047978987, 0.12650925613864028, 0.12500001944824712, 0.12500001437958289, 0.15509657833564006, 0.12500003563937667, 0.12499999999999993, 0.19329384740047378, 0.42967869189589264, 0.5213973094323567, 0.43675149819886516, 0.4030630186422568, 0.40306299941952894, 0.4029400865816963, 0.4029400865816963, 0.4029400865816963, 0.4029400865816963, 0.3972248814667703, 0.3749607510997053, 0.35128066668406627, 0.264971618002442, 0.15314982091763282, 0.15314981998263447, 0.15314981869729996, 0.14391654196570744, 0.14391649681358198, 0.1279300167199448, 0.1250001122415207, 0.12500009019329647, 0.12500007135344107, 0.1250000670136674, 0.12500001325998766, 0.12500000725189267, 0.12500000725189267]","[0.49, 0.49, 0.4049959963102623, 0.27250483589722363, 0.19278028507412454, 0.12321851895884746, 0.08102814140318539, 0.0402555587468398, 0.03911588873414305, 0.030403147067442057, 0.0, 0.0, 0.0406976003464105, 0.0, 0.0, -0.0031568331411971195, 0.002958107956481286, 9.344803279604898e-09, -0.06139699047035665, 0.05898922782466489, 0.0, -0.14643607398246059, -0.48222508277065446, -0.19332699085275512, 0.1659057900176435, 0.06602941993095243, 3.767654656919282e-08, 0.00023790798041574383, 0.0, 0.0, 0.0, 0.01120180202525492, 0.043637695519447454, 0.04641296584385298, 0.16916573580503913, 0.21917072267096618, 0.0, 0.0, 0.018097222777543286, 8.888041262520022e-08, 0.03133350136711418, 0.005742613159512574, 0.0, 0.0, 0.0, 1.0574046245637182e-07, 0.0, 0.0]","[0.045031569503279606, 0.0, 0.0, 0.0, 0.0, 0.08313556445603079, 0.06760688730032144, 0.13826949838740252, 0.016372799492790163, 0.07197950306818217, 0.13335002502762097, 0.08740195173001619, 0.9090213590405963, 0.7406757686539375, 0.2677165349675044, -4.885776340823036e-05, 0.0, 0.0, 0.0, 0.0, 0.0, -0.291866284552651, -0.2511694586266796, -0.33874164265196577, 0.0, 0.0, 0.0, -2.021318974237376e-06, 0.13873473379887014, 0.20132709924877684, 0.6861509676422748, 0.815501440641418, 0.9476689276473873, 1.109432749587378, 1.0698821802817344, 1.3909287322488204, 0.8291810998387654, 0.6986713726510578, 0.8737718774676536, 1.0733044546989663, 0.9048267681235119, 1.031677073976085, 0.8474290251950082, 0.8947116229718216, 0.8020648651369888, 1.0429247159005492, 0.9831997066720494, 0.7590562404720375]","[0.030297006573187943, 0.02904748425025449, 0.0283184397685027, 0.03182762510858768, 0.030358106522190814, 0.030684122188257064, 0.03269643180053012, 0.03158952230686726, 0.03481309471007072, 0.032483333093510855, 0.03227947200627787, 0.03389912052526517, 0.049017560097765436, 0.043050221938779255, 0.041446513255333106, 0.045527142684733575, 0.0488127666992583, 0.05208956077493279, 0.11456482469275608, 0.07188589739227928, 0.09014881600085715, 0.14195907957448914, 0.13431645496485442, 0.15603715682464545, 0.13171960194263924, 0.11398708672144192, 0.1055660753244718, 0.10435397249794268, 0.0767277652612085, 0.06654453125998466, 0.05746401174965031, 0.05572006882585063, 0.05352281392762753, 0.05751834040063737, 0.05917449227510835, 0.06241321452573715, 0.04466368528580609, 0.04714677161184401, 0.05012127023971354, 0.051111786273892595, 0.04810245604995457, 0.04963790996521088, 0.050229917875519066, 0.051376454780643746, 0.049305655708577846, 0.050979472054794105, 0.05037126674826242, 0.048358330859499955]","[2.552232246839093, 2.554598864518298, 2.570320018157834, 2.622338899574276, 2.6135414836061126, 2.589224015755772, 2.6279717978130464, 2.5850943464004454, 2.6274778923373967, 2.5841752347221973, 2.609913601837287, 2.625287180907117, 3.306485121790118, 3.400840834901885, 3.3755089566082166, 3.3543518698018024, 3.3354193141878508, 3.3126990396561484, 3.3447677309280603, 3.387830171081905, 3.374676427870492, 3.339744798764725, 3.309518997252684, 3.3714409293338763, 4.086352494153745, 4.056738899946032, 4.119421116424987, 4.096731834783149, 4.125152129188705, 4.032956950209494, 4.1282253909097815, 4.094297194872794, 4.038235703257669, 4.093142250901273, 4.087421038390197, 4.044404676824943, 3.351859105631551, 3.3562426888488157, 3.37618974061688, 3.318423607219592, 3.336497992954915, 3.302451063769031, 3.341617686481741, 3.3433459110456845, 3.3315521429580306, 3.36242911465839, 3.365670666249276, 3.3077181454263513]","[0.0, 0.0, 0.0, 0.0, 0.0, 0.0, 0.0, 0.0, 0.0, 0.0, 0.0, 0.0, 0.0, 0.25807397748131944, 0.678666965903805, 0.8295329690825093, 1.1053024022633604, 1.210469753513462, 1.4629556149446012, 1.5577844438549584, 1.9482668332296822, 2.343769213402179, 2.6620497329167163, 2.505758807881406, 2.2849788988516546, 2.1526606513799194, 2.0545399456128375, 2.0332790254338344, 1.5285957810899196, 1.3643221859882555, 0.9746073044211502, 0.7600264348335908, 0.6598777235410511, 0.4793378485572768, 0.3501041428116503, 0.21274427256845027, 0.1547423723958212, 0.1011495778384667, 0.0, 0.0, 0.0, 0.0, 0.0, 0.0, 0.0, 0.0, 0.0, 0.0]","[1.6474976839435365, 1.3958610687275383, 1.3170372286917087, 1.58895298081486, 1.4784458974810453, 1.4135534363928817, 1.5120328934410512, 1.438158784997237, 1.6068020972531074, 1.5142756656794245, 1.508843017216063, 1.5717843229742043, 1.405783722917959, 1.4451412544543811, 1.4705719197764386, 1.586370728957448, 1.2822203166842454, 1.440801936658769, 1.744257090242325, 1.51377147546449, 1.318706545858822, 1.5762370233036629, 1.515180260698152, 1.5537878817292305, 1.4798225455957787, 1.26467137330217, 1.4329170013563026, 1.4073366152227682, 1.5345492465749198, 1.533852148033807, 1.5249311168137438, 1.563287586622488, 1.4405741709003765, 1.5154770277334428, 1.5574434721863568, 1.283974164280341, 1.4125993168949482, 1.6035685074944097, 1.534441857864748, 1.2962308503399025, 1.4484401799485263, 1.3146692870139116, 1.544418485173674, 1.500010649129822, 1.5787929250579937, 1.3704837654889501, 1.4328422145836512, 1.5970202216499]",nan,"[2, 2, 2, 2, 2, 2, 2, 2, 2, 2, 2, 2, 2, 2, 2, 2, 2, 2, 2, 2, 2, 2, 2, 2, 2, 2, 2, 2, 2, 2, 2, 2, 2, 2, 2, 2, 2, 2, 2, 2, 2, 2, 2, 2, 2, 2, 2, 2]","[2, 2, 1, 1, 1, 2, 2, 1, 3, 1, 1, 1, 1, 1, 2, 1, 2, 2, 1, 2, 5, 1, 1, 1, 5, 1, 2, 1, 2, 2, 1, 1, 1, 1, 1, 1, 1, 1, 1, 1, 1, 1, 1, 1, 1, 1, 1, 1]",48,0
33,Perfect-Global,86,test_id,id_actual,perfect_full_horizon,48,,1214.9250933452602,1214.9250933452602,0.0,,1800.4459998607635,37.50929166376591,1800.4459998607635,0,1,True,,100086,perfect_global_clean,48,48,True,,1.0,0.12500000000814654,"[22.296228342418754, 16.864924994320724, 12.04037645885045, 6.16615, 8.665427906271635, 9.44586471780489, 9.175705174351384, 9.090360987400226, 6.16615, 6.16615, 6.959899644387701, 6.690739554921277, 35.99713621691951, 38.386929318724235, 22.731113535987227, 6.16615, 6.16615, 6.16615, 4.317180084811484, 5.438703194132561, 4.235889235566328, 1.7694417162202927, 0.3417682877193599, 2.807993505969296, 5.274602724719116, 6.16615, 6.16615, 6.16615, 14.750369573409507, 18.62326707533412, 48.621741905078345, 57.31891096727205, 67.52656572583834, 70.1023720612146, 67.12227554200068, 76.29638747945714, 46.383119959578835, 39.54555531259839, 42.0882302716959, 48.475482136026386, 43.541118588263764, 46.99141337844871, 40.37208147253596, 40.90504999985944, 37.75474122368709, 47.84663990785625, 45.11347133792078, 37.520663825687414]","[37.50929166376591, 37.50929166376591, 37.50929166376591, 37.50929166376591, 37.50929166376591, 37.50929166376591, 37.50929166376591, 37.50929166376591, 37.50929166376591, 37.50929166376591, 37.50929166376591, 37.50929166376591, 37.50929166376591, 37.50929166376591, 37.50929166376591, 37.50929166376591, 37.50929166376591, 37.50929166376591, 37.50929166376591, 37.50929166376591, 37.50929166376591, 37.50929166376591, 37.50929166376591, 37.50929166376591, 37.50929166376591, 37.50929166376591, 37.50929166376591, 37.50929166376591, 37.50929166376591, 37.50929166376591, 37.50929166376591, 37.50929166376591, 37.50929166376591, 37.50929166376591, 37.50929166376591, 37.50929166376591, 37.50929166376591, 37.50929166376591, 37.50929166376591, 37.50929166376591, 37.50929166376591, 37.50929166376591, 37.50929166376591, 37.50929166376591, 37.50929166376591, 37.50929166376591, 37.50929166376591, 37.50929166376591]",,flat_price_relaxed_ramp,Flat price + relaxed ramp,Remove dominant long-term effects,Removed,Weak DG ramp,True,True,0.8,0.8,mpc_diagnostic,,0.0,full_day_optimization_objective,False,9,11378,0,6482,4752,48,1800.4459998607635,0.0020884998430569816,0.0020884998430569816,9,3,,,,,,,,,,,,,
33,MPC-3,87,test_id,id_actual,id_reliable,3,,1506.6577036290585,1233.953068899553,22.100081567340734,,138.86099982261658,2.892937496304512,20.174000024795532,0,0,True,,100087,pure_mpc_clean,4,48,True,,1.0,0.12499999981206925,"[16.47121116164451, 4.519996176724595, 3.53933397632525, 4.5327817282300655, 5.8162986705611495, 14.132735989289294, 8.101820754139728, 10.15285638582495, 16.7208203955524, 10.760248596879592, 24.22011847400404, 18.067582283703167, 61.30018918610621, 50.80170801890632, 19.834220287481497, 11.983478343951193, 5.252731946599978, 3.796999946557162, 3.2838233976494293, 2.377474875088651, 0.0, 0.0, 0.0, 0.0, 1.3502725556021902, 3.30839459903675, 4.565940545438392, 5.599126733848334, 18.397591263878432, 32.45264558152369, 50.93167989014176, 66.76212373554469, 79.44074661949891, 73.24515853602566, 85.30156337157949, 72.30261561894183, 58.82367627363578, 57.1878251696003, 69.02902157572547, 60.530359284821756, 67.22600517141069, 56.381546324243665, 48.81282353882614, 66.90995604477386, 52.404299453567404, 56.57026197654032, 59.08100554203466, 64.37663362759945]","[20.174000024795532, 0.09800004959106445, 0.6059999465942383, 0.45399999618530273, 0.11600017547607422, 15.2260000705719, 13.26799988746643, 14.772000074386597, 3.4760000705718994, 7.924999952316284, 0.38699984550476074, 0.3959999084472656, 0.35700011253356934, 0.440000057220459, 0.8199999332427979, 0.5720000267028809, 0.3970000743865967, 2.613999843597412, 5.0909998416900635, 15.717999935150146, 0.9919998645782471, 0.04800009727478027, 9.333000183105469, 8.371000051498413, 4.611999988555908, 0.6440000534057617, 0.5460000038146973, 0.8169999122619629, 4.03000020980835, 1.191999912261963, 0.18499994277954102, 0.17100000381469727, 0.1809999942779541, 0.5099999904632568, 0.5119998455047607, 0.6039998531341553, 0.1809999942779541, 0.4179999828338623, 0.1700000762939453, 0.1660001277923584, 0.17300009727478027, 0.43199992179870605, 0.4910001754760742, 0.16199994087219238, 0.4010000228881836, 0.432999849319458, 0.13199996948242188, 0.04699993133544922]",,flat_price_relaxed_ramp,Flat price + relaxed ramp,Remove dominant long-term effects,Removed,Weak DG ramp,True,True,0.8,0.8,mpc_diagnostic,,22.100081567340734,,,,698.125,0.0,398.5,290.8125,2.9375,2.892937496304512,0.0008884463155273064,0.0009983231432403481,2.0,1.0,"[0.4, 0.7330718503020054, 0.5740417274494402, 0.735145167783811, 0.9432730117505435, 1.0, 1.0, 1.0, 1.0, 1.0, 1.0, 1.0, 1.0, 1.0, 1.0, 1.0, 0.8518902969377461, 0.6158273553815032, 0.5326049677592537, 0.38561487708554576, 0.0, 0.0, 0.0, 0.0, 0.2190147518874179, 0.5365897671097007, 0.74052222607444, 0.908058824297727, 1.0, 1.0, 1.0, 1.0, 1.0, 1.0, 1.0, 1.0, 1.0, 1.0, 1.0, 1.0, 1.0, 1.0, 1.0, 1.0, 1.0, 1.0, 1.0, 1.0]","[1.0, 0.75, 0.5511269991072513, 0.407464026019687, 0.30831060274124544, 0.23961092978503606, 0.20669749854828123, 0.17775409710300577, 0.15707537448049794, 0.14914926810732387, 0.14914926787576321, 0.14914926776324436, 0.12500000070522205, 0.1250000003179038, 0.12500000026819444, 0.12500000000922099, 0.1250000044486931, 0.12500000531189082, 0.12500000595892624, 0.12500000473395592, 0.12632969670875777, 0.13954998612655506, 0.2207163041944119, 0.3294503504304792, 0.32945033027494414, 0.32945032202483615, 0.3294503064408066, 0.35025799591254675, 0.3502579948735837, 0.35025798804671143, 0.3502579867052274, 0.35025798442279643, 0.35024375442924827, 0.34090874346283123, 0.2644039562644638, 0.16648801443930938, 0.16648801292001475, 0.16648801157884552, 0.15620113904803182, 0.15504174240247698, 0.14487917896855643, 0.1448788875248392, 0.14274611990687935, 0.13863495707418327, 0.12500007646891687, 0.12500007333377633, 0.1250000599322826, 0.12499999981206925]","[0.49, 0.49, 0.38979108174978744, 0.281579427251626, 0.19434070962574543, 0.13465135899417038, 0.06451032522403946, 0.05672906722519041, 0.0405302967311761, 0.015535168883118058, 0.0, 0.0, 0.047332563815972284, 0.0, 0.0, 0.0, 0.0, 0.0, 0.0, 0.0, -0.006644218361585977, -0.035064307505487946, -0.165579288858428, -0.22181745887550036, 4.421760346758718e-08, 0.0, 3.5281031458404904e-08, -0.042447690807004015, 0.0, 1.3798107826475358e-08, 0.0, 0.0, 2.789117743484554e-05, 0.018296621883458448, 0.14994938329555504, 0.19191524636539967, 0.0, 0.0, 0.020162270542923678, 0.0022724178088988417, 0.019918624713222095, 5.716109383860521e-07, 0.004180224915332912, 0.008057879534280474, 0.02672436637157069, 0.0, 0.0, 1.1783561819948384e-07]","[0.22634406725890122, 0.0, 0.0, 0.0, 0.0, 0.12875290487740274, 0.031283567743672386, 0.06443161835676689, 0.1705805316452913, 0.07424805813138735, 0.29178130867077234, 0.19234638034267745, 0.8910551787653529, 0.7213827558611122, 0.2208981056562666, 0.09401742778102938, 0.0, 0.0, 0.0, 0.0, -0.0065450655506664466, -0.02188432128413726, -0.06215429024869284, 0.0, 0.0, 0.0, 0.0, 0.0, 0.19767985881015646, 0.42483225182260514, 0.7234833113558263, 0.9793288684532475, 1.1842359049615985, 1.0841051884610207, 1.2789561757022947, 1.068872171619262, 0.8510307276547197, 0.8245927300137422, 1.0159656012238458, 0.8786134833910586, 0.9868259421642133, 0.8115619607958572, 0.6892391683042608, 0.9817180774912948, 0.7472832234919984, 0.8146119107319648, 0.8551895845177319, 0.9407754929713043]","[0.027622433583526357, 0.02800869890721448, 0.02868854383434149, 0.031302797517165484, 0.031351609956173816, 0.029046103077813436, 0.031626865679278374, 0.03218613121715849, 0.031298279366969654, 0.03237666642738493, 0.031029137836028772, 0.03063879542963766, 0.04745164670849353, 0.0407040699516541, 0.039795655672939585, 0.042509895764955015, 0.049849901128478265, 0.05564801689760684, 0.05974886757384333, 0.06986583631658881, 0.10011782440514855, 0.10454279253294779, 0.11660707602224583, 0.10894050451607194, 0.14243838896268807, 0.11149097718211165, 0.10734517464215192, 0.08607795190846407, 0.07592297785004495, 0.06241589922991078, 0.05677307463790191, 0.05463298829348993, 0.05743010611656668, 0.05741288034144035, 0.060617081061651264, 0.05899426816120556, 0.04491501995472431, 0.046438398399800754, 0.0498283403044733, 0.048059149469851105, 0.0494197927332499, 0.04836933250069824, 0.050476773803949194, 0.050745980245811464, 0.04904769042594397, 0.05060540239833481, 0.05033341824575248, 0.049296551270556606]","[2.6039496072911765, 2.5636144314161258, 2.5256125591541743, 2.630434514467635, 2.586627551616785, 2.5618952991423782, 2.5527855401274233, 2.5970283528469738, 2.5586676242430713, 2.570479334538768, 2.5935992772000396, 2.578471122402062, 3.295609598321386, 3.3598070755084537, 3.3190567453051387, 3.31980450651639, 3.3735707720041885, 3.3086582205036876, 3.3432936064020016, 3.317062601574869, 3.3729362308456774, 3.3306543982294103, 3.388393091886167, 3.368913228512109, 4.072900383679919, 4.0888305984723665, 4.08254423178251, 4.088152947439197, 4.124627521071561, 4.128603123326018, 4.106943210279455, 4.09421472790264, 4.138947946118925, 4.05993889793053, 4.129469726107022, 4.027606878179681, 3.29806311019217, 3.2998013596137517, 3.338475002822255, 3.327034092729087, 3.379498194177875, 3.337095022519774, 3.3430779873913092, 3.364013439730453, 3.3064741491837935, 3.3350503368604807, 3.3220218381191966, 3.317432396141213]","[0.0, 0.0, 0.0, 0.0, 0.0, 0.0, 0.0, 0.0, 0.0, 0.0, 0.0, 0.0, 0.0, 0.26514408937450173, 0.6171346949276846, 0.8276078542167948, 1.0615007857289043, 1.3159576942007183, 1.380975433382407, 1.6276905531681019, 1.928311954261111, 1.9040989818610672, 2.249809857552952, 2.3532364700820727, 2.5180769629243835, 2.1315191445582493, 2.0890363592411494, 1.7199814172746093, 1.4947957597653585, 1.1244260522619587, 1.0110703948201158, 0.8054598802118864, 0.6209307067386728, 0.5185961148115772, 0.33287415948921756, 0.2555156862781104, 0.1652478662306902, 0.10013974466609954, 0.0, 0.0, 0.0, 0.0, 0.0, 0.0, 0.0, 0.0, 0.0, 0.0]","[1.515227882293919, 1.3685513520202413, 1.5904682659528273, 1.6450126727924097, 1.480365444423179, 1.3275365221488877, 1.48861828592429, 1.508053403509333, 1.3788549563127537, 1.513072681824199, 1.332847076615423, 1.416763511114461, 1.4046734546792652, 1.4139842414022648, 1.520819548220814, 1.4406890757778488, 1.5100295399550645, 1.4325211900206531, 1.4894620746029594, 1.3736219893896635, 1.5579313847351441, 1.5880468375279624, 1.482923895181544, 1.3464345566279858, 1.4782470186555714, 1.5322126481702296, 1.3603307908990239, 1.5886383446069412, 1.5080748783361695, 1.6417607051191347, 1.429162576141632, 1.364058963088521, 1.3911835497814433, 1.4963538535365175, 1.4283070891001453, 1.5702980424999555, 1.3266995333193754, 1.4215072271565143, 1.3521754717862131, 1.494207341463281, 1.4221734204595153, 1.5739017691911836, 1.700135368402775, 1.4249834633770897, 1.5815141918242959, 1.5710437637368662, 1.5171656456141478, 1.4259533370223931]",nan,"[2, 2, 2, 2, 2, 2, 2, 2, 2, 2, 2, 2, 2, 2, 2, 2, 2, 2, 2, 2, 2, 2, 2, 2, 2, 2, 2, 2, 2, 2, 2, 2, 2, 2, 2, 2, 2, 2, 2, 2, 2, 2, 2, 2, 2, 2, 2, 2]","[5, 2, 2, 1, 1, 2, 2, 1, 2, 1, 1, 1, 1, 1, 1, 1, 2, 1, 1, 2, 2, 1, 2, 1, 1, 1, 2, 2, 1, 1, 1, 1, 1, 1, 1, 1, 1, 1, 1, 1, 1, 1, 1, 1, 1, 1, 1, 1]",48,0
33,Perfect-Global,87,test_id,id_actual,perfect_full_horizon,48,,1233.953068899553,1233.953068899553,0.0,,1800.9139997959137,37.51904166241487,1800.9139997959137,0,1,True,,100087,perfect_global_clean,48,48,True,,1.0,0.12500000000815506,"[31.757699946109426, 17.11793354145103, 6.16615, 6.16615, 6.566741115257715, 11.407912552546316, 6.16615, 6.16615, 8.541614752419632, 6.16615, 13.740664521826021, 9.030768730334449, 35.510503159918834, 38.91155068637457, 19.834223374759677, 11.98348099545242, 5.52344987713234, 5.477826607238862, 5.4456806670513584, 5.337316309702011, 2.8706976394768997, 2.5823792230729805, 1.574020961698495, 1.683377536862361, 4.149811625803228, 6.16615, 6.16615, 6.16615, 18.397591334300436, 32.45264635131231, 50.93167999842962, 66.76212384014794, 75.66239750093567, 68.06911692996157, 73.37593640806453, 63.69637346591076, 45.203598987538676, 41.82882274626051, 47.239927271242216, 40.99532962909902, 45.95216715715871, 39.35062233381558, 32.93669852860838, 45.039518162220986, 36.86839970920074, 38.12001951613088, 40.054575699440086, 42.63866950528591]","[37.51904166241487, 37.51904166241487, 37.51904166241487, 37.51904166241487, 37.51904166241487, 37.51904166241487, 37.51904166241487, 37.51904166241487, 37.51904166241487, 37.51904166241487, 37.51904166241487, 37.51904166241487, 37.51904166241487, 37.51904166241487, 37.51904166241487, 37.51904166241487, 37.51904166241487, 37.51904166241487, 37.51904166241487, 37.51904166241487, 37.51904166241487, 37.51904166241487, 37.51904166241487, 37.51904166241487, 37.51904166241487, 37.51904166241487, 37.51904166241487, 37.51904166241487, 37.51904166241487, 37.51904166241487, 37.51904166241487, 37.51904166241487, 37.51904166241487, 37.51904166241487, 37.51904166241487, 37.51904166241487, 37.51904166241487, 37.51904166241487, 37.51904166241487, 37.51904166241487, 37.51904166241487, 37.51904166241487, 37.51904166241487, 37.51904166241487, 37.51904166241487, 37.51904166241487, 37.51904166241487, 37.51904166241487]",,flat_price_relaxed_ramp,Flat price + relaxed ramp,Remove dominant long-term effects,Removed,Weak DG ramp,True,True,0.8,0.8,mpc_diagnostic,,0.0,full_day_optimization_objective,False,9,11378,0,6482,4752,48,1800.9139997959137,0.0020254211873192538,0.0020254211873192538,9,1,,,,,,,,,,,,,
33,MPC-3,88,test_id,id_actual,id_reliable,3,,1505.7684534736002,1250.6870848749966,20.39529884680135,,130.70699977874756,2.723062495390574,21.388999938964844,0,0,True,,100088,pure_mpc_clean,4,48,True,,1.0,0.12500000926705615,"[23.197907073619508, 2.5974823488292618, 4.568516943569837, 5.71221580994592, 16.114545947766253, 10.952036177787047, 17.260190735972632, 20.068685488564917, 10.578659438576086, 5.992095502412382, 19.185875144066774, 18.095410498435875, 58.36723185083772, 51.899946193710875, 22.213857798370135, 11.206982636677523, 6.161919129816686, 5.398789645596266, 2.932386937434426, 0.4661566572702304, 0.10818936402062773, 0.0, 0.0, 0.0, 2.4661719310318335, 3.1545749582359406, 4.742896728145361, 6.16615, 7.9100209297526245, 37.097199961412876, 29.469675627861783, 62.39116009870548, 72.20231329637254, 76.1090610881923, 74.27474634720487, 70.77536726808006, 55.36158032599761, 55.34306611006909, 63.57719824915742, 58.788119965166445, 76.91633722961548, 71.98023396736109, 68.9870053914731, 50.36320851817565, 52.64125705822673, 62.577751434076724, 67.39251559494242, 62.001760071061945]","[9.70199990272522, 0.45600008964538574, 0.15600013732910156, 0.09100008010864258, 15.449000120162964, 18.586999893188477, 2.5190000534057617, 3.430999994277954, 13.724999904632568, 0.09600019454956055, 0.3940000534057617, 0.3680000305175781, 0.30099987983703613, 0.3689999580383301, 1.7220001220703125, 3.009999990463257, 0.19900012016296387, 0.9629998207092285, 0.05200004577636719, 0.0690000057220459, 15.547999858856201, 0.4739999771118164, 8.45799994468689, 0.039999961853027344, 0.742999792098999, 0.682999849319458, 0.16499996185302734, 21.388999938964844, 5.141999959945679, 0.4529998302459717, 0.8029999732971191, 0.19099998474121094, 0.5220000743865967, 0.5390000343322754, 0.5749998092651367, 0.17200016975402832, 0.42100000381469727, 0.36299991607666016, 0.2690000534057617, 0.40800023078918457, 0.13099980354309082, 0.13900017738342285, 0.2539999485015869, 0.3680000305175781, 0.41499996185302734, 0.23800015449523926, 0.10599994659423828, 0.03900003433227539]",,flat_price_relaxed_ramp,Flat price + relaxed ramp,Remove dominant long-term effects,Removed,Weak DG ramp,True,True,0.8,0.8,mpc_diagnostic,,20.39529884680135,,,,698.125,0.0,398.5,290.8125,2.9375,2.723062495390574,0.0008365980757076732,0.000999554553794915,2.0,1.0,"[0.4, 0.42129609491557146, 0.7409400162273272, 0.926396152142203, 1.0, 1.0, 1.0, 1.0, 1.0, 0.9717779186570134, 1.0, 1.0, 1.0, 1.0, 1.0, 1.0, 0.9993139888691176, 0.8755739608404258, 0.4756105874203986, 0.07561290788992983, 0.017549046538542314, 0.0, 0.0, 0.0, 0.3999999888146005, 0.5116441856801194, 0.7692173811125919, 1.0, 1.0, 1.0, 1.0, 1.0, 1.0, 1.0, 1.0, 0.9999997429962686, 1.0, 1.0, 1.0, 1.0, 1.0, 1.0, 1.0, 1.0, 1.0, 1.0, 1.0, 1.0]","[1.0, 0.75, 0.5423148325965619, 0.4054434665089839, 0.3125044502928418, 0.2549597579275057, 0.20770739842985184, 0.18214752854373967, 0.16849239369366315, 0.1528221732180406, 0.15282217306471665, 0.15282217301762474, 0.12500000118636195, 0.12500000067677536, 0.12500000033081748, 0.12500000000923886, 0.12782601458328413, 0.12500002074596092, 0.17392533196345067, 0.1319409077449069, 0.125000000087302, 0.22000651630177792, 0.311129298738158, 0.4624928102016156, 0.27833543751277356, 0.2783354314437037, 0.27823941218377485, 0.3423396531002277, 0.34233965226125834, 0.34233965131035754, 0.3423396505258238, 0.3423396486832373, 0.3423396450715138, 0.3268034182357526, 0.25069486304517824, 0.12924459298254498, 0.12924459193470125, 0.1292445908136949, 0.12924458525049673, 0.12924458111515724, 0.12500553079991994, 0.12500013668438553, 0.12500002596359003, 0.12500002142024855, 0.125000015578235, 0.12500001181009163, 0.12500000926705615, 0.12500000926705615]","[0.49, 0.49, 0.4070629014005855, 0.2682678510041206, 0.18216047178363853, 0.11278759703605871, 0.09261462500767872, 0.05009734536829263, 0.026764064698501424, 0.030713636033979485, 0.0, 0.0, 0.05453145717436392, 0.0, 0.0, 0.0, -0.005767438209433768, 0.005538951977559841, -0.10208793503155207, 0.07806948414533026, 0.01360418320114816, -0.19381329307753087, -0.18589047617021537, -0.31252103339817855, 0.3609484504701304, 0.0, 0.00018507368350970864, -0.13076449241873733, 0.0, 0.0, 0.0, 0.0, 0.0, 0.030451004985662868, 0.14917276856140868, 0.23804230243387076, 0.0, 0.0, 0.0, 0.0, 0.008308538998847025, 1.0572847868371737e-05, 2.1739834760720334e-07, 0.0, 0.0, 0.0, 0.0, 0.0]","[0.3350583446241537, 0.0, 0.0, 0.0, 0.16078215673157584, 0.07734765539857855, 0.17929762805612334, 0.22468744223943296, 0.07131328385577514, 0.0, 0.21041980030814988, 0.19279612926765047, 0.843653848094347, 0.7391320596963373, 0.2593568937110325, 0.08146800220892966, -2.0201207010099916e-06, 0.0, -0.002118291975303855, -0.11716552166212367, 9.816745060259695e-07, -0.012820886624335098, -0.132369330734026, -0.32117640682967324, 0.0, 0.0, -2.0216531817372536e-06, 0.0, 0.028183784893001107, 0.4998957569521273, 0.37662263640988736, 0.9086870318982703, 1.0672511239817783, 1.130390482233411, 1.1007449914699776, 1.044189395605851, 0.7950776618343047, 0.7947784421829347, 0.9278553252389078, 0.8504560802451142, 1.1434373693675228, 1.063661963108866, 1.0152865517813836, 0.7142958952432428, 0.7511128413450784, 0.9117026494396238, 0.9895170197162413, 0.9023936981181728]","[0.02242020792267227, 0.03096753692530933, 0.028811516133382946, 0.030673153309333828, 0.029931480751472388, 0.03095005380477868, 0.030797487986590197, 0.030863903541427307, 0.03377125437031893, 0.033106114488319766, 0.03371050532301134, 0.032395133596441465, 0.046809661004920386, 0.040994650789746324, 0.04153011342637073, 0.044367296239963196, 0.04707888458954022, 0.04994525155541512, 0.06270207916616836, 0.10259954768134832, 0.0891252567598413, 0.11276730291638608, 0.12431698479151922, 0.15228203494028905, 0.1340419455350006, 0.1107590051634902, 0.09744925552432826, 0.09147582973889659, 0.07520651665972254, 0.062087462136519375, 0.06255697433050886, 0.053696008756281825, 0.05620677623638213, 0.05840224001903548, 0.05812637781630873, 0.05895485258420124, 0.04487624541474629, 0.046315909587776774, 0.049479178881536516, 0.05035069703421285, 0.05172147084823443, 0.05200609325850295, 0.05222391889524019, 0.04914360465082051, 0.05073976199102082, 0.048905716755114674, 0.051580156822794064, 0.05131686158750413]","[2.4893101818428693, 2.5986717471710516, 2.6125154292156343, 2.634709936993539, 2.6334769666117626, 2.5981932536388843, 2.6088263612204123, 2.6413928339639767, 2.6236554487850903, 2.5728552734165606, 2.6553552261631355, 2.631839369334071, 3.319159679708292, 3.290790574338689, 3.3817576864187164, 3.3547603213736195, 3.3299916321749436, 3.32408413800577, 3.3606252361023206, 3.379659392248141, 3.346252615211314, 3.381713035356576, 3.361192234966117, 3.3770087017679717, 4.126491955352849, 4.095250271278546, 4.062663774767229, 4.1093303288521055, 4.058971325931768, 4.119647203074488, 4.067479765109342, 4.086995396924157, 4.085312977846773, 4.0984007733721075, 4.04978695221291, 4.083459625513068, 3.362131238687639, 3.3458892034236154, 3.325505797145441, 3.3677634255926345, 3.3564276645410827, 3.345788620559802, 3.397348105576369, 3.3389710686122185, 3.3618213485238626, 3.3192696659736836, 3.3398826571653943, 3.3726656970195443]","[0.0, 0.0, 0.0, 0.0, 0.0, 0.0, 0.0, 0.0, 0.0, 0.0, 0.0, 0.0, 0.0, 0.257338779505815, 0.5796146158944919, 0.8098506456037602, 1.0103880500958982, 1.1641512788048565, 1.445189581213635, 1.930586488829555, 1.919362597197448, 2.329510034599836, 2.4785290204391415, 2.586121992264185, 2.185008607402999, 2.0960216020795888, 1.9128191984477683, 1.8941105785030152, 1.4753668070797252, 1.1431229609478448, 1.1128307408628215, 0.8289258984476978, 0.64855184208237, 0.4231476732356597, 0.3004841799350282, 0.22700352127655504, 0.14525347380604242, 0.08905581555154307, 0.0, 0.0, 0.0, 0.0, 0.0, 0.0, 0.0, 0.0, 0.0, 0.0]","[1.2866719608050183, 1.7183430860528692, 1.4933240512041703, 1.4707191106345245, 1.320465112856387, 1.439007736156177, 1.3677115673844868, 1.3974718763559775, 1.5593491078086132, 1.6034698374172445, 1.47864590446919, 1.4714383461771103, 1.4677840358632808, 1.3353143280250184, 1.584316239157432, 1.5078089693072032, 1.373137937266216, 1.328765202302116, 1.6067334094352166, 1.5151556236028196, 1.4848595457311369, 1.3716044833749927, 1.3252400062227356, 1.576866184499516, 1.3145768586991735, 1.5983434771532945, 1.4778934663690702, 1.4374600711635368, 1.630627121983343, 1.5387159454761707, 1.6405833606587996, 1.4030784717589153, 1.4257167809710134, 1.5728138533551441, 1.5575113904844662, 1.6331793420218759, 1.46667628717978, 1.508370853125775, 1.4471296399182947, 1.5676579842697587, 1.2564032274367742, 1.334122178277095, 1.4342852557088013, 1.6738187692140143, 1.6614482578285146, 1.456472725937977, 1.4019457893223004, 1.521588842375865]",nan,"[2, 2, 2, 2, 2, 2, 2, 2, 2, 2, 2, 2, 2, 2, 2, 2, 2, 2, 2, 2, 2, 2, 2, 2, 2, 2, 2, 2, 2, 2, 2, 2, 2, 2, 2, 2, 2, 2, 2, 2, 2, 2, 2, 2, 2, 2, 2, 2]","[3, 2, 1, 1, 3, 2, 1, 2, 4, 1, 1, 1, 1, 1, 2, 1, 1, 1, 1, 1, 8, 2, 7, 1, 2, 1, 1, 1, 2, 1, 1, 1, 1, 1, 1, 1, 1, 1, 1, 1, 1, 1, 1, 1, 1, 1, 1, 1]",48,0
33,Perfect-Global,88,test_id,id_actual,perfect_full_horizon,48,,1250.6870848749966,1250.6870848749966,0.0,,1800.619999885559,37.51291666428248,1800.619999885559,0,1,True,,100088,perfect_global_clean,48,48,True,,1.0,0.1250000000081486,"[34.979262013328466, 7.430667280611694, 8.504641825780244, 10.437352168496448, 15.865720545720265, 10.194082520258538, 12.783847347980528, 13.843299783925357, 6.394412709127515, 6.16615, 10.470774981253875, 10.463440319297918, 36.41064442501922, 39.01279449401738, 22.213860817020205, 11.206982654063115, 6.16615, 6.16615, 5.366086105322926, 3.1790387872075203, 3.202392234219675, 1.7429351179029324, 1.233038, 3.699402, 15.093383102170137, 6.16615, 7.399433120607193, 10.671477163615517, 7.910029538458033, 37.09720006880343, 29.46967574990429, 62.391160217868496, 72.20230231846607, 67.26841466195351, 65.8971477774663, 64.32863443544272, 44.987014179065504, 41.68743350664234, 43.19112620250663, 40.551383007831696, 51.706529194747205, 47.61444081595922, 45.93877047348147, 35.43245956204197, 36.75785509276763, 42.371028443307225, 44.9887433993186, 42.43216671201771]","[37.51291666428248, 37.51291666428248, 37.51291666428248, 37.51291666428248, 37.51291666428248, 37.51291666428248, 37.51291666428248, 37.51291666428248, 37.51291666428248, 37.51291666428248, 37.51291666428248, 37.51291666428248, 37.51291666428248, 37.51291666428248, 37.51291666428248, 37.51291666428248, 37.51291666428248, 37.51291666428248, 37.51291666428248, 37.51291666428248, 37.51291666428248, 37.51291666428248, 37.51291666428248, 37.51291666428248, 37.51291666428248, 37.51291666428248, 37.51291666428248, 37.51291666428248, 37.51291666428248, 37.51291666428248, 37.51291666428248, 37.51291666428248, 37.51291666428248, 37.51291666428248, 37.51291666428248, 37.51291666428248, 37.51291666428248, 37.51291666428248, 37.51291666428248, 37.51291666428248, 37.51291666428248, 37.51291666428248, 37.51291666428248, 37.51291666428248, 37.51291666428248, 37.51291666428248, 37.51291666428248, 37.51291666428248]",,flat_price_relaxed_ramp,Flat price + relaxed ramp,Remove dominant long-term effects,Removed,Weak DG ramp,True,True,0.8,0.8,mpc_diagnostic,,0.0,full_day_optimization_objective,False,9,11378,0,6482,4752,48,1800.619999885559,0.0024202967065422142,0.0024202967065422142,9,4,,,,,,,,,,,,,
33,MPC-3,89,test_id,id_actual,id_reliable,3,,1538.092298565638,1282.6712135157125,19.91321566731307,,73.27900004386902,1.5266458342472713,16.920000076293945,0,0,True,,100089,pure_mpc_clean,4,48,True,,1.0,0.12500001737526442,"[33.190461819604565, 4.090877251177475, 5.073409227890973, 5.068572118263426, 5.051782689448502, 6.166148336012525, 9.946873136326866, 20.65306707577456, 10.264087928081306, 14.705654065806357, 12.833797664708454, 17.14399253050334, 59.28716355679988, 44.78592397580182, 18.700494890205476, 6.048903059482085, 4.3520872104217565, 5.141433451010808, 2.674844961933927, 2.954653889224464, 0.4884058373167242, 0.0, 0.0, 0.0, 0.0, 2.466171566481881, 4.930170577226082, 5.901373756862674, 19.573258910575426, 36.531767448362736, 38.978839072353736, 77.73119248043886, 57.47656012894803, 82.03174646825242, 87.45249496023852, 87.9829816395196, 58.96113977031895, 47.0902546182865, 61.40208592431994, 69.74781491056649, 65.82301937160395, 63.264287731058104, 69.42906389293844, 75.19125290116706, 62.99247647385599, 62.551459556577925, 60.915216616517625, 51.04503511337176]","[3.0339999198913574, 0.437999963760376, 0.11699986457824707, 0.4180002212524414, 1.805999994277954, 0.10100007057189941, 16.920000076293945, 0.7350001335144043, 13.305999994277954, 4.5269999504089355, 0.5260000228881836, 0.3450000286102295, 0.3689999580383301, 0.36500000953674316, 0.628000020980835, 0.44700002670288086, 0.44700002670288086, 0.312000036239624, 0.5769999027252197, 4.0259997844696045, 0.09400010108947754, 0.46199989318847656, 0.04900002479553223, 7.2820000648498535, 0.056999921798706055, 3.8410000801086426, 0.1789999008178711, 0.3489999771118164, 4.322999954223633, 0.9869999885559082, 0.9070000648498535, 0.16100001335144043, 0.5239999294281006, 0.501000165939331, 0.4830000400543213, 0.5490000247955322, 0.39100003242492676, 0.44499993324279785, 0.36699986457824707, 0.1640000343322754, 0.15899991989135742, 0.370999813079834, 0.15599989891052246, 0.13400006294250488, 0.3560001850128174, 0.33099985122680664, 0.11600017547607422, 0.0970001220703125]",,flat_price_relaxed_ramp,Flat price + relaxed ramp,Remove dominant long-term effects,Removed,Weak DG ramp,True,True,0.8,0.8,mpc_diagnostic,,19.91321566731307,,,,698.125,0.0,398.5,290.8125,2.9375,1.5266458342472713,0.0007781727183941214,0.0009962155934079996,2.0,1.0,"[0.4, 0.6634845371171352, 0.822812318633069, 0.8220279551841461, 0.8193054567726753, 0.9999997301940906, 1.0, 1.0, 1.0, 1.0, 1.0, 1.0, 1.0, 1.0, 1.0, 0.9809890189110725, 0.7058434135738934, 0.8338427884177249, 0.43384278841772483, 0.4792217787668303, 0.0792217789290126, 0.0, 0.0, 0.0, 0.0, 0.3999999296911374, 0.799585296433962, 0.9570677106123227, 1.0, 1.0, 1.0, 1.0, 1.0, 1.0, 1.0, 1.0, 1.0, 1.0, 1.0, 1.0, 1.0, 1.0, 1.0, 1.0, 1.0, 1.0, 1.0, 1.0]","[1.0, 0.75, 0.5402111490698658, 0.4048927819069231, 0.3069305940430472, 0.23677218085191307, 0.19496751921823974, 0.17282262471875662, 0.15772948683103982, 0.14086101673236529, 0.1408610165183484, 0.14086101650868338, 0.12500000116420731, 0.12500000052294669, 0.12500000000920305, 0.12500000450965262, 0.12500000572204506, 0.12500072289585445, 0.20379462325113656, 0.12500007427739834, 0.14993993097043146, 0.36843239048968346, 0.41770225843417524, 0.6235005885403551, 0.5001359681917305, 0.4748806467723197, 0.4230643691934924, 0.44094692151670534, 0.44094692151670534, 0.42173501149837417, 0.4217349529766925, 0.405737131704462, 0.3939314392112543, 0.36337318522441275, 0.2764646210345825, 0.14912874247177593, 0.14912874166811713, 0.14912873846970626, 0.12968500648165734, 0.12968499325376792, 0.12569418521787737, 0.12569412203813415, 0.12569408264662704, 0.1256940764317095, 0.12569405483939483, 0.12500002566458002, 0.12500001737526442, 0.12500001737526442]","[0.49, 0.49, 0.4111861478230632, 0.26522399963936755, 0.19200588821319683, 0.13751049376412117, 0.0819371368019997, 0.04340399360991443, 0.02958255065217474, 0.03306220178514055, 0.0, 0.0, 0.03108759045922866, 0.0, 0.0, 0.0, 0.0, -1.5012559849301823e-06, -0.16073955672477547, 0.15443732012259398, -0.05926563106726193, -0.44572461741927405, -0.10850451308877584, -0.42159646326529143, 0.24127434462511924, 0.049500429982045006, 0.10155748882295715, -0.03648280914004627, 0.0, 0.037655343635929116, 1.1470249610965801e-07, 0.03135572969357178, 0.023139157286687157, 0.05989417781420942, 0.17034078619828424, 0.2495783223687779, 0.0, 0.0, 0.03810971508021352, 2.6312666270016e-08, 0.007821984132945235, 1.2421626188944052e-07, 7.75844439347756e-08, 0.0, 0.0, 0.0013602975657129204, 0.0, 0.0]","[0.4965541789027, 0.0, 0.0, 0.0, 0.0, 0.0, 0.06110259614265643, 0.2341319931438312, 0.06622929984777869, 0.13801218692212294, 0.10775996225791441, 0.17741967726066002, 0.8585214312210082, 0.6241579632452819, 0.2025752709528158, 0.0, 0.0, 0.0, -0.10579001351387268, 0.0, -0.06985970103832725, -0.008778917431136138, -0.30762945585463186, -0.06446850923749371, -0.00045496870401798306, 0.0, -2.0091006081534778e-06, -2.0214815547345993e-06, 0.21668054804970382, 0.4907574537109129, 0.5303060860178381, 1.156606747158608, 0.82925915359916, 1.2261106499919583, 1.3137187064280973, 1.3222922285174883, 0.8532523599243467, 0.6613996705985696, 0.8927019947364838, 1.0275824632010746, 0.9641514241875385, 0.9227981855524542, 1.0224309316030455, 1.1155572186047202, 0.9184052763451472, 0.91127773020732, 0.8848333998629111, 0.7253153149635839]","[0.02670514233211398, 0.02844567276223827, 0.02955163121284374, 0.03063267356973877, 0.032345119213384385, 0.03071260091445762, 0.0316710593713632, 0.03066890359572502, 0.032990251702850394, 0.03160961911993945, 0.033080433194448124, 0.03334170582985406, 0.04988510893549775, 0.043296862757856096, 0.04246777562167987, 0.04549483975553807, 0.051737704796781046, 0.0505211641905119, 0.08028992410877873, 0.06668131657638902, 0.11981330517381988, 0.10101054946181003, 0.15129287759102533, 0.11739792799471799, 0.17991491116039648, 0.1276099445320623, 0.09863629772622458, 0.08535923507931059, 0.070513827640008, 0.0613946094410744, 0.05924366114111466, 0.05587915776508581, 0.055350132202853314, 0.058244995593591156, 0.061190959301906954, 0.06018253716742728, 0.04530931957217302, 0.04813383489489497, 0.04809661036677801, 0.05115176051686073, 0.05019224248528275, 0.05082771207171521, 0.0516324928036132, 0.05135726220830283, 0.051788930226662665, 0.0503412542799947, 0.05083580106445394, 0.04985047779871062]","[2.6935460537603477, 2.572235449943288, 2.6390108728248824, 2.6343902615167387, 2.6037903474217847, 2.5790401073889777, 2.5652196790060997, 2.5949965004622135, 2.5936101191901146, 2.627403423934424, 2.5808137000519813, 2.59538781879156, 3.3310154800490017, 3.3712425642793598, 3.3764111544611644, 3.3727995814899323, 3.3812022096343153, 3.320914372724221, 3.3452478817858045, 3.3580114106164114, 3.35936389608746, 3.332208610137747, 3.356051764082607, 3.309019297762197, 4.0926522134219745, 4.063390691249496, 4.0890074871740065, 4.05596615128888, 4.113159206321349, 4.099096159615312, 4.095366014369926, 4.139569302824267, 4.083303606889983, 4.104568731802844, 4.071541531074696, 4.058600464984353, 3.389037843552491, 3.3395861922778547, 3.335209920350592, 3.3708581555761743, 3.3337554512986145, 3.3540456676872905, 3.3985255118020534, 3.3555561271322576, 3.363052887580343, 3.3444891583137, 3.3870225359558637, 3.326495922170611]","[0.0, 0.0, 0.0, 0.0, 0.0, 0.0, 0.0, 0.0, 0.0, 0.0, 0.0, 0.0, 0.0, 0.2661254913383782, 0.6709345383122817, 0.8948944313983697, 1.0509342850732548, 1.1378406039879676, 1.71550867463715, 1.4358433300280242, 2.136477836883601, 2.2750751968202954, 2.3994889034813074, 2.52217875176355, 2.639577724608653, 2.3248617362711532, 1.8971123423433518, 1.6989630769995545, 1.4189260548866385, 1.0517630565552993, 0.9979019788447198, 0.6928061492697746, 0.6831921133788301, 0.4560688625556062, 0.32600671444103557, 0.2138699546230038, 0.14681681421989082, 0.09825133493687996, 0.0, 0.0, 0.0, 0.0, 0.0, 0.0, 0.0, 0.0, 0.0, 0.0]","[1.33369690371747, 1.4471965495813819, 1.4345640418447765, 1.5777709517249587, 1.6248240810376906, 1.472242488556533, 1.453850701345403, 1.3481293800788179, 1.5307882665558634, 1.4879385779322538, 1.506134140069933, 1.4513098186940034, 1.491291508796456, 1.5242559715984594, 1.5453690720850424, 1.5424109191456212, 1.6761621576521066, 1.3997537050246214, 1.542715913078374, 1.355190302719946, 1.3926029175524635, 1.6126474976296752, 1.523989706965177, 1.3903033254790014, 1.3921700238560377, 1.4166385443661844, 1.389390666401432, 1.5217793991840107, 1.5480663328217472, 1.5803149155853373, 1.626401496383734, 1.3146798348898203, 1.6030633152568847, 1.4207400374541774, 1.3226662837282197, 1.333042497061594, 1.4342779301471926, 1.6280690154067199, 1.4524948213269155, 1.3944274270090968, 1.411974285887912, 1.4820750190526228, 1.4277269958386265, 1.2913561585992228, 1.496436499174635, 1.4821923852372978, 1.5530249209443245, 1.6510310509998094]",nan,"[2, 2, 2, 2, 2, 2, 2, 2, 2, 2, 2, 2, 2, 2, 2, 2, 2, 2, 2, 2, 2, 2, 2, 2, 2, 2, 2, 2, 2, 2, 2, 2, 2, 2, 2, 2, 2, 2, 2, 2, 2, 2, 2, 2, 2, 2, 2, 2]","[3, 3, 1, 1, 1, 1, 4, 1, 3, 1, 2, 1, 1, 1, 2, 2, 2, 1, 1, 1, 1, 2, 1, 4, 1, 1, 1, 1, 2, 1, 1, 1, 1, 1, 1, 1, 1, 1, 1, 1, 1, 1, 1, 1, 1, 1, 1, 1]",48,0
33,Perfect-Global,89,test_id,id_actual,perfect_full_horizon,48,,1282.6712135157125,1282.6712135157125,0.0,,1800.611999988556,37.51274999976158,1800.611999988556,0,1,True,,100089,perfect_global_clean,48,48,True,,1.0,0.12500000000813816,"[41.50329074475849, 16.59159837529894, 10.652220450266686, 6.166157972041769, 6.16615, 7.1365807727661785, 8.140396794644118, 13.172539163747032, 6.166157074451504, 9.15277094640489, 6.249843819400839, 8.82740481849397, 35.00551168579225, 35.48563181177584, 18.700497787246988, 6.16615, 6.16615, 6.16615, 4.052634592059463, 5.952255645635674, 3.485540940819143, 1.0192102365024958, 0.261428741064131, 1.793611826220314, 4.260063108888958, 5.7481796094202355, 6.16615, 6.16615, 19.573264724586814, 38.817928369543154, 38.9788460350352, 79.69401715976643, 58.91436413109516, 73.88663715023027, 76.18318478387275, 75.34406286809164, 47.426505396191175, 37.8941039211043, 44.06927347014513, 48.531918202494495, 46.73230477196568, 43.584358326488726, 47.45524019977358, 51.4227966401753, 43.65282587981514, 43.68361517079747, 43.30335252437961, 37.00218687246048]","[37.51274999976158, 37.51274999976158, 37.51274999976158, 37.51274999976158, 37.51274999976158, 37.51274999976158, 37.51274999976158, 37.51274999976158, 37.51274999976158, 37.51274999976158, 37.51274999976158, 37.51274999976158, 37.51274999976158, 37.51274999976158, 37.51274999976158, 37.51274999976158, 37.51274999976158, 37.51274999976158, 37.51274999976158, 37.51274999976158, 37.51274999976158, 37.51274999976158, 37.51274999976158, 37.51274999976158, 37.51274999976158, 37.51274999976158, 37.51274999976158, 37.51274999976158, 37.51274999976158, 37.51274999976158, 37.51274999976158, 37.51274999976158, 37.51274999976158, 37.51274999976158, 37.51274999976158, 37.51274999976158, 37.51274999976158, 37.51274999976158, 37.51274999976158, 37.51274999976158, 37.51274999976158, 37.51274999976158, 37.51274999976158, 37.51274999976158, 37.51274999976158, 37.51274999976158, 37.51274999976158, 37.51274999976158]",,flat_price_relaxed_ramp,Flat price + relaxed ramp,Remove dominant long-term effects,Removed,Weak DG ramp,True,True,0.8,0.8,mpc_diagnostic,,0.0,full_day_optimization_objective,False,9,11378,0,6482,4752,48,1800.611999988556,0.0020908400106726547,0.0020908400106726547,9,2,,,,,,,,,,,,,
33,MPC-3,90,test_id,id_actual,id_reliable,3,,1491.3342499474868,1229.6654852233978,21.27967059891501,,112.91499996185303,2.3523958325386047,19.72699999809265,0,0,True,,100090,pure_mpc_clean,4,48,True,,1.0,0.12499999981383877,"[19.827824459567843, 3.794616290788343, 3.6930000918684462, 5.260890787219766, 6.046339419394887, 6.010502635247875, 10.559216571956892, 10.172703992659706, 19.062068157683296, 15.318008574271472, 13.583323884872552, 19.123114240572065, 44.3633170143674, 33.04205434428464, 22.686775295635023, 13.266322214850895, 5.234445926084801, 5.829995571916599, 3.3632999126461094, 1.4391045624012464, 0.13760973861642511, 0.0, 0.0, 0.0, 2.4661718520913753, 1.9259440641634522, 4.3924158659067025, 4.897542571020649, 18.77173467693079, 39.46446219899455, 31.361134351702418, 64.6778544928471, 66.48298589707447, 83.4100373514621, 81.33019243001172, 84.67015619870512, 44.2412231718115, 53.54556714138859, 67.94104428545776, 59.98974337511015, 69.82426487069765, 52.729542400334346, 62.06392647373018, 70.64570790594104, 66.70425083831675, 64.06353905160998, 68.45698828620841, 65.46328650906389]","[1.1599998474121094, 0.46700000762939453, 0.6029999256134033, 0.43000006675720215, 0.12299990653991699, 0.09599995613098145, 13.307000160217285, 19.20199990272522, 0.6679999828338623, 3.0230000019073486, 0.5369999408721924, 0.42099976539611816, 0.5140001773834229, 0.5060000419616699, 2.0880000591278076, 1.8500001430511475, 0.3489999771118164, 0.3429999351501465, 6.898999929428101, 19.72699999809265, 14.642000198364258, 0.49000000953674316, 0.6679999828338623, 0.04800009727478027, 2.943000078201294, 9.101999998092651, 0.8969998359680176, 0.4479999542236328, 5.108000040054321, 0.7300000190734863, 0.7689998149871826, 0.15700006484985352, 0.5460000038146973, 0.1660001277923584, 0.4869999885559082, 0.5169999599456787, 0.4220001697540283, 0.27300000190734863, 0.1830000877380371, 0.42299985885620117, 0.14599990844726562, 0.45200014114379883, 0.18199992179870605, 0.18400001525878906, 0.26799988746643066, 0.1679999828338623, 0.12000012397766113, 0.06299996376037598]",,flat_price_relaxed_ramp,Flat price + relaxed ramp,Remove dominant long-term effects,Removed,Weak DG ramp,True,True,0.8,0.8,mpc_diagnostic,,21.27967059891501,,,,698.125,0.0,398.5,290.8125,2.9375,2.3523958325386047,0.0008212497918537114,0.0009979449691979777,2.0,1.0,"[0.4, 0.6154408016175295, 0.5989618059472447, 0.853213281492195, 0.9805733364444338, 0.9747625594353795, 1.0, 1.0, 1.0, 1.0, 1.0, 1.0, 1.0, 1.0, 1.0, 1.0, 0.8489251522539266, 0.9454939328598139, 0.5454939352770096, 0.2334226845346126, 0.022321209536614393, 0.0, 0.0, 0.0, 0.3999999760118742, 0.31238322520510053, 0.7123832112343367, 0.7942944365547683, 1.0, 1.0, 1.0, 1.0, 1.0, 1.0, 1.0, 1.0, 1.0, 1.0, 1.0, 1.0, 1.0, 1.0, 1.0, 1.0, 1.0, 1.0, 1.0, 1.0]","[1.0, 0.75, 0.5479802668024868, 0.4081840875788816, 0.31122951211730443, 0.2504815185707263, 0.21301870120007976, 0.18384008717489064, 0.16383528750408133, 0.14954638657814565, 0.14954638655204108, 0.1495463864586218, 0.12500000120412583, 0.1250000005671872, 0.12500000044758308, 0.12500000000925957, 0.1250000049140368, 0.12506764267072987, 0.1893065549634064, 0.125000027112761, 0.1250000000877426, 0.13432614017806552, 0.3716466356272616, 0.5795114726173234, 0.4239859526354134, 0.42175455560438146, 0.32586610995053383, 0.32576206143930114, 0.32576206053291873, 0.325762059079394, 0.3257620587566455, 0.325762057716163, 0.3257620562168328, 0.3257620451286417, 0.25341090650832354, 0.13940427025072058, 0.1394042696310538, 0.13940426868250042, 0.1330361506749472, 0.13228383417431086, 0.13228382626744964, 0.13228381269938055, 0.1322838073395769, 0.13228380349971994, 0.12883763245370775, 0.12883762038212046, 0.1260836156787795, 0.12499999981383877]","[0.49, 0.49, 0.39595867706712584, 0.27400051127826613, 0.19003096790469123, 0.11906607126534247, 0.07342712204646723, 0.05719008388253754, 0.03920940774611182, 0.028006246206483586, 0.0, 0.0, 0.04811091548584437, 0.0, 0.0, 0.0, 0.0, -0.00014121898274868031, -0.1310473856277668, 0.12604079458726497, 0.0, -0.01902532578425875, -0.48413381071635997, -0.42562268018682525, 0.30483001916454366, 0.0043735381808226, 0.18794135348154137, 0.0002008736778206908, 0.0, 0.0, 0.0, 0.0, 0.0, 2.2126935928426923e-08, 0.1418082320825485, 0.22345300745130248, 0.0, 0.0, 0.012481511677099433, 0.001474540721977857, 0.0, 2.6983556274353025e-08, 0.0, 0.0, 0.0067544956324379155, 0.0, 0.0053978496009476525, 0.0021238870952838018]","[0.2805923629829146, 0.0, 0.0, 0.0, 0.0, 0.0, 0.0709990557083942, 0.06475238776015688, 0.20841887931609368, 0.14790882544277126, 0.11987351733127358, 0.20940548267591214, 0.6173279517473518, 0.43435805000864064, 0.2670000047779398, 0.11475025801779223, 0.0, -2.0281962581735847e-06, 0.0, 0.0, 0.0, -0.1803118731690652, -0.23338491868455855, -0.12644524032544313, 0.0, 0.0, 0.0, -2.0212298547878464e-06, 0.20372662104130568, 0.5381545405898109, 0.40719166629014014, 0.9456437089753067, 0.9748175498517085, 1.248386058205448, 1.2147724029092803, 1.268751615332608, 0.6153547179282666, 0.7657279538002196, 0.9983821298659842, 0.8698762565674367, 1.0288180181122852, 0.7525396751569187, 0.9033984076562452, 1.0420938651465217, 0.9783935489020891, 0.9357153786118786, 1.0067206187670048, 0.9583375597424468]","[0.026544541981816588, 0.029877536881257518, 0.03058603822799548, 0.03079872438955938, 0.03018261617870636, 0.03207701724025076, 0.032179555499767254, 0.033368778666256836, 0.031240381956527917, 0.03246069576569838, 0.03277230381627333, 0.03175162711603939, 0.048304158433394376, 0.042869790774630885, 0.04101245477778816, 0.04326666072874616, 0.04848517905552572, 0.047135960584234485, 0.05991171819241432, 0.07511120677777154, 0.08353266504804588, 0.1595416505912261, 0.13253758558120118, 0.12563057343880074, 0.12878166332591415, 0.13090260048947544, 0.09812499173249534, 0.09082342191621831, 0.07136677951929239, 0.05991526430389864, 0.06185717367503601, 0.05250999069010777, 0.05380790869079264, 0.059669539247932994, 0.0603360934677402, 0.060540122890528736, 0.045586801572839085, 0.04341294882745811, 0.04978884587029513, 0.04889909365486664, 0.05045299342399969, 0.05011211371125372, 0.05026513980159245, 0.05068032889223833, 0.051366093425440684, 0.05169859335386495, 0.05161717249433351, 0.05035486060362249]","[2.6118946253445228, 2.5628814220102147, 2.5926206511278878, 2.6455290349785114, 2.5918535293195326, 2.614800269867439, 2.616316741017513, 2.6469750560192145, 2.6011923319462085, 2.6216832368272147, 2.609631358092526, 2.6171304330693452, 3.3394151084799493, 3.268034240684709, 3.3624900744974378, 3.369783129915495, 3.364764347185125, 3.29548773594158, 3.351048051064188, 3.349051759139566, 3.3628706684261216, 3.346683641290625, 3.3368803268975635, 3.326522380922599, 4.158657679737549, 4.081523208151871, 4.093047553452312, 4.081821461282602, 4.061091474886443, 4.116082292616408, 4.085651000591168, 4.051810035074875, 4.069889306500257, 4.08121283799989, 4.100945367411111, 4.060761822551616, 3.3586080065272053, 3.287515002462842, 3.3595083674543935, 3.303437045295742, 3.3435039496881647, 3.3658032873176937, 3.35464560857869, 3.347403828171602, 3.3740867217180552, 3.371128238301486, 3.3738306673645297, 3.3455672554513]","[0.0, 0.0, 0.0, 0.0, 0.0, 0.0, 0.0, 0.0, 0.0, 0.0, 0.0, 0.0, 0.0, 0.23620850099622803, 0.6769012764874617, 0.8111215483955564, 1.0419389250123388, 1.0532826679199587, 1.4934207865121054, 1.5932859211704722, 1.7946397356029058, 2.031173333961038, 2.6238468098889633, 2.448288137229392, 2.1144428950880703, 2.382065133134998, 1.809741880959944, 1.7875186540927919, 1.4817286278892337, 1.11809055742795, 1.214089881105453, 0.8074684951088207, 0.6587851932111677, 0.495080984187264, 0.29981943362733804, 0.2362179912401846, 0.15191081021877537, 0.11126526213739653, 0.0, 0.0, 0.0, 0.0, 0.0, 0.0, 0.0, 0.0, 0.0, 0.0]","[1.4678468043778232, 1.487318123742002, 1.6282861758320424, 1.549113932512359, 1.4514318453796733, 1.5530486606230443, 1.5040697018481932, 1.5584009346946308, 1.3848043493239577, 1.478228780270964, 1.5225301111704526, 1.4394765474946052, 1.7222803543612077, 1.640337423158575, 1.4596011959169086, 1.4871779374439513, 1.522385459346912, 1.343990383727128, 1.5030924288757876, 1.4714126601746575, 1.629441475477643, 1.6743891568741378, 1.5630898319907212, 1.5559327374776046, 1.468166457316212, 1.5136039166648994, 1.4811061039316857, 1.5906330177363888, 1.447003003725491, 1.5197524560849023, 1.526226626267126, 1.3512078196738857, 1.4900944692213591, 1.3974153131548959, 1.5048813926773488, 1.3928793318289987, 1.6369292203542427, 1.4539347335385597, 1.398433572206433, 1.4809852824722325, 1.3651389095462085, 1.6633756993217423, 1.5015123302529552, 1.3559902844254466, 1.4403047710868595, 1.487111429426544, 1.4133293719068347, 1.4354606696407595]",nan,"[2, 2, 2, 2, 2, 2, 2, 2, 2, 2, 2, 2, 2, 2, 2, 2, 2, 2, 2, 2, 2, 2, 2, 2, 2, 2, 2, 2, 2, 2, 2, 2, 2, 2, 2, 2, 2, 2, 2, 2, 2, 2, 2, 2, 2, 2, 2, 2]","[2, 3, 1, 1, 1, 1, 3, 3, 1, 1, 1, 1, 2, 1, 1, 1, 1, 1, 1, 6, 7, 2, 1, 1, 1, 1, 1, 1, 1, 1, 1, 1, 1, 1, 1, 1, 1, 1, 1, 1, 1, 1, 1, 1, 1, 1, 1, 1]",48,0
33,Perfect-Global,90,test_id,id_actual,perfect_full_horizon,48,,1229.6654852233978,1229.6654852233978,0.0,,1801.726000070572,37.53595833480358,1801.726000070572,0,1,True,,100090,perfect_global_clean,48,48,True,,1.0,0.1250000000081441,"[30.931621878729533, 12.808168927247493, 6.16615, 6.16615, 8.398485991271793, 6.16615, 6.699404293348593, 6.16615, 10.338834559143812, 7.418559899799986, 6.16615, 8.915369696757748, 25.201064070936127, 24.815524390494474, 22.68677845801372, 13.266325068547797, 6.16615, 6.16615, 5.649793995913543, 5.238931399665177, 3.161961832169631, 1.4097258280562421, 1.233038, 3.699402, 12.724655886768597, 4.936861366251135, 9.054821699097321, 6.16615, 18.77173489092202, 39.46446236238222, 31.361134445066092, 64.67785445559869, 66.48298565218903, 73.896532585186, 70.64918550488883, 72.99225053531705, 37.44463945200697, 42.076973547068924, 47.141225378075916, 41.30056321294541, 47.36569738735447, 37.59802689938004, 42.640786568895415, 47.67792531610634, 45.11087026546885, 43.80368811100823, 47.209212624532924, 44.081206786791704]","[37.53595833480358, 37.53595833480358, 37.53595833480358, 37.53595833480358, 37.53595833480358, 37.53595833480358, 37.53595833480358, 37.53595833480358, 37.53595833480358, 37.53595833480358, 37.53595833480358, 37.53595833480358, 37.53595833480358, 37.53595833480358, 37.53595833480358, 37.53595833480358, 37.53595833480358, 37.53595833480358, 37.53595833480358, 37.53595833480358, 37.53595833480358, 37.53595833480358, 37.53595833480358, 37.53595833480358, 37.53595833480358, 37.53595833480358, 37.53595833480358, 37.53595833480358, 37.53595833480358, 37.53595833480358, 37.53595833480358, 37.53595833480358, 37.53595833480358, 37.53595833480358, 37.53595833480358, 37.53595833480358, 37.53595833480358, 37.53595833480358, 37.53595833480358, 37.53595833480358, 37.53595833480358, 37.53595833480358, 37.53595833480358, 37.53595833480358, 37.53595833480358, 37.53595833480358, 37.53595833480358, 37.53595833480358]",,flat_price_relaxed_ramp,Flat price + relaxed ramp,Remove dominant long-term effects,Removed,Weak DG ramp,True,True,0.8,0.8,mpc_diagnostic,,0.0,full_day_optimization_objective,False,9,11378,0,6482,4752,48,1801.726000070572,0.002431589101420896,0.002431589101420896,9,2,,,,,,,,,,,,,
33,MPC-3,91,test_id,id_actual,id_reliable,3,,1526.8208880078782,1276.679378725896,19.59313461549126,,149.01599884033203,3.1044999758402505,24.52300000190735,0,0,True,,100091,pure_mpc_clean,4,48,True,,1.0,0.1250000141087871,"[33.81528577331374, 4.647628033028027, 3.8265543285722257, 6.166149736938195, 6.16614881037806, 14.86460798414103, 18.482574647334015, 9.601616438740162, 12.004195666666124, 10.171396854206694, 10.166525655006815, 28.176310401161153, 70.79341737252847, 43.98680477299526, 21.03840589238861, 5.994518503582948, 4.473126968221381, 5.052437373051273, 2.595518334346803, 1.280137991530302, 1.0201586955306656, 0.0, 0.0, 0.0, 2.4661719263941806, 3.695586327172459, 4.601833025520788, 13.129257682388888, 17.938437061207008, 39.08236882115516, 48.18997206840464, 53.566468486790946, 75.8613320534383, 73.42725192873822, 90.69450729948318, 68.64292589099796, 60.56925829161564, 52.672727708989775, 59.19388454873596, 59.33251689901863, 54.506052702170784, 67.84535791365846, 63.6639953575166, 53.20319514692347, 68.50887725254935, 67.15072439628275, 58.93408826094674, 55.62057672411655]","[5.025000095367432, 0.10100007057189941, 0.5439999103546143, 0.08500003814697266, 0.10599994659423828, 24.52300000190735, 2.873000144958496, 13.016999959945679, 18.39299988746643, 10.536999940872192, 0.6719999313354492, 0.15900015830993652, 0.4140000343322754, 0.46000003814697266, 1.3559999465942383, 0.3529999256134033, 0.4309999942779541, 0.43899989128112793, 11.483999967575073, 16.251999855041504, 19.05299997329712, 0.6860001087188721, 0.07899999618530273, 8.529000043869019, 0.6400001049041748, 0.8019998073577881, 0.503000020980835, 4.150000095367432, 1.1010000705718994, 0.746999979019165, 0.7960000038146973, 0.19299983978271484, 0.14499998092651367, 0.877000093460083, 0.43199992179870605, 0.1659998893737793, 0.15000009536743164, 0.3810000419616699, 0.38299989700317383, 0.37399983406066895, 0.3809998035430908, 0.14599990844726562, 0.2760000228881836, 0.2519998550415039, 0.14800000190734863, 0.25099992752075195, 0.11399984359741211, 0.03699994087219238]",,flat_price_relaxed_ramp,Flat price + relaxed ramp,Remove dominant long-term effects,Removed,Weak DG ramp,True,True,0.8,0.8,mpc_diagnostic,,19.59313461549126,,,,698.125,0.0,398.5,290.8125,2.9375,3.1044999758402505,0.0008592930134886647,0.0009972012738048795,2.0,1.0,"[0.4, 0.7537686813936798, 0.6206201389052706, 1.0, 0.9999998071097084, 1.0, 1.0, 1.0, 1.0, 1.0, 1.0, 1.0, 1.0, 1.0, 1.0, 0.9721707985156675, 0.7254714795059634, 0.8194116173809738, 0.4209775696169244, 0.2076393571086801, 0.1654718754249098, 0.0, 0.0, 0.0, 0.3999999880624564, 0.5993812144079411, 0.7463425644737645, 1.0, 1.0, 1.0, 1.0, 1.0, 1.0, 1.0, 1.0, 1.0, 1.0, 1.0, 1.0, 1.0, 1.0, 1.0, 1.0, 1.0, 1.0, 1.0, 1.0, 1.0]","[1.0, 0.7500011588118267, 0.5395197171655226, 0.38718477462921164, 0.3089794052312194, 0.24650881236985914, 0.21049469965462803, 0.18313882321843883, 0.15828062929603004, 0.14568852814663494, 0.14568852793754086, 0.14568852776263252, 0.1250000010981894, 0.125000000636774, 0.1250000004801133, 0.12506351055940013, 0.12500002732641954, 0.12500001212293962, 0.12500000913266213, 0.12500000625286836, 0.1250000061063414, 0.1500615404381435, 0.25034567941517494, 0.47313841815994384, 0.2980619334074178, 0.29806192029039413, 0.2980619095924073, 0.29806190931052273, 0.298061908915179, 0.29806190790656656, 0.2980619071078593, 0.2980619064255652, 0.2980619037027665, 0.28865735321274494, 0.2247551345228861, 0.13300345270252836, 0.1330034522340011, 0.13300345135922462, 0.12914566400767455, 0.12914565805635703, 0.1250004513509769, 0.1250004476986955, 0.12500016556920354, 0.1250001635779099, 0.1250000240692719, 0.12500001923412254, 0.1250000141087871, 0.1250000141087871]","[0.49, 0.48999763602387353, 0.412543625626756, 0.2985764873711695, 0.15328252402006476, 0.12244236200826615, 0.07058766131359816, 0.05361751781493085, 0.04872206047987673, 0.024680518252813533, 0.0, 0.0, 0.04054951264504065, 0.0, 0.0, -0.0001328289117963293, 0.00012443118943583623, 0.0, 1.3495016933179419e-08, 0.0, 0.0, -0.051125530036876254, -0.20999887237056433, -0.45449719168860725, 0.34314991011495105, 3.056529569323756e-08, 2.5920944477242417e-08, 0.0, 0.0, 0.0, 0.0, 0.0, 0.0, 0.01843291934875773, 0.12524834901725587, 0.17983329675665768, 0.0, 0.0, 0.00756126359211787, 0.0, 0.008124605527009455, 0.0, 5.533568483426855e-07, 0.0, 2.7382084136929803e-07, 0.0, 0.0, 0.0]","[0.5066523438111311, -2.0344232331873513e-06, 0.0, 0.0, 0.0, 0.1405811391376328, 0.19905332763368105, 0.05552268991903294, 0.09435225319864445, 0.06473126229035782, 0.064652535838494, 0.35571976405917016, 1.0444810888489449, 0.6112429054221455, 0.24035969119011896, -2.027179694476782e-06, 0.0, 0.0, 0.0, 0.0, 0.0, -0.0006123599565181492, -0.11506630449317443, 0.0, 0.0, 0.0, 0.0, 0.1125350736547699, 0.190259184827588, 0.5319792940792752, 0.6791728819136104, 0.7660657533218739, 1.126386780661629, 1.0870481119796076, 1.3661148654461928, 1.0097256709656235, 0.8792421542079295, 0.751621457923067, 0.8570138916967427, 0.859254414529594, 0.7812509527623561, 0.9968356834530661, 0.929258106788147, 0.7601946690411874, 1.00755922832403, 0.9856092831722465, 0.8528151638132806, 0.7992634622079443]","[0.023922555363101273, 0.029509756095654986, 0.02901867956617668, 0.02821096496018153, 0.03255258088258793, 0.030508293452455336, 0.030629836108135796, 0.03350598087684139, 0.03155723909671199, 0.032408759675012416, 0.03279048395087916, 0.03036474129912536, 0.04894781997338668, 0.042148602704079614, 0.04139159971800103, 0.04751993860926681, 0.04939197635051832, 0.051883431438575926, 0.06830874108624624, 0.07137196053177723, 0.08502629056998247, 0.10321657189579936, 0.1096523000139428, 0.10259300792207908, 0.13099831565304376, 0.11515762808946597, 0.09968551157767608, 0.08722167899998448, 0.07384611134768303, 0.059800163653873376, 0.057376281302696064, 0.05434494933881685, 0.05605852299506299, 0.05996278567258226, 0.06082608850432311, 0.0608783360887271, 0.044949973274077244, 0.045454204992824404, 0.049466855313069685, 0.04940993767708361, 0.04881502591712154, 0.052304465496801, 0.050723304941771415, 0.04837503688910575, 0.05070082809105127, 0.04942883954043455, 0.05003925814149202, 0.05027500066826267]","[2.6653565069686174, 2.58610920187421, 2.558959389065821, 2.5712883886071785, 2.6440037366464484, 2.616517123403047, 2.6226363818619256, 2.611063733589466, 2.5907173927238265, 2.598197557592931, 2.5649729533980175, 2.6112184391325597, 3.3486449427264895, 3.3574522177324306, 3.341916105391043, 3.341040223055857, 3.302515689420251, 3.3527768567078886, 3.4080837192812043, 3.3443016967359727, 3.331219718151219, 3.359227890909332, 3.3593313393622664, 3.350054679097058, 4.100840757039457, 4.133627538145592, 4.068217207289447, 4.069270010352096, 4.108528684952418, 4.086308779609123, 4.139813231524238, 4.069482074385848, 4.111530068176194, 4.086902251019849, 4.072679905840978, 4.0729706982895415, 3.3590571817799297, 3.3455899294278133, 3.3218979998820135, 3.309317312279222, 3.30204787176002, 3.3834629832189536, 3.3349624545557424, 3.277588725733147, 3.3752102416013385, 3.323373549630094, 3.337238991423, 3.368728635337502]","[0.0, 0.0, 0.0, 0.0, 0.0, 0.0, 0.0, 0.0, 0.0, 0.0, 0.0, 0.0, 0.0, 0.2664597195437866, 0.5919149917760533, 0.9589763514652624, 1.0981538718741684, 1.1798608168578166, 1.5675133855993595, 1.5908720127678417, 1.8420615187926688, 2.0976527058873766, 2.104514879469018, 2.398024026211324, 2.145836667870159, 2.1604773273733553, 1.9798933293659506, 1.8104914558852387, 1.5088137924873979, 1.1309922311266183, 1.0436305666625916, 0.799994869091545, 0.6188087706383635, 0.4486616282389674, 0.32695664025756804, 0.2379402714898835, 0.14481576029681484, 0.1040746091199729, 0.0, 0.0, 0.0, 0.0, 0.0, 0.0, 0.0, 0.0, 0.0, 0.0]","[1.2926266086788698, 1.3718546140571204, 1.5548142787957702, 1.3009229039467134, 1.5232739906170174, 1.3840009260737678, 1.3836251998880884, 1.535429232242666, 1.4792000702670145, 1.541194461868454, 1.5331108740873756, 1.2858634160782634, 1.3125621616221486, 1.5218981409757109, 1.5510329758133232, 1.457547903823768, 1.5281578875612398, 1.4053877599485873, 1.487901499731631, 1.61716092637216, 1.4087123167600661, 1.4165296469111492, 1.6895339366081357, 1.5091208455299419, 1.3428525111399576, 1.4889265990521259, 1.4416668044028889, 1.2334650515176944, 1.4833018182335738, 1.4831374161180937, 1.4743860627116474, 1.5577664000071045, 1.4223930345671076, 1.5927223775412203, 1.3151861400427092, 1.7063497955871991, 1.3799492396703903, 1.535348009052564, 1.5067896478366987, 1.4994728237962465, 1.561487280547594, 1.438931758138649, 1.456427099780794, 1.5657690897124934, 1.418351567963918, 1.3871930966355208, 1.534463075739781, 1.6197401462098824]",nan,"[2, 2, 2, 2, 2, 2, 2, 2, 2, 2, 2, 2, 2, 2, 2, 2, 2, 2, 2, 2, 2, 2, 2, 2, 2, 2, 2, 2, 2, 2, 2, 2, 2, 2, 2, 2, 2, 2, 2, 2, 2, 2, 2, 2, 2, 2, 2, 2]","[3, 1, 2, 1, 1, 3, 1, 2, 3, 1, 1, 1, 1, 1, 1, 1, 2, 2, 1, 5, 4, 1, 1, 2, 2, 1, 1, 2, 1, 1, 1, 1, 1, 1, 1, 1, 1, 1, 1, 1, 1, 1, 1, 1, 1, 1, 1, 1]",48,0
33,Perfect-Global,91,test_id,id_actual,perfect_full_horizon,48,,1276.679378725896,1276.679378725896,0.0,,1800.4530000686646,37.50943750143051,1800.4530000686646,0,1,True,,100091,perfect_global_clean,48,48,True,,1.0,0.12500000000815326,"[42.06412620828666, 21.03153626952344, 6.16615, 15.066077769168968, 10.182446026700582, 13.008833209909547, 13.753793369541935, 7.932365480483583, 7.86162553947338, 7.471054299203529, 6.67214554013528, 17.460407790904604, 44.0099961114382, 35.81445403431143, 21.038408689886005, 6.16615, 6.16615, 6.16615, 5.654063782109922, 4.331661768335455, 4.04496682522707, 2.668617903876118, 1.233038, 3.699402, 9.872662414409138, 6.357755857558856, 6.16615, 13.197163627178446, 17.93843720765124, 39.08236892568792, 48.18997214619512, 53.566468491597114, 72.80781578818143, 66.09845437583112, 74.98036686420933, 61.87673369841484, 46.503109989488784, 40.801150112236854, 39.762286540948445, 40.34200492041057, 37.249402787115464, 45.29861713958141, 42.294049492955715, 36.44188442803951, 45.57887955770651, 44.41077331914012, 40.05943588082167, 38.13981454202077]","[37.50943750143051, 37.50943750143051, 37.50943750143051, 37.50943750143051, 37.50943750143051, 37.50943750143051, 37.50943750143051, 37.50943750143051, 37.50943750143051, 37.50943750143051, 37.50943750143051, 37.50943750143051, 37.50943750143051, 37.50943750143051, 37.50943750143051, 37.50943750143051, 37.50943750143051, 37.50943750143051, 37.50943750143051, 37.50943750143051, 37.50943750143051, 37.50943750143051, 37.50943750143051, 37.50943750143051, 37.50943750143051, 37.50943750143051, 37.50943750143051, 37.50943750143051, 37.50943750143051, 37.50943750143051, 37.50943750143051, 37.50943750143051, 37.50943750143051, 37.50943750143051, 37.50943750143051, 37.50943750143051, 37.50943750143051, 37.50943750143051, 37.50943750143051, 37.50943750143051, 37.50943750143051, 37.50943750143051, 37.50943750143051, 37.50943750143051, 37.50943750143051, 37.50943750143051, 37.50943750143051, 37.50943750143051]",,flat_price_relaxed_ramp,Flat price + relaxed ramp,Remove dominant long-term effects,Removed,Weak DG ramp,True,True,0.8,0.8,mpc_diagnostic,,0.0,full_day_optimization_objective,False,9,11378,0,6482,4752,48,1800.4530000686646,0.0023931412414485037,0.0023931412414485037,9,4,,,,,,,,,,,,,
33,MPC-3,92,test_id,id_actual,id_reliable,3,,1371.357676866963,1110.5216675740346,23.487701042585854,,102.50399971008301,2.1354999939600625,15.67300009727478,0,0,True,,100092,pure_mpc_clean,4,48,True,,1.0,0.12499999980985385,"[2.0670740289105662, 10.938165453309843, 5.280833623401951, 6.1658477393039925, 6.16615, 5.661546520337372, 5.416755911465841, 13.721451972331746, 23.47378144329071, 10.287994633123255, 6.16615, 8.855632320884226, 62.43877422362163, 43.24951594459142, 11.90286619767399, 11.364584497397088, 5.123944100388727, 3.134446568478452, 1.3920989255141294, 0.7121460289652946, 0.0, 0.0, 0.0, 0.0, 2.466171903686555, 2.054893115357126, 3.9280682385046446, 5.085519347381012, 15.59504003918437, 15.543868465751693, 44.59489671472743, 49.3313444673918, 73.3777587798799, 85.02921014320542, 66.21209131977982, 89.33578315016322, 50.11303780538622, 56.91421861876831, 47.774561854398755, 62.89834124370669, 54.93186416845224, 55.55824020572627, 53.42405244740522, 65.79731715661161, 49.371407537246, 64.67678358932939, 61.32565279150392, 52.497793630425015]","[3.8379998207092285, 1.6110000610351562, 0.12199997901916504, 0.0840001106262207, 12.13699984550476, 0.12100005149841309, 0.33699989318847656, 15.67300009727478, 0.4219999313354492, 2.2730000019073486, 0.6380000114440918, 0.48800015449523926, 0.18499994277954102, 0.45200014114379883, 0.6579999923706055, 0.6600000858306885, 0.5039999485015869, 7.337000131607056, 4.955999851226807, 13.20799994468689, 0.5460000038146973, 0.5939998626708984, 8.914000034332275, 0.04400014877319336, 2.257999897003174, 1.3870000839233398, 2.309000015258789, 0.14899992942810059, 10.993000030517578, 2.8489999771118164, 0.7330000400543213, 0.7769999504089355, 0.1639997959136963, 0.1809999942779541, 0.5590000152587891, 0.46399998664855957, 0.4419999122619629, 0.40799999237060547, 0.4630000591278076, 0.3940000534057617, 0.40599989891052246, 0.39800000190734863, 0.3879997730255127, 0.14899992942810059, 0.4100000858306885, 0.24900007247924805, 0.12600016593933105, 0.046000003814697266]",,flat_price_relaxed_ramp,Flat price + relaxed ramp,Remove dominant long-term effects,Removed,Weak DG ramp,True,True,0.8,0.8,mpc_diagnostic,,23.487701042585854,,,,698.125,0.0,398.5,290.8125,2.9375,2.1354999939600625,0.0008329175169565676,0.0009993208749089662,2.0,1.0,"[0.3352726525938854, 0.7352726525757465, 0.8564470792921917, 0.999950990182349, 1.0, 0.9181801725143487, 0.8784872259626478, 1.0, 1.0, 1.0, 1.0, 1.0, 1.0, 1.0, 1.0, 1.0, 0.8310068068051127, 0.5083798616984591, 0.22579870776671576, 0.11551269955876094, 0.0, 0.0, 0.0, 0.0, 0.39999998437968687, 0.3332970763798211, 0.6370824077586216, 0.8247760388590143, 1.0, 1.0, 1.0, 1.0, 1.0, 1.0, 1.0, 1.0, 1.0, 1.0, 1.0, 1.0, 1.0, 1.0, 1.0, 1.0, 1.0, 1.0, 1.0, 1.0]","[1.0, 0.75, 0.5402551042802436, 0.39262432649709683, 0.305499508117561, 0.246505968681882, 0.2048485968768911, 0.17961063217205886, 0.16200270117544335, 0.14577543279324012, 0.18949706785104348, 0.18949706749808323, 0.12500000177360288, 0.12500000086062804, 0.12500000000931524, 0.1250000000091677, 0.14812324892224438, 0.1250000193720708, 0.12500000008587744, 0.12500000008342735, 0.2076846762382462, 0.17026443023232127, 0.2637616977618228, 0.39694766813985277, 0.2647253751896781, 0.26472537104121735, 0.2647253654314112, 0.3029219308041882, 0.3029219301094979, 0.3029219294016163, 0.3029219283549658, 0.30292192739246443, 0.3029219254075631, 0.3029219220531717, 0.255559531971041, 0.15211035001167664, 0.15211034868759057, 0.15211034690206413, 0.14326490748237944, 0.13240600026881935, 0.1255709097860099, 0.12557080064976298, 0.12500005581787857, 0.12500004612980675, 0.12500003339765176, 0.12500002748500677, 0.1250000212059446, 0.12499999980985385]","[0.49, 0.49, 0.41109996893513, 0.2893562979470229, 0.1707646440238902, 0.11562734120913153, 0.08164845264991778, 0.04946641121359662, 0.03451154514363294, 0.03180544642154692, -0.0891921359410517, 0.0, 0.12641424920541988, 0.0, 0.0, 0.0, -0.047171431984351204, 0.04532153402263849, 0.0, 0.0, -0.16867673935583052, 0.07334368217161291, -0.19270369825202238, -0.27610926748385284, 0.25915569418234236, 1.4167033953239177e-08, 0.0, -0.07792099505436081, 0.0, 0.0, 0.0, 0.0, 0.0, 0.0, 0.09283028495079469, 0.2027603970253668, 0.0, 0.0, 0.017337061648128274, 0.02128345852181868, 0.013396777730985472, 2.1426946672604238e-07, 0.0011186602548761105, 1.926902197770601e-08, 2.5346304576305473e-08, 0.0, 0.0, 4.193633789447798e-08]","[0.0, 0.10350864747902455, 0.0, 0.0, 0.0, 0.0, 0.0, 0.12210589046192719, 0.2797192960531832, 0.06661567083835561, 0.0, 0.04346638094358346, 0.9094565531090364, 0.5993271263772351, 0.09271460521493319, 0.08401510298823577, 0.0, 0.0, 0.0, 0.0, -0.024636791438200262, -0.1329184183478099, -0.033454222166089356, -0.29603449085685996, 0.0, 0.0, 0.0, 0.0, 0.15238610164338376, 0.15155908631517886, 0.6210706539753929, 0.6976193045235038, 1.0862482227051296, 1.274554507364936, 0.9704394556732092, 1.3441556872753653, 0.7102527322082621, 0.8201708059598919, 0.6724591814852323, 0.9168838988881889, 0.788132754237612, 0.798256003324869, 0.7637640799580641, 0.963736034854329, 0.6982667884807434, 0.9456264014437074, 0.8914667117818815, 0.7487942404917174]","[0.030198520053733448, 0.026628919849904103, 0.028226674898881948, 0.02913239886606593, 0.03155090755545742, 0.03227640541763065, 0.03284810698164057, 0.03162180402545445, 0.030520576402246445, 0.032865005002404656, 0.03666509189387291, 0.03368817229772848, 0.04785432215934892, 0.04093127108853364, 0.04394614927753761, 0.04261093302762788, 0.04998151612432822, 0.06120481005493437, 0.07206485684451701, 0.08220460597224069, 0.09542750521432608, 0.11463117949285027, 0.11164391450699436, 0.1431655319730287, 0.12594760781048675, 0.134704288754105, 0.10737317245805368, 0.08919602465797599, 0.07691960334026834, 0.07395282319917161, 0.05675339367543142, 0.05668207741319061, 0.05588813625725442, 0.06043714417676121, 0.05887230323357917, 0.061437050735286804, 0.04491473188608608, 0.04616942168010545, 0.05001471893945789, 0.04896450445956429, 0.05016314761524999, 0.04882165267870177, 0.04848100049351839, 0.05038873546457801, 0.05065981405917021, 0.04929706633345785, 0.05113884491313359, 0.04973578423221355]","[2.5562646503045534, 2.5539879604929174, 2.6247198065057082, 2.5972173674973575, 2.6244827116798, 2.615533834212507, 2.5962828617127407, 2.6062345522696315, 2.616818936570764, 2.620795457304123, 2.5866843949362224, 2.5867252083350962, 3.37042201204416, 3.326112107424821, 3.3602101931465627, 3.3396672506105713, 3.371249815799241, 3.3819499363892875, 3.3492072955115764, 3.326636927174465, 3.320180189549175, 3.3603322664321578, 3.3386718901862307, 3.342876405018306, 4.126023924902019, 4.127787384008071, 4.092954572952763, 4.054259127533513, 4.0565710143291405, 4.126000714237441, 4.07225946798171, 4.105849016851389, 4.066576056301582, 4.143912859395748, 4.0979976946743655, 4.0860984382140995, 3.344235985348588, 3.3024616880660727, 3.321074535051581, 3.3210811160264564, 3.3292952631642594, 3.342778003113427, 3.2937792261691388, 3.377929472630668, 3.319285577483746, 3.3556572005589036, 3.3488985775931597, 3.383802346901167]","[0.0, 0.0, 0.0, 0.0, 0.0, 0.0, 0.0, 0.0, 0.0, 0.0, 0.0, 0.0, 0.0, 0.2770391218408682, 0.6828610807911815, 0.8324890986231468, 1.0607491526848305, 1.3611786887757822, 1.586157674321865, 1.800097685400314, 1.988486872920343, 1.9981745825349257, 2.365054061602697, 2.491347842982788, 2.1286624614185636, 2.394970635565368, 2.081939447065878, 1.810575797245637, 1.618491444801311, 1.4035686405852874, 0.9621092799937495, 0.9197390544969086, 0.6162421411687762, 0.47534463392337245, 0.36916098908992123, 0.24628479511375084, 0.16102635280254998, 0.0961367528535945, 0.0, 0.0, 0.0, 0.0, 0.0, 0.0, 0.0, 0.0, 0.0, 0.0]","[1.7611904528175488, 1.2518355803043582, 1.3853994566654566, 1.337042501703864, 1.4852689171749003, 1.6140027301239503, 1.668995294295959, 1.4662837546742038, 1.3331086453137793, 1.555239227183436, 1.7125415935402493, 1.5769469686058297, 1.382405532308177, 1.4906770787947905, 1.6285806094612214, 1.465773937500564, 1.5766468005228202, 1.5282746663609517, 1.6093150771238143, 1.4932295141059218, 1.620434352637186, 1.5363635995662768, 1.3114195530820982, 1.5668378521791206, 1.4641533972296759, 1.534223953073525, 1.4813058799605288, 1.586024312537695, 1.3626130698841807, 1.6448258091816794, 1.5458329256609376, 1.5451727333832663, 1.4199738248271276, 1.454450855742678, 1.7244392686085683, 1.354334609952565, 1.5178716296649444, 1.432323495549637, 1.681293011278903, 1.4318782083204125, 1.5779288792299098, 1.5933433833097443, 1.5773774373649851, 1.4645821543544122, 1.6716785781411159, 1.4593278539341836, 1.5085706984515477, 1.6847438491278148]",nan,"[2, 2, 2, 2, 2, 2, 2, 2, 2, 2, 2, 2, 2, 2, 2, 2, 2, 2, 2, 2, 2, 2, 2, 2, 2, 2, 2, 2, 2, 2, 2, 2, 2, 2, 2, 2, 2, 2, 2, 2, 2, 2, 2, 2, 2, 2, 2, 2]","[3, 2, 1, 1, 2, 1, 1, 2, 1, 1, 1, 1, 1, 1, 1, 1, 2, 1, 3, 3, 2, 1, 2, 1, 2, 1, 1, 1, 1, 2, 1, 1, 1, 1, 1, 1, 1, 1, 1, 1, 1, 1, 1, 1, 1, 1, 1, 1]",48,0
33,Perfect-Global,92,test_id,id_actual,perfect_full_horizon,48,,1110.5216675740346,1110.5216675740346,0.0,,1800.7269999980927,37.515145833293595,1800.7269999980927,0,1,True,,100092,perfect_global_clean,48,48,True,,1.0,0.12500000000816255,"[16.983478223349085, 18.934749873056916, 9.548995321470436, 10.597947904193774, 6.715386609577436, 6.16615, 6.16615, 6.225107913926346, 11.44669359804022, 6.16615, 6.16615, 6.16615, 39.60410779988073, 32.114850333575106, 11.902865730268712, 11.364587134010474, 6.133013959388341, 6.16615, 4.443852809530013, 3.740128030568259, 1.816938235677342, 2.535833602854494, 1.6285890948369839, 0.0, 2.4661720000000003, 4.932728, 6.16615, 6.16615, 15.595040105597997, 15.543868510020255, 44.59489676229476, 49.33134454515489, 69.95138037706643, 71.91980812442583, 60.91829374120854, 72.11958935692122, 40.6040777910689, 40.30596706511911, 32.52394569948274, 41.881311881637465, 37.576135067134885, 36.6314571689722, 34.88528864103139, 42.666735371170205, 33.209237025054875, 42.22649145471414, 40.48253663263296, 35.08903607912126]","[37.515145833293595, 37.515145833293595, 37.515145833293595, 37.515145833293595, 37.515145833293595, 37.515145833293595, 37.515145833293595, 37.515145833293595, 37.515145833293595, 37.515145833293595, 37.515145833293595, 37.515145833293595, 37.515145833293595, 37.515145833293595, 37.515145833293595, 37.515145833293595, 37.515145833293595, 37.515145833293595, 37.515145833293595, 37.515145833293595, 37.515145833293595, 37.515145833293595, 37.515145833293595, 37.515145833293595, 37.515145833293595, 37.515145833293595, 37.515145833293595, 37.515145833293595, 37.515145833293595, 37.515145833293595, 37.515145833293595, 37.515145833293595, 37.515145833293595, 37.515145833293595, 37.515145833293595, 37.515145833293595, 37.515145833293595, 37.515145833293595, 37.515145833293595, 37.515145833293595, 37.515145833293595, 37.515145833293595, 37.515145833293595, 37.515145833293595, 37.515145833293595, 37.515145833293595, 37.515145833293595, 37.515145833293595]",,flat_price_relaxed_ramp,Flat price + relaxed ramp,Remove dominant long-term effects,Removed,Weak DG ramp,True,True,0.8,0.8,mpc_diagnostic,,0.0,full_day_optimization_objective,False,9,11378,0,6482,4752,48,1800.7269999980927,0.0021633178877967325,0.0021633178877967325,9,4,,,,,,,,,,,,,
33,MPC-3,93,test_id,id_actual,id_reliable,3,,1426.2031403747787,1188.8227369475355,19.967687027651387,,127.58999967575073,2.6581249932448068,19.96499991416931,0,0,True,,100093,pure_mpc_clean,4,48,True,,1.0,0.12499999981138422,"[19.053206754556925, 4.370624106493928, 5.214267678414876, 5.279726348416586, 7.106209233698654, 5.985446289343971, 22.459469512869852, 6.130276107913521, 11.097501080587762, 19.273659859646187, 20.591381104022535, 13.903125079551224, 48.13559260375602, 41.066932985012, 26.08903848681583, 5.23313780580472, 3.872393430501797, 4.209508364462404, 2.5118604843074643, 1.939782798073706, 0.6775819376030493, 0.0, 0.0, 0.0, 2.1313800622526955, 3.5055535585910245, 4.943779978777174, 6.16615, 6.16615, 34.69115268160244, 44.636101426350955, 52.229897486787266, 54.71418046591486, 76.66853525422565, 80.81018648974309, 80.2027263813048, 42.64819706092798, 65.10483792396562, 55.8941301495898, 59.74073989822267, 69.17524231643371, 62.451856434307814, 65.24324111987963, 60.952682784829776, 67.35538576108175, 54.352273578992474, 47.82493737244705, 54.393100136697626]","[1.2020001411437988, 0.1230001449584961, 0.13400006294250488, 0.4419999122619629, 15.90499997138977, 0.125, 3.13100004196167, 0.07899999618530273, 13.490000009536743, 3.9679999351501465, 0.3639998435974121, 0.3860001564025879, 0.30700016021728516, 0.4810001850128174, 5.871999979019165, 0.35199999809265137, 0.5369999408721924, 0.48199987411499023, 5.039000034332275, 10.372999906539917, 13.26799988746643, 0.7689998149871826, 0.4419999122619629, 0.04800009727478027, 4.182999849319458, 6.900000095367432, 0.1679999828338623, 19.96499991416931, 9.960999965667725, 1.8179998397827148, 0.7420001029968262, 0.5109999179840088, 1.0310001373291016, 0.47099995613098145, 0.4809999465942383, 0.5199999809265137, 0.4350001811981201, 0.16199994087219238, 0.4500000476837158, 0.26399993896484375, 0.15000009536743164, 0.3959999084472656, 0.41099977493286133, 0.42799997329711914, 0.17999982833862305, 0.40400004386901855, 0.13000011444091797, 0.1100001335144043]",,flat_price_relaxed_ramp,Flat price + relaxed ramp,Remove dominant long-term effects,Removed,Weak DG ramp,True,True,0.8,0.8,mpc_diagnostic,,19.967687027651387,,,,698.125,0.0,398.5,290.8125,2.9375,2.6581249932448068,0.0008272757765243574,0.000998698834761856,2.0,1.0,"[0.4, 0.7088494059996373, 0.8456531720889737, 0.8562675310448454, 1.0, 0.9706997752908736, 1.0, 0.9941832500688343, 1.0, 1.0, 1.0, 1.0, 1.0, 1.0, 1.0, 0.8487130356652415, 0.6280537698856204, 0.6827223307123951, 0.40740984192447754, 0.31462769517511424, 0.10990639701923333, 0.0, 0.0, 0.0, 0.3457021792969238, 0.5685635149070867, 0.8017921530570611, 1.0, 1.0, 1.0, 1.0, 1.0, 1.0, 1.0, 1.0, 1.0, 1.0, 1.0, 1.0, 1.0, 1.0, 1.0, 1.0, 1.0, 1.0, 1.0, 1.0, 1.0]","[1.0, 0.75, 0.5418568073693858, 0.4031010407759541, 0.31059843987352986, 0.2420149760433742, 0.2086708861919002, 0.18509448276561444, 0.16326889530180758, 0.1600669137494175, 0.16006691357760885, 0.16006691350146077, 0.12500000123875796, 0.12500000073769238, 0.12500000043330517, 0.1250000047848423, 0.12500000583742626, 0.12500000671756592, 0.125, 0.12500000367078684, 0.1250000000861213, 0.13247962881823505, 0.294941039227695, 0.5038998953321787, 0.4132961845769658, 0.4112020720197878, 0.410927540109449, 0.4549258294700141, 0.4649998827694739, 0.4519372482872083, 0.45193723021711973, 0.4503979181535971, 0.4257676150122472, 0.3944115817772091, 0.29451671040048, 0.16843045812167876, 0.16843045559944778, 0.16843045385788813, 0.15942848866806758, 0.15942832385383066, 0.1507534138379477, 0.14814104789056104, 0.13564195137080165, 0.13135394683916315, 0.1313539201933761, 0.1281429472243959, 0.12500008023403408, 0.12499999981138422]","[0.49, 0.49, 0.4079606575560039, 0.27196130252312606, 0.18130509776875156, 0.13442356273134368, 0.0653544164996055, 0.04620975461874449, 0.042777777777777776, 0.006275884232361979, 0.0, 0.0, 0.06873114842123455, 0.0, 0.0, 0.0, 0.0, 0.0, 1.259749585029499e-09, 0.0, 0.0, -0.015258442613512058, -0.3314212772352983, -0.42781490766379265, 0.1775832730802173, 0.004104460612068877, 0.0005354065998688719, -0.0897565102955528, -0.020551068730897983, 0.02560276358524055, 3.5417373597610115e-08, 0.0030170516445043325, 0.04827539415704579, 0.0614578251406747, 0.19579394789838897, 0.24712905485300532, 0.0, 0.0, 0.01764385215671541, 3.234183055593782e-07, 0.017002824013855, 0.005120237639611362, 0.02449822956172402, 0.008404489264680024, 5.2610940976647114e-08, 0.006293507403999285, 0.006160019687085198, 1.5762839371759854e-07]","[0.2680732889625361, 0.0, 0.0, 0.0, 0.01519287650422067, 0.0, 0.2633263759655734, 0.0, 0.07969860332263048, 0.21183854318620104, 0.23313504814581873, 0.12504202148769653, 0.6782940218788851, 0.5640530583436283, 0.32198607655459927, 0.0, 0.0, 0.0, 0.0, 0.0, 0.0, -0.0001298958620082086, 0.0, -0.10943423091229705, 0.0, 0.0, -2.0209879255708396e-06, 0.0, 0.0, 0.46101014434913035, 0.6217365887087023, 0.7444646058470669, 0.7846146337925634, 1.139432488957182, 1.2063682665008983, 1.196550729394825, 0.5896088413887349, 0.952544451296414, 0.8036845276701381, 0.8658519579510734, 1.0183287647100399, 0.9096679827766919, 0.9547812706243173, 0.8854389136942186, 0.9889169415932405, 0.7787656335998784, 0.6732733312718715, 0.7794254567547091]","[0.026826049717235876, 0.030377589979696605, 0.02907788953826468, 0.030185274229120183, 0.030354426742083003, 0.03217649729338698, 0.02882322860178406, 0.03460630161375728, 0.03182366271910428, 0.030981894812799882, 0.03170533255598288, 0.032161926959099224, 0.04694714355290854, 0.04284492190470819, 0.03847004221880852, 0.047448637315216195, 0.05461537146105742, 0.05307996431705842, 0.06291528048923198, 0.0703112005017526, 0.08772826940369699, 0.11279391338290569, 0.10896951664945542, 0.1341946129755195, 0.12243597083754855, 0.11909050750033018, 0.09107389910608961, 0.08849116588146877, 0.08291999767459347, 0.05910413127769344, 0.059800389509216706, 0.05562855482283263, 0.05609709664915573, 0.057700836280205836, 0.05872839291767437, 0.06001728490017792, 0.0446692663462062, 0.047416547684788625, 0.050348461201744354, 0.04929032240207382, 0.04935563138427407, 0.05019670772209409, 0.049259315961864, 0.049719757371442484, 0.051134471020999654, 0.05053725638941444, 0.04940849456945151, 0.0509702102604816]","[2.5621028838313764, 2.6435630096516896, 2.6093763132016763, 2.5980653723153213, 2.596820236054498, 2.615320987898593, 2.556224133262172, 2.6058387898348023, 2.582295609027799, 2.5719221896631, 2.5974996730313427, 2.5837500077144946, 3.320440908164688, 3.3568530102485012, 3.3295703341731344, 3.3192086333862423, 3.3671964333899105, 3.352696185657532, 3.3323889913593305, 3.3372572251816504, 3.3781206410034663, 3.3390238528254708, 3.3230758940813336, 3.3270426044573376, 4.099047155317909, 4.103868633729069, 4.10221104289662, 4.080534317280682, 4.023667046175497, 4.090573739916267, 4.139550023869898, 4.083100525236238, 4.071332955073784, 4.078826027568972, 4.074037322963395, 4.034533889234381, 3.3057262703132912, 3.354257692954581, 3.367857664016299, 3.3277097045217783, 3.3707089772732184, 3.372057550575073, 3.3357692386633193, 3.2970987185243965, 3.3584600931603115, 3.36937378829293, 3.346235053821931, 3.344340409070175]","[0.0, 0.0, 0.0, 0.0, 0.0, 0.0, 0.0, 0.0, 0.0, 0.0, 0.0, 0.0, 0.0, 0.2364897602446497, 0.614917591572569, 0.9378484920115067, 1.1757185754345285, 1.1994654761203392, 1.4387875170904412, 1.613004818441794, 1.9161875181888832, 2.178196154651738, 2.4053908104866957, 2.5747241325595054, 2.147799695838854, 2.2075192516688746, 1.80854007739763, 1.8581059234459096, 1.673978091939329, 1.0813325847875879, 1.0875738941409119, 0.777406568215963, 0.6770903823649443, 0.4418663041535853, 0.3163335725506445, 0.20807536262291337, 0.1446989237325559, 0.0990277038243559, 0.0, 0.0, 0.0, 0.0, 0.0, 0.0, 0.0, 0.0, 0.0, 0.0]","[1.430855644620493, 1.4750911939365414, 1.3848403774136662, 1.500021773885916, 1.430676114377504, 1.5423741932663866, 1.2563665392635517, 1.6000520909658138, 1.4916421452879547, 1.3847896293259938, 1.396069932625751, 1.4908698852034656, 1.6203628818376017, 1.5991550656350415, 1.431136654947467, 1.580095752272778, 1.6180393983097092, 1.5235882843325865, 1.5491069117174616, 1.479935829951614, 1.4397521678266125, 1.2890099500321546, 1.3580758774793922, 1.423762223280875, 1.5503979824721608, 1.4427719185559253, 1.582419325849342, 1.4006757890019466, 1.453159919028924, 1.581732378910676, 1.490039895541377, 1.6138408547744834, 1.6174496418324082, 1.4937702460170936, 1.4142699293505387, 1.442796027683141, 1.6160877118221602, 1.3501020821490757, 1.596877745818536, 1.5111477459785052, 1.3847330203498562, 1.5074659852008254, 1.4057489971647636, 1.4529750247941935, 1.420677570395954, 1.6348519040969451, 1.7162101978521807, 1.6158850053668532]",nan,"[2, 2, 2, 2, 2, 2, 2, 2, 2, 2, 2, 2, 2, 2, 2, 2, 2, 2, 2, 2, 2, 2, 2, 2, 2, 2, 2, 2, 2, 2, 2, 2, 2, 2, 2, 2, 2, 2, 2, 2, 2, 2, 2, 2, 2, 2, 2, 2]","[2, 2, 1, 1, 2, 1, 1, 1, 4, 1, 1, 1, 1, 1, 1, 1, 2, 2, 1, 2, 4, 2, 3, 1, 1, 2, 1, 4, 2, 1, 1, 1, 1, 1, 1, 1, 1, 1, 1, 1, 1, 1, 1, 1, 1, 1, 1, 1]",48,0
33,Perfect-Global,93,test_id,id_actual,perfect_full_horizon,48,,1188.8227369475355,1188.8227369475355,0.0,,1801.0920000076294,37.52275000015894,1801.0920000076294,0,1,True,,100093,perfect_global_clean,48,48,True,,1.0,0.1250000000081544,"[32.89947144527759, 19.368111136503536, 12.096301310348275, 7.425948894796139, 9.571574204656116, 6.67065417061065, 14.12751961528782, 6.16615, 7.719078436366359, 9.919951224504725, 10.44840402237555, 7.557943837762348, 29.202088554534605, 32.310655348374986, 26.089041739521143, 6.16615, 6.16615, 6.16615, 5.585225816760568, 4.99103547248777, 3.6958403020480275, 2.869721432645061, 1.0195705113469875, 0.7105712832117782, 3.1768539291963434, 5.643520574143934, 6.16615, 6.16615, 6.16615, 36.24367756037954, 44.63610352495539, 52.41622162385207, 57.71157031127052, 68.81490812744899, 72.14049923353792, 67.84174076482108, 36.220690889898734, 47.23146584167601, 39.55182327628988, 41.25714097209051, 47.505465484594104, 42.59595135332317, 44.34555966876532, 40.14588974875428, 44.90407166830039, 37.82579168048297, 34.189254992904516, 36.98277696142985]","[37.52275000015894, 37.52275000015894, 37.52275000015894, 37.52275000015894, 37.52275000015894, 37.52275000015894, 37.52275000015894, 37.52275000015894, 37.52275000015894, 37.52275000015894, 37.52275000015894, 37.52275000015894, 37.52275000015894, 37.52275000015894, 37.52275000015894, 37.52275000015894, 37.52275000015894, 37.52275000015894, 37.52275000015894, 37.52275000015894, 37.52275000015894, 37.52275000015894, 37.52275000015894, 37.52275000015894, 37.52275000015894, 37.52275000015894, 37.52275000015894, 37.52275000015894, 37.52275000015894, 37.52275000015894, 37.52275000015894, 37.52275000015894, 37.52275000015894, 37.52275000015894, 37.52275000015894, 37.52275000015894, 37.52275000015894, 37.52275000015894, 37.52275000015894, 37.52275000015894, 37.52275000015894, 37.52275000015894, 37.52275000015894, 37.52275000015894, 37.52275000015894, 37.52275000015894, 37.52275000015894, 37.52275000015894]",,flat_price_relaxed_ramp,Flat price + relaxed ramp,Remove dominant long-term effects,Removed,Weak DG ramp,True,True,0.8,0.8,mpc_diagnostic,,0.0,full_day_optimization_objective,False,9,11378,0,6482,4752,48,1801.0920000076294,0.002171544206454582,0.002171544206454582,9,3,,,,,,,,,,,,,
33,MPC-3,94,test_id,id_actual,id_reliable,3,,1482.6938907263611,1223.0688057775055,21.227349084732136,,156.17700099945068,3.2536875208218894,37.402000188827515,0,0,True,,100094,pure_mpc_clean,4,48,True,,1.0,0.12499999981295026,"[29.69107696077275, 3.0428288970945574, 3.5834320090267036, 8.125799380415714, 10.516825861058072, 5.576777294678614, 6.16615, 14.577449982634468, 18.291649201723974, 19.01328490105884, 21.88327061582993, 12.725656846289347, 69.08933637102699, 45.76775641388604, 17.530742666845185, 16.967692990946123, 4.867315301236938, 5.1921676093920235, 2.725571222617832, 0.2593729690492222, 0.30915447996344836, 0.0, 0.0, 0.0, 2.3012488080587343, 3.407791065193868, 3.955325156805589, 6.0680674013652425, 5.588404577313299, 21.50292695318001, 45.799335495899, 59.650335019062666, 70.01351867177912, 77.78833061483255, 75.22716157084803, 72.0567884668106, 53.85443353671743, 60.014441228529115, 48.72795692569828, 51.84278280206068, 66.70768816446322, 61.5260037305932, 68.82513420706314, 55.78730527382331, 61.37299665550923, 53.66137682028586, 72.27355119526122, 68.83767440966079]","[7.476000070571899, 1.0190000534057617, 0.46199989318847656, 37.402000188827515, 21.76699995994568, 0.3730001449584961, 18.67199993133545, 17.51699995994568, 2.017000198364258, 2.9119999408721924, 0.5390000343322754, 0.42599987983703613, 0.45600008964538574, 0.46900010108947754, 0.5269999504089355, 0.5499999523162842, 0.4680001735687256, 0.9769999980926514, 0.6480000019073486, 0.11800003051757812, 16.039999961853027, 0.6049997806549072, 0.5150001049041748, 6.369999885559082, 3.51200008392334, 4.05400013923645, 0.945000171661377, 0.15799999237060547, 0.8220000267028809, 2.0769999027252197, 0.8980000019073486, 0.19300007820129395, 0.19099998474121094, 0.5180001258850098, 0.6089999675750732, 0.5119998455047607, 0.27900004386901855, 0.29600000381469727, 0.4660000801086426, 0.4010000228881836, 0.25, 0.16700005531311035, 0.15799999237060547, 0.36500000953674316, 0.40400004386901855, 0.4140000343322754, 0.10900020599365234, 0.053999900817871094]",,flat_price_relaxed_ramp,Flat price + relaxed ramp,Remove dominant long-term effects,Removed,Weak DG ramp,True,True,0.8,0.8,mpc_diagnostic,,21.227349084732136,,,,698.125,0.0,398.5,290.8125,2.9375,3.2536875208218894,0.0007949706785844343,0.0009967927317628964,2.0,1.0,"[0.4, 0.4935217026398245, 0.5811931429230482, 0.981193142904879, 1.0, 0.9044348602630781, 1.0, 1.0, 1.0, 1.0, 1.0, 1.0, 1.0, 1.0, 1.0, 1.0, 0.7893928631904543, 0.8420695564483972, 0.4420695564483972, 0.04207184892021124, 0.05014662930634173, 0.0, 0.0, 0.0, 0.37325227736537425, 0.5527091834101099, 0.6415025792803707, 0.9840964268051715, 0.906320226066827, 1.0, 1.0, 1.0, 1.0, 1.0, 1.0, 1.0, 1.0, 1.0, 1.0, 1.0, 1.0, 1.0, 1.0, 1.0, 1.0, 1.0, 1.0, 1.0]","[1.0, 0.75, 0.540648629682283, 0.39910544555068217, 0.31363780002139857, 0.2466775058867981, 0.21097913803905072, 0.18171438594259035, 0.1594716867740753, 0.15431862867300564, 0.15431862853891598, 0.15431862847988145, 0.1250000007253009, 0.1250000003145645, 0.12500000000917788, 0.12500000000914818, 0.12500000322370866, 0.12500000504547734, 0.17112623867420756, 0.1310667796081675, 0.125, 0.17276794113130728, 0.4041615676933776, 0.5996279294494462, 0.49728873864375417, 0.45555520110759007, 0.4555529779870398, 0.4711393264966169, 0.47113925435283077, 0.45223759771105143, 0.44008333025073804, 0.4362835521887989, 0.4237695301211168, 0.3865507355505193, 0.2998842934860282, 0.16760910515537084, 0.16760910332912132, 0.16760910170091237, 0.14961391093894855, 0.1390908590134475, 0.12510774905564476, 0.12510774215477458, 0.12510774072382785, 0.12510773788166835, 0.1251077296995878, 0.12500003525758052, 0.12500002491076015, 0.12499999981295026]","[0.49, 0.49, 0.41032868582272536, 0.2774246408979376, 0.16751658523739585, 0.13124215010777424, 0.06996880098158487, 0.05735891450162661, 0.04359569076144384, 0.010099994268625154, 0.0, 0.0, 0.05746451078068229, 0.0, 0.0, 0.0, 0.0, 0.0, -0.09409751660260968, 0.07162513638709181, 0.011890896399181798, -0.09744659990786683, -0.47204299818662343, -0.3987513779823801, 0.20058481397915637, 0.08179773357088166, 4.35731627846561e-06, -0.03179855819830995, 1.4140182079108281e-07, 0.037047247017887454, 0.023822364222214273, 0.007447565001400761, 0.02452748325265695, 0.07294883735837111, 0.1698662264464026, 0.2592593695166201, 0.0, 0.0, 0.03527057427968501, 0.020625182159307694, 0.027406895899900457, 0.0, 0.0, 0.0, 0.0, 0.00021108149111345303, 0.0, 4.919170736979257e-08]","[0.4399984640124889, 0.0, 0.0, 0.03354565537105227, 0.07031395331002945, 0.0, 0.0, 0.13594020173954696, 0.19596766386624603, 0.20763046304741556, 0.25401407055886754, 0.10601223185922176, 1.0169403857943755, 0.6400259622446228, 0.18367018451466965, 0.17457039177286662, 0.0, 0.0, -0.00014964311170138564, -0.10241010208573874, 0.0, -0.001257395035965602, -0.3174839179707373, 0.0, 0.0, 0.0, 0.0, -2.020070408810523e-06, 0.0, 0.24786710227361627, 0.6405363312468525, 0.8643908689949521, 1.031876665402491, 1.1575301917548695, 1.1161375607409783, 1.0648992075444137, 0.7707197339267463, 0.8702754137944099, 0.687867586677952, 0.7382082069019908, 0.9784491016478906, 0.8947047067570618, 1.0126704518313236, 0.8019580650314878, 0.8922318651395431, 0.7675996253783572, 1.0684024435597772, 1.0128731217722957]","[0.024499979842098795, 0.03064153996658566, 0.02962984392443235, 0.028809933178410258, 0.030883355297205695, 0.031012697788600146, 0.032885569368235015, 0.0323561399929724, 0.03137275141628358, 0.03206709754114422, 0.030807090869104416, 0.03296914460094006, 0.04909061755248855, 0.04252444107513262, 0.04218122120133922, 0.04103722611064486, 0.04983443879318348, 0.04937021938160242, 0.09194680579549863, 0.09273809894220965, 0.08622502173275483, 0.0995528354436413, 0.12725172662424922, 0.11137707445858552, 0.12908764908403755, 0.1219334326059604, 0.10568999440671378, 0.08774930611265107, 0.0829907193509955, 0.06717543124592706, 0.05756030493025103, 0.05461263356713578, 0.05523788373491986, 0.05649114116806201, 0.05843725749294843, 0.05852347961159716, 0.04371886472782422, 0.04511018783903409, 0.049112501405374855, 0.050355332179066, 0.04920618488387711, 0.05007691918268249, 0.05186369956856927, 0.05079021416610818, 0.05019024882458045, 0.051130467270036284, 0.05191081933963311, 0.050676884688116694]","[2.616660869429963, 2.59044176655895, 2.5366745747632042, 2.61140224390443, 2.629305514460222, 2.5753645043688436, 2.592956177803006, 2.64102375449076, 2.624185704309541, 2.597312138407859, 2.604756333610526, 2.584508554373933, 3.3992675178079477, 3.3243689668790197, 3.3647678057011827, 3.3279408596744875, 3.3272341301596495, 3.344583656116696, 3.3416144756956547, 3.3491847903460936, 3.3250879210281585, 3.309897495729244, 3.319143981866326, 3.3263008204403444, 4.077338415051953, 4.066088426490539, 4.081500082735247, 4.113361055062972, 4.083333563685999, 4.059696933339542, 4.083866194225152, 4.0782534391116165, 4.118486974314047, 4.0653748603068625, 4.041178725232399, 4.037913963540552, 3.325730628066494, 3.3219968577265924, 3.355748693117436, 3.358479077295459, 3.337900774652333, 3.324541212534389, 3.4098361347737365, 3.352140126319887, 3.364375022682015, 3.3429173927747304, 3.3723685776472707, 3.3305146339683045]","[0.0, 0.0, 0.0, 0.0, 0.0, 0.0, 0.0, 0.0, 0.0, 0.0, 0.0, 0.0, 0.0, 0.2529136190919238, 0.6987105127754931, 0.8175171349555457, 1.0675458027926124, 1.121060930352187, 1.3683503489628317, 1.7494220486125873, 1.8775064535026411, 1.9808125865115325, 2.6092181404054116, 2.5063090706581415, 2.225080320173356, 2.2528930792634903, 2.0576451911397005, 1.7599589397692708, 1.5986062423387077, 1.3097453163030297, 0.9517062863874386, 0.7789959587869293, 0.6987555877974001, 0.4735376089416531, 0.3405128723661906, 0.23122852809068667, 0.16429552809739514, 0.10430746507294633, 0.0, 0.0, 0.0, 0.0, 0.0, 0.0, 0.0, 0.0, 0.0, 0.0]","[1.3111622647286874, 1.6375616041907934, 1.5747825604971386, 1.3480483058837855, 1.422357604710034, 1.5707002359610598, 1.5558725841877823, 1.4800802267211612, 1.41599507671829, 1.411648749985009, 1.3815492728842578, 1.511465431526104, 1.3739531904285385, 1.4739537725060843, 1.5245682870465624, 1.3768905216166814, 1.5201299098343652, 1.430823392829053, 1.7173885357942753, 1.6812136837099794, 1.4717677630773072, 1.527341739605183, 1.6267044842425316, 1.3301201954915647, 1.4075086571675863, 1.3006218673207308, 1.4880379538968553, 1.488855572869453, 1.6613976777695978, 1.5322126994653251, 1.525361517721653, 1.4820316803187659, 1.418565122018661, 1.417849363840674, 1.4730993235915872, 1.541050338419593, 1.4344342273450283, 1.3925241635505423, 1.681723033985275, 1.6500009682149377, 1.3812509624045433, 1.4799134114684098, 1.4490293797419205, 1.600972269918636, 1.5223333331388036, 1.6262370964200463, 1.3558769331811087, 1.368318348123787]",nan,"[2, 2, 2, 2, 2, 2, 2, 2, 2, 2, 2, 2, 2, 2, 2, 2, 2, 2, 2, 2, 2, 2, 2, 2, 2, 2, 2, 2, 2, 2, 2, 2, 2, 2, 2, 2, 2, 2, 2, 2, 2, 2, 2, 2, 2, 2, 2, 2]","[3, 2, 2, 2, 3, 1, 2, 3, 1, 1, 2, 1, 1, 1, 2, 1, 2, 1, 1, 1, 5, 1, 2, 1, 2, 2, 2, 1, 1, 1, 1, 1, 1, 1, 1, 1, 1, 1, 1, 1, 1, 1, 1, 1, 1, 2, 1, 1]",48,0
33,Perfect-Global,94,test_id,id_actual,perfect_full_horizon,48,,1223.0688057775055,1223.0688057775055,0.0,,1800.9560000896454,37.51991666853428,1800.9560000896454,0,1,True,,100094,perfect_global_clean,48,48,True,,1.0,0.12500000000815303,"[39.279411921350274, 10.707455715859012, 6.16615, 12.252186903656543, 11.127876231014202, 6.16615, 6.16615, 10.828504935476296, 11.042340567399783, 11.033300807266883, 12.344678022349456, 6.631870500363284, 42.39479445845586, 34.70605036752214, 17.530745239079252, 16.967695183901107, 6.16615, 6.16615, 5.03500457634601, 3.0319456570878534, 3.3996691228003484, 2.3682564589608885, 0.0, 2.4636590456504344, 4.930214653396375, 6.16615, 6.16615, 6.16615, 6.16615, 23.721542534974994, 47.258463102149236, 60.111746630015155, 71.54295102923707, 71.49142562176391, 68.00001250723915, 64.7210794221718, 42.85479843456779, 45.44077151677814, 35.87988468521217, 36.76713831648182, 44.91717518502506, 40.63686506007573, 46.36770480203964, 38.71921089428123, 41.43187991525447, 37.19226954880972, 47.27308831988631, 45.16978788360628]","[37.51991666853428, 37.51991666853428, 37.51991666853428, 37.51991666853428, 37.51991666853428, 37.51991666853428, 37.51991666853428, 37.51991666853428, 37.51991666853428, 37.51991666853428, 37.51991666853428, 37.51991666853428, 37.51991666853428, 37.51991666853428, 37.51991666853428, 37.51991666853428, 37.51991666853428, 37.51991666853428, 37.51991666853428, 37.51991666853428, 37.51991666853428, 37.51991666853428, 37.51991666853428, 37.51991666853428, 37.51991666853428, 37.51991666853428, 37.51991666853428, 37.51991666853428, 37.51991666853428, 37.51991666853428, 37.51991666853428, 37.51991666853428, 37.51991666853428, 37.51991666853428, 37.51991666853428, 37.51991666853428, 37.51991666853428, 37.51991666853428, 37.51991666853428, 37.51991666853428, 37.51991666853428, 37.51991666853428, 37.51991666853428, 37.51991666853428, 37.51991666853428, 37.51991666853428, 37.51991666853428, 37.51991666853428]",,flat_price_relaxed_ramp,Flat price + relaxed ramp,Remove dominant long-term effects,Removed,Weak DG ramp,True,True,0.8,0.8,mpc_diagnostic,,0.0,full_day_optimization_objective,False,9,11378,0,6482,4752,48,1800.9560000896454,0.00209250190703485,0.00209250190703485,9,2,,,,,,,,,,,,,
33,MPC-3,95,test_id,id_actual,id_reliable,3,,1424.8578078049609,1150.0762218232617,23.892467365865283,,117.24300003051758,2.4425625006357827,37.29699993133545,0,0,True,,100095,pure_mpc_clean,4,48,True,,1.0,0.12500001975298936,"[17.33882726603717, 2.657328334380646, 4.371010976883203, 5.083983384201348, 5.188272140521094, 6.16615, 5.146633894789593, 6.053913117923545, 11.036952192790597, 21.60005073193466, 14.203833804593785, 18.339011919466884, 54.96710253550457, 52.850401946075806, 14.825431903799394, 16.020202192227792, 5.036457662825265, 3.906764601086312, 2.785074686624813, 3.3085124314587087, 0.8422092869373659, 0.0, 0.0, 0.0, 0.29884224011525995, 2.0097341342737285, 3.5837113552362587, 4.998050469762675, 9.590621402424501, 34.07633623476535, 41.50406990841494, 55.77384806056376, 66.20558364200978, 69.81319891360599, 65.59864715323432, 89.19266361520955, 65.09426186950955, 49.808496023553, 44.04732542797927, 64.03691322060347, 58.37428290952149, 61.8799917446004, 50.61301735522575, 64.84333521965495, 50.13993386775194, 68.66178049708526, 65.48291138740187, 67.50212614239506]","[37.29699993133545, 0.3840000629425049, 0.13199996948242188, 0.3810000419616699, 0.4440000057220459, 15.158999919891357, 0.48000001907348633, 0.0969998836517334, 16.066999912261963, 3.5180001258850098, 0.5260000228881836, 0.3919999599456787, 0.2999999523162842, 0.18700003623962402, 0.7869999408721924, 0.5320000648498535, 0.4960000514984131, 0.5659999847412109, 4.18399977684021, 2.2350001335144043, 0.6200001239776611, 0.5469999313354492, 0.48800015449523926, 10.462000131607056, 2.8910000324249268, 3.8010001182556152, 0.9839999675750732, 0.5420000553131104, 5.5959999561309814, 0.6360001564025879, 0.4720001220703125, 0.1380000114440918, 0.1419999599456787, 0.5349998474121094, 0.9219999313354492, 0.5799999237060547, 0.15400004386901855, 0.5449998378753662, 0.502000093460083, 0.41299986839294434, 0.37999987602233887, 0.26200008392333984, 0.43000006675720215, 0.2969999313354492, 0.4090001583099365, 0.17999982833862305, 0.10400009155273438, 0.04699993133544922]",,flat_price_relaxed_ramp,Flat price + relaxed ramp,Remove dominant long-term effects,Removed,Weak DG ramp,True,True,0.8,0.8,mpc_diagnostic,,23.892467365865283,,,,698.125,0.0,398.5,290.8125,2.9375,2.4425625006357827,0.0008298691034105819,0.0009945563570640072,2.0,1.0,"[0.4, 0.4310019414873384, 0.7089121418946288, 0.8245269743507456, 0.8414378898862197, 1.0, 0.8346860645743954, 0.9818013766845852, 1.0, 1.0, 1.0, 1.0, 1.0, 1.0, 1.0, 1.0, 0.816820416728999, 0.6336276563926678, 0.4517197748106419, 0.5366088763988731, 0.1366088763988731, 0.0, 0.0, 0.0, 0.04847394065608848, 0.3259728990951419, 0.5812384446720218, 0.8105924618359683, 1.0, 1.0, 1.0, 1.0, 1.0, 1.0, 1.0, 1.0, 1.0, 1.0, 1.0, 1.0, 1.0, 1.0, 1.0, 1.0, 1.0, 1.0, 1.0, 1.0]","[1.0, 0.75, 0.5401208927077177, 0.4108883325528494, 0.3151527255782859, 0.2696367828141485, 0.22019482080666947, 0.1815787591274973, 0.16050083768640552, 0.14950290062342436, 0.14950290051182724, 0.14950290039923333, 0.12500000111978196, 0.12500000055549637, 0.12500000000919442, 0.12500000000919506, 0.1250000044107353, 0.12500000560487032, 0.12500000622129107, 0.12500000730955618, 0.12869993035695518, 0.37869993035695515, 0.5897966423242309, 0.7349768245888024, 0.5523720292923232, 0.5168521480994287, 0.510283593226339, 0.5102831772370526, 0.4838051809200539, 0.4562567060145974, 0.43859319857899487, 0.43427925067467216, 0.4263565810660764, 0.382951052192491, 0.2987940301348492, 0.17410127689341495, 0.1741012745644043, 0.17410127238291134, 0.15422134581278815, 0.1458170783915281, 0.13398313059105657, 0.13398311903785454, 0.133983117339235, 0.13398297502710713, 0.13398259367582713, 0.12500002737618915, 0.12500001975298936, 0.12500001975298936]","[0.49, 0.49, 0.4113630502928733, 0.2532958179035418, 0.18764178967014444, 0.08921124781770935, 0.09690624945177999, 0.0756874848001307, 0.041312726417197375, 0.021555957034021585, 0.0, 0.0, 0.048025682972889616, 0.0, 0.0, 0.0, 0.0, 0.0, 0.0, 0.0, -0.007547843016693978, -0.51, -0.43063729241324267, -0.29616757181972586, 0.3579053987810993, 0.06961896713807317, 0.0128743675512558, 8.153390012925776e-07, 0.051896872781317445, 0.053995010814694766, 0.03462054090989071, 0.008455337892472489, 0.015528432432847688, 0.08507483659222737, 0.16494776323297797, 0.24439779673908546, 0.0, 0.0, 0.03896465646448799, 0.016472364528775867, 0.023194538072831436, 0.0, 0.0, 2.793125009773847e-07, 7.478290954477706e-07, 0.017605830329936227, 0.0, 0.0]","[0.24036614571373208, 0.0, 0.0, 0.0, 0.0, 0.0, 0.0, 0.0, 0.07872003543903996, 0.24943677950601473, 0.1299019604782834, 0.19673312193077797, 0.7887022632000739, 0.7544929607446594, 0.13994799036443467, 0.15925740916731781, 0.0, 0.0, 0.0, 0.0, -0.00019342809783007005, -0.04758214449225563, -0.0959476760282417, 0.0, 0.0, 0.0, 0.0, 0.0, 0.05534499236241618, 0.45107371692550063, 0.5711178978078677, 0.8017405747161819, 0.9703342810829865, 1.0286391743613088, 0.9605252065169184, 1.341842644286215, 0.9523735251637908, 0.7053308448250989, 0.6122210170178467, 0.9352850621511672, 0.8437678045983271, 0.900425725165259, 0.7183332097814262, 0.9483181449641204, 0.7106874160444758, 1.010030391872085, 0.9586547294933636, 0.9912885033114354]","[0.027606271446238208, 0.03231420312743838, 0.03082179089422187, 0.03084102741622191, 0.03132475012729734, 0.03325735546846917, 0.032925761403398535, 0.03283711244244814, 0.03193483621675859, 0.032150240158061914, 0.03433316614372167, 0.033817209546807635, 0.04769792021476903, 0.04294427728468722, 0.042124399926663496, 0.044150674906382616, 0.0496387086340118, 0.05459559365974107, 0.059926024200860614, 0.06881109396470146, 0.09065471054554308, 0.10190358649242401, 0.10824932014659619, 0.10148483312112656, 0.14541503151006258, 0.13993711993830216, 0.1030897465821844, 0.08780566092027989, 0.07624427457511954, 0.06267230911806396, 0.05683867546722537, 0.05212838817379457, 0.055919143437363754, 0.058231050209166926, 0.05797619245088939, 0.06210106830889486, 0.045553282020543484, 0.04589422920588032, 0.04853160073188566, 0.050302570366715406, 0.04859666059973276, 0.05110785986588239, 0.04999476367338455, 0.048119719868067054, 0.050033435950440956, 0.051180769043921916, 0.050331490499077536, 0.049745527538633504]","[2.5923855472720163, 2.6247890311312254, 2.6186421149404624, 2.6315902393658774, 2.6026261173895664, 2.5974343283661803, 2.600280197630391, 2.588996456017017, 2.5891957957274556, 2.6134400640210327, 2.6349622974021347, 2.661626439060239, 3.33851548257954, 3.356272007727335, 3.3304784223280723, 3.3478100097136148, 3.3568355402272423, 3.3331354893429275, 3.3295456751280077, 3.3352747032431007, 3.3148559786979614, 3.269233282284796, 3.2695164707885023, 3.3103381382031363, 4.063591457346457, 4.089691653732862, 4.102214372400983, 4.004201899456474, 4.120078586038173, 4.130183996524256, 4.06360014399963, 4.043096907473648, 4.106312088026767, 4.111213709216263, 4.062200179238095, 4.084799010854005, 3.362641934912604, 3.3466408034012085, 3.3142071784543283, 3.3546543958710853, 3.340248730439913, 3.3198596372042264, 3.3188441236506345, 3.2815360843421497, 3.315173934680158, 3.3848594331679154, 3.322335469749241, 3.322377225596597]","[0.0, 0.0, 0.0, 0.0, 0.0, 0.0, 0.0, 0.0, 0.0, 0.0, 0.0, 0.0, 0.0, 0.2268434633480026, 0.6032098094348315, 0.9458927978142564, 1.1517201364909793, 1.2487363889339076, 1.345094332010924, 1.6107823750136088, 1.7935270802912415, 2.3285978903363063, 2.375955737052223, 2.248628107514933, 2.2645115975381507, 2.468191867025868, 1.977372068610901, 1.7290376309410624, 1.4691540938114331, 1.2071876536645205, 0.9848574143643631, 0.8579441692338408, 0.6712576799401113, 0.4222698987121522, 0.35332782049098715, 0.23771509485067194, 0.14460268604269974, 0.10322831025928283, 0.0, 0.0, 0.0, 0.0, 0.0, 0.0, 0.0, 0.0, 0.0, 0.0]","[1.4896255296514602, 1.73610119949014, 1.529188717919679, 1.5846084378083731, 1.6048711485913474, 1.5414800202998638, 1.7016136132335458, 1.5643447112658204, 1.5010974589371728, 1.3745975418397136, 1.5393934681968036, 1.4987104937353135, 1.5494854570416443, 1.4178798598562774, 1.6294449779143796, 1.286810433900442, 1.4379337049932375, 1.5053670406001611, 1.592657594217858, 1.2566945484525478, 1.4831160036679105, 1.6001211229331433, 1.5283950223243408, 1.4593610306263658, 1.5381155564896918, 1.365845044981233, 1.6338192426283757, 1.5523766567181136, 1.6199269021075449, 1.4805999246707437, 1.529843038419434, 1.4270852142292199, 1.5051108384298486, 1.63346085017962, 1.6413755818641689, 1.3229445437057434, 1.311219001206414, 1.5839758242997224, 1.7115530522135773, 1.4531994874101017, 1.5218830487947077, 1.4705417493310757, 1.6505056169521262, 1.381337380357465, 1.6545192071790629, 1.408403980435832, 1.4140122158525004, 1.3808342111571446]",nan,"[2, 2, 2, 2, 2, 2, 2, 2, 2, 2, 2, 2, 2, 2, 2, 2, 2, 2, 2, 2, 2, 2, 2, 2, 2, 2, 2, 2, 2, 2, 2, 2, 2, 2, 2, 2, 2, 2, 2, 2, 2, 2, 2, 2, 2, 2, 2, 2]","[3, 2, 1, 1, 1, 3, 1, 1, 3, 1, 1, 2, 1, 1, 2, 1, 2, 2, 1, 2, 1, 1, 2, 4, 1, 2, 1, 2, 1, 2, 2, 1, 1, 1, 1, 1, 1, 1, 2, 1, 1, 1, 1, 1, 1, 1, 1, 1]",48,0
33,Perfect-Global,95,test_id,id_actual,perfect_full_horizon,48,,1150.0762218232617,1150.0762218232617,0.0,,1801.0519998073578,37.52191666265329,1801.0519998073578,0,1,True,,100095,perfect_global_clean,48,48,True,,1.0,0.12500000000815426,"[27.06948581102126, 4.932728, 6.16615, 6.16615, 6.16615, 6.16615, 6.16615, 6.16615, 6.16615, 8.669356907969432, 6.16615, 6.16615, 28.6364895442045, 34.64333848467854, 14.825434496515761, 16.02020478953701, 6.16615, 6.16615, 5.868745557257575, 5.14419825657123, 2.677609339129092, 0.21140442065881906, 0.0, 1.2317622927150393, 3.6981260921840384, 5.391709661225631, 6.16615, 6.16615, 12.66485627369968, 37.334264121130154, 43.61657520801598, 56.29577940431795, 67.17423236109154, 64.74174839564064, 62.10907958902754, 75.13928069966968, 48.89550539349995, 38.75756070323425, 33.05547139640082, 43.73620941118995, 40.002211695234095, 41.14374551993761, 34.76019353760276, 42.78098136047674, 34.032903370054, 47.272065114508, 43.64537367715116, 43.737640937711326]","[37.52191666265329, 37.52191666265329, 37.52191666265329, 37.52191666265329, 37.52191666265329, 37.52191666265329, 37.52191666265329, 37.52191666265329, 37.52191666265329, 37.52191666265329, 37.52191666265329, 37.52191666265329, 37.52191666265329, 37.52191666265329, 37.52191666265329, 37.52191666265329, 37.52191666265329, 37.52191666265329, 37.52191666265329, 37.52191666265329, 37.52191666265329, 37.52191666265329, 37.52191666265329, 37.52191666265329, 37.52191666265329, 37.52191666265329, 37.52191666265329, 37.52191666265329, 37.52191666265329, 37.52191666265329, 37.52191666265329, 37.52191666265329, 37.52191666265329, 37.52191666265329, 37.52191666265329, 37.52191666265329, 37.52191666265329, 37.52191666265329, 37.52191666265329, 37.52191666265329, 37.52191666265329, 37.52191666265329, 37.52191666265329, 37.52191666265329, 37.52191666265329, 37.52191666265329, 37.52191666265329, 37.52191666265329]",,flat_price_relaxed_ramp,Flat price + relaxed ramp,Remove dominant long-term effects,Removed,Weak DG ramp,True,True,0.8,0.8,mpc_diagnostic,,0.0,full_day_optimization_objective,False,9,11378,0,6482,4752,48,1801.0519998073578,0.0021507030151718333,0.0021507030151718333,9,2,,,,,,,,,,,,,
33,MPC-3,96,test_id,id_actual,id_reliable,3,,1461.954544965869,1217.5861920211105,20.069901789796386,,186.4069995880127,3.8834791580835977,36.126999855041504,0,0,True,,100096,pure_mpc_clean,4,48,True,,1.0,0.12500000509164264,"[17.19653646683318, 4.883577333189305, 4.885353143728419, 5.762681672592304, 5.933301228006771, 7.908391157365281, 5.831933366007488, 9.778093062952635, 8.72540831058206, 7.156747855672967, 11.735227793741075, 8.04630604790545, 59.52060790135256, 32.667556790045644, 25.74159392723881, 5.7084613695276305, 5.209667480334174, 4.077261037906186, 2.3707227103613353, 2.287175497389098, 0.837728365013388, 0.0, 0.0, 0.695182943726451, 2.3193015172245577, 4.158314358352734, 6.16615, 5.45618788712674, 7.31114698285093, 36.32937075128547, 54.02387447670552, 62.59525112849356, 68.15131274257654, 69.06646654959565, 74.98779068988942, 71.30670932816092, 43.5941314977586, 66.288497224189, 63.31136069006081, 62.31904906290781, 67.33504145269404, 66.05787415863674, 59.664941319090524, 74.13563743344365, 75.46154244990224, 65.46361870795957, 52.373412196359745, 67.11804689913212]","[36.126999855041504, 0.10100007057189941, 0.10500001907348633, 0.10500001907348633, 0.12099981307983398, 17.996999979019165, 0.08899998664855957, 18.848999977111816, 15.43500018119812, 13.776000022888184, 0.49500012397766113, 0.3900001049041748, 0.4159998893737793, 0.7220001220703125, 4.068000078201294, 0.2200000286102295, 0.3840000629425049, 0.46000003814697266, 4.947000026702881, 1.188999891281128, 15.590999841690063, 0.8199999332427979, 0.04699993133544922, 4.069000005722046, 6.370000123977661, 0.750999927520752, 32.80799984931946, 0.9630000591278076, 3.6100001335144043, 0.8650000095367432, 0.1659998893737793, 0.17600011825561523, 0.1679999828338623, 0.6299998760223389, 0.47499990463256836, 0.18700003623962402, 0.41900014877319336, 0.18900012969970703, 0.4049999713897705, 0.16300010681152344, 0.14999985694885254, 0.26200008392333984, 0.4239997863769531, 0.14399981498718262, 0.14400005340576172, 0.24199986457824707, 0.12199997901916504, 0.05099987983703613]",,flat_price_relaxed_ramp,Flat price + relaxed ramp,Remove dominant long-term effects,Removed,Weak DG ramp,True,True,0.8,0.8,mpc_diagnostic,,20.069901789796386,,,,698.125,0.0,398.5,290.8125,2.9375,3.8834791580835977,0.0008795112838112578,0.000999567634888125,2.0,1.0,"[0.4, 0.792029872035859, 0.7923178326946385, 0.9345791201606009, 0.9622446459900383, 1.0, 0.9458081415678473, 1.0, 1.0, 0.9999995823670405, 1.0, 1.0, 1.0, 1.0, 1.0, 0.9257873739144018, 0.844907231763085, 0.661276457074748, 0.3845197907197932, 0.37096981403994894, 0.1358820766246102, 0.0, 0.0, 0.11276128526549369, 0.37618013178285303, 0.6744204813939879, 1.0, 0.8848811862983645, 1.0, 1.0, 0.9999997417161336, 1.0, 1.0, 1.0, 1.0, 0.9999997430358172, 1.0, 1.0, 1.0, 1.0, 1.0, 1.0, 1.0, 1.0, 1.0, 1.0, 1.0, 1.0]","[1.0, 0.7500011573216905, 0.5468137174856529, 0.407400405236793, 0.31580275268478064, 0.2522017777610541, 0.23711615851499643, 0.20567631988607016, 0.17970888665565987, 0.17254132405298475, 0.17254132391780155, 0.1725413237613469, 0.12500000081145773, 0.12500000037961903, 0.12500000038359046, 0.12500000469969286, 0.12509178778818963, 0.12500002118977582, 0.1250000070329725, 0.12500000645128193, 0.1250000000870307, 0.14215381818461822, 0.22644914903228963, 0.2993645477591969, 0.29936435207701717, 0.299364335187011, 0.39873809881547717, 0.39873809881547717, 0.39873809881547717, 0.3986683424985751, 0.3986258997308794, 0.39042082946050627, 0.37766650032881877, 0.34610863471251396, 0.26103016047962735, 0.14388025593304674, 0.1438802546857022, 0.143880253891172, 0.14388017660551014, 0.14185852528580936, 0.14185817158544325, 0.13385265930262277, 0.12500118605062158, 0.1250011838027144, 0.12500117890690499, 0.12500000836322664, 0.12500000509164264, 0.12500000509164264]","[0.49, 0.4899976390637513, 0.3982473820786338, 0.2732500654823308, 0.1795313990019442, 0.12465791085050397, 0.029567817625875986, 0.0616220837126955, 0.05089616913160418, 0.01404842270124322, 0.0, 0.0, 0.09318099336492314, 0.0, 0.0, 0.0, -0.00019028782839790103, 0.00017986660533504746, 0.0, 0.0, 0.0, -0.03499378891907856, -0.1784210072061668, -0.148747417861612, 3.878091513931337e-07, 3.781286302070225e-08, -0.202722477802071, 0.0, 0.0, 0.00013672238112808098, 8.293910964307585e-05, 0.016081937729931394, 0.024998485098107513, 0.06185341660795739, 0.16675380988463026, 0.2296135861411029, 0.0, 0.0, 1.518615044960246e-07, 0.003962436968849646, 6.936308509029028e-07, 0.015690804456606987, 0.017348887957960173, 0.0, 0.0, 2.294648758199838e-06, 0.0, 0.0]","[0.23806649643366753, -2.03385463364364e-06, 0.0, 0.0, 0.0, 0.028157432846307572, 0.0, 0.0583748373810527, 0.04136175047405348, 0.016009703941197592, 0.09000529767662345, 0.03038636037018909, 0.8622942691127686, 0.4283055642835659, 0.31637081094527375, 0.0, -2.0288432275899137e-06, 0.0, 0.0, 0.0, 0.0, -0.0001269463625163344, -0.3292203859891349, 0.0, 0.0, 0.0, 0.0, 0.0, 0.018505001743045344, 0.48748639598037113, 0.7734581991051721, 0.9119854727837342, 1.001780407960833, 1.0165707725187176, 1.1122689404426573, 1.052776742027458, 0.6048966706708461, 0.9716742985727516, 0.9235589606474474, 0.9075216010166919, 0.9885881446900047, 0.9679470571092805, 0.8646269304095437, 1.0984967666011094, 1.1199255345438746, 0.958342928613488, 0.7467840354967231, 0.9850811620061758]","[0.027636772990314005, 0.02765834042939881, 0.028341468457918177, 0.02928604313420969, 0.030771011955604676, 0.03166823001063142, 0.03553695008888274, 0.03310505292230341, 0.034192009201818876, 0.033995370873589094, 0.03295335482060603, 0.03257047777539749, 0.046610028649771165, 0.04332014003336912, 0.03896440964061601, 0.045427086994671136, 0.04798694652500256, 0.053281881509938435, 0.06815959615831975, 0.07081813988864097, 0.09690137746315003, 0.10416840030994788, 0.1506316719927128, 0.08833835139317295, 0.1299785097247259, 0.11115698657251973, 0.09789643450471627, 0.10201975864679388, 0.08416104174409628, 0.06155803793556427, 0.05460725596006082, 0.05595304409327965, 0.054147671100401765, 0.05904452893139965, 0.05987377014253613, 0.06051355888279918, 0.04535675661514735, 0.046856596280976194, 0.05196040302330881, 0.04940919869387886, 0.04946943433557013, 0.05059545622258544, 0.04933075585783665, 0.05166953158537551, 0.05358792912458503, 0.0506908126436328, 0.050625240046457264, 0.05085114065220249]","[2.61213853875595, 2.5953970487642213, 2.6292906072270235, 2.5787739831932615, 2.598102968356182, 2.6151302915324655, 2.657225512550686, 2.6417104440073977, 2.614333260707001, 2.6100516629076056, 2.5835094270401635, 2.5233990065074523, 3.2962746999076864, 3.316710090017823, 3.312315217916197, 3.320712633698842, 3.320904365549646, 3.322374623846355, 3.348802551539002, 3.381677748351176, 3.3743441086962145, 3.3639589758346164, 3.3168389138024894, 3.344509715673478, 4.102218729935772, 4.070313029205087, 4.116367144907805, 4.128176519091383, 4.119958360423956, 4.085330562506344, 4.061668505831552, 4.127972221328877, 4.086688938094506, 4.0746179029133875, 4.1189074088570194, 4.1029976208647145, 3.3528466913700514, 3.3536089711456434, 3.365210472311941, 3.306825683544577, 3.288845956197631, 3.3495064810679778, 3.3193010667303806, 3.3614262586380654, 3.4049546687446908, 3.3575782820474243, 3.356703836047401, 3.382158702131366]","[0.0, 0.0, 0.0, 0.0, 0.0, 0.0, 0.0, 0.0, 0.0, 0.0, 0.0, 0.0, 0.0, 0.24354272382840064, 0.6226512608583668, 0.8586804236937421, 1.037837981666992, 1.233004396183496, 1.5223744995993589, 1.604965352250053, 2.063891426465475, 2.0501162512959823, 2.429646036312412, 2.001968504085314, 2.3890926455890025, 2.177255687428418, 2.0664710741220995, 1.9926166957001836, 1.6406497800485726, 1.1715932338759238, 0.9580811589903062, 0.7277724059403793, 0.6502600075441596, 0.4113531478376142, 0.29038299405637696, 0.2342884464069954, 0.16087654803088397, 0.10224872698161674, 0.0, 0.0, 0.0, 0.0, 0.0, 0.0, 0.0, 0.0, 0.0, 0.0]","[1.5117087270824157, 1.3410298407660346, 1.4670668651783156, 1.40023086417415, 1.4870979395439468, 1.4939827462035775, 1.7173865076510137, 1.5548178162187047, 1.5562670085263635, 1.6139881157207316, 1.5264574555822032, 1.5255830961198211, 1.387409421345024, 1.6881818935003614, 1.4122575041185526, 1.581671932261695, 1.4863384572838907, 1.4811957273567087, 1.5100672512281184, 1.4765606605207229, 1.2714696270064172, 1.4531318601301795, 1.5454659425065103, 1.4668656914394926, 1.4669239700112615, 1.3297938141545327, 1.3505142165304038, 1.352698370407589, 1.5449646192162416, 1.487672248643368, 1.384653722870357, 1.528085449391733, 1.4637977090142256, 1.6438850953000514, 1.6093754350346374, 1.646832677874714, 1.6324301718613943, 1.3265425403609985, 1.4936117134920575, 1.4447508446776822, 1.3497265526350786, 1.4164640761501284, 1.4866559544039013, 1.3145990192511727, 1.338617053763766, 1.4499238718473144, 1.6605450342311188, 1.4479286708475005]",nan,"[2, 2, 2, 2, 2, 2, 2, 2, 2, 2, 2, 2, 2, 2, 2, 2, 2, 2, 2, 2, 2, 2, 2, 2, 2, 2, 2, 2, 2, 2, 2, 2, 2, 2, 2, 2, 2, 2, 2, 2, 2, 2, 2, 2, 2, 2, 2, 2]","[3, 1, 1, 1, 1, 2, 1, 2, 3, 4, 1, 1, 1, 1, 1, 1, 1, 2, 3, 2, 8, 1, 1, 1, 1, 1, 6, 1, 2, 2, 1, 1, 1, 1, 1, 1, 1, 1, 1, 1, 1, 1, 1, 1, 1, 1, 1, 1]",48,0
33,Perfect-Global,96,test_id,id_actual,perfect_full_horizon,48,,1217.5861920211105,1217.5861920211105,0.0,,1800.7389998435974,37.515395830074944,1800.7389998435974,0,1,True,,100096,perfect_global_clean,48,48,True,,1.0,0.12500000000814562,"[28.44716153171694, 17.013550181722188, 7.517367059215541, 7.459769309242854, 6.16615, 6.16615, 6.16615, 6.16615, 6.16615, 6.16615, 6.16615, 6.16615, 34.581286668603035, 24.551238643547926, 25.741596939114608, 5.874722503965542, 6.166148999807886, 6.166146684860434, 5.4323954217646, 5.342498242107233, 3.8405189647190876, 2.4661720000000003, 0.0, 2.4661720000000003, 4.932728, 6.16615, 6.16615, 6.16615, 7.31114701905022, 36.33764455306124, 54.02894272419893, 63.59416197434408, 69.71241056738383, 64.75043948671215, 67.67978614415547, 64.71805424026442, 38.217207819346015, 48.97324047360651, 43.04866564314755, 42.95166377645201, 45.34154846034401, 44.85770076717356, 42.267652526017855, 49.14759079665703, 50.48291824159901, 45.28709008453937, 36.61073728484634, 46.44046628782294]","[37.515395830074944, 37.515395830074944, 37.515395830074944, 37.515395830074944, 37.515395830074944, 37.515395830074944, 37.515395830074944, 37.515395830074944, 37.515395830074944, 37.515395830074944, 37.515395830074944, 37.515395830074944, 37.515395830074944, 37.515395830074944, 37.515395830074944, 37.515395830074944, 37.515395830074944, 37.515395830074944, 37.515395830074944, 37.515395830074944, 37.515395830074944, 37.515395830074944, 37.515395830074944, 37.515395830074944, 37.515395830074944, 37.515395830074944, 37.515395830074944, 37.515395830074944, 37.515395830074944, 37.515395830074944, 37.515395830074944, 37.515395830074944, 37.515395830074944, 37.515395830074944, 37.515395830074944, 37.515395830074944, 37.515395830074944, 37.515395830074944, 37.515395830074944, 37.515395830074944, 37.515395830074944, 37.515395830074944, 37.515395830074944, 37.515395830074944, 37.515395830074944, 37.515395830074944, 37.515395830074944, 37.515395830074944]",,flat_price_relaxed_ramp,Flat price + relaxed ramp,Remove dominant long-term effects,Removed,Weak DG ramp,True,True,0.8,0.8,mpc_diagnostic,,0.0,full_day_optimization_objective,False,9,11378,0,6482,4752,48,1800.7389998435974,0.001919053335290476,0.001919053335290476,9,3,,,,,,,,,,,,,
33,MPC-3,97,test_id,id_actual,id_reliable,3,,1422.4709121434857,1153.508078386457,23.316944093990006,,70.8010003566742,1.4750208407640457,18.930999994277954,0,0,True,,100097,pure_mpc_clean,4,48,True,,1.0,0.1249999998120215,"[33.12542597021913, 3.6942237138394027, 3.8345324868759887, 5.3299370083648, 5.667187794743295, 6.674902600048736, 5.418801405723605, 14.350785498555856, 6.1014869489076835, 20.692014656575388, 18.214652475574013, 8.313760844551343, 64.34841698424776, 43.618084067006464, 18.97340402948954, 9.301971127385332, 5.9490516108436395, 4.67954610375479, 3.587727323643953, 1.1217277545451445, 0.0, 0.0, 0.0, 0.0, 0.6447961737434685, 2.9562552550017456, 3.948923578896421, 5.793331649456153, 17.361618508495464, 40.85523331314439, 37.882975999285975, 56.02592353501539, 59.105495309983844, 81.34353279854875, 81.61541385068503, 75.05632604598702, 43.29630341932987, 48.34358666399226, 46.224244123591426, 64.07510823676607, 57.67347873550081, 64.55710786471536, 68.44915431311748, 53.01474082234161, 64.32399248266795, 54.60630011262803, 55.306739558021526, 57.01268938767352]","[5.664000034332275, 0.10599994659423828, 0.4160001277923584, 0.3540000915527344, 0.28099989891052246, 14.990999937057495, 0.36500000953674316, 18.930999994277954, 0.09000015258789062, 0.4330000877380371, 0.3250000476837158, 0.3939998149871826, 0.37800002098083496, 0.33899998664855957, 1.8239998817443848, 5.070000171661377, 0.18400001525878906, 1.121999979019165, 2.9489998817443848, 0.053999900817871094, 0.49899983406066895, 0.04200005531311035, 0.03800010681152344, 0.04200005531311035, 2.003000020980835, 1.622999906539917, 1.6389999389648438, 0.16899991035461426, 3.3399999141693115, 1.2039999961853027, 0.6210000514984131, 0.3959999084472656, 0.7050001621246338, 0.15600013732910156, 0.43899989128112793, 0.3990001678466797, 0.3899998664855957, 0.38000011444091797, 0.40400004386901855, 0.14899992942810059, 0.377000093460083, 0.3229999542236328, 0.1510000228881836, 0.32899999618530273, 0.25, 0.33300018310546875, 0.09400010108947754, 0.03600001335144043]",,flat_price_relaxed_ramp,Flat price + relaxed ramp,Remove dominant long-term effects,Removed,Weak DG ramp,True,True,0.8,0.8,mpc_diagnostic,,23.316944093990006,,,,698.125,0.0,398.5,290.8125,2.9375,1.4750208407640457,0.0008304409072608462,0.0009994839843190746,2.0,1.0,"[0.4, 0.5991602401069616, 0.6219139416434871, 0.8644093405713135, 0.9190949013727638, 1.0, 0.8788189066446271, 1.0, 0.9895152402557759, 1.0, 1.0, 1.0, 1.0, 1.0, 1.0, 1.0, 0.9647985153867085, 0.7589445020067054, 0.5818897166843354, 0.1819460059410459, 0.0, 0.0, 0.0, 0.0, 0.10458852824940654, 0.47948148354975545, 0.6404644555485179, 0.9395489576985148, 1.0, 1.0, 1.0, 1.0, 1.0, 1.0, 1.0, 1.0, 1.0, 1.0, 1.0, 1.0, 1.0, 1.0, 1.0, 1.0, 1.0, 1.0, 1.0, 1.0]","[1.0, 0.75, 0.5411260944482578, 0.40055143238441715, 0.3071080284189853, 0.24937844076348106, 0.2067717916727321, 0.1722954078748712, 0.16236619626314375, 0.14923489948013044, 0.14923489939487422, 0.14923489928329742, 0.12500000106842843, 0.12500000046537382, 0.1250000004327913, 0.1250000000092801, 0.1250660600447579, 0.12500001935774385, 0.12500001578657155, 0.15555430737450168, 0.224512618251648, 0.23808730919750434, 0.32240710804560574, 0.5144304390599812, 0.43130731742097067, 0.43130689555465146, 0.43130681377841334, 0.46005019878470305, 0.4600501856295345, 0.45471575105847556, 0.4379185875001346, 0.43074211354832537, 0.39993523452977087, 0.36982130705429733, 0.29002987037918304, 0.15539207150038592, 0.15539206986196677, 0.1553920686312888, 0.15461080063801408, 0.1492898412645066, 0.13701414052465874, 0.13681810201946615, 0.13593605789364865, 0.13593605292179903, 0.1307143724447086, 0.13043888752523292, 0.12875621773912693, 0.1249999998120215]","[0.49, 0.49, 0.4093928548814147, 0.2755263376451276, 0.18314907177224635, 0.11314999180478835, 0.08350903612923473, 0.06757371263600744, 0.019461228504752175, 0.025737342085267408, 0.0, 0.0, 0.04750040088502587, 0.0, 0.0, 0.0, -0.0001380209973524866, 0.00012944381391739198, 0.0, -0.0701921310425925, -0.1406749541893785, -0.03695914566662112, -0.17840708325047963, -0.3938834543692604, 0.16292131841246063, 8.268579856687485e-07, 1.6028142674983498e-07, -0.05863890891246909, 2.5784130395953948e-08, 0.010455491759275444, 0.03292244057434818, 0.014065888945546104, 0.06038148287636678, 0.059023297851928114, 0.1563912162703695, 0.2638900861906539, 0.0, 0.0, 0.0015312856500113417, 0.010429080754954904, 0.024060373834701356, 0.00038423585318709494, 0.0017288068687646837, 0.0, 0.010234494117856917, 0.0005399508189564572, 0.003298033164131807, 0.00736218713712664]","[0.495503094468188, 0.0, 0.0, 0.0, 0.0, 0.008222264243211897, 0.0, 0.13227693735039767, 0.0, 0.2347614489951578, 0.19472327233250927, 0.03470886213416313, 0.9403194664120852, 0.6052837829011145, 0.20698592370892185, 0.05067993741228822, -2.0279822716678152e-06, 0.0, 0.0, -0.05624787779939051, -0.047188250263092285, -0.20057209289976086, -0.24341177532513283, -0.14670340148933156, 0.0, 0.0, 0.0, -2.021362240815509e-06, 0.18093686478376508, 0.5606316495053638, 0.5125951676652278, 0.8058145217780265, 0.8555853787472136, 1.2149880048250303, 1.219382042031273, 1.1133765825614064, 0.6000832875851292, 0.6816555420443193, 0.6474035413913766, 0.9359023553416739, 0.8324416765333463, 0.9436922483186322, 1.0065940091008885, 0.7571489425832987, 0.9399247269926133, 0.782871112931362, 0.7941913463922671, 0.8217622527300771]","[0.02395783993843145, 0.03158322610123812, 0.028991424563136876, 0.02882016423017033, 0.03117728921293292, 0.03295494053504455, 0.03284604147649875, 0.030463184416661397, 0.03443572121623142, 0.030963675153986975, 0.032494877599496076, 0.034026908937425895, 0.050143657873033036, 0.04174356714707709, 0.041515231563698955, 0.04415880376123187, 0.0471213645328972, 0.05123223894957011, 0.0599066521587069, 0.10003578271116495, 0.09717894013318065, 0.1307703531087524, 0.14420188788691754, 0.13353521478951003, 0.14626040988963457, 0.11825309452279949, 0.1054963214477731, 0.08501779945520838, 0.07294459877223783, 0.0636107106770317, 0.0565699846976894, 0.054793740727084206, 0.05518479102516167, 0.05732836323157, 0.05963328158935065, 0.05980531381668699, 0.04471882591696022, 0.04702520782697708, 0.049980949556121194, 0.05171980636527892, 0.04907655486446848, 0.051700090957033124, 0.05156946781932241, 0.050528168308365075, 0.049741739502481695, 0.05076192008976259, 0.05053379014303287, 0.048823836192970656]","[2.603854369667863, 2.627636644874168, 2.581864499280118, 2.5709840369930355, 2.6058193625080426, 2.6045908223183045, 2.5925741756607734, 2.578852297776015, 2.6323012725452997, 2.6032490514723827, 2.600097872097426, 2.593385035842135, 3.3988416760550946, 3.3394631410868776, 3.3346620822811794, 3.342853915613467, 3.336412453853514, 3.3252269073822402, 3.3286763710475173, 3.3465847498567047, 3.3044463335177268, 3.3227856203470134, 3.3250684059073246, 3.3450229758078063, 4.088812655687948, 4.093615969126616, 4.095867870351062, 4.04521209331145, 4.140821243715349, 4.10242056734857, 4.030216552257622, 4.0883988093858425, 4.088076748753147, 4.060047875455263, 4.118650525652882, 4.058759008453839, 3.3155563824173346, 3.3635404434597254, 3.3090756248529827, 3.4112222791391935, 3.3396961568019456, 3.3929082861007562, 3.3735291589033727, 3.3462174195867878, 3.3529447891455337, 3.3318234817920827, 3.394069766529695, 3.322852638068844]","[0.0, 0.0, 0.0, 0.0, 0.0, 0.0, 0.0, 0.0, 0.0, 0.0, 0.0, 0.0, 0.0, 0.2706937885374743, 0.644016479243617, 0.8569256312314996, 1.076253258272558, 1.2254539258427812, 1.4051929654082416, 1.951529595253219, 2.0431819669833566, 2.177180406229853, 2.4534957705543694, 2.5170752017891562, 2.4188258920589316, 2.183624302316884, 2.0143683642792682, 1.7525891877935467, 1.4002697171599205, 1.2827115421580892, 1.0120459254015748, 0.7577676615981876, 0.6411758486974168, 0.47274301261056695, 0.3349003437153522, 0.22208128629573304, 0.1484018455846611, 0.1043074066708374, 0.0, 0.0, 0.0, 0.0, 0.0, 0.0, 0.0, 0.0, 0.0, 0.0]","[1.2423090418885077, 1.5700597060021695, 1.5795490990053882, 1.4598684924149048, 1.5347526828031295, 1.516173161878326, 1.663092244730486, 1.4094645162465462, 1.657760569207528, 1.3737139049988474, 1.4378694456983452, 1.5927030494855692, 1.461165467048514, 1.5052291360091006, 1.525174865291944, 1.4794071029351, 1.342622134539187, 1.3919312790435128, 1.4015003348700363, 1.4395849739352222, 1.5463065111200152, 1.5139068056238105, 1.4375933816434916, 1.5020698444987262, 1.5487373314588901, 1.5487624554604815, 1.5465312162872298, 1.4967326775492988, 1.632559235200672, 1.312232595033569, 1.5292230037442305, 1.5655444782143395, 1.5861188298854498, 1.370621923819485, 1.4676102056447156, 1.5192163676420487, 1.6117900158450933, 1.6246027002045116, 1.7101217477931678, 1.516610649835079, 1.5322706617166222, 1.5005318933025324, 1.4167758111686974, 1.6395965792816214, 1.452527307963859, 1.5991742854749416, 1.6471141775425506, 1.5425520348199684]",nan,"[2, 2, 2, 2, 2, 2, 2, 2, 2, 2, 2, 2, 2, 2, 2, 2, 2, 2, 2, 2, 2, 2, 2, 2, 2, 2, 2, 2, 2, 2, 2, 2, 2, 2, 2, 2, 2, 2, 2, 2, 2, 2, 2, 2, 2, 2, 2, 2]","[3, 2, 1, 2, 1, 1, 1, 2, 1, 1, 1, 1, 1, 1, 1, 2, 1, 1, 1, 1, 2, 1, 1, 1, 1, 2, 1, 1, 1, 1, 1, 1, 1, 1, 1, 1, 1, 1, 1, 1, 1, 1, 1, 1, 1, 1, 1, 1]",48,0
33,Perfect-Global,97,test_id,id_actual,perfect_full_horizon,48,,1153.508078386457,1153.508078386457,0.0,,1801.4670000076294,37.53056250015894,1801.4670000076294,0,1,True,,100097,perfect_global_clean,48,48,True,,1.0,0.12500000000816205,"[38.28449166743466, 11.654314631731324, 6.16615, 6.16615, 6.16615, 6.16615, 6.16615, 7.499328731940375, 6.16615, 9.923821171603604, 7.544111016058882, 6.16615, 37.11799285936592, 32.43112097456603, 18.973406768350095, 9.301973972192034, 6.16615, 6.16615, 5.765274175053416, 3.298588576610792, 1.8488661805174411, 1.3918586622516043, 0.27509132833046, 1.3977606352000205, 3.8641502825175813, 5.962957778773812, 6.16615, 6.16615, 17.3616199626992, 41.486433740277086, 39.88755264995904, 56.896939753350836, 62.86724152975898, 71.84395605170249, 69.84259987601133, 65.86882999997225, 35.00867311846347, 37.46425333873592, 31.30619239739444, 42.816657613477204, 39.74509161702533, 42.727699879505636, 44.51513043966818, 35.66606182020299, 42.713806280507455, 35.90800143125178, 37.31966344901864, 37.89891402497677]","[37.53056250015894, 37.53056250015894, 37.53056250015894, 37.53056250015894, 37.53056250015894, 37.53056250015894, 37.53056250015894, 37.53056250015894, 37.53056250015894, 37.53056250015894, 37.53056250015894, 37.53056250015894, 37.53056250015894, 37.53056250015894, 37.53056250015894, 37.53056250015894, 37.53056250015894, 37.53056250015894, 37.53056250015894, 37.53056250015894, 37.53056250015894, 37.53056250015894, 37.53056250015894, 37.53056250015894, 37.53056250015894, 37.53056250015894, 37.53056250015894, 37.53056250015894, 37.53056250015894, 37.53056250015894, 37.53056250015894, 37.53056250015894, 37.53056250015894, 37.53056250015894, 37.53056250015894, 37.53056250015894, 37.53056250015894, 37.53056250015894, 37.53056250015894, 37.53056250015894, 37.53056250015894, 37.53056250015894, 37.53056250015894, 37.53056250015894, 37.53056250015894, 37.53056250015894, 37.53056250015894, 37.53056250015894]",,flat_price_relaxed_ramp,Flat price + relaxed ramp,Remove dominant long-term effects,Removed,Weak DG ramp,True,True,0.8,0.8,mpc_diagnostic,,0.0,full_day_optimization_objective,False,9,11378,0,6482,4752,48,1801.4670000076294,0.0021351610108081846,0.0021351610108081846,9,2,,,,,,,,,,,,,
33,MPC-3,98,test_id,id_actual,id_reliable,3,,1475.5668497842478,1195.9359962551005,23.38175741885608,,102.39299964904785,2.133187492688497,13.996000051498413,0,0,True,,100098,pure_mpc_clean,4,48,True,,1.0,0.12499999981294467,"[24.59590511337817, 4.047794947726243, 4.748959290591374, 4.945863310993493, 5.220508175232929, 5.255114296426753, 5.585601310831541, 11.94395614536449, 21.449652881977514, 19.59296556252425, 12.305080665253215, 18.70099141832258, 63.94355009994707, 37.19280824593117, 30.946571434800298, 11.32654116242231, 5.25575753000613, 2.7891512443364146, 0.7645003225522682, 0.7616271412424812, 0.12404565697805613, 0.0, 0.0, 0.0, 2.275212363267658, 2.8270799775195297, 4.090097393192125, 4.993375681793282, 8.71708182650324, 31.20972091452586, 48.321908073494434, 56.46065563213526, 74.81693682661304, 78.8080145532824, 74.23684374469133, 77.89976850543283, 48.86364339783166, 52.341806278014985, 59.06368507655021, 66.97781953136429, 54.38088754338983, 64.30026202975763, 62.30214926518645, 58.01335294576833, 49.63595945797078, 70.09471019341254, 67.72126527508028, 65.717667340631]","[12.235000133514404, 0.10199999809265137, 0.12400007247924805, 0.37399983406066895, 0.3810000419616699, 0.36299991607666016, 0.36299991607666016, 12.96999979019165, 0.5909998416900635, 2.5870001316070557, 0.35899996757507324, 0.3259999752044678, 0.16199994087219238, 0.4679999351501465, 1.6759998798370361, 0.6960000991821289, 0.16499996185302734, 2.133000135421753, 10.192000150680542, 10.617999792098999, 13.996000051498413, 0.38699984550476074, 9.436000108718872, 4.539000034332275, 4.277000188827515, 1.7049999237060547, 0.5590000152587891, 0.7839999198913574, 1.8020000457763672, 2.0300002098083496, 0.7220001220703125, 0.16199994087219238, 0.39800000190734863, 0.46900010108947754, 0.4199998378753662, 0.49899983406066895, 0.35899996757507324, 0.3659999370574951, 0.4140000343322754, 0.2369999885559082, 0.34200000762939453, 0.24300003051757812, 0.36100006103515625, 0.3529999256134033, 0.35699987411499023, 0.13300013542175293, 0.0989999771118164, 0.05900001525878906]",,flat_price_relaxed_ramp,Flat price + relaxed ramp,Remove dominant long-term effects,Removed,Weak DG ramp,True,True,0.8,0.8,mpc_diagnostic,,23.38175741885608,,,,698.125,0.0,398.5,290.8125,2.9375,2.133187492688497,0.0008781135537962668,0.0009966888558343044,2.0,1.0,"[0.4, 0.6564980673113947, 0.7702004785211295, 0.8021299793167878, 0.8466650930011242, 0.8522766033684579, 0.9058656760693671, 1.0, 1.0, 1.0, 1.0, 1.0, 1.0, 1.0, 1.0, 1.0, 0.8523809059530945, 0.4523809523809524, 0.1240045531589426, 0.12353852458203458, 0.02012103442052648, 0.0, 0.0, 0.0, 0.36902958561960486, 0.4585321333439458, 0.6633580711077172, 0.8098344161194241, 1.0, 1.0, 1.0, 1.0, 1.0, 1.0, 1.0, 1.0, 1.0, 1.0, 1.0, 1.0, 1.0, 1.0, 1.0, 1.0, 1.0, 1.0, 1.0, 1.0]","[1.0, 0.75, 0.5437412379839538, 0.4020495220300826, 0.30961279594178365, 0.250750533203154, 0.20566441229762314, 0.17966358425401466, 0.15764983575666133, 0.14580441319614104, 0.14580441305422506, 0.14580441289764107, 0.1250000010309926, 0.12500000054218982, 0.1250000003704035, 0.12500000000925707, 0.1250000051610283, 0.160039583152118, 0.12500000008652404, 0.1250000000869442, 0.125, 0.15323120947536953, 0.3147854163147078, 0.35913180486721114, 0.33029519880999486, 0.3302951838036594, 0.33029517491929933, 0.37295655860381705, 0.3715004429679838, 0.37150043729835497, 0.371500436098787, 0.371500434977049, 0.3556744400773788, 0.33888132255354814, 0.2627993739336989, 0.1458218278804212, 0.14582182723505063, 0.1458218261055566, 0.13759619997166628, 0.1375957887684543, 0.1337403851879331, 0.1279520673619978, 0.1250004106075922, 0.12500040534529475, 0.12500039366740864, 0.12500038740159533, 0.12500023900340487, 0.12499999981294467]","[0.49, 0.49, 0.4042671735514506, 0.2777157632695875, 0.1811759831330659, 0.1153700388860052, 0.088368800887404, 0.050961623357939675, 0.04314694744561847, 0.023217028609708788, 0.0, 0.0, 0.04077664764201641, 0.0, 0.0, 0.0, -1.6169881022634398e-08, -0.07148074818926907, 0.06867758280856416, 0.0, 0.0, -0.05759166732975385, -0.32957058195224875, -0.09046663282500643, 0.05651975209552182, 3.421172765972835e-08, 0.0, -0.08702922288513919, 0.0028539870615458636, 1.1586258621533331e-08, 0.0, 0.0, 0.03101895039433561, 0.03291451073371, 0.14912061968382606, 0.22927599065193685, 0.0, 0.0, 0.016122227606143274, 8.063408594916644e-07, 0.007556591401986263, 0.01134510332156633, 0.005785247622052535, 1.0719213172184249e-08, 0.0, 0.0, 2.9123626121462893e-07, 4.6881330198593675e-07]","[0.357652252337425, 0.0, 0.0, 0.0, 0.0, 0.0, 0.0, 0.09337868517760792, 0.24700610718347493, 0.21699903939433127, 0.0992150410545974, 0.20258329564965782, 0.9337761632314677, 0.5014409413483825, 0.40049165955232807, 0.08340026121086562, 0.0, 0.0, 0.0, 0.0, 0.0, -0.20345675580390996, -0.050643105141844884, 0.0, 0.0, 0.0, 0.0, 0.0, 0.04122718103439578, 0.4047445804367816, 0.6813051809857686, 0.8128404950648123, 1.1095076658846552, 1.174009932174261, 1.1001324241566275, 1.1593312081686113, 0.6900604993588955, 0.7462732327759998, 0.8549096578028316, 0.9828148611129582, 0.7792280815093307, 0.9395412045213356, 0.9072484729727103, 0.8379345930629225, 0.7025423750783155, 1.0331888516107077, 0.9948301458598835, 0.962448765101107]","[0.024897787624431848, 0.029438272129123425, 0.029663301118346534, 0.029411537760878615, 0.03139376796194383, 0.03181448421311434, 0.03309986720840802, 0.03233457875818672, 0.030092853182853208, 0.03138797927574135, 0.032624180017405593, 0.0319751735564122, 0.050798432631906476, 0.04308557758240435, 0.038982024849017444, 0.043891062673280995, 0.04648736323716337, 0.058126804210244236, 0.07481101906678755, 0.08071026867032845, 0.09704938573699572, 0.11672328947198196, 0.11054238594830182, 0.10508763115499167, 0.13110682706661556, 0.12093387330312207, 0.09917665314363845, 0.09371595095594759, 0.08023137031046425, 0.062484778354069084, 0.05849256500866458, 0.0545020515445398, 0.05478437702563366, 0.05963501931231759, 0.058740651310295565, 0.06003426717747483, 0.04497434877517174, 0.047201291748015704, 0.05056705471624891, 0.04972137570618885, 0.04828260313999677, 0.05070118504084726, 0.05040210370076653, 0.04951265627000291, 0.04980365622902482, 0.05156454416797957, 0.05016139324423004, 0.050553885276996634]","[2.6433249864549238, 2.6435135281167494, 2.6058572585004507, 2.591890586553363, 2.584802438670948, 2.5767431451295524, 2.587978867663906, 2.5899975413693452, 2.5834816193138685, 2.6113621910925815, 2.5898044481863502, 2.590920908071931, 3.3717031159601163, 3.344015329290517, 3.365469676951465, 3.3662756897854065, 3.3186860705131145, 3.315823472825067, 3.31519434074867, 3.3299953275646867, 3.339522987929102, 3.328824161889328, 3.357244944083188, 3.380592834736858, 4.094961332605219, 4.092402156744475, 4.067203427890615, 4.069432053254211, 4.146380604304989, 4.117328261605498, 4.124890920326456, 4.085081969922388, 4.070593793979281, 4.0688564852513025, 4.12116865743176, 4.078474762183362, 3.3346780543160093, 3.348460474276619, 3.3620596431285144, 3.344769364145783, 3.321092921711903, 3.366358924372875, 3.374818055985407, 3.2947558009213944, 3.3149268258737266, 3.367976203746811, 3.372863721108211, 3.319917141525905]","[0.0, 0.0, 0.0, 0.0, 0.0, 0.0, 0.0, 0.0, 0.0, 0.0, 0.0, 0.0, 0.0, 0.2372206794736054, 0.5904302761823955, 0.847715193864975, 0.9608584370651592, 1.361470837492766, 1.6031061463764025, 1.769535599339922, 2.005204599146385, 2.0877509237543914, 2.3920674880674415, 2.2018819771838647, 2.3734035879905395, 2.2321679304464532, 1.94747442475777, 1.8974696536384223, 1.5591626122672269, 1.1460078321688207, 1.0320553635480274, 0.900927371269333, 0.6127908079293467, 0.43206936239466426, 0.35941112837046296, 0.22877585332913036, 0.15600946114737246, 0.09359194663845184, 0.0, 0.0, 0.0, 0.0, 0.0, 0.0, 0.0, 0.0, 0.0, 0.0]","[1.4205704500031517, 1.5264537332391315, 1.4610529118150053, 1.5414563464472029, 1.5883550924843957, 1.6409109546788465, 1.6268442274389554, 1.4779913694875522, 1.3234213413947302, 1.4025340237605441, 1.5232135601003902, 1.420312755769878, 1.4479487381445952, 1.6484392324190194, 1.413529717097084, 1.479051254694103, 1.5519341016053891, 1.6315792735553163, 1.594215782456709, 1.5176298890569677, 1.4112441816987316, 1.6188449507405465, 1.4559332046250533, 1.37426511459183, 1.4271152384176435, 1.5226359371325129, 1.5555475680762627, 1.5428731574788297, 1.6233681947028544, 1.629060616267985, 1.470022938476045, 1.4258161529646063, 1.3720607472179212, 1.4894976996795752, 1.5712451369505154, 1.5211259776301813, 1.533582386713075, 1.5557965844411288, 1.5415948128572399, 1.411675072814169, 1.5825907982067662, 1.4661738019964239, 1.5121863892619425, 1.5063337981273761, 1.662188028451373, 1.3863518840739602, 1.4281946776842602, 1.408021793304207]",nan,"[2, 2, 2, 2, 2, 2, 2, 2, 2, 2, 2, 2, 2, 2, 2, 2, 2, 2, 2, 2, 2, 2, 2, 2, 2, 2, 2, 2, 2, 2, 2, 2, 2, 2, 2, 2, 2, 2, 2, 2, 2, 2, 2, 2, 2, 2, 2, 2]","[3, 2, 1, 1, 1, 1, 2, 3, 1, 1, 1, 1, 1, 2, 1, 1, 1, 2, 10, 5, 6, 2, 6, 1, 1, 2, 2, 1, 2, 1, 1, 1, 1, 1, 1, 1, 1, 1, 1, 1, 1, 1, 1, 1, 1, 1, 1, 1]",48,0
33,Perfect-Global,98,test_id,id_actual,perfect_full_horizon,48,,1195.9359962551005,1195.9359962551005,0.0,,1800.5840001106262,37.51216666897138,1800.5840001106262,0,1,True,,100098,perfect_global_clean,48,48,True,,1.0,0.12500000000815095,"[34.55829738580729, 13.644029655188607, 7.6889518285428995, 6.16615, 6.16615, 6.16615, 6.16615, 6.16615, 11.265285310906693, 10.2753002445385, 6.16615, 8.093017081364904, 35.82645213390631, 27.193506378846713, 30.946574204694997, 11.32654371449812, 5.255757816326531, 3.1707633877925536, 3.3397039608652137, 3.791685551173683, 3.1275088047732678, 1.302393432100389, 0.7141581516456306, 2.458600309277509, 4.9251550771540025, 5.829576729720343, 6.16615, 6.16615, 8.885457238750014, 31.209721541556718, 48.32190817182623, 56.46065571658244, 74.08491628619824, 68.25616140215196, 68.15534268677645, 68.3151816358051, 40.548841577880516, 39.424407994960845, 40.69554887879845, 44.56182172621311, 37.84658661884717, 43.758350948591264, 42.62069454847557, 39.43552693319055, 34.835128754477154, 47.207294858308664, 44.78421181802556, 42.46577575856033]","[37.51216666897138, 37.51216666897138, 37.51216666897138, 37.51216666897138, 37.51216666897138, 37.51216666897138, 37.51216666897138, 37.51216666897138, 37.51216666897138, 37.51216666897138, 37.51216666897138, 37.51216666897138, 37.51216666897138, 37.51216666897138, 37.51216666897138, 37.51216666897138, 37.51216666897138, 37.51216666897138, 37.51216666897138, 37.51216666897138, 37.51216666897138, 37.51216666897138, 37.51216666897138, 37.51216666897138, 37.51216666897138, 37.51216666897138, 37.51216666897138, 37.51216666897138, 37.51216666897138, 37.51216666897138, 37.51216666897138, 37.51216666897138, 37.51216666897138, 37.51216666897138, 37.51216666897138, 37.51216666897138, 37.51216666897138, 37.51216666897138, 37.51216666897138, 37.51216666897138, 37.51216666897138, 37.51216666897138, 37.51216666897138, 37.51216666897138, 37.51216666897138, 37.51216666897138, 37.51216666897138, 37.51216666897138]",,flat_price_relaxed_ramp,Flat price + relaxed ramp,Remove dominant long-term effects,Removed,Weak DG ramp,True,True,0.8,0.8,mpc_diagnostic,,0.0,full_day_optimization_objective,False,9,11378,0,6482,4752,48,1800.5840001106262,0.0020989361618558144,0.0020989361618558144,9,1,,,,,,,,,,,,,
33,MPC-3,99,test_id,id_actual,id_reliable,3,,1508.2725054293305,1251.8635346376016,20.482182258464466,,119.41999936103821,2.487916653354963,16.831000089645386,0,0,True,,100099,pure_mpc_clean,4,48,True,,1.0,0.1250000102782022,"[15.724630404047842, 4.374505987967343, 4.7903716175503295, 4.42066465905364, 12.8957471692319, 5.929941683746178, 12.403252756105253, 17.132075872115315, 23.66100283786823, 23.76952052197521, 22.93475054274115, 24.58742373080419, 61.213758405367514, 45.33764732439877, 22.769318207703293, 5.969356475363174, 3.8160859389666193, 5.564816508955714, 3.0981621139907403, 1.9621861601544321, 1.3468297342711568, 0.0, 0.0, 0.0, 1.0747896364619491, 3.0458351700663613, 5.2733583521227585, 12.01809741086377, 21.17948045163249, 19.65291022291359, 42.463154821729454, 60.540642944971495, 57.02134084745957, 78.66173130270887, 83.39022932020113, 88.06654458647755, 44.37923869457125, 64.36951943334007, 56.475178372363295, 48.22616687133017, 57.768737088237536, 62.02655998118084, 61.27685591113195, 54.04823666147504, 65.43218297061021, 74.44940104742709, 68.31554046524992, 55.414724212426094]","[16.831000089645386, 0.8190000057220459, 0.10100007057189941, 0.45799994468688965, 13.106000185012817, 0.11099982261657715, 15.65999984741211, 0.5829999446868896, 0.4099998474121094, 1.8420000076293945, 0.3340001106262207, 0.33699989318847656, 0.36700010299682617, 0.4069998264312744, 2.0290000438690186, 0.755000114440918, 0.3940000534057617, 0.28799986839294434, 0.6349999904632568, 6.702999830245972, 8.861000061035156, 0.4810001850128174, 10.625999927520752, 8.468999862670898, 6.378999948501587, 4.103999853134155, 0.12100005149841309, 7.206999778747559, 2.873999834060669, 2.325000047683716, 0.5230000019073486, 0.4140000343322754, 0.44299983978271484, 0.44300007820129395, 0.44099998474121094, 0.4720001220703125, 0.42100000381469727, 0.23000001907348633, 0.39300012588500977, 0.3359999656677246, 0.3400001525878906, 0.24499988555908203, 0.34799981117248535, 0.33900022506713867, 0.14699983596801758, 0.1400001049041748, 0.09200000762939453, 0.03600001335144043]",,flat_price_relaxed_ramp,Flat price + relaxed ramp,Remove dominant long-term effects,Removed,Weak DG ramp,True,True,0.8,0.8,mpc_diagnostic,,20.482182258464466,,,,698.125,0.0,398.5,290.8125,2.9375,2.487916653354963,0.0008689961091558878,0.000996794941646357,2.0,1.0,"[0.4, 0.7094789017904184, 0.7769158386825286, 0.7169640976865657, 1.0, 0.9616999073296733, 1.0, 1.0, 1.0, 1.0, 1.0, 1.0, 1.0, 1.0, 1.0, 0.9680908742867536, 0.6189224991110605, 0.9024954154349761, 0.5024954155377702, 0.3182612368140215, 0.2184563486256419, 0.0, 0.0, 0.0, 0.17433282770179348, 0.4940092483963957, 0.8552349394497557, 1.0, 1.0, 1.0, 1.0, 1.0, 1.0, 1.0, 1.0, 1.0, 1.0, 1.0, 1.0, 1.0, 1.0, 1.0, 1.0, 1.0, 1.0, 1.0, 1.0, 1.0]","[1.0, 0.75, 0.5404079128791439, 0.40184666387696033, 0.3065847547893641, 0.23819397166054962, 0.1904915167032845, 0.1697439537560522, 0.16238887360555318, 0.15116173116520612, 0.1511617310758078, 0.15116173097340677, 0.12500000071154363, 0.1250000003402001, 0.12500000041081147, 0.12500000463905706, 0.12500000642087325, 0.12500000574519948, 0.17339207307679716, 0.12500013606309276, 0.12500001480730066, 0.15469239387023198, 0.20496242914489124, 0.4549624291447095, 0.4014891028814367, 0.397073963580401, 0.3967913089723524, 0.3967913089723524, 0.3967913089723524, 0.3967913089723524, 0.3967913089723524, 0.3967913089723524, 0.3889359972115704, 0.36141323581784685, 0.264528567866094, 0.15215269200582757, 0.15215269089638422, 0.1521526892400982, 0.1473280026466355, 0.1369755251917778, 0.13271701526319962, 0.13207886397170823, 0.12500003372760993, 0.12500002626672915, 0.1250000200033684, 0.12500001434212193, 0.1250000102782022, 0.1250000102782022]","[0.49, 0.49, 0.41080049075687786, 0.27158004804427976, 0.1867133418116887, 0.1340459388472686, 0.09349681210904481, 0.04066522376780448, 0.01441595748463133, 0.022005199573278376, 0.0, 0.0, 0.051276991695947564, 0.0, 0.0, 0.0, 0.0, 0.0, -0.10599404325271883, 0.09484819654686061, 2.4193479377751496e-07, -0.060572453288379895, -0.10255087656261075, -0.51, 0.10480769220344761, 0.008653673030029946, 0.0005513365111607161, 0.0, 0.0, 0.0, 0.0, 0.0, 0.015396411051132666, 0.05394461233169817, 0.18989394957286027, 0.22025671707142816, 0.0, 0.0, 0.009456386107221737, 0.02029085619726275, 0.008346679843835683, 0.001250776914425918, 0.013874507662187459, 0.0, 0.0, 0.0, 0.0, 0.0]","[0.2142781156209752, 0.0, 0.0, 0.0, 0.10876116637142466, 0.0, 0.10080166070473134, 0.1772270848018637, 0.2827450963695876, 0.2844989175268721, 0.2710076855392509, 0.29771755524532023, 0.8896583176625052, 0.6330747042327074, 0.26833403163964914, 0.0, 0.0, 0.0, -0.012329612249488786, 0.0, 0.0, -0.07107846383148311, 0.0, -0.013702532118820936, 0.0, 0.0, -2.021431252939604e-06, 0.09457692785234376, 0.2426396840667877, 0.21796784198648222, 0.5866182597451225, 0.8787796839591352, 0.8219020743023768, 1.171645758427618, 1.248065928407291, 1.3236427407915563, 0.6175852718314545, 0.9406605160943852, 0.8130752060179927, 0.6797578484255381, 0.8339812054664651, 0.9027945047463569, 0.8906780753314255, 0.7738519056400006, 0.9578348762926903, 1.1035676936957912, 1.0044345933777765, 0.7959365529280985]","[0.026203782412929755, 0.029391565035645148, 0.028411114517807416, 0.02996976891025575, 0.02938366181412399, 0.032372965407671775, 0.030816946675450187, 0.030706162647891118, 0.029925944100495178, 0.030712029068626252, 0.031228948478541876, 0.031835945147995114, 0.04928050221626777, 0.04276705651457312, 0.04059406492731925, 0.04499348302106429, 0.05077069605769116, 0.0468464690166533, 0.06653268396617286, 0.07289744472316295, 0.08347788645548519, 0.11004810053985553, 0.1037460119071947, 0.12903134368538907, 0.13524825874069052, 0.12560629780271493, 0.09280913490599335, 0.08870784402055608, 0.06911169639281561, 0.06663608868892941, 0.06027180431535559, 0.05370181135962602, 0.05674827712829129, 0.05755958804094976, 0.059639451523338737, 0.06126482861077706, 0.04377184549684096, 0.048168678329524005, 0.04789977329120267, 0.04856387592403536, 0.050164937553303264, 0.05032881145147378, 0.048724634663211315, 0.049727473471097315, 0.04874544049471193, 0.052040469700587115, 0.0506875420102103, 0.04994417948683844]","[2.5612588227034383, 2.612104255378208, 2.5806287390176346, 2.5921114724445573, 2.617657619108123, 2.6000474966054354, 2.5781711264584306, 2.5696251765205753, 2.555383445433101, 2.647622605876661, 2.590210313978032, 2.605650239453154, 3.371143417020363, 3.358140743245938, 3.3614534385928434, 3.3039551400403924, 3.2986769680037584, 3.3113729194575434, 3.3708142478604755, 3.348053414111716, 3.3179162225650107, 3.34127836761329, 3.394599826276336, 3.320862180773066, 4.047679799377627, 4.1382911372294355, 4.088161387606893, 4.093363727742387, 4.078495413784447, 4.034296308562382, 4.151919216287328, 4.068375912702415, 4.156317196273024, 4.0673676325550625, 4.105128196605712, 4.055929891657084, 3.313441790687732, 3.39972537907277, 3.2893475030142487, 3.305340051826576, 3.3778803715110235, 3.3544704210608307, 3.35229864855172, 3.366733954496375, 3.321268812156693, 3.322640387044882, 3.343939277465299, 3.374617448999673]","[0.0, 0.0, 0.0, 0.0, 0.0, 0.0, 0.0, 0.0, 0.0, 0.0, 0.0, 0.0, 0.0, 0.23248168123254004, 0.6636512738334879, 0.8673542767692071, 1.1096436049892955, 1.0363087164510238, 1.5591867335616372, 1.5830379123809089, 1.8646888871935297, 2.1795802597712863, 2.196916123868093, 2.5010639385394144, 2.3534607418841147, 2.305055417454242, 1.8193226421802977, 1.8365532137407066, 1.3900119946403235, 1.316926063917349, 1.0965847118481848, 0.7664069637056471, 0.6794454568933369, 0.47811690511929195, 0.2926391866537409, 0.22336417626215932, 0.15117402403310906, 0.09685319756106017, 0.0, 0.0, 0.0, 0.0, 0.0, 0.0, 0.0, 0.0, 0.0, 0.0]","[1.483184381233881, 1.442016918928085, 1.4213235283629597, 1.6335370523183672, 1.3515664498772573, 1.5366746200826964, 1.4146890603546445, 1.382439002614498, 1.2881483083629814, 1.3718304854745331, 1.350431491902915, 1.3397686026481817, 1.4794885627157521, 1.5353513612855751, 1.4700621400481844, 1.5135034810086692, 1.6208815063552364, 1.4194152556347603, 1.493988438224219, 1.4248033357558563, 1.3182485477599974, 1.4033971255017346, 1.4039805831204464, 1.4725321180366606, 1.5503267678234207, 1.4561791006790379, 1.5058636005977724, 1.25094142891847, 1.5149554277708337, 1.5660384893429156, 1.5289880464639656, 1.4768910711170675, 1.6963215315773092, 1.4212199451370344, 1.4341685839140101, 1.3499310865611047, 1.5884543381994292, 1.410380340535973, 1.5147156845979188, 1.653855169004618, 1.585717371079027, 1.5007539512682078, 1.4964706494758486, 1.6426094586016269, 1.4121793641962455, 1.271113151987553, 1.3901922181668533, 1.6286250554628108]",nan,"[2, 2, 2, 2, 2, 2, 2, 2, 2, 2, 2, 2, 2, 2, 2, 2, 2, 2, 2, 2, 2, 2, 2, 2, 2, 2, 2, 2, 2, 2, 2, 2, 2, 2, 2, 2, 2, 2, 2, 2, 2, 2, 2, 2, 2, 2, 2, 2]","[5, 2, 1, 1, 3, 1, 2, 1, 1, 1, 1, 1, 1, 1, 1, 1, 2, 1, 1, 2, 2, 3, 1, 5, 2, 1, 1, 1, 1, 1, 1, 1, 1, 1, 1, 1, 1, 1, 1, 1, 1, 1, 1, 1, 1, 1, 1, 1]",48,0
33,Perfect-Global,99,test_id,id_actual,perfect_full_horizon,48,,1251.8635346376016,1251.8635346376016,0.0,,1800.3929998874664,37.50818749765555,1800.3929998874664,0,1,True,,100099,perfect_global_clean,48,48,True,,1.0,0.12499999980845455,"[31.19430688567895, 18.995508531558762, 10.534006625605485, 6.16615, 14.122661477277433, 7.342530340646611, 10.524470988313023, 11.402702086070937, 14.508852816644826, 15.681995642221924, 13.805623638875453, 14.379175849715326, 38.39297157611596, 36.17470918571144, 22.769321695773506, 6.16615, 6.16615, 6.16615, 5.436538478139276, 5.580021699904984, 4.371811739054153, 2.164541046002163, 2.3879985981294527, 1.278287247499653, 3.7446582921095115, 6.093985354328315, 6.16615, 12.018097456960941, 21.179480634528517, 19.65291034780902, 42.463154959503605, 60.54064304183221, 57.9771645009807, 71.74098214741316, 73.58006679850033, 73.01217634629299, 37.323577767942275, 47.320998749966336, 38.484903069350224, 34.74884636659294, 40.29738238298408, 41.738566090715025, 42.56852458632612, 37.69385580720282, 44.30075743018436, 47.821838034374906, 46.29398744858938, 39.38819087417449]","[37.50818749765555, 37.50818749765555, 37.50818749765555, 37.50818749765555, 37.50818749765555, 37.50818749765555, 37.50818749765555, 37.50818749765555, 37.50818749765555, 37.50818749765555, 37.50818749765555, 37.50818749765555, 37.50818749765555, 37.50818749765555, 37.50818749765555, 37.50818749765555, 37.50818749765555, 37.50818749765555, 37.50818749765555, 37.50818749765555, 37.50818749765555, 37.50818749765555, 37.50818749765555, 37.50818749765555, 37.50818749765555, 37.50818749765555, 37.50818749765555, 37.50818749765555, 37.50818749765555, 37.50818749765555, 37.50818749765555, 37.50818749765555, 37.50818749765555, 37.50818749765555, 37.50818749765555, 37.50818749765555, 37.50818749765555, 37.50818749765555, 37.50818749765555, 37.50818749765555, 37.50818749765555, 37.50818749765555, 37.50818749765555, 37.50818749765555, 37.50818749765555, 37.50818749765555, 37.50818749765555, 37.50818749765555]",,flat_price_relaxed_ramp,Flat price + relaxed ramp,Remove dominant long-term effects,Removed,Weak DG ramp,True,True,0.8,0.8,mpc_diagnostic,,0.0,full_day_optimization_objective,False,9,11378,0,6482,4752,48,1800.3929998874664,0.002157666835107179,0.002157666835107179,9,3,,,,,,,,,,,,,
