system,method,scenario_id,split,actual_case,forecast_case,horizon,gamma_Q,cost,perfect_cost,gap_percent,voltage_violation,solve_time_s,avg_step_time_s,max_step_time_s,solver_fail_count,timeout_count,completed,incomplete_reason,seed,solver_kind,solver_window,executed_steps,include_tail,max_steps,final_P_DG_5,final_SOC_BSS_9,step_costs_json,step_times_json,mean_num_vars,mean_num_bin_vars,mean_num_constrs,mean_num_qconstrs,mean_num_genconstrs,mean_model_runtime_s,mean_mip_gap,max_mip_gap,mean_std_nn_binary_count,step_model_statuses_json,step_model_sol_counts_json,mean_model_status,min_model_sol_count,num_optimal_steps,num_timelimit_steps,failure_message,experiment_tag,source_raw,oracle_method,oracle_cost,gap_to_oracle_percent,policy_asset_dir,cost_accounting,penalized_cost,economic_generation_cost,balance_penalty_cost,constraint_penalty,step_economic_costs_json,step_penalized_costs_json,step_balance_penalties_json,step_reward_penalties_json,step_balance_errors_json,step_cost_constraints_json,mean_economic_generation_cost,mean_penalized_cost,mean_balance_penalty,mean_constraint_penalty,mean_cost_constraint
33,Oracle-H3,80,test_id,id_actual,perfect,3,,1761.1164758354964,,,,54.892001152038574,1.143583357334137,12.602999925613403,0,0,True,,100080,pure_mpc_clean,4,48,True,,1.0,0.12500000078684143,"[10.482017083629263, 14.052370192910892, 8.368416089279787, 5.28562891293536, 6.16615, 9.120325187027154, 6.16615, 11.141331279002202, 14.20732321710431, 6.16615, 21.26870852795804, 27.20666336609353, 40.98044585708538, 27.895306229706357, 16.665192936616243, 6.16615, 5.493151109639694, 4.259781489726206, 3.026507869812719, 1.7933302498992318, 0.5602486299857449, 0.0, 0.0, 0.0, 0.5955007753430501, 17.884639918211473, 35.76556397686939, 31.14833770145217, 39.31691702394878, 38.91841346885468, 63.63324303751451, 79.59463976097729, 101.03980079517736, 121.40305066080104, 101.56493276117021, 114.26206746592199, 54.6525809079226, 52.935891849403085, 57.317829238257744, 64.87999557302098, 70.66968458741266, 72.55979420177806, 64.03571798503432, 68.24031935782513, 73.08466815013486, 64.7912945718066, 64.48228202182479, 61.867961816421435]","[0.4200000762939453, 0.37399983406066895, 1.6630001068115234, 0.3410000801086426, 0.08800005912780762, 1.1080000400543213, 0.41499996185302734, 1.7839999198913574, 0.8870000839233398, 0.437999963760376, 0.5360000133514404, 0.3880000114440918, 0.5339999198913574, 0.75, 0.46200013160705566, 0.0970001220703125, 2.995000123977661, 0.6840000152587891, 0.6370000839233398, 0.7280001640319824, 0.6210000514984131, 0.681999921798706, 0.5299999713897705, 1.1130001544952393, 0.7920000553131104, 12.602999925613403, 11.733999967575073, 4.384000062942505, 2.628000020980835, 0.5240001678466797, 0.687999963760376, 0.0840001106262207, 0.5299999713897705, 0.40199995040893555, 0.4049999713897705, 0.10199999809265137, 0.30900001525878906, 0.3530001640319824, 0.19899988174438477, 0.1119999885559082, 0.11899995803833008, 0.1119999885559082, 0.11700010299682617, 0.1119999885559082, 0.11700010299682617, 0.10100007057189941, 0.06699991226196289, 0.023000001907348633]",698.125,0.0,398.5,290.8125,2.9375,1.143583357334137,0.0007612466936328539,0.0009982381016225427,nan,"[2, 2, 2, 2, 2, 2, 2, 2, 2, 2, 2, 2, 2, 2, 2, 2, 2, 2, 2, 2, 2, 2, 2, 2, 2, 2, 2, 2, 2, 2, 2, 2, 2, 2, 2, 2, 2, 2, 2, 2, 2, 2, 2, 2, 2, 2, 2, 2]","[2, 1, 1, 2, 1, 1, 1, 1, 1, 1, 1, 1, 1, 1, 1, 1, 4, 1, 1, 1, 1, 1, 2, 1, 2, 1, 3, 1, 1, 2, 1, 1, 1, 1, 1, 1, 1, 1, 1, 1, 1, 1, 1, 1, 1, 1, 1, 1]",2.0,1.0,48,0,,oracle_mpc,formal/step7_33_oracle_mpc_raw.csv,Oracle-H7,1653.8005843432136,6.489046654612353,,,,,,,,,,,,,,,,,
33,Oracle-H7,80,test_id,id_actual,perfect,7,,1653.8005843432136,,,,1747.7470009326935,36.41139585276445,300.4960000514984,0,0,True,,100080,pure_mpc_clean,8,48,True,,1.0,0.12500000331037572,"[10.52212526210984, 14.75871187003033, 14.124110183620317, 11.735156158102596, 6.16615, 8.661878312111245, 6.16615, 14.81006977732857, 19.14076615336764, 12.66409026228651, 18.4023373432074, 15.777246071328962, 40.980439370539, 12.447738805494334, 6.16615, 6.166147146623305, 5.493150669399903, 4.259781049946378, 3.0265074305671176, 1.7933298113218175, 0.5602481914426665, 0.0, 0.0, 0.19368069755819858, 17.959099073674327, 19.505888510482695, 33.973071721643215, 19.689094300328208, 33.06040641436267, 38.91841360061502, 64.13653713604334, 79.59463928398866, 84.72325184161572, 91.44302700959278, 71.62101475210345, 95.64218252606028, 54.65258352734566, 52.93589528426872, 57.31782915153293, 64.87999543336856, 70.66968413537886, 72.55979391927146, 64.03571783059358, 68.24031914603158, 73.08463755575373, 64.79129435661152, 64.48228176161702, 61.867961504543196]","[16.433000087738037, 111.8529999256134, 191.50999999046326, 300.4960000514984, 126.52500009536743, 163.1710000038147, 26.901000022888184, 40.56400012969971, 38.805999994277954, 21.747000217437744, 9.766999959945679, 0.4199998378753662, 14.184000015258789, 20.013000011444092, 17.790000200271606, 21.634999990463257, 2.2280001640319824, 2.364000082015991, 2.302999973297119, 1.7639999389648438, 16.89800000190735, 25.401999950408936, 10.02899980545044, 7.513999938964844, 300.2869999408722, 158.44700002670288, 59.45199990272522, 23.223000049591064, 2.3510000705718994, 2.2360000610351562, 2.365000009536743, 2.1649999618530273, 2.195000171661377, 0.36100006103515625, 0.4830000400543213, 0.39300012588500977, 0.40199995040893555, 0.36700010299682617, 0.4010000228881836, 0.35199999809265137, 0.38900017738342285, 0.3919999599456787, 0.3540000915527344, 0.29600000381469727, 0.19000005722045898, 0.1659998893737793, 0.11999988555908203, 0.042999982833862305]",1557.1666666666667,0.0,887.7916666666666,649.6875,6.5625,36.41139585276445,0.0009162885126988915,0.0014371854814146856,nan,"[2, 2, 2, 9, 2, 2, 2, 2, 2, 2, 2, 2, 2, 2, 2, 2, 2, 2, 2, 2, 2, 2, 2, 2, 9, 2, 2, 2, 2, 2, 2, 2, 2, 2, 2, 2, 2, 2, 2, 2, 2, 2, 2, 2, 2, 2, 2, 2]","[1, 2, 3, 2, 3, 5, 2, 2, 2, 1, 2, 1, 4, 3, 5, 3, 1, 1, 1, 2, 6, 2, 3, 1, 2, 1, 2, 2, 1, 1, 1, 1, 1, 2, 1, 1, 1, 1, 1, 1, 1, 1, 1, 1, 1, 1, 1, 1]",2.2916666666666665,1.0,46,2,,oracle_mpc,formal/step7_33_oracle_mpc_raw.csv,Oracle-H7,1653.8005843432136,0.0,,,,,,,,,,,,,,,,,
33,Oracle-H3,81,test_id,id_actual,perfect,3,,1658.5632415138134,,,,116.34299898147583,2.4238124787807465,16.931999921798706,0,0,True,,100081,pure_mpc_clean,4,48,True,,1.0,0.125000001354718,"[23.338841283859665, 7.390411766907386, 3.6994018399246245, 6.809410464931444, 6.16615, 10.773141962809037, 6.166149994933605, 8.321923934840148, 10.126807361719443, 9.008418374587642, 19.86045492629698, 26.715225138953908, 28.169005359240785, 29.425985614073518, 10.12186882959668, 6.16615, 4.973938674998425, 3.794869484204695, 2.5616322063700134, 1.3284907931390861, 0.29353530711609654, 0.0, 0.0, 0.0, 3.090759855666776, 15.629263290572613, 7.9768345012275805, 18.438536658331348, 19.31346020001201, 35.38642210135418, 61.30078932043976, 87.90200546457135, 97.56779800795425, 104.20323092650015, 124.06755256067301, 125.86858354926615, 55.668893745355305, 66.01816791688597, 59.951677638665075, 77.09619505913501, 71.97509158107238, 61.191997236697304, 49.728950891831666, 56.06499561395161, 57.32793337617312, 55.14839294911985, 60.271744460790856, 62.162151289063026]","[1.0089998245239258, 1.1010000705718994, 0.8020000457763672, 11.652999877929688, 3.23799991607666, 11.407999992370605, 2.384999990463257, 3.177999973297119, 2.319999933242798, 1.7360000610351562, 0.8159999847412109, 0.3769998550415039, 0.8880000114440918, 1.3009998798370361, 0.502000093460083, 0.4030001163482666, 0.5179998874664307, 0.1679999828338623, 2.0859999656677246, 14.585999965667725, 11.955999851226807, 0.5720000267028809, 5.227999925613403, 4.240000009536743, 16.931999921798706, 4.734999895095825, 4.522000074386597, 2.9040000438690186, 1.5199999809265137, 0.5779998302459717, 0.15700006484985352, 0.1679999828338623, 0.10700011253356934, 0.11299991607666016, 0.11100006103515625, 0.11299991607666016, 0.10000014305114746, 0.10300016403198242, 0.10099983215332031, 0.11599993705749512, 0.3280000686645508, 0.23799991607666016, 0.1959998607635498, 0.2560000419616699, 0.1700000762939453, 0.2089998722076416, 0.06500005722045898, 0.029999971389770508]",698.125,0.0,398.5,290.8125,2.9375,2.4238124787807465,0.0008714884698285574,0.0009994602276698357,nan,"[2, 2, 2, 2, 2, 2, 2, 2, 2, 2, 2, 2, 2, 2, 2, 2, 2, 2, 2, 2, 2, 2, 2, 2, 2, 2, 2, 2, 2, 2, 2, 2, 2, 2, 2, 2, 2, 2, 2, 2, 2, 2, 2, 2, 2, 2, 2, 2]","[2, 2, 1, 4, 1, 4, 1, 1, 1, 1, 2, 2, 1, 1, 1, 1, 1, 1, 2, 4, 7, 1, 5, 1, 3, 1, 1, 1, 2, 1, 1, 1, 1, 1, 1, 1, 1, 1, 1, 1, 1, 1, 1, 1, 1, 1, 1, 1]",2.0,1.0,48,0,,oracle_mpc,formal/step7_33_oracle_mpc_raw.csv,Oracle-H7,1562.8478058209134,6.124424613606169,,,,,,,,,,,,,,,,,
33,Oracle-H7,81,test_id,id_actual,perfect,7,,1562.8478058209134,,,,2729.7189996242523,56.86914582550526,300.3989999294281,0,0,True,,100081,pure_mpc_clean,8,48,True,,1.0,0.12499999981120381,"[23.338839803092675, 9.813893751977204, 8.299855066294272, 9.118686290978207, 6.16615, 11.951483407217145, 7.22622083831454, 13.054595860327021, 14.800120373614625, 13.516645869520705, 16.08178190455885, 14.106614387162688, 27.45846853542764, 15.842712095600575, 6.16615, 6.109207353479621, 5.028192896194509, 3.7948594747068793, 2.561622044192457, 1.3284806317524345, 0.9194061369435729, 0.0, 0.0, 1.0132908783184433, 14.194094631669097, 23.61425984613433, 4.712928614623689, 5.94633350628655, 19.31344887906412, 35.3864148827287, 61.30078936207635, 87.90200542044887, 92.2281946213594, 86.35395589292322, 89.39409001693672, 92.1978122078691, 55.66889390575919, 66.01819944090886, 59.95167813782545, 77.096167435363, 71.97511149209379, 61.19199675772192, 49.728950765249785, 56.06499865798663, 57.32793316361131, 55.14839268939303, 60.27174398419251, 62.16213390901415]","[24.71399998664856, 300.3880000114441, 240.62700009346008, 77.00500011444092, 137.68499994277954, 158.28700017929077, 24.867000102996826, 57.20099997520447, 43.99900007247925, 19.61299991607666, 21.120999813079834, 16.896000146865845, 9.119999885559082, 13.506999969482422, 11.099999904632568, 11.20799994468689, 16.39199995994568, 13.42799997329712, 20.270999908447266, 300.13899993896484, 300.16799998283386, 261.4159998893738, 28.574999809265137, 7.02400016784668, 300.3989999294281, 185.74900007247925, 35.543999910354614, 43.44799995422363, 30.206000089645386, 6.254999876022339, 1.6710000038146973, 1.2129998207092285, 1.7950000762939453, 1.6009998321533203, 0.33499979972839355, 0.3190000057220459, 0.32400012016296387, 1.0139999389648438, 1.0369999408721924, 1.2680001258850098, 0.9090001583099365, 0.9200000762939453, 0.2799999713897705, 0.20099997520446777, 0.17600011825561523, 0.20300006866455078, 0.0690000057220459, 0.032000064849853516]",1557.1666666666667,0.0,887.7916666666666,649.6875,6.5625,56.86914582550526,0.0009849207356999877,0.0018879728969509863,nan,"[2, 9, 2, 2, 2, 2, 2, 2, 2, 2, 2, 2, 2, 2, 2, 2, 2, 2, 2, 9, 9, 2, 2, 2, 9, 2, 2, 2, 2, 2, 2, 2, 2, 2, 2, 2, 2, 2, 2, 2, 2, 2, 2, 2, 2, 2, 2, 2]","[3, 2, 2, 2, 2, 2, 3, 2, 2, 2, 1, 2, 1, 3, 2, 1, 2, 2, 3, 2, 1, 1, 1, 1, 5, 4, 1, 2, 3, 1, 2, 2, 1, 1, 1, 1, 1, 2, 1, 2, 2, 1, 1, 1, 1, 1, 1, 1]",2.5833333333333335,1.0,44,4,,oracle_mpc,formal/step7_33_oracle_mpc_raw.csv,Oracle-H7,1562.8478058209134,0.0,,,,,,,,,,,,,,,,,
33,Oracle-H3,82,test_id,id_actual,perfect,3,,1620.005035421552,,,,72.27700018882751,1.5057708372672398,16.026999950408936,0,0,True,,100082,pure_mpc_clean,4,48,True,,1.0,0.12500000076071238,"[21.164022309334747, 4.581275881093138, 4.23701743442422, 4.927007959845773, 5.300345837284598, 8.487175239193325, 8.188923157904354, 12.307606752021766, 10.750779352814325, 10.02017648162367, 18.52180788793165, 22.435059617153698, 30.475391727991266, 26.059906419652215, 32.710467915167726, 8.184284643099021, 6.16615, 5.1367044165235916, 3.9035366376537746, 2.6702907476444104, 1.4371408576350464, 0.20408696762568215, 0.0, 0.0, 0.8600737425332692, 2.0931786325038146, 16.63186199484949, 20.791266929707113, 33.11149670785601, 33.94293943024854, 43.68887800976038, 78.23701931972347, 90.94720675960211, 105.77932542942355, 121.58850409435895, 109.33683400896125, 46.966722451477885, 64.4355819048638, 62.956880360412704, 60.5219556254167, 62.36212186390039, 58.54338120366214, 52.16307884462481, 54.433239612818355, 64.02373236735654, 58.769318048354464, 69.0645461158729, 60.88673371964516]","[0.3880000114440918, 3.451000213623047, 7.689000129699707, 0.2560000419616699, 0.09200000762939453, 0.9560000896453857, 2.061000108718872, 2.2249999046325684, 1.369999885559082, 0.9210000038146973, 1.2760000228881836, 0.3710000514984131, 1.7960000038146973, 0.5829999446868896, 0.8689999580383301, 0.503000020980835, 0.10300016403198242, 0.6590001583099365, 0.06500005722045898, 0.3970000743865967, 0.625999927520752, 0.49699997901916504, 0.5690000057220459, 16.026999950408936, 1.7789998054504395, 0.9789998531341553, 14.973999977111816, 2.1369998455047607, 2.5820000171661377, 0.8819999694824219, 0.5820000171661377, 0.4589998722076416, 0.41300010681152344, 0.47699999809265137, 0.16299986839294434, 0.13199996948242188, 0.2869999408721924, 0.24200010299682617, 0.2560000419616699, 0.3450000286102295, 0.37400007247924805, 0.2739999294281006, 0.23099994659423828, 0.3559999465942383, 0.24100017547607422, 0.24500012397766113, 0.08299994468688965, 0.03399991989135742]",698.125,0.0,398.5,290.8125,2.9375,1.5057708372672398,0.0007919894355872724,0.000998375380101609,nan,"[2, 2, 2, 2, 2, 2, 2, 2, 2, 2, 2, 2, 2, 2, 2, 2, 2, 2, 2, 2, 2, 2, 2, 2, 2, 2, 2, 2, 2, 2, 2, 2, 2, 2, 2, 2, 2, 2, 2, 2, 2, 2, 2, 2, 2, 2, 2, 2]","[2, 2, 5, 1, 1, 1, 1, 1, 1, 2, 1, 1, 1, 1, 1, 1, 1, 1, 1, 2, 1, 2, 1, 2, 1, 1, 3, 2, 2, 1, 1, 1, 1, 1, 2, 1, 1, 1, 1, 1, 1, 1, 1, 1, 1, 1, 1, 1]",2.0,1.0,48,0,,oracle_mpc,formal/step7_33_oracle_mpc_raw.csv,Oracle-H7,1517.4331183550316,6.759567576705666,,,,,,,,,,,,,,,,,
33,Oracle-H7,82,test_id,id_actual,perfect,7,,1517.4331183550316,,,,1889.4999992847443,39.364583318432175,300.4690001010895,0,0,True,,100082,pure_mpc_clean,8,48,True,,1.0,0.12500000452234974,"[21.164018331365074, 6.268045474232604, 10.432456876008875, 7.165360996739256, 6.16615, 7.557495581561874, 9.181731933640549, 15.8864584132189, 17.716339793641453, 17.31258874070952, 18.01791798387996, 13.972578550403544, 30.4753836204126, 10.270843677870877, 6.16615, 6.16614999974457, 6.16615, 5.136694609150018, 3.9035009548220536, 2.670255068090283, 1.437105190102643, 0.2040513242126266, 0.0, 0.41126744245621655, 8.03708336775518, 8.648437259788194, 16.805299634980575, 9.99584059537625, 32.48419535447394, 34.31307800247206, 43.688878103369014, 78.23701954467663, 84.95197429675694, 80.19714292287742, 94.97995350676527, 86.11816427550609, 46.966826593975796, 64.43558163257093, 62.956878807266904, 60.521955171883604, 62.36212160906935, 58.543384294090096, 52.16307872943545, 54.43324261134998, 64.0237320077711, 58.7693177714768, 69.06450444837368, 60.88673325070692]","[13.075000047683716, 41.793999910354614, 61.00399994850159, 71.4689998626709, 59.93999981880188, 102.78999996185303, 66.7960000038147, 53.6560001373291, 60.05999994277954, 25.02300000190735, 16.210000038146973, 12.715999841690063, 16.436000108718872, 19.10699987411499, 17.33399987220764, 18.003999948501587, 17.692999839782715, 1.8919999599456787, 0.17499995231628418, 1.5939998626708984, 300.4690001010895, 177.17999982833862, 21.486000061035156, 10.53600001335144, 300.1840000152588, 300.1159999370575, 42.59000015258789, 31.026000022888184, 4.628000020980835, 6.561000108718872, 1.930999994277954, 2.078000068664551, 1.8840000629425049, 2.234999895095825, 0.48599982261657715, 0.4270000457763672, 0.5299999713897705, 1.3539998531341553, 1.2870001792907715, 1.2910001277923584, 1.496999979019165, 1.6170001029968262, 0.34200000762939453, 0.31399989128112793, 0.1959998607635498, 0.31100010871887207, 0.1230001449584961, 0.05299997329711914]",1557.1666666666667,0.0,887.7916666666666,649.6875,6.5625,39.364583318432175,0.000930630889876299,0.0012678500988019669,nan,"[2, 2, 2, 2, 2, 2, 2, 2, 2, 2, 2, 2, 2, 2, 2, 2, 2, 2, 2, 2, 9, 2, 2, 2, 9, 9, 2, 2, 2, 2, 2, 2, 2, 2, 2, 2, 2, 2, 2, 2, 2, 2, 2, 2, 2, 2, 2, 2]","[1, 4, 4, 2, 3, 1, 2, 2, 3, 2, 2, 3, 3, 6, 2, 4, 5, 1, 1, 2, 4, 2, 5, 1, 5, 2, 2, 2, 1, 1, 1, 1, 2, 1, 2, 1, 2, 1, 1, 1, 1, 1, 1, 1, 1, 1, 1, 1]",2.4375,1.0,45,3,,oracle_mpc,formal/step7_33_oracle_mpc_raw.csv,Oracle-H7,1517.4331183550316,0.0,,,,,,,,,,,,,,,,,
33,Oracle-H3,83,test_id,id_actual,perfect,3,,1669.9329300022475,,,,69.24399971961975,1.442583327492078,12.666000127792358,0,0,True,,100083,pure_mpc_clean,4,48,True,,1.0,0.12500000081645377,"[17.22111463849879, 9.508728112368027, 4.735441776944162, 4.932692201955696, 6.166114011783082, 6.16615, 9.145552065520713, 9.032957992611694, 6.355124148745897, 7.8574269230667975, 15.547853890196738, 24.272947234082643, 35.66221818033982, 24.50209074600425, 15.717920065871317, 18.266773529059645, 6.01364655529742, 4.780236424577686, 3.5469222938579543, 2.3137041631382216, 1.080582032418489, 0.0, 0.0, 0.0, 1.2330379086011596, 2.466171810731302, 5.159407757189715, 12.170585677246269, 32.21083180039382, 48.64608774061466, 62.455129872014226, 87.2329897513627, 112.76779688253072, 117.22389804311712, 128.55932163840717, 116.41380842910576, 51.41025384323774, 41.75708059854279, 59.40490238708876, 63.02261591886416, 56.86560384539124, 62.75863575690557, 64.53189044420543, 67.0581580160008, 63.26342738698256, 62.006812216791744, 59.303004228546506, 59.185281062036715]","[0.4519999027252197, 1.6800000667572021, 5.46399998664856, 0.38499999046325684, 0.10400009155273438, 12.666000127792358, 5.186999797821045, 0.7599999904632568, 0.5069999694824219, 1.7750000953674316, 0.875999927520752, 0.3380000591278076, 2.874000072479248, 1.4700000286102295, 0.9539999961853027, 3.2799999713897705, 0.4890000820159912, 0.6359999179840088, 0.7050001621246338, 0.570000171661377, 0.621999979019165, 0.49499988555908203, 0.06099987030029297, 7.919999837875366, 1.9750001430511475, 0.5899999141693115, 6.200999975204468, 2.80400013923645, 2.1470000743865967, 0.6599998474121094, 0.14800000190734863, 0.7460000514984131, 0.45399999618530273, 0.12999987602233887, 0.14399981498718262, 0.16200017929077148, 0.40799999237060547, 0.22499990463256836, 0.312999963760376, 0.23099994659423828, 0.2720000743865967, 0.24100017547607422, 0.25099992752075195, 0.18999981880187988, 0.20799994468688965, 0.34200000762939453, 0.09500002861022949, 0.03699994087219238]",698.125,0.0,398.5,290.8125,2.9375,1.442583327492078,0.0007756682412761564,0.000987599942393059,nan,"[2, 2, 2, 2, 2, 2, 2, 2, 2, 2, 2, 2, 2, 2, 2, 2, 2, 2, 2, 2, 2, 2, 2, 2, 2, 2, 2, 2, 2, 2, 2, 2, 2, 2, 2, 2, 2, 2, 2, 2, 2, 2, 2, 2, 2, 2, 2, 2]","[1, 2, 2, 1, 1, 2, 1, 1, 1, 1, 2, 1, 1, 1, 1, 3, 1, 2, 1, 1, 1, 2, 1, 8, 1, 2, 1, 1, 2, 1, 1, 1, 1, 1, 1, 1, 1, 1, 1, 1, 1, 1, 1, 1, 1, 1, 1, 1]",2.0,1.0,48,0,,oracle_mpc,formal/step7_33_oracle_mpc_raw.csv,Oracle-H7,1603.1980159143943,4.162612068216073,,,,,,,,,,,,,,,,,
33,Oracle-H7,83,test_id,id_actual,perfect,7,,1603.1980159143943,,,,2138.3989996910095,44.54997916022936,300.52999997138977,0,0,True,,100083,pure_mpc_clean,8,48,True,,1.0,0.12500000186103058,"[17.221115594977434, 10.993486199650723, 8.215125800614583, 6.775290108206514, 6.551251831227683, 6.16615, 13.308855513531572, 13.688128929936358, 11.920213885875338, 15.487983691325928, 14.891191476947172, 14.740869550947727, 35.66217029272638, 10.344934917117385, 6.16615, 6.16615, 6.0136329332507845, 4.780222804016919, 3.546908674857357, 2.3136905451977556, 1.0805684165381548, 1.6557930570349233e-05, 0.0, 0.08568153476325191, 17.955495936183198, 29.769507387438836, 8.51423163946041, 10.991903510877526, 32.210831804314225, 48.64608175437923, 62.45512991052613, 87.23298953474502, 95.63910380395833, 91.33497076295595, 101.91711599305393, 89.84319523365242, 51.41025398684193, 41.75708068551327, 59.404906135358715, 63.02261591005456, 56.86560382016244, 62.75863569256027, 64.5318904428887, 67.05815799978694, 63.263427355189805, 62.00681227657344, 59.30300414628229, 59.1852809319971]","[18.374000072479248, 43.11300015449524, 44.06699991226196, 88.92499995231628, 300.52999997138977, 300.28399991989136, 36.973999977111816, 51.0310001373291, 44.31099987030029, 36.88000011444092, 14.610000133514404, 17.793999910354614, 9.990000009536743, 16.796000003814697, 17.47699999809265, 13.69700002670288, 2.070000171661377, 2.182000160217285, 2.0889999866485596, 12.121000051498413, 13.496999979019165, 300.4119999408722, 21.334999799728394, 7.611999988555908, 300.1599998474121, 300.1559998989105, 36.50600004196167, 35.7279999256134, 29.046000003814697, 7.675999879837036, 1.944000005722046, 2.4059998989105225, 2.553999900817871, 0.4500000476837158, 0.47699999809265137, 0.45799994468688965, 1.2440001964569092, 0.4230000972747803, 0.39100003242492676, 0.40600013732910156, 0.36099982261657715, 0.40000009536743164, 0.33699989318847656, 0.2799999713897705, 0.23399996757507324, 0.43400001525878906, 0.11999988555908203, 0.03699994087219238]",1557.1666666666667,0.0,887.7916666666666,649.6875,6.5625,44.54997916022936,0.0009174961810674602,0.001301222966561955,nan,"[2, 2, 2, 2, 9, 9, 2, 2, 2, 2, 2, 2, 2, 2, 2, 2, 2, 2, 2, 2, 2, 9, 2, 2, 9, 9, 2, 2, 2, 2, 2, 2, 2, 2, 2, 2, 2, 2, 2, 2, 2, 2, 2, 2, 2, 2, 2, 2]","[2, 4, 3, 2, 1, 2, 2, 2, 2, 1, 2, 2, 4, 4, 5, 6, 1, 1, 1, 2, 1, 3, 2, 1, 1, 1, 1, 2, 2, 2, 1, 1, 1, 2, 2, 1, 1, 1, 1, 1, 1, 1, 1, 1, 1, 1, 1, 1]",2.7291666666666665,1.0,43,5,,oracle_mpc,formal/step7_33_oracle_mpc_raw.csv,Oracle-H7,1603.1980159143943,0.0,,,,,,,,,,,,,,,,,
33,Oracle-H3,84,test_id,id_actual,perfect,3,,1725.4620772743938,,,,61.51799941062927,1.2816249877214432,10.36300015449524,0,0,True,,100084,pure_mpc_clean,4,48,True,,1.0,0.12500000092519448,"[11.65556722301483, 14.311011810834582, 3.9850955339976846, 5.500574846227825, 7.753248751659914, 8.477858100059374, 7.33162653859584, 10.18814889496932, 9.829178272994547, 12.09048969842189, 19.177348762567952, 25.31075930593117, 24.819508188593254, 29.12670655281824, 14.031488194638174, 6.159753150960187, 6.024937664972149, 4.856975829704225, 3.6244370044266434, 2.391432282663218, 1.1583041009688617, 0.0, 0.0, 0.0, 1.2330377120957547, 2.4661716772988145, 3.150082826399803, 4.383366065876704, 37.41917971646472, 64.30435381528851, 61.817275021523585, 92.6838076226389, 116.63224092610423, 115.30788001678214, 126.96615468330634, 117.72380935783346, 48.695375296682535, 70.74847476061316, 58.406262366677765, 64.5279437558254, 57.11362592324147, 68.14666654945114, 65.11401904215295, 66.81908253458994, 55.73902133841343, 68.87507627605144, 65.6007862472996, 63.78393303276208]","[0.3990001678466797, 4.322000026702881, 6.852999925613403, 10.36300015449524, 2.1019999980926514, 3.808000087738037, 2.76200008392334, 2.557000160217285, 1.4920001029968262, 1.4029998779296875, 1.1180000305175781, 0.6210000514984131, 1.2239999771118164, 0.4739999771118164, 0.5279998779296875, 0.30499982833862305, 0.16300010681152344, 0.9470000267028809, 0.08699989318847656, 0.09099984169006348, 0.7089998722076416, 0.5490000247955322, 0.4509999752044678, 3.3389999866485596, 2.434999942779541, 0.8960001468658447, 0.9860000610351562, 3.2339999675750732, 1.690000057220459, 0.7139999866485596, 0.8409998416900635, 0.14499998092651367, 0.5440001487731934, 0.6699998378753662, 0.1679999828338623, 0.17699980735778809, 0.27300000190734863, 0.1640000343322754, 0.29200005531311035, 0.19000005722045898, 0.17399978637695312, 0.17499995231628418, 0.2909998893737793, 0.2989997863769531, 0.26600003242492676, 0.12600016593933105, 0.06399989128112793, 0.03699994087219238]",698.125,0.0,398.5,290.8125,2.9375,1.2816249877214432,0.0008203155194198844,0.000999241711031702,nan,"[2, 2, 2, 2, 2, 2, 2, 2, 2, 2, 2, 2, 2, 2, 2, 2, 2, 2, 2, 2, 2, 2, 2, 2, 2, 2, 2, 2, 2, 2, 2, 2, 2, 2, 2, 2, 2, 2, 2, 2, 2, 2, 2, 2, 2, 2, 2, 2]","[2, 3, 2, 3, 1, 2, 1, 1, 1, 1, 1, 1, 1, 1, 1, 1, 1, 2, 1, 1, 1, 2, 2, 2, 1, 2, 1, 1, 1, 2, 1, 1, 1, 2, 1, 1, 1, 1, 1, 1, 1, 1, 1, 1, 1, 1, 1, 1]",2.0,1.0,48,0,,oracle_mpc,formal/step7_33_oracle_mpc_raw.csv,Oracle-H7,1597.7217249998364,7.995156495388486,,,,,,,,,,,,,,,,,
33,Oracle-H7,84,test_id,id_actual,perfect,7,,1597.7217249998364,,,,1420.5330002307892,29.59443750480811,300.24399995803833,0,0,True,,100084,pure_mpc_clean,8,48,True,,1.0,0.12500000167708783,"[11.655567345895305, 16.259882957000144, 10.09287514869592, 8.994664804926888, 10.62352333569326, 7.921950344209852, 7.685726857816654, 13.828174163810257, 14.222622273153418, 16.4917556451246, 15.820124447684575, 14.050381358962664, 22.90754295442732, 15.105826249240646, 6.16615, 6.16615, 6.067348056000226, 4.83393374712268, 3.600615436824135, 2.36739312652559, 1.1342668172270447, 0.0, 0.0, 0.5248874752349201, 1.7579663286022906, 19.715070677689738, 4.224412062126703, 5.457778928857297, 29.83675559851519, 64.30435508222784, 61.81727502182216, 86.62118518868041, 89.18984587284015, 78.1444485493121, 98.43364852647609, 88.12735336132019, 48.69537560471983, 70.74847477572219, 58.406262384657126, 64.52794380648083, 57.11362592291922, 68.14666654917124, 65.11401904442131, 66.81908254754207, 55.73902128997371, 68.87507621056379, 65.60078618064675, 63.783932938971866]","[50.335999965667725, 74.03999996185303, 121.6010000705719, 153.47399997711182, 103.93299984931946, 99.5680000782013, 48.8270001411438, 65.2279999256134, 45.194000005722046, 22.07699990272522, 17.706000089645386, 15.911999940872192, 11.021000146865845, 9.317000150680542, 1.7820000648498535, 1.7100000381469727, 1.7909998893737793, 1.7179999351501465, 1.316999912261963, 11.99399995803833, 14.815999984741211, 300.24399995803833, 27.95899987220764, 23.997999906539917, 24.116000175476074, 72.91700005531311, 60.776999950408936, 17.564000129699707, 1.7130000591278076, 2.051999807357788, 2.0989999771118164, 1.9560000896453857, 1.9830000400543213, 2.075000047683716, 2.1599998474121094, 2.115000009536743, 0.4010000228881836, 0.3840000629425049, 0.4089999198913574, 0.2869999408721924, 0.31599998474121094, 0.4309999942779541, 0.34800004959106445, 0.2910001277923584, 0.24699997901916504, 0.17400002479553223, 0.1100001335144043, 0.04500007629394531]",1557.1666666666667,0.0,887.7916666666666,649.6875,6.5625,29.59443750480811,0.0009311735031308243,0.0015179074720154215,nan,"[2, 2, 2, 2, 2, 2, 2, 2, 2, 2, 2, 2, 2, 2, 2, 2, 2, 2, 2, 2, 2, 9, 2, 2, 2, 2, 2, 2, 2, 2, 2, 2, 2, 2, 2, 2, 2, 2, 2, 2, 2, 2, 2, 2, 2, 2, 2, 2]","[2, 4, 4, 4, 5, 2, 2, 2, 1, 3, 1, 1, 2, 3, 1, 1, 1, 1, 2, 2, 2, 2, 2, 1, 1, 2, 1, 1, 1, 1, 1, 1, 1, 1, 1, 1, 1, 1, 1, 1, 1, 1, 1, 1, 1, 1, 1, 1]",2.1458333333333335,1.0,47,1,,oracle_mpc,formal/step7_33_oracle_mpc_raw.csv,Oracle-H7,1597.7217249998364,0.0,,,,,,,,,,,,,,,,,
33,Oracle-H3,85,test_id,id_actual,perfect,3,,1704.9905692982502,,,,86.03199934959412,1.7923333197832108,19.426000118255615,0,0,True,,100085,pure_mpc_clean,4,48,True,,1.0,0.12500000195310382,"[21.230367517131423, 10.694659137910328, 10.433180598347121, 4.932701898483299, 7.9852422173413045, 9.230993596169489, 12.721001512273034, 8.769741001123842, 6.16615, 9.439592295683699, 19.507704992783644, 26.959258835700616, 33.245300704766585, 28.72871752685942, 14.56113310957202, 21.56900980741513, 5.25116769795894, 4.057225175622402, 2.82466771449464, 1.5915058068547512, 0.3584398992148624, 0.0, 0.0, 0.44189425238511293, 14.660764121666023, 6.596383761227031, 11.27034819887937, 9.11912296363473, 13.411316915652353, 62.98670250684496, 63.748357425382856, 84.57529769903151, 109.34178647821747, 121.6856361760451, 127.44840895000006, 117.83052655133278, 50.78136595291939, 53.71374262644849, 62.32440277032937, 52.37343373421784, 67.35957922086283, 63.794495654790744, 64.51456602775569, 70.74742955400994, 54.37567532837807, 51.58256619879583, 49.89776608756522, 60.151239096170734]","[0.367999792098999, 3.88100004196167, 3.741000175476074, 0.06800007820129395, 3.8450000286102295, 0.7109999656677246, 2.879999876022339, 1.6719999313354492, 2.065000057220459, 1.0420000553131104, 0.559999942779541, 0.41100001335144043, 0.6949999332427979, 1.0889999866485596, 0.6200001239776611, 1.9660000801086426, 0.12400007247924805, 0.35699987411499023, 0.05299997329711914, 0.6710000038146973, 0.6840000152587891, 0.8029999732971191, 5.330999851226807, 1.5059998035430908, 12.026999950408936, 19.426000118255615, 7.870999813079834, 4.1000001430511475, 3.114000082015991, 0.497999906539917, 0.11100006103515625, 0.09599995613098145, 0.10899996757507324, 0.1510000228881836, 0.18899989128112793, 0.19699978828430176, 0.3859999179840088, 0.41300010681152344, 0.19700002670288086, 0.19099998474121094, 0.14300012588500977, 0.11399984359741211, 0.2799999713897705, 0.41299986839294434, 0.41900014877319336, 0.30100011825561523, 0.10399985313415527, 0.03900003433227539]",698.125,0.0,398.5,290.8125,2.9375,1.7923333197832108,0.0008379787469335597,0.0009968809423617465,nan,"[2, 2, 2, 2, 2, 2, 2, 2, 2, 2, 2, 2, 2, 2, 2, 2, 2, 2, 2, 2, 2, 2, 2, 2, 2, 2, 2, 2, 2, 2, 2, 2, 2, 2, 2, 2, 2, 2, 2, 2, 2, 2, 2, 2, 2, 2, 2, 2]","[2, 3, 1, 1, 1, 1, 2, 1, 1, 1, 2, 1, 1, 1, 1, 2, 1, 2, 1, 1, 2, 2, 6, 1, 2, 2, 1, 1, 1, 1, 1, 1, 1, 1, 1, 2, 1, 1, 1, 1, 1, 1, 1, 1, 1, 1, 1, 1]",2.0,1.0,48,0,,oracle_mpc,formal/step7_33_oracle_mpc_raw.csv,Oracle-H7,1615.3555148259572,5.54893666747722,,,,,,,,,,,,,,,,,
33,Oracle-H7,85,test_id,id_actual,perfect,7,,1615.3555148259572,,,,2057.380999326706,42.86210415263971,300.4390001296997,0,0,True,,100085,pure_mpc_clean,8,48,True,,1.0,0.1250000028677179,"[21.230367280411503, 14.999695544313283, 14.723775906855156, 8.740693502234487, 7.317334190915737, 8.179627069466418, 15.463525881710694, 12.985461130948634, 12.173522551143858, 16.78231598098698, 18.5506189022988, 17.33841456149674, 33.24530036543607, 14.141128283746777, 6.16615, 6.166144163429482, 5.277754557975322, 4.045061722875089, 2.81180481705601, 1.5786439113708535, 0.400663794871478, 0.1384867336557969, 1.0410491439495932, 0.7824681250956974, 19.798245958913796, 33.54107613437424, 12.66042390623577, 9.174007029911678, 17.458271208292018, 62.98670257472959, 63.74835742901873, 84.57529748196269, 98.53102003471776, 90.22280381374702, 93.11082936172618, 83.65219481194936, 50.781369755149385, 53.71374562636567, 62.32440285571143, 52.373433702144176, 67.35957921347149, 63.7945200586787, 64.51456581669868, 70.74741013173242, 54.37567858702518, 51.58256616299719, 49.89776606587412, 60.15123898228532]","[125.7099997997284, 300.2019999027252, 300.4390001296997, 73.53600001335144, 83.26900005340576, 156.5640001296997, 36.003000020980835, 54.46500015258789, 31.348000049591064, 57.93299984931946, 20.03600001335144, 16.23799991607666, 8.246000051498413, 19.21499991416931, 8.45799994468689, 11.101999998092651, 1.7039999961853027, 0.17800021171569824, 2.319000005722046, 14.685999870300293, 81.62800002098083, 19.618000030517578, 26.23199987411499, 20.96400022506714, 300.2479999065399, 145.91499996185303, 59.56500005722046, 26.71499991416931, 29.51099991798401, 7.367999792098999, 1.6440000534057617, 1.7079999446868896, 1.9859998226165771, 1.8840000629425049, 0.4589998722076416, 2.24399995803833, 1.1619999408721924, 0.3059999942779541, 0.30099987983703613, 0.8970000743865967, 1.1040000915527344, 1.1130001544952393, 1.9059998989105225, 0.31999993324279785, 0.4739999771118164, 0.3059999942779541, 0.10800004005432129, 0.04399991035461426]",1557.1666666666667,0.0,887.7916666666666,649.6875,6.5625,42.86210415263971,0.0009707703758949668,0.0013307284071022228,nan,"[2, 9, 9, 2, 2, 2, 2, 2, 2, 2, 2, 2, 2, 2, 2, 2, 2, 2, 2, 2, 2, 2, 2, 2, 9, 2, 2, 2, 2, 2, 2, 2, 2, 2, 2, 2, 2, 2, 2, 2, 2, 2, 2, 2, 2, 2, 2, 2]","[1, 2, 2, 2, 2, 2, 3, 2, 4, 3, 2, 2, 1, 5, 1, 3, 1, 1, 1, 2, 2, 3, 2, 3, 2, 3, 3, 3, 1, 2, 2, 1, 2, 1, 2, 1, 1, 1, 1, 1, 2, 2, 1, 1, 1, 1, 1, 1]",2.4375,1.0,45,3,,oracle_mpc,formal/step7_33_oracle_mpc_raw.csv,Oracle-H7,1615.3555148259572,0.0,,,,,,,,,,,,,,,,,
33,Oracle-H3,86,test_id,id_actual,perfect,3,,1663.653312446583,,,,71.66700029373169,1.4930625061194103,15.809999942779541,0,0,True,,100086,pure_mpc_clean,4,48,True,,1.0,0.1250000009734101,"[9.01905572103252, 11.910621937940792, 9.765080029253744, 4.932681328443171, 6.483779769055466, 8.611817822275086, 9.156135602798342, 9.837438982558941, 7.8679970024814, 8.56716144250801, 17.49042329945219, 25.721264401955793, 34.10678543796346, 36.48203636150158, 22.630717134505247, 6.16615, 6.050180520037479, 4.81676754588392, 3.5834505717303604, 2.350229597576801, 1.1171046234232418, 0.0, 0.0, 0.0, 1.2330379149543598, 2.466171842266359, 3.6994018126932247, 4.932727812641853, 18.999124750506972, 24.788910908129182, 69.63511570572649, 82.63694427091264, 97.89687364447599, 113.16223424821318, 121.14531827324798, 138.32971404266223, 57.16078785983759, 49.13443966143178, 61.05216004812676, 72.17437966040774, 63.80429755900567, 69.98062947843383, 58.283037974481324, 61.19092065787897, 55.493139752823, 70.30602324468857, 66.63293262069718, 52.84810956996244]","[0.3469998836517334, 3.322999954223633, 0.6510000228881836, 0.10500001907348633, 9.719000101089478, 2.2079999446868896, 10.942000150680542, 8.855000019073486, 1.4010000228881836, 1.934999942779541, 1.1460001468658447, 0.3059999942779541, 0.49900007247924805, 0.24499988555908203, 0.4119999408721924, 0.13400006294250488, 0.35699987411499023, 0.4780001640319824, 0.4850001335144043, 0.5120000839233398, 0.48600006103515625, 0.039999961853027344, 0.07500004768371582, 2.3410000801086426, 1.1549999713897705, 1.0850000381469727, 0.46900010108947754, 15.809999942779541, 1.872999906539917, 0.4659998416900635, 0.13700008392333984, 0.12600016593933105, 0.48000001907348633, 0.10599994659423828, 0.12299990653991699, 0.125, 0.24300003051757812, 0.25300002098083496, 0.27500009536743164, 0.15900015830993652, 0.2759997844696045, 0.27500009536743164, 0.39099979400634766, 0.27699995040893555, 0.14700007438659668, 0.3190000057220459, 0.06399989128112793, 0.03099989891052246]",698.125,0.0,398.5,290.8125,2.9375,1.4930625061194103,0.0007725450002475856,0.0009965400464860927,nan,"[2, 2, 2, 2, 2, 2, 2, 2, 2, 2, 2, 2, 2, 2, 2, 2, 2, 2, 2, 2, 2, 2, 2, 2, 2, 2, 2, 2, 2, 2, 2, 2, 2, 2, 2, 2, 2, 2, 2, 2, 2, 2, 2, 2, 2, 2, 2, 2]","[2, 3, 1, 1, 2, 1, 2, 2, 1, 1, 2, 1, 1, 1, 1, 1, 1, 1, 1, 1, 1, 1, 1, 1, 1, 1, 1, 5, 1, 1, 1, 1, 1, 1, 1, 1, 1, 1, 1, 1, 1, 1, 1, 1, 1, 1, 1, 1]",2.0,1.0,48,0,,oracle_mpc,formal/step7_33_oracle_mpc_raw.csv,Oracle-H7,1582.3127158413124,5.140614481001748,,,,,,,,,,,,,,,,,
33,Oracle-H7,86,test_id,id_actual,perfect,7,,1582.3127158413124,,,,1203.0030000209808,25.0625625004371,201.9390001296997,0,0,True,,100086,pure_mpc_clean,8,48,True,,1.0,0.12500000115376192,"[10.17096990918159, 14.383604974323067, 13.362890371513888, 8.392448771087317, 7.336544961829231, 8.25465909257261, 10.943561772371336, 14.093766268484215, 13.865772237034498, 14.57416558843967, 15.30917731934155, 15.16337145129625, 33.964104293832605, 21.504806133330963, 6.16615, 6.16615, 6.050172651468856, 4.816759678353361, 3.5834427053121765, 2.350221732404946, 1.1170967598636743, 0.0, 0.0, 0.0, 1.2330379891257293, 32.57156181132021, 16.2104887886151, 11.93191289220109, 18.99912489108136, 24.788911062818308, 69.6351157083599, 80.95120919435595, 83.259452051361, 84.13425826188566, 79.69235606365271, 109.27457697280643, 57.16080035749897, 49.13443978282683, 61.052160067960514, 72.17437961487917, 63.804297589240726, 69.98062949655255, 58.283040946370626, 61.19092064953955, 55.49313972660073, 70.30602312583936, 66.63293257681443, 52.84810954756378]","[39.662999868392944, 110.99300003051758, 201.9390001296997, 36.079999923706055, 71.63199996948242, 75.01999998092651, 34.151999950408936, 34.47699999809265, 34.85899996757507, 18.93400001525879, 20.450000047683716, 11.080000162124634, 2.2829999923706055, 19.3270001411438, 23.73799991607666, 14.710999965667725, 2.2130000591278076, 2.384000062942505, 2.136000156402588, 13.0239999294281, 15.73200011253357, 46.4539999961853, 25.9689998626709, 9.32699990272522, 18.32200002670288, 187.83899998664856, 68.1010000705719, 33.03800010681152, 7.75600004196167, 8.41100001335144, 2.077000141143799, 2.177000045776367, 1.4219999313354492, 2.2690000534057617, 0.4649999141693115, 0.4570000171661377, 0.41499996185302734, 0.41100001335144043, 0.38700008392333984, 0.44899988174438477, 0.437999963760376, 0.4240000247955322, 0.372999906539917, 0.2999999523162842, 0.25, 0.4809999465942383, 0.11899995803833008, 0.04499983787536621]",1557.1666666666667,0.0,887.7916666666666,649.6875,6.5625,25.0625625004371,0.0009129880901119146,0.0009994241642882753,nan,"[2, 2, 2, 2, 2, 2, 2, 2, 2, 2, 2, 2, 2, 2, 2, 2, 2, 2, 2, 2, 2, 2, 2, 2, 2, 2, 2, 2, 2, 2, 2, 2, 2, 2, 2, 2, 2, 2, 2, 2, 2, 2, 2, 2, 2, 2, 2, 2]","[4, 1, 3, 1, 1, 3, 3, 1, 2, 2, 2, 2, 1, 4, 5, 6, 1, 1, 1, 1, 3, 2, 5, 2, 3, 2, 1, 1, 1, 2, 2, 1, 1, 1, 2, 1, 1, 1, 1, 1, 1, 1, 1, 1, 1, 1, 1, 1]",2.0,1.0,48,0,,oracle_mpc,formal/step7_33_oracle_mpc_raw.csv,Oracle-H7,1582.3127158413124,0.0,,,,,,,,,,,,,,,,,
33,Oracle-H3,87,test_id,id_actual,perfect,3,,1698.8533063363645,,,,44.511000633239746,0.9273125131924947,5.313999891281128,0,0,True,,100087,pure_mpc_clean,4,48,True,,1.0,0.1250000009852645,"[14.8338593283381, 13.03458420359704, 3.5400227582975523, 4.685241293055293, 5.908002337069696, 8.754495177281157, 7.87182330871665, 8.470403983814922, 11.013194920415632, 9.044836468795067, 22.36799434694918, 29.148948487594566, 33.29517320543432, 34.004085139745044, 19.751383403008646, 11.948189872508557, 5.2527322805689645, 4.019381395115247, 3.3433850013328152, 2.111219194754831, 0.8781128272138516, 0.0, 0.0, 0.0, 1.233037907754001, 2.4661718580431775, 12.968338496225943, 11.034027374577342, 24.451537096525186, 45.46313444044077, 73.0883564794336, 96.75407054326192, 115.71058935276734, 108.16742051486139, 125.08833434658065, 110.55299173728363, 58.50454005330151, 56.878606414116454, 69.9318362689444, 60.34514265620616, 68.12354821099196, 56.0772501151121, 48.81873863275814, 67.05472853220508, 53.814888548931314, 56.26478655141545, 58.76031110173229, 64.02385016928785]","[1.0789999961853027, 1.065000057220459, 0.41900014877319336, 0.14100003242492676, 0.11999988555908203, 1.9469997882843018, 2.7279999256134033, 1.123000144958496, 0.6500000953674316, 1.0059998035430908, 0.6480000019073486, 0.39499998092651367, 0.5409998893737793, 0.6789999008178711, 1.2039999961853027, 3.25, 0.21300005912780762, 0.6319999694824219, 4.440000057220459, 0.08999991416931152, 0.7690000534057617, 0.7590000629425049, 0.0710000991821289, 5.295000076293945, 1.4120001792907715, 0.5929999351501465, 5.313999891281128, 2.3289999961853027, 1.5150001049041748, 0.4739999771118164, 0.1380000114440918, 0.13100004196166992, 0.12900018692016602, 0.1510000228881836, 0.13499999046325684, 0.12899994850158691, 0.22900009155273438, 0.23099994659423828, 0.13499999046325684, 0.3299999237060547, 0.37000012397766113, 0.247999906539917, 0.31800007820129395, 0.24600005149841309, 0.31400012969970703, 0.247999906539917, 0.09100008010864258, 0.037000179290771484]",698.125,0.0,398.5,290.8125,2.9375,0.9273125131924947,0.0008395451325678155,0.0009959974001795525,nan,"[2, 2, 2, 2, 2, 2, 2, 2, 2, 2, 2, 2, 2, 2, 2, 2, 2, 2, 2, 2, 2, 2, 2, 2, 2, 2, 2, 2, 2, 2, 2, 2, 2, 2, 2, 2, 2, 2, 2, 2, 2, 2, 2, 2, 2, 2, 2, 2]","[2, 2, 1, 1, 1, 1, 1, 1, 1, 1, 2, 1, 1, 1, 1, 3, 1, 2, 3, 1, 1, 1, 1, 1, 2, 2, 1, 1, 1, 1, 1, 1, 1, 1, 1, 1, 1, 1, 1, 1, 1, 1, 1, 1, 1, 1, 1, 1]",2.0,1.0,48,0,,oracle_mpc,formal/step7_33_oracle_mpc_raw.csv,Oracle-H7,1620.4315238522377,4.839561643289651,,,,,,,,,,,,,,,,,
33,Oracle-H7,87,test_id,id_actual,perfect,7,,1620.4315238522377,,,,2274.495999097824,47.385333314538,300.4830000400543,0,0,True,,100087,pure_mpc_clean,8,48,True,,1.0,0.12499999981061258,"[14.833859329815674, 13.034581986966426, 8.07494410039229, 6.900104199618703, 7.1129742976955255, 10.222380174120985, 9.2499271943122, 13.112744088285236, 16.67455736983926, 15.47753290668451, 20.46250396900872, 18.014188089024863, 33.29517028895638, 20.38086857571969, 6.1661499960233925, 6.16615, 5.5386970747061355, 4.305324848660963, 3.07204768594276, 1.8388665338029888, 0.6057813875387097, 0.0, 0.0, 0.6088500036280955, 1.8419354074500045, 7.6745772206160865, 19.660451353755864, 11.160343018594041, 25.320023005651358, 45.46313457093757, 73.08835652797733, 96.75407054182396, 104.5868769280843, 93.2447911854964, 101.17166918575569, 86.71888809938729, 58.50453951172522, 56.8786062828639, 69.9318137873494, 60.345142426493126, 68.12355081660348, 56.077249954203076, 48.818738506479804, 67.05472703909018, 53.81489201271984, 56.26478630387727, 58.76031083792413, 64.02384522663472]","[4.91100001335144, 0.929999828338623, 207.364000082016, 87.14800000190735, 63.41100001335144, 167.7020001411438, 57.16599988937378, 41.151000022888184, 25.24899983406067, 30.858999967575073, 16.846999883651733, 8.652999877929688, 7.046999931335449, 11.316999912261963, 12.013000011444092, 9.663000106811523, 10.551000118255615, 2.122999906539917, 2.1429998874664307, 300.1710000038147, 300.4830000400543, 97.72900009155273, 45.93499994277954, 11.057000160217285, 300.22900009155273, 300.289999961853, 46.79099988937378, 33.55000019073486, 25.418999910354614, 19.883999824523926, 6.661999940872192, 6.299999952316284, 2.185999870300293, 1.88100004196167, 0.43400001525878906, 0.4270000457763672, 1.2710001468658447, 1.061999797821045, 1.0320000648498535, 1.2549998760223389, 1.2090001106262207, 1.190999984741211, 0.31599998474121094, 0.2219998836517334, 0.9129998683929443, 0.22600007057189941, 0.08899998664855957, 0.03399991989135742]",1557.1666666666667,0.0,887.7916666666666,649.6875,6.5625,47.385333314538,0.0009237714519234348,0.0015213535758276094,nan,"[2, 2, 2, 2, 2, 2, 2, 2, 2, 2, 2, 2, 2, 2, 2, 2, 2, 2, 2, 9, 9, 2, 2, 2, 9, 9, 2, 2, 2, 2, 2, 2, 2, 2, 2, 2, 2, 2, 2, 2, 2, 2, 2, 2, 2, 2, 2, 2]","[1, 2, 1, 1, 1, 2, 4, 3, 2, 3, 2, 3, 3, 2, 3, 6, 2, 1, 1, 2, 1, 1, 2, 1, 1, 1, 1, 2, 3, 1, 2, 1, 1, 2, 1, 1, 1, 1, 1, 1, 1, 1, 1, 1, 1, 1, 1, 1]",2.5833333333333335,1.0,44,4,,oracle_mpc,formal/step7_33_oracle_mpc_raw.csv,Oracle-H7,1620.4315238522377,0.0,,,,,,,,,,,,,,,,,
33,Oracle-H3,88,test_id,id_actual,perfect,3,,1646.6057073092643,,,,68.21400022506714,1.4211250046888988,16.114999771118164,0,0,True,,100088,pure_mpc_clean,4,48,True,,1.0,0.1250000010267847,"[18.327902604477355, 3.1399605607895524, 5.59453720020925, 8.903222272456958, 11.267341626189213, 9.913926901675064, 11.710693723277888, 12.258486996312502, 9.313265865757874, 6.263348175690204, 20.47669773538379, 29.153129587353, 32.18377160424779, 34.762272017247746, 22.11659894757249, 11.176429034555941, 6.16615, 5.39472537994628, 4.161536802020625, 2.928270829357545, 1.695100857328426, 0.4620268846652968, 0.0, 0.491506196648455, 1.7246467872543716, 1.96434526941281, 3.1975361260618493, 18.601101412048344, 15.673873279660722, 45.24264623498986, 41.00374396852011, 90.21969835758158, 103.64063957158682, 107.18426940391268, 105.13136805948335, 102.77138061242039, 55.063430100021485, 55.045024403799985, 63.22925325816984, 58.46920252945434, 77.01871441274248, 71.58203255993865, 68.60628673186613, 50.09534811981595, 52.359590467753954, 62.235863404174786, 67.0214469750033, 61.66336346042677]","[0.38900017738342285, 1.5940001010894775, 0.36100006103515625, 16.114999771118164, 3.618000030517578, 2.3389999866485596, 1.7109999656677246, 1.633000135421753, 1.2829999923706055, 0.5920000076293945, 0.690000057220459, 0.4230000972747803, 0.7110002040863037, 0.6579999923706055, 1.2260000705718994, 0.5820000171661377, 0.1400001049041748, 5.713000059127808, 0.09000015258789062, 0.7690000534057617, 0.08299994468688965, 0.5809998512268066, 3.8259999752044678, 6.885999917984009, 1.3340001106262207, 1.5909998416900635, 0.7560000419616699, 3.7730000019073486, 2.6039998531341553, 0.7649998664855957, 0.6010000705718994, 0.12800002098083496, 0.3250000476837158, 0.685999870300293, 0.2950000762939453, 0.6419999599456787, 0.23600006103515625, 0.36100006103515625, 0.15199995040893555, 0.15199995040893555, 0.15199995040893555, 0.3969998359680176, 0.2890000343322754, 0.2819998264312744, 0.27900004386901855, 0.2650001049041748, 0.10299992561340332, 0.03299999237060547]",698.125,0.0,398.5,290.8125,2.9375,1.4211250046888988,0.0008139075565120323,0.0009978599129376233,nan,"[2, 2, 2, 2, 2, 2, 2, 2, 2, 2, 2, 2, 2, 2, 2, 2, 2, 2, 2, 2, 2, 2, 2, 2, 2, 2, 2, 2, 2, 2, 2, 2, 2, 2, 2, 2, 2, 2, 2, 2, 2, 2, 2, 2, 2, 2, 2, 2]","[2, 2, 2, 2, 1, 1, 1, 1, 1, 1, 1, 1, 1, 1, 1, 1, 1, 6, 1, 1, 1, 2, 4, 5, 2, 2, 1, 1, 2, 2, 1, 1, 1, 1, 1, 1, 1, 1, 1, 1, 1, 1, 1, 1, 1, 1, 1, 1]",2.0,1.0,48,0,,oracle_mpc,formal/step7_33_oracle_mpc_raw.csv,Oracle-H7,1567.2800929463942,5.061355319950665,,,,,,,,,,,,,,,,,
33,Oracle-H7,88,test_id,id_actual,perfect,7,,1567.2800929463942,,,,2388.699999809265,49.76458332935969,300.48200011253357,0,0,True,,100088,pure_mpc_clean,8,48,True,,1.0,0.12500000198523892,"[18.612280760114928, 10.672101478970847, 12.404319899178667, 9.963166406162685, 10.56884500413295, 8.476226439458513, 13.04609454786624, 16.44629279221366, 14.816404950065545, 14.058713935276282, 17.88305666132203, 17.877454883054305, 30.907402083853768, 21.415868070695815, 6.16615, 6.16615, 6.1661491051210735, 5.394708131080157, 4.161346173681193, 2.9280802158564434, 1.6949102586656861, 0.46183632312026157, 0.0, 0.49151080341873704, 1.72458707078324, 5.859210607598136, 12.346171575682845, 10.584199058170721, 9.506132471492304, 52.406507721100006, 41.00374405163721, 90.21970056262938, 94.92448528205922, 87.3200086169896, 85.2731030998905, 82.94361414286578, 55.063430287316315, 55.045024411176385, 63.22925326211914, 58.469202541276616, 77.01871442487442, 71.58203583286824, 68.60628683182085, 50.09534822404399, 52.359590425508344, 62.23586333511762, 67.02144684497397, 61.66336334108954]","[158.4409999847412, 300.20099997520447, 300.48200011253357, 300.38300013542175, 238.9029998779297, 121.6800000667572, 103.66100001335144, 28.243000030517578, 50.664000034332275, 22.42900013923645, 16.999000072479248, 13.691999912261963, 13.132999897003174, 14.812999963760376, 16.311000108718872, 19.82699990272522, 19.366999864578247, 1.9690001010894775, 1.5360000133514404, 11.313999891281128, 16.91700005531311, 59.859999895095825, 58.7039999961853, 30.08999991416931, 19.889999866485596, 300.146999835968, 45.848000049591064, 60.289000034332275, 4.263000011444092, 8.852999925613403, 10.098000049591064, 4.394999980926514, 2.309000015258789, 2.3559999465942383, 2.3869998455047607, 0.4500000476837158, 0.4230000972747803, 1.2300000190734863, 1.3289999961853027, 1.2350001335144043, 1.0899999141693115, 1.1749999523162842, 0.3489999771118164, 0.30300021171569824, 0.2109999656677246, 0.29200005531311035, 0.11800003051757812, 0.0409998893737793]",1557.1666666666667,0.0,887.7916666666666,649.6875,6.5625,49.76458332935969,0.0009574493018836808,0.0016412833203461963,nan,"[2, 9, 9, 9, 2, 2, 2, 2, 2, 2, 2, 2, 2, 2, 2, 2, 2, 2, 2, 2, 2, 2, 2, 2, 2, 9, 2, 2, 2, 2, 2, 2, 2, 2, 2, 2, 2, 2, 2, 2, 2, 2, 2, 2, 2, 2, 2, 2]","[4, 2, 2, 4, 2, 3, 2, 1, 4, 2, 3, 2, 2, 4, 5, 3, 5, 1, 2, 2, 2, 4, 2, 2, 3, 1, 1, 2, 1, 1, 1, 2, 1, 1, 1, 1, 1, 1, 1, 1, 1, 1, 1, 1, 1, 1, 1, 1]",2.5833333333333335,1.0,44,4,,oracle_mpc,formal/step7_33_oracle_mpc_raw.csv,Oracle-H7,1567.2800929463942,0.0,,,,,,,,,,,,,,,,,
33,Oracle-H3,89,test_id,id_actual,perfect,3,,1795.4006709069163,,,,75.7699990272522,1.5785416464010875,16.840999841690063,0,0,True,,100089,pure_mpc_clean,4,48,True,,1.0,0.1250000008084839,"[23.50793650793651, 10.8193250162712, 8.25643178691714, 4.932727663704615, 5.450392865969556, 7.486428565303312, 8.780522939339479, 12.168688227396178, 8.81202637571933, 10.956133107169642, 17.750852994545948, 28.67724163768642, 30.307544656742316, 27.422667188517757, 18.624519791511773, 6.048903021620259, 5.387956064837898, 4.154594668549561, 3.1035903033125143, 1.870407090034847, 0.6373194696502573, 0.0, 0.0, 0.0, 0.19397595226019904, 19.747619369214117, 34.29556168492222, 30.347877375073143, 40.5568760057857, 53.24170962029096, 55.21947322078196, 101.01803886905955, 85.02206616845298, 125.25402669021253, 129.6353437011498, 128.3804592058254, 58.6411738759719, 46.842230124097085, 63.489061328034964, 69.362473130093, 65.95893573451715, 62.918249465512645, 69.04565717211787, 74.77291971751562, 62.648077196411194, 62.296206343613264, 60.58340508914152, 50.77304392412509]","[0.3990001678466797, 0.565000057220459, 8.310999870300293, 0.48000001907348633, 0.13499999046325684, 1.9759998321533203, 1.6180000305175781, 1.9050002098083496, 2.4010000228881836, 2.2339999675750732, 0.9660000801086426, 0.3810000419616699, 0.5880000591278076, 1.378999948501587, 2.437999963760376, 0.6319999694824219, 0.7519998550415039, 1.86899995803833, 5.480000019073486, 0.875, 0.6489999294281006, 0.6979999542236328, 0.06599998474121094, 0.8559999465942383, 3.0259997844696045, 9.744999885559082, 16.840999841690063, 2.3389999866485596, 2.0920000076293945, 0.15599989891052246, 0.7219998836517334, 0.49699997901916504, 0.1659998893737793, 0.15200018882751465, 0.14499998092651367, 0.1359999179840088, 0.2539999485015869, 0.24699997901916504, 0.13199996948242188, 0.12599992752075195, 0.127000093460083, 0.12999987602233887, 0.12999987602233887, 0.1359999179840088, 0.24600005149841309, 0.3819999694824219, 0.10400009155273438, 0.08600020408630371]",698.125,0.0,398.5,290.8125,2.9375,1.5785416464010875,0.0008074844725751472,0.0009991415027532696,nan,"[2, 2, 2, 2, 2, 2, 2, 2, 2, 2, 2, 2, 2, 2, 2, 2, 2, 2, 2, 2, 2, 2, 2, 2, 2, 2, 2, 2, 2, 2, 2, 2, 2, 2, 2, 2, 2, 2, 2, 2, 2, 2, 2, 2, 2, 2, 2, 2]","[1, 3, 1, 2, 1, 1, 1, 1, 1, 1, 1, 1, 1, 1, 1, 1, 2, 1, 2, 2, 1, 1, 1, 1, 2, 2, 2, 1, 1, 1, 1, 1, 1, 1, 1, 1, 1, 1, 1, 1, 1, 1, 1, 1, 1, 1, 1, 1]",2.0,1.0,48,0,,oracle_mpc,formal/step7_33_oracle_mpc_raw.csv,Oracle-H7,1646.5247662795084,9.041826012967192,,,,,,,,,,,,,,,,,
33,Oracle-H7,89,test_id,id_actual,perfect,7,,1646.5247662795084,,,,1259.3729996681213,26.23693749308586,300.2389998435974,0,0,True,,100089,pure_mpc_clean,8,48,True,,1.0,0.1250000012536937,"[23.507936393673372, 12.7371668689179, 11.946393844832427, 8.555917936852506, 6.16615, 7.449827133452488, 10.40672411763395, 16.285626579884333, 14.311087069094636, 15.95345876089205, 14.44845882218775, 15.78675457118444, 30.307540811794077, 14.44917542291204, 6.16615, 6.166149995009654, 5.451846813499225, 4.218482408895773, 2.985212005698021, 1.7520376031839207, 0.5189591979359383, 0.0, 0.0, 0.07169307025576642, 1.3047366521995214, 5.718484213654953, 29.75324264414094, 15.02964916934895, 26.209109516194047, 54.978909657254874, 55.21947336328258, 102.37386043469164, 82.42706407367486, 93.02252290723935, 97.68736414487029, 105.82616599854643, 58.64117489735715, 46.842230278337574, 63.4890613493257, 69.36247314555155, 65.95893573999395, 62.91824946768737, 69.04565719600981, 74.77291966638123, 62.64807715048396, 62.296206285154376, 60.58340503147688, 50.773043868860114]","[1.3960001468658447, 42.80399990081787, 58.709999799728394, 50.59299993515015, 52.10800004005432, 83.2260000705719, 63.86899995803833, 45.001999855041504, 51.937000036239624, 26.984999895095825, 21.302000045776367, 13.971999883651733, 10.25, 15.355000019073486, 13.217000007629395, 13.532999992370605, 13.746000051498413, 2.0460000038146973, 1.7969999313354492, 1.9800000190734863, 16.691999912261963, 19.683000087738037, 36.430999994277954, 25.05999994277954, 300.2389998435974, 202.19299983978271, 38.40400004386902, 9.848999977111816, 11.242000102996826, 2.1059999465942383, 2.2940001487731934, 2.062999963760376, 1.998000144958496, 0.4700000286102295, 0.47300004959106445, 2.182999849319458, 0.4330000877380371, 0.3680000305175781, 0.437999963760376, 0.42100000381469727, 0.4089999198913574, 0.4679999351501465, 0.34400010108947754, 0.30500006675720215, 0.2690000534057617, 0.4869999885559082, 0.12400007247924805, 0.0989999771118164]",1557.1666666666667,0.0,887.7916666666666,649.6875,6.5625,26.23693749308586,0.0008954484927308452,0.0012562507230113235,nan,"[2, 2, 2, 2, 2, 2, 2, 2, 2, 2, 2, 2, 2, 2, 2, 2, 2, 2, 2, 2, 2, 2, 2, 2, 9, 2, 2, 2, 2, 2, 2, 2, 2, 2, 2, 2, 2, 2, 2, 2, 2, 2, 2, 2, 2, 2, 2, 2]","[2, 1, 4, 2, 2, 6, 3, 1, 2, 2, 2, 1, 2, 3, 2, 3, 3, 1, 1, 1, 1, 3, 1, 1, 2, 2, 1, 1, 2, 1, 1, 2, 1, 1, 1, 1, 1, 1, 1, 1, 1, 1, 1, 1, 1, 1, 1, 1]",2.1458333333333335,1.0,47,1,,oracle_mpc,formal/step7_33_oracle_mpc_raw.csv,Oracle-H7,1646.5247662795084,0.0,,,,,,,,,,,,,,,,,
33,Oracle-H3,90,test_id,id_actual,perfect,3,,1693.7276222065618,,,,63.596999168395996,1.3249374826749165,6.198999881744385,0,0,True,,100090,pure_mpc_clean,4,48,True,,1.0,0.1250000009080442,"[16.576576247258927, 9.294330371634116, 3.6993978250023294, 4.932723413536931, 6.16614801507448, 6.16615, 8.599753265665532, 9.158650396997624, 11.97071537965876, 11.000735423600744, 17.745817713003756, 29.69485259022634, 16.729533265622024, 15.731786028987841, 22.586650079936923, 13.223290608500584, 6.16615, 4.9398319713295935, 3.706505418390181, 2.473274865450769, 1.2401403131453062, 0.007101761205783433, 0.0, 0.16557520486537844, 1.398751329932538, 1.9608293788114857, 25.3160292839534, 11.377723229078423, 31.984486823352807, 55.94544469368981, 43.83137919254998, 93.63819268758316, 96.33677353373119, 121.64186210271393, 120.70154355359958, 124.22266105483969, 44.0104652866165, 53.25841933035776, 68.36144262470789, 59.75719168483016, 69.43845910285219, 52.447341725421936, 61.725152757778375, 70.25492318804528, 66.76774833345537, 63.712647311912505, 68.42327118824916, 65.23919264940481]","[1.937000036239624, 3.505000114440918, 0.15799999237060547, 0.1640000343322754, 0.11899995803833008, 5.309999942779541, 2.069000005722046, 1.5120000839233398, 1.1339998245239258, 1.2209999561309814, 1.187999963760376, 0.7730000019073486, 3.0149998664855957, 2.190000057220459, 0.753000020980835, 0.4930000305175781, 0.3229999542236328, 4.971999883651733, 0.6099998950958252, 0.5940001010894775, 0.06299996376037598, 0.07299995422363281, 5.934999942779541, 6.007000207901001, 0.753000020980835, 1.627000093460083, 6.198999881744385, 3.6730000972747803, 2.758999824523926, 0.6489999294281006, 0.44499993324279785, 0.11399984359741211, 0.4570000171661377, 0.1490001678466797, 0.09800004959106445, 0.1230001449584961, 0.3209998607635498, 0.21700000762939453, 0.15199995040893555, 0.4100000858306885, 0.2799999713897705, 0.2929999828338623, 0.15999984741210938, 0.15699982643127441, 0.15999984741210938, 0.15600013732910156, 0.08599996566772461, 0.0409998893737793]",698.125,0.0,398.5,290.8125,2.9375,1.3249374826749165,0.0008273569069238854,0.0009982080445566893,nan,"[2, 2, 2, 2, 2, 2, 2, 2, 2, 2, 2, 2, 2, 2, 2, 2, 2, 2, 2, 2, 2, 2, 2, 2, 2, 2, 2, 2, 2, 2, 2, 2, 2, 2, 2, 2, 2, 2, 2, 2, 2, 2, 2, 2, 2, 2, 2, 2]","[3, 3, 1, 1, 1, 1, 1, 1, 1, 1, 2, 1, 2, 2, 1, 2, 1, 3, 1, 1, 1, 1, 3, 10, 2, 1, 1, 1, 1, 2, 2, 1, 1, 1, 1, 1, 1, 1, 1, 1, 1, 1, 1, 1, 1, 1, 1, 1]",2.0,1.0,48,0,,oracle_mpc,formal/step7_33_oracle_mpc_raw.csv,Oracle-H7,1590.5274101131722,6.488427136634289,,,,,,,,,,,,,,,,,
33,Oracle-H7,90,test_id,id_actual,perfect,7,,1590.5274101131722,,,,1785.5650010108948,37.19927085439364,300.36100006103516,0,0,True,,100090,pure_mpc_clean,8,48,True,,1.0,0.12500000182899626,"[16.57662491741229, 9.762999208381185, 8.687151979899971, 9.217372185337567, 8.164172845614456, 6.883609969382684, 10.57173055324144, 13.071050045474397, 17.663405171672864, 17.475640728837185, 15.931641092314845, 18.252909677880176, 16.729534130475862, 6.16615, 6.166149994509407, 6.166149086461864, 6.166146744511383, 4.939835421960544, 3.7065088691783026, 2.4732783164703065, 1.2401437638962352, 0.007105229540760354, 0.0, 0.16558381701327438, 23.98162538451592, 2.63178160139211, 28.054151933476735, 5.0983633856881285, 25.01086020111785, 55.945445268670106, 43.831379235079815, 91.97934167163997, 86.22087829397343, 92.26921473476202, 87.44663415946343, 98.4765544135655, 44.01049277227813, 53.25841935532313, 68.36144263889445, 59.75719529596301, 69.4384591058704, 52.447341752567624, 61.725152744160454, 70.25492316034241, 66.76774833484181, 63.712647247558365, 68.42327112065072, 65.23919255190978]","[0.2890000343322754, 59.79700016975403, 144.5420000553131, 75.64100003242493, 183.55599999427795, 191.86999988555908, 90.91700005531311, 51.28200006484985, 34.5460000038147, 29.502000093460083, 27.817999839782715, 16.217000007629395, 1.7300000190734863, 1.1519999504089355, 11.049000024795532, 15.82200002670288, 19.764000177383423, 10.068000078201294, 2.2909998893737793, 1.7590000629425049, 16.920000076293945, 38.22000002861023, 20.527000188827515, 19.621000051498413, 300.2909998893738, 300.36100006103516, 55.30200004577637, 21.503999948501587, 26.82799983024597, 1.940000057220459, 7.336999893188477, 1.5859999656677246, 1.1390001773834229, 0.44300007820129395, 0.44099998474121094, 0.32899999618530273, 0.33300018310546875, 0.28299999237060547, 0.312000036239624, 0.29600000381469727, 0.33500003814697266, 0.4369997978210449, 0.34200000762939453, 0.2910001277923584, 0.21599984169006348, 0.17300009727478027, 0.0989999771118164, 0.04700016975402832]",1557.1666666666667,0.0,887.7916666666666,649.6875,6.5625,37.19927085439364,0.0009766170849003105,0.0012037165368721178,nan,"[2, 2, 2, 2, 2, 2, 2, 2, 2, 2, 2, 2, 2, 2, 2, 2, 2, 2, 2, 2, 2, 2, 2, 2, 9, 9, 2, 2, 2, 2, 2, 2, 2, 2, 2, 2, 2, 2, 2, 2, 2, 2, 2, 2, 2, 2, 2, 2]","[1, 1, 4, 1, 2, 6, 1, 3, 2, 1, 3, 1, 1, 1, 5, 3, 4, 1, 1, 2, 1, 2, 3, 2, 5, 2, 1, 1, 2, 1, 1, 1, 1, 2, 2, 2, 1, 1, 1, 1, 1, 1, 1, 1, 1, 1, 1, 1]",2.2916666666666665,1.0,46,2,,oracle_mpc,formal/step7_33_oracle_mpc_raw.csv,Oracle-H7,1590.5274101131722,0.0,,,,,,,,,,,,,,,,,
33,Oracle-H3,91,test_id,id_actual,perfect,3,,1725.6531633365082,,,,96.06699824333191,2.0013957967360816,18.005000114440918,0,0,True,,100091,pure_mpc_clean,4,48,True,,1.0,0.1250000010140441,"[23.83356862854905, 13.685688481821108, 3.699402, 8.797986573607517, 7.936640072236009, 10.36392330492913, 11.768993717282582, 8.92738249104779, 8.89238343010662, 9.03483643347925, 18.230615153831312, 34.44070795245993, 42.23079748035869, 24.917467245858603, 20.948240756275325, 5.993695848611286, 5.401815818014537, 4.1684533085754145, 2.9351867975380856, 1.7023060218090977, 0.46923148821554295, 0.0, 0.0, 0.38745300933897536, 1.6205211728598843, 15.275154128141537, 11.681274675355636, 28.22934793106656, 23.765124649449213, 55.3742346996878, 68.98964167519387, 77.02723224489215, 110.35692755625995, 108.45680184268203, 128.80219957092208, 109.03414468758056, 60.23954263752385, 52.39086981051777, 59.35267330523624, 59.01029726644367, 54.72785697962215, 67.47154497174289, 63.31555877042505, 52.918122435841354, 68.13105996191359, 66.78111862903656, 58.614283170978595, 55.32085454918943]","[0.5290000438690186, 3.93399977684021, 1.2239999771118164, 10.200999975204468, 4.629999876022339, 2.944000005722046, 3.242999792098999, 1.3690001964569092, 1.7450001239776611, 0.37399983406066895, 1.3519999980926514, 0.35199999809265137, 0.4980001449584961, 0.878000020980835, 2.297999858856201, 0.4649999141693115, 1.2919998168945312, 0.8059999942779541, 0.7039999961853027, 0.6710000038146973, 0.685999870300293, 0.5269999504089355, 7.768999814987183, 3.9140000343322754, 0.5199999809265137, 18.005000114440918, 15.020999908447266, 3.8399999141693115, 0.992999792098999, 0.6359999179840088, 0.40599989891052246, 0.09500002861022949, 0.13199996948242188, 0.4699997901916504, 0.5290000438690186, 0.14599990844726562, 0.22600007057189941, 0.30900001525878906, 0.3210000991821289, 0.2560000419616699, 0.2330000400543213, 0.38000011444091797, 0.2890000343322754, 0.15199995040893555, 0.1549999713897705, 0.41299986839294434, 0.0989999771118164, 0.03599977493286133]",698.125,0.0,398.5,290.8125,2.9375,2.0013957967360816,0.0007953676765922877,0.0009990804040628301,nan,"[2, 2, 2, 2, 2, 2, 2, 2, 2, 2, 2, 2, 2, 2, 2, 2, 2, 2, 2, 2, 2, 2, 2, 2, 2, 2, 2, 2, 2, 2, 2, 2, 2, 2, 2, 2, 2, 2, 2, 2, 2, 2, 2, 2, 2, 2, 2, 2]","[3, 2, 1, 2, 1, 1, 1, 1, 1, 1, 2, 1, 1, 1, 4, 1, 2, 1, 2, 2, 1, 1, 2, 2, 2, 4, 5, 2, 1, 2, 1, 1, 1, 1, 1, 1, 1, 1, 1, 1, 1, 1, 1, 1, 1, 1, 1, 1]",2.0,1.0,48,0,,oracle_mpc,formal/step7_33_oracle_mpc_raw.csv,Oracle-H7,1629.7194731368231,5.886515549515741,,,,,,,,,,,,,,,,,
33,Oracle-H7,91,test_id,id_actual,perfect,7,,1629.7194731368231,,,,2455.3610005378723,51.15335417787234,300.470999956131,0,0,True,,100091,pure_mpc_clean,8,48,True,,1.0,0.12500000153294547,"[23.83356995900799, 16.885653243255184, 10.698356289074272, 12.798516282532379, 7.437342383337233, 9.897375814509743, 13.550256099117409, 13.07067526295726, 15.113954259990036, 14.904010253947929, 14.48759636740577, 20.099874362918097, 42.230797353196685, 13.664477377783154, 6.166149990422509, 6.166149957292611, 5.318033732873869, 4.084677742862198, 2.8514177528505256, 1.6182537815003373, 0.4566344040176372, 0.6534105905168328, 0.9623826636006747, 1.1679338106672568, 32.8636907876008, 4.537758359302294, 4.867608604761709, 17.471905368353625, 23.76512513366508, 55.37423491216081, 68.9896417168975, 77.02723219597125, 97.87010921866455, 87.86525931073793, 101.10713414907451, 81.58848487911385, 60.239542582357224, 52.390873289198936, 59.35267657728042, 59.01029724429308, 54.7278569897939, 67.47154497327564, 63.31555871885665, 52.91812239866334, 68.13105989920516, 66.78111848274722, 58.61428312366318, 55.320854485546654]","[148.5970001220703, 300.15199995040894, 300.1909999847412, 178.81799983978271, 49.89100003242493, 80.78999996185303, 44.806999921798706, 30.003000020980835, 28.134000062942505, 19.020999908447266, 17.082000017166138, 1.6100001335144043, 2.2070000171661377, 16.477999925613403, 13.40399980545044, 14.108000040054321, 13.27400016784668, 11.100000143051147, 30.08899998664856, 300.2119998931885, 101.50400018692017, 26.703999996185303, 18.253000020980835, 19.055000066757202, 300.470999956131, 300.12399983406067, 43.45900011062622, 18.45300006866455, 2.180999994277954, 2.319999933242798, 5.23799991607666, 3.9200000762939453, 2.314000129699707, 2.2340002059936523, 1.3279998302459717, 0.440000057220459, 0.44300007820129395, 1.2730000019073486, 1.3400001525878906, 1.2680001258850098, 0.4549999237060547, 1.2079999446868896, 0.33499979972839355, 0.2780001163482666, 0.23099994659423828, 0.4049999713897705, 0.11700010299682617, 0.04200005531311035]",1557.1666666666667,0.0,887.7916666666666,649.6875,6.5625,51.15335417787234,0.0009813482418898534,0.0013981595559845732,nan,"[2, 9, 9, 2, 2, 2, 2, 2, 2, 2, 2, 2, 2, 2, 2, 2, 2, 2, 2, 9, 2, 2, 2, 2, 9, 9, 2, 2, 2, 2, 2, 2, 2, 2, 2, 2, 2, 2, 2, 2, 2, 2, 2, 2, 2, 2, 2, 2]","[3, 3, 2, 2, 1, 2, 2, 3, 2, 2, 1, 2, 1, 4, 2, 3, 2, 1, 3, 4, 4, 4, 2, 3, 1, 1, 1, 1, 1, 1, 2, 1, 1, 1, 1, 2, 1, 1, 1, 1, 1, 1, 1, 1, 1, 1, 1, 1]",2.7291666666666665,1.0,43,5,,oracle_mpc,formal/step7_33_oracle_mpc_raw.csv,Oracle-H7,1629.7194731368231,0.0,,,,,,,,,,,,,,,,,
33,Oracle-H3,92,test_id,id_actual,perfect,3,,1542.5695506469333,,,,49.18599843978882,1.0247083008289337,7.756999969482422,0,0,True,,100092,pure_mpc_clean,4,48,True,,1.0,0.12500000063650113,"[5.517878149676394, 16.436115252847834, 9.320413012780982, 4.932727946774347, 6.166149787383087, 6.46294829240175, 6.16615, 11.20506552282537, 13.916372571376208, 9.325855504180652, 12.548486017387884, 24.32000856434278, 39.40145271557605, 26.10206870211359, 11.86809873984663, 11.333060043214045, 4.932728, 3.6994020000000005, 2.4661720000000003, 1.233038, 0.0, 0.0, 0.0, 0.0, 1.2330377765103582, 2.0548930499336984, 3.2868580488194596, 4.83579247596068, 25.947306101459226, 20.18536552857835, 63.60835907468291, 70.69593581137624, 103.1506113048764, 120.48597458408514, 103.92554352289542, 120.79951617274487, 49.846693310124294, 56.60665800753186, 48.61760450844562, 63.90740853887169, 55.48437574641416, 55.2589111940513, 53.20851574007281, 65.43591734221674, 49.10955910071353, 64.32217099631256, 60.99135354579488, 52.2169983417335]","[0.47699999809265137, 1.071000099182129, 2.8259999752044678, 0.11899995803833008, 0.11599993705749512, 0.43399977684020996, 0.44899988174438477, 1.5810000896453857, 0.5519998073577881, 2.4019999504089355, 1.3149998188018799, 0.37999987602233887, 0.7030000686645508, 1.9660000801086426, 2.672999858856201, 1.4609999656677246, 0.07200002670288086, 0.622999906539917, 0.6530001163482666, 0.6889998912811279, 0.5150001049041748, 0.05900001525878906, 7.756999969482422, 5.546999931335449, 2.0309998989105225, 1.8650000095367432, 0.32899999618530273, 1.815999984741211, 2.118000030517578, 1.184000015258789, 0.1699998378753662, 0.14499998092651367, 0.3989999294281006, 0.4140000343322754, 0.5619997978210449, 0.16000008583068848, 0.33099985122680664, 0.315000057220459, 0.4090001583099365, 0.4399998188018799, 0.4249999523162842, 0.29200005531311035, 0.3039999008178711, 0.21900010108947754, 0.35199999809265137, 0.33700013160705566, 0.09499979019165039, 0.03399991989135742]",698.125,0.0,398.5,290.8125,2.9375,1.0247083008289337,0.0007449029016879624,0.0009986052530053956,nan,"[2, 2, 2, 2, 2, 2, 2, 2, 2, 2, 2, 2, 2, 2, 2, 2, 2, 2, 2, 2, 2, 2, 2, 2, 2, 2, 2, 2, 2, 2, 2, 2, 2, 2, 2, 2, 2, 2, 2, 2, 2, 2, 2, 2, 2, 2, 2, 2]","[2, 3, 2, 2, 1, 1, 1, 1, 1, 3, 1, 1, 1, 1, 4, 4, 1, 1, 1, 1, 2, 1, 6, 5, 1, 1, 1, 3, 2, 1, 1, 1, 1, 1, 1, 1, 1, 1, 1, 1, 1, 1, 1, 1, 1, 1, 1, 1]",2.0,1.0,48,0,,oracle_mpc,formal/step7_33_oracle_mpc_raw.csv,Oracle-H7,1484.1085918578876,3.9391294619392414,,,,,,,,,,,,,,,,,
33,Oracle-H7,92,test_id,id_actual,perfect,7,,1484.1085918578876,,,,1485.2039992809296,30.941749985019367,300.2430000305176,0,0,True,,100092,pure_mpc_clean,8,48,True,,1.0,0.12500000153429736,"[5.517878858388743, 16.436162864612278, 14.103097685798785, 12.2428907312304, 6.769229240994635, 6.16615, 6.16615, 14.209819815892338, 17.731843662696058, 14.587135604970973, 11.199207541420732, 13.526556775189789, 39.4014490941835, 12.956838222209157, 6.16615, 6.166149869760915, 4.932727870192222, 3.699401870202326, 2.4661720000000003, 1.233038, 0.0, 0.0, 0.0, 0.0, 1.233037985908753, 3.6581089904641444, 12.687115586385683, 9.345302259872451, 24.84520987863445, 28.695632628900192, 63.615185667071195, 70.69593580948299, 95.24554775903042, 98.18736898300284, 81.78458632823518, 103.4313378965973, 49.84669324385162, 56.60665800977727, 48.61760451955169, 63.90741191712054, 55.48437572813885, 55.25891116383403, 53.20851888378391, 65.4359172936624, 49.10955904991815, 64.3221709121928, 60.99135342450284, 52.2169982302251]","[9.187999963760376, 45.126999855041504, 161.32399988174438, 54.375, 98.50999999046326, 73.91100001335144, 31.014000177383423, 34.92300009727478, 35.664000034332275, 24.19600009918213, 21.47699999809265, 11.694000005722046, 1.2869999408721924, 15.687999963760376, 1.3870000839233398, 2.0390000343322754, 2.2079999446868896, 1.6939997673034668, 1.9449999332427979, 1.692000150680542, 300.2430000305176, 58.039000034332275, 24.72599983215332, 8.668999910354614, 17.87399983406067, 300.20500016212463, 58.82599997520447, 21.00599980354309, 18.484000205993652, 30.57200002670288, 2.4129998683929443, 1.7200000286102295, 2.0279998779296875, 1.687999963760376, 1.4259998798370361, 0.3269999027252197, 1.0069999694824219, 1.2130000591278076, 1.241999864578247, 0.9070000648498535, 0.999000072479248, 1.1759998798370361, 0.2539999485015869, 0.18900012969970703, 0.2070000171661377, 0.309999942779541, 0.08100008964538574, 0.029999971389770508]",1557.1666666666667,0.0,887.7916666666666,649.6875,6.5625,30.941749985019367,0.0009130559769404351,0.0012664931210525224,nan,"[2, 2, 2, 2, 2, 2, 2, 2, 2, 2, 2, 2, 2, 2, 2, 2, 2, 2, 2, 2, 9, 2, 2, 2, 2, 9, 2, 2, 2, 2, 2, 2, 2, 2, 2, 2, 2, 2, 2, 2, 2, 2, 2, 2, 2, 2, 2, 2]","[1, 1, 6, 1, 2, 3, 2, 2, 2, 2, 3, 3, 2, 6, 2, 1, 1, 1, 1, 1, 2, 2, 2, 2, 2, 2, 1, 1, 1, 2, 2, 1, 1, 2, 2, 2, 1, 1, 2, 1, 1, 2, 1, 1, 1, 1, 1, 1]",2.2916666666666665,1.0,46,2,,oracle_mpc,formal/step7_33_oracle_mpc_raw.csv,Oracle-H7,1484.1085918578876,0.0,,,,,,,,,,,,,,,,,
33,Oracle-H3,93,test_id,id_actual,perfect,3,,1632.8665147349473,,,,72.57700061798096,1.5120208462079365,8.775000095367432,0,0,True,,100093,pure_mpc_clean,4,48,True,,1.0,0.12500000087856558,"[16.174927323255233, 12.255438290951673, 8.877301235581657, 4.932702059266955, 8.256407293450994, 7.330551026785541, 11.933228893940402, 7.471809358384498, 10.098671330149626, 12.296512720668183, 20.431358969692212, 26.960373882673707, 22.54209792527444, 25.62508768798979, 25.96827472034694, 5.2331377657320415, 4.357497479133526, 3.745094040510159, 2.5423619040610568, 1.9106874656132518, 0.6775991599089215, 0.0, 0.0, 0.0, 1.2330379512381366, 5.9056194947046325, 3.699402, 15.269347719247158, 6.16615, 51.13053470369599, 63.676787601877315, 75.30767136202111, 83.22395038261857, 117.3712974469715, 134.99457395288564, 128.55046355221873, 42.427094253032045, 64.74763396794945, 56.709754624189905, 59.41606591671098, 69.87583243292309, 62.43596106749289, 66.4439918491514, 61.15507687282606, 66.9845416413095, 54.45859905309273, 47.96118091284452, 54.100825442575086]","[0.33300018310546875, 0.8470001220703125, 6.531999826431274, 0.07500004768371582, 2.828000068664551, 1.817000150680542, 8.775000095367432, 1.4800000190734863, 1.4630000591278076, 0.565000057220459, 1.25600004196167, 0.5859999656677246, 3.9240000247955322, 1.2039999961853027, 2.3440001010894775, 0.127000093460083, 0.42800021171569824, 0.45600008964538574, 6.013000011444092, 1.5329999923706055, 0.44099998474121094, 0.5420000553131104, 4.723999977111816, 6.04200005531311, 0.7269999980926514, 8.023000001907349, 0.10599994659423828, 3.2089998722076416, 2.1070001125335693, 0.12800002098083496, 0.41100001335144043, 0.16300010681152344, 0.16899991035461426, 0.15999984741210938, 0.16100001335144043, 0.1660001277923584, 0.37600016593933105, 0.23799991607666016, 0.11800003051757812, 0.12399983406066895, 0.11599993705749512, 0.2330000400543213, 0.20199990272521973, 0.3899998664855957, 0.4049999713897705, 0.3209998607635498, 0.1099998950958252, 0.07899999618530273]",698.125,0.0,398.5,290.8125,2.9375,1.5120208462079365,0.0008124321809435821,0.000998279908529565,nan,"[2, 2, 2, 2, 2, 2, 2, 2, 2, 2, 2, 2, 2, 2, 2, 2, 2, 2, 2, 2, 2, 2, 2, 2, 2, 2, 2, 2, 2, 2, 2, 2, 2, 2, 2, 2, 2, 2, 2, 2, 2, 2, 2, 2, 2, 2, 2, 2]","[2, 2, 2, 1, 1, 1, 2, 1, 1, 1, 2, 2, 1, 1, 3, 1, 2, 2, 1, 2, 2, 1, 4, 2, 3, 1, 1, 2, 1, 1, 1, 1, 1, 1, 1, 1, 1, 1, 1, 1, 1, 1, 1, 1, 1, 1, 1, 1]",2.0,1.0,48,0,,oracle_mpc,formal/step7_33_oracle_mpc_raw.csv,Oracle-H7,1568.8845145223945,4.078184188849003,,,,,,,,,,,,,,,,,
33,Oracle-H7,93,test_id,id_actual,perfect,7,,1568.8845145223945,,,,2666.8519995212555,55.559416656692825,300.41600012779236,0,0,True,,100093,pure_mpc_clean,8,48,True,,1.0,0.12500000524081986,"[17.129191850586253, 15.242668796620048, 13.34968205532613, 9.64258982971608, 8.327751629726171, 7.287161904640501, 14.464786907665479, 12.062847485741663, 16.408226220042412, 17.559667932170953, 17.814301005334038, 16.3434186940258, 21.694126643931327, 10.777788415589338, 6.166149965112148, 5.233135019910667, 4.277295067786474, 3.8216518048768218, 2.58841231010176, 1.8667891424460479, 0.6775991945246164, 0.08715689225162555, 9.317082094573265e-07, 0.6869711459828838, 20.327293204984155, 11.778861883420113, 12.649916909042638, 12.650833126916236, 16.09863753052623, 51.13053483222066, 63.67678766570464, 75.30767132106868, 83.22395014428596, 96.1011575732942, 101.06722693184818, 94.64569423632548, 42.427097827978514, 64.74763399677302, 56.70975461915308, 59.416065914934485, 69.87585892250873, 62.43596183850259, 66.444002901972, 61.15508366442671, 66.98451409207875, 54.45859884322379, 47.96118079179929, 54.10082490358853]","[116.2480001449585, 283.8440001010895, 300.1929998397827, 93.80900001525879, 135.07599997520447, 154.45899987220764, 61.026000022888184, 62.378000020980835, 40.223999977111816, 23.359999895095825, 21.92899990081787, 22.56500005722046, 17.69599986076355, 19.210999965667725, 14.57200002670288, 15.581000089645386, 18.41700005531311, 15.294999837875366, 17.424999952316284, 300.41600012779236, 78.33799982070923, 27.22699999809265, 10.032000064849854, 20.586000204086304, 300.16299986839294, 300.29299998283386, 107.60899996757507, 25.671000003814697, 45.2039999961853, 3.8540000915527344, 2.109999895095825, 2.9509999752044678, 1.9830000400543213, 1.563999891281128, 0.3540000915527344, 0.35199999809265137, 0.3040001392364502, 0.3580000400543213, 0.3359999656677246, 0.3340001106262207, 0.3659999370574951, 1.0929999351501465, 0.315000057220459, 0.2609999179840088, 0.9330000877380371, 0.32399988174438477, 0.11599993705749512, 0.0969998836517334]",1557.1666666666667,0.0,887.7916666666666,649.6875,6.5625,55.559416656692825,0.000974698086998164,0.0016133808383672038,nan,"[2, 2, 9, 2, 2, 2, 2, 2, 2, 2, 2, 2, 2, 2, 2, 2, 2, 2, 2, 9, 2, 2, 2, 2, 9, 9, 2, 2, 2, 2, 2, 2, 2, 2, 2, 2, 2, 2, 2, 2, 2, 2, 2, 2, 2, 2, 2, 2]","[2, 1, 2, 2, 2, 2, 2, 3, 2, 2, 3, 1, 4, 3, 4, 2, 1, 2, 4, 3, 2, 2, 3, 2, 2, 1, 1, 1, 2, 2, 1, 2, 1, 2, 2, 1, 1, 1, 1, 1, 2, 1, 2, 2, 1, 1, 1, 1]",2.5833333333333335,1.0,44,4,,oracle_mpc,formal/step7_33_oracle_mpc_raw.csv,Oracle-H7,1568.8845145223945,0.0,,,,,,,,,,,,,,,,,
33,Oracle-H3,94,test_id,id_actual,perfect,3,,1648.437105297268,,,,51.85799956321716,1.0803749909003575,4.226999998092651,0,0,True,,100094,pure_mpc_clean,4,48,True,,1.0,0.1250000012033539,"[21.692773925744742, 5.425861649247869, 3.699402, 4.9758471230774495, 6.211310500425519, 6.94002189872041, 8.423182209702606, 12.03051879906318, 12.635680631879826, 12.630266818008618, 21.231700109523956, 26.346829067684013, 41.61517389177257, 31.004347669860394, 17.461866415445897, 16.902229029542433, 5.664873152624131, 4.4314901688554835, 3.1982031834551585, 1.9650212666883466, 0.7319262805820296, 0.0, 0.0, 0.0, 1.2330378930586354, 2.4661718247224322, 3.699401746642477, 7.3102835997482565, 6.16615, 32.410575267350794, 67.59708266820739, 86.81209247932043, 103.90116645801074, 120.12365674800554, 115.81531753689733, 110.8981621969156, 53.56541053863951, 59.68808818722781, 50.69640523336923, 52.87032315671324, 68.08675337360225, 61.19049032951049, 68.44538296111972, 55.48657132166601, 61.038414286692, 53.386890174512445, 71.87290157318854, 68.45784995024268]","[0.6499998569488525, 2.9089999198913574, 2.493000030517578, 3.1470000743865967, 2.5299999713897705, 1.253999948501587, 2.3559999465942383, 1.7699999809265137, 2.1399998664855957, 1.6339998245239258, 0.6010000705718994, 0.42299985885620117, 1.997999906539917, 0.9930000305175781, 1.1480000019073486, 0.5069999694824219, 0.3430001735687256, 0.8090000152587891, 0.685999870300293, 0.09300017356872559, 0.679999828338623, 0.628000020980835, 3.367999792098999, 4.226999998092651, 1.8840000629425049, 1.122999906539917, 0.625999927520752, 3.177999973297119, 1.9610002040863037, 0.6940000057220459, 0.18700003623962402, 0.17500019073486328, 0.5110001564025879, 0.568000078201294, 0.1509997844696045, 0.17799997329711914, 0.42599987983703613, 0.2999999523162842, 0.2990000247955322, 0.2980000972747803, 0.15799999237060547, 0.28100013732910156, 0.3039999008178711, 0.440000057220459, 0.312999963760376, 0.28299999237060547, 0.0970001220703125, 0.03600001335144043]",698.125,0.0,398.5,290.8125,2.9375,1.0803749909003575,0.0007853124492434731,0.0009999252017435856,nan,"[2, 2, 2, 2, 2, 2, 2, 2, 2, 2, 2, 2, 2, 2, 2, 2, 2, 2, 2, 2, 2, 2, 2, 2, 2, 2, 2, 2, 2, 2, 2, 2, 2, 2, 2, 2, 2, 2, 2, 2, 2, 2, 2, 2, 2, 2, 2, 2]","[3, 1, 1, 2, 1, 1, 1, 1, 1, 1, 2, 1, 1, 1, 4, 2, 1, 1, 2, 1, 1, 1, 3, 3, 1, 1, 1, 2, 1, 1, 1, 1, 1, 1, 1, 1, 1, 1, 1, 1, 1, 1, 1, 1, 1, 1, 1, 1]",2.0,1.0,48,0,,oracle_mpc,formal/step7_33_oracle_mpc_raw.csv,Oracle-H7,1550.0581163453178,6.346793575966394,,,,,,,,,,,,,,,,,
33,Oracle-H7,94,test_id,id_actual,perfect,7,,1550.0581163453178,,,,1922.242000579834,40.04670834541321,300.33000016212463,0,0,True,,100094,pure_mpc_clean,8,48,True,,1.0,0.12500000269901548,"[21.69277333658269, 8.820518308264328, 8.329163938457183, 11.745916122449454, 8.888271897832384, 6.16615, 8.423184065890371, 15.319957663174876, 17.02962438213808, 19.05556436933481, 19.739171792841322, 16.763012551076887, 41.61517356857156, 15.37950102724091, 6.16615, 6.166145911764807, 5.664872731257947, 4.431489747194444, 3.1982027623269698, 1.9650117775934115, 0.7319758538572784, 0.0, 0.0, 0.5871416947458389, 1.8202253874397172, 14.169069585466794, 4.286680814790138, 10.80950145536546, 6.16615, 32.41057540295534, 67.59708278606942, 86.8120907828515, 94.52717957436955, 90.46050085162169, 85.25400767884496, 83.08059435958556, 53.56541393896757, 59.688088328506026, 50.69640522806486, 52.87032315729183, 68.08675334624836, 61.19049032060854, 68.44538294286008, 55.486571333176954, 61.03841422439475, 53.38689011351364, 71.87290146513735, 68.45784976459247]","[29.54699993133545, 288.67199993133545, 110.75300002098083, 178.80399990081787, 192.22800016403198, 169.94700002670288, 54.33500003814697, 28.44099998474121, 24.509999990463257, 39.64300012588501, 17.119999885559082, 14.873000144958496, 1.7820000648498535, 15.674999952316284, 1.4110000133514404, 11.424999952316284, 2.1600000858306885, 1.8680000305175781, 2.0789999961853027, 13.675000190734863, 300.33000016212463, 80.57999992370605, 68.6930000782013, 19.819999933242798, 15.587000131607056, 147.06299996376038, 36.86899995803833, 29.973999977111816, 2.0390000343322754, 6.388000011444092, 1.6750001907348633, 2.5419998168945312, 2.0139999389648438, 1.0420000553131104, 0.4089999198913574, 0.2739999294281006, 1.0889999866485596, 1.5290000438690186, 1.1410000324249268, 0.44300007820129395, 1.194000005722046, 1.1929998397827148, 0.3470001220703125, 0.315000057220459, 0.25300002098083496, 0.3269999027252197, 0.11800003051757812, 0.046000003814697266]",1557.1666666666667,0.0,887.7916666666666,649.6875,6.5625,40.04670834541321,0.0009492100784597664,0.0013579308255225221,nan,"[2, 2, 2, 2, 2, 2, 2, 2, 2, 2, 2, 2, 2, 2, 2, 2, 2, 2, 2, 2, 9, 2, 2, 2, 2, 2, 2, 2, 2, 2, 2, 2, 2, 2, 2, 2, 2, 2, 2, 2, 2, 2, 2, 2, 2, 2, 2, 2]","[1, 3, 5, 2, 2, 2, 3, 2, 3, 3, 4, 2, 1, 2, 2, 4, 1, 1, 1, 4, 3, 4, 4, 2, 1, 1, 1, 2, 1, 2, 1, 1, 2, 2, 1, 2, 1, 2, 1, 1, 1, 1, 1, 1, 1, 1, 1, 1]",2.1458333333333335,1.0,47,1,,oracle_mpc,formal/step7_33_oracle_mpc_raw.csv,Oracle-H7,1550.0581163453178,0.0,,,,,,,,,,,,,,,,,
33,Oracle-H3,95,test_id,id_actual,perfect,3,,1620.0490816762435,,,,50.738999366760254,1.0570624868075054,11.484999895095825,0,0,True,,100095,pure_mpc_clean,4,48,True,,1.0,0.1250000022847257,"[15.286357427942695, 3.446880207831112, 4.658505631413891, 4.9327275272408535, 5.3412605947955845, 6.016728994149354, 5.730379027751192, 7.434981471967204, 9.117848201588991, 12.657768559777152, 17.779118850650917, 29.283721186706494, 28.078098416273647, 34.04776699443263, 14.772954142377937, 15.960480462182908, 5.0364576749923184, 3.9067646046012494, 3.687415903893887, 2.4541868375613447, 1.2210537705753113, 0.0, 0.0, 0.0, 0.5083555408930227, 1.7414330685995691, 2.9746065960771326, 15.867492462874457, 25.863276961503757, 52.76090629567881, 62.15264407426744, 81.10741411083762, 97.37015250241924, 108.15582005424376, 104.20204302532461, 123.77222806095737, 64.73711837642429, 49.544000334133884, 46.27242642717135, 64.73337481780138, 59.52974603197623, 61.5423334869854, 50.343646185772585, 64.48773368572527, 49.87347344208576, 69.40358777648163, 65.1234167321766, 67.13039513712597]","[0.5180001258850098, 1.6040000915527344, 11.484999895095825, 0.5149998664855957, 0.5329999923706055, 0.11799979209899902, 0.11800003051757812, 2.5220000743865967, 2.819000005722046, 0.6990001201629639, 1.2970001697540283, 0.440000057220459, 1.7090001106262207, 0.5740001201629639, 1.8659999370574951, 0.6499998569488525, 0.44700002670288086, 1.6459999084472656, 2.5279998779296875, 0.7879998683929443, 0.5639998912811279, 0.4809999465942383, 0.5720000267028809, 0.7899999618530273, 1.8989999294281006, 1.246999979019165, 0.562999963760376, 3.4049999713897705, 1.7339999675750732, 0.5750000476837158, 0.5559999942779541, 0.5309998989105225, 0.6430001258850098, 0.5460000038146973, 0.4890000820159912, 0.17299985885620117, 0.442000150680542, 0.33100008964538574, 0.4099998474121094, 0.2720000743865967, 0.3040001392364502, 0.20599985122680664, 0.33699989318847656, 0.21899986267089844, 0.2929999828338623, 0.1549999713897705, 0.08599996566772461, 0.039999961853027344]",698.125,0.0,398.5,290.8125,2.9375,1.0570624868075054,0.0007832960592166405,0.0009998648895054175,nan,"[2, 2, 2, 2, 2, 2, 2, 2, 2, 2, 2, 2, 2, 2, 2, 2, 2, 2, 2, 2, 2, 2, 2, 2, 2, 2, 2, 2, 2, 2, 2, 2, 2, 2, 2, 2, 2, 2, 2, 2, 2, 2, 2, 2, 2, 2, 2, 2]","[2, 2, 9, 2, 2, 1, 1, 1, 1, 2, 1, 1, 1, 1, 1, 2, 2, 1, 3, 5, 1, 2, 1, 1, 1, 1, 1, 1, 1, 2, 1, 1, 1, 1, 1, 1, 1, 1, 1, 1, 1, 1, 1, 1, 1, 1, 1, 1]",2.0,1.0,48,0,,oracle_mpc,formal/step7_33_oracle_mpc_raw.csv,Oracle-H7,1516.0005440884506,6.863357535953643,,,,,,,,,,,,,,,,,
33,Oracle-H7,95,test_id,id_actual,perfect,7,,1516.0005440884506,,,,1693.3329997062683,35.27777082721392,300.3470001220703,0,0,True,,100095,pure_mpc_clean,8,48,True,,1.0,0.12500000234098463,"[15.28634799051708, 3.446876591255985, 4.65855245587777, 6.180631624162419, 6.16615, 7.007063310764641, 6.261806805922658, 12.985306712881329, 15.164218259231053, 19.96032607703554, 16.79530787647958, 18.51217210605168, 27.133747934278688, 22.338008037767793, 6.16615, 6.16615, 5.487726626129763, 4.443863924007929, 3.2105761027208928, 1.9773842313135823, 0.7442882827526641, 0.0, 0.0, 0.0, 2.2860918932332384, 7.002293506911636, 3.699402, 5.895745580413281, 15.881388008917309, 52.760906573747924, 62.152644305240905, 81.10741417257684, 91.23698382197686, 83.96259584763364, 80.03899848917251, 107.1621397034146, 64.73714774107518, 49.54400037600232, 46.272429811840354, 64.73337491063421, 59.52974603497229, 61.542333553154535, 50.34364615083021, 64.48773365262477, 49.873473373673555, 69.4035877715116, 65.12341672964952, 67.13039513009211]","[16.777999877929688, 16.861999988555908, 5.198999881744385, 73.85699987411499, 134.07799983024597, 65.45199990272522, 40.50999999046326, 43.04800009727478, 39.455000162124634, 21.27899980545044, 16.20799994468689, 9.513000011444092, 2.2179999351501465, 5.458000183105469, 3.3929998874664307, 4.010999917984009, 13.282999992370605, 15.597000122070312, 1.7319998741149902, 1.9119999408721924, 300.29699993133545, 35.06699991226196, 31.075000047683716, 58.12599992752075, 300.20300006866455, 300.3470001220703, 85.96200013160706, 22.592000007629395, 3.0830001831054688, 7.316999912261963, 2.1440000534057617, 2.384999990463257, 2.302999973297119, 2.0920000076293945, 0.46000003814697266, 0.4459998607635498, 1.2929999828338623, 1.5890002250671387, 1.6190001964569092, 1.5219998359680176, 1.3270001411437988, 1.1029999256134033, 0.3190000057220459, 0.25499987602233887, 0.22300004959106445, 0.18700003623962402, 0.10400009155273438, 0.04999995231628418]",1557.1666666666667,0.0,887.7916666666666,649.6875,6.5625,35.27777082721392,0.0009149291723980093,0.0011370918797203831,nan,"[2, 2, 2, 2, 2, 2, 2, 2, 2, 2, 2, 2, 2, 2, 2, 2, 2, 2, 2, 2, 9, 2, 2, 2, 9, 9, 2, 2, 2, 2, 2, 2, 2, 2, 2, 2, 2, 2, 2, 2, 2, 2, 2, 2, 2, 2, 2, 2]","[2, 2, 1, 1, 1, 2, 3, 3, 2, 2, 3, 2, 1, 1, 1, 1, 1, 1, 2, 1, 7, 2, 5, 2, 2, 1, 3, 1, 1, 2, 1, 1, 1, 1, 2, 2, 1, 2, 1, 1, 1, 1, 1, 1, 1, 1, 1, 1]",2.4375,1.0,45,3,,oracle_mpc,formal/step7_33_oracle_mpc_raw.csv,Oracle-H7,1516.0005440884506,0.0,,,,,,,,,,,,,,,,,
33,Oracle-H3,96,test_id,id_actual,perfect,3,,1707.5461856820198,,,,116.4200005531311,2.4254166781902313,23.86899995803833,0,0,True,,100096,pure_mpc_clean,4,48,True,,1.0,0.12500000156303384,"[15.213147193837026, 14.908713978126388, 6.88070236727358, 4.932727912018944, 6.166149627698694, 7.257103161791142, 6.16615, 8.775573179115366, 8.26409590850989, 7.131853105915244, 16.7478785352692, 23.909838499939, 34.40907258456466, 17.038713358364433, 25.622954193677266, 5.708461377724569, 5.2613338685112065, 4.027982673829401, 2.7947271182570312, 1.8818422954765113, 0.8377272618439398, 0.0, 0.0, 0.067583260646109, 13.686574762513091, 13.60475562025985, 6.172333904391495, 11.72076178915655, 7.877863127014779, 51.27101060917353, 77.71860786302248, 92.01812773956188, 101.1646012247518, 106.02883308226549, 122.72835044458462, 118.25114723207561, 43.36729544880124, 65.92411941283167, 62.965038732821796, 62.230544453968285, 66.96436501846144, 66.69440508147399, 60.44144974352438, 73.72370139086341, 75.0415710108117, 65.10438606389151, 52.093368559850255, 66.74864190355952]","[0.4049999713897705, 1.1570000648498535, 1.2070000171661377, 0.11500000953674316, 0.10700011253356934, 5.799999952316284, 0.7980000972747803, 0.9939999580383301, 0.4249999523162842, 0.4230000972747803, 2.7009999752044678, 0.6410000324249268, 3.7019999027252197, 0.747999906539917, 0.6070001125335693, 0.9170000553131104, 0.6569998264312744, 2.2029998302459717, 4.749000072479248, 14.873000144958496, 7.249000072479248, 0.06999993324279785, 0.6369998455047607, 5.13100004196167, 23.86899995803833, 19.371000051498413, 9.445000171661377, 2.9019999504089355, 0.752000093460083, 0.17100000381469727, 0.14600014686584473, 0.1659998893737793, 0.2050001621246338, 0.8659999370574951, 0.16700005531311035, 0.10300016403198242, 0.29799985885620117, 0.10599994659423828, 0.12800002098083496, 0.16199994087219238, 0.1510000228881836, 0.14100003242492676, 0.11699986457824707, 0.10100007057189941, 0.3489999771118164, 0.252000093460083, 0.09400010108947754, 0.04200005531311035]",698.125,0.0,398.5,290.8125,2.9375,2.4254166781902313,0.0008395967168206671,0.0009998597862061857,nan,"[2, 2, 2, 2, 2, 2, 2, 2, 2, 2, 2, 2, 2, 2, 2, 2, 2, 2, 2, 2, 2, 2, 2, 2, 2, 2, 2, 2, 2, 2, 2, 2, 2, 2, 2, 2, 2, 2, 2, 2, 2, 2, 2, 2, 2, 2, 2, 2]","[2, 2, 1, 1, 1, 1, 1, 1, 1, 1, 1, 1, 1, 1, 1, 1, 2, 1, 2, 5, 8, 1, 2, 1, 3, 4, 1, 1, 1, 1, 1, 1, 1, 1, 1, 2, 1, 1, 1, 1, 1, 1, 1, 1, 1, 1, 1, 1]",2.0,1.0,48,0,,oracle_mpc,formal/step7_33_oracle_mpc_raw.csv,Oracle-H7,1607.662541834314,6.212973260777748,,,,,,,,,,,,,,,,,
33,Oracle-H7,96,test_id,id_actual,perfect,7,,1607.662541834314,,,,1736.7179996967316,36.18162499368191,302.60399985313416,0,0,True,,100096,pure_mpc_clean,8,48,True,,1.0,0.12500000258049793,"[15.213147112570125, 14.908780559240629, 10.14744152803522, 7.573346357609914, 7.041559406403761, 7.499430126854575, 8.124494829684298, 13.506580020093772, 15.237463911132796, 14.308585284623199, 15.246754613717691, 13.747128927511703, 34.40906989086949, 6.16615, 6.166149972122576, 5.70846142042919, 5.208487606414885, 4.078341185788175, 2.84508171002415, 1.8338637737771883, 0.8377422510742885, 0.0, 0.0, 1.0861810904093636, 2.3193143371738256, 15.734013087833494, 18.51044026637212, 18.986725144421136, 17.70116306339866, 51.271010641890385, 77.71860786132467, 91.31767751585014, 92.29292752701878, 81.76952546914815, 86.12587759224274, 81.72212718182489, 43.36729914845132, 65.92411949597918, 62.965038803510105, 62.23054450305326, 66.96436506927346, 66.69440509570244, 60.44144989025878, 73.72370135388367, 75.0415708844407, 65.10438601330681, 52.09336853295057, 66.7486417766176]","[10.966999769210815, 63.484999895095825, 58.890000104904175, 43.31699991226196, 53.4760000705719, 60.662999868392944, 85.06900000572205, 30.40000009536743, 42.24400019645691, 21.98800015449524, 22.98900008201599, 16.697999954223633, 2.6999998092651367, 2.7309999465942383, 9.085000038146973, 10.240999937057495, 14.091000080108643, 15.683000087738037, 9.771000146865845, 302.60399985313416, 72.53399991989136, 33.50200009346008, 23.14199995994568, 20.841000080108643, 300.1510000228882, 300.2339999675751, 61.58500003814697, 22.963000059127808, 2.7860000133514404, 7.569000005722046, 2.1470000743865967, 1.9730000495910645, 1.6779999732971191, 1.9099998474121094, 1.86899995803833, 1.75600004196167, 0.317000150680542, 0.3280000686645508, 0.3059999942779541, 0.33899998664855957, 0.3229999542236328, 0.3209998607635498, 0.3039999008178711, 0.21499991416931152, 0.18199992179870605, 0.2349998950958252, 0.07799983024597168, 0.03800010681152344]",1557.1666666666667,0.0,887.7916666666666,649.6875,6.5625,36.18162499368191,0.0009812017815588065,0.0014250093946978053,nan,"[2, 2, 2, 2, 2, 2, 2, 2, 2, 2, 2, 2, 2, 2, 2, 2, 2, 2, 2, 9, 2, 2, 2, 2, 9, 9, 2, 2, 2, 2, 2, 2, 2, 2, 2, 2, 2, 2, 2, 2, 2, 2, 2, 2, 2, 2, 2, 2]","[2, 1, 1, 2, 2, 2, 3, 2, 2, 1, 2, 1, 3, 1, 3, 1, 2, 2, 4, 8, 2, 2, 2, 2, 1, 1, 2, 2, 1, 2, 1, 1, 2, 1, 1, 1, 1, 1, 1, 1, 1, 1, 1, 1, 1, 1, 1, 1]",2.4375,1.0,45,3,,oracle_mpc,formal/step7_33_oracle_mpc_raw.csv,Oracle-H7,1607.662541834314,0.0,,,,,,,,,,,,,,,,,
33,Oracle-H3,97,test_id,id_actual,perfect,3,,1584.1009829070013,,,,46.657999992370605,0.972041666507721,11.361000061035156,0,0,True,,100097,pure_mpc_clean,4,48,True,,1.0,0.1250000009367227,"[23.47689285841855, 8.775729756383013, 3.6993223760481713, 4.932648168714275, 5.794430544432773, 6.166149978925217, 6.16615, 9.698780617328444, 6.462225206667767, 12.212271881855791, 18.88780505355802, 24.03150683791862, 36.33583634335991, 28.857526469201623, 18.895784238204477, 9.282947437403317, 5.948199026596294, 4.7524086488678075, 3.5198156362112427, 2.2868193212096157, 1.0536992844266468, 0.0, 0.0, 0.0, 1.1178852648628153, 2.351009905276277, 3.5842307975659082, 14.065861615075399, 23.989825211425412, 56.79538152785199, 56.577938057534666, 77.61280454693566, 90.93141917559174, 116.93473542626347, 113.92675745114299, 107.9670927265031, 43.071272524098106, 48.087966046642485, 46.078122650966954, 64.38704969122136, 58.88597803063093, 64.22765282834207, 68.18184823973421, 52.73081058810681, 64.62228852161813, 54.34694391739903, 55.21777821053356, 57.17138026594646]","[0.7620000839233398, 1.061999797821045, 0.11300015449523926, 0.12299990653991699, 0.2720000743865967, 0.08799982070922852, 0.32200002670288086, 11.361000061035156, 0.5230000019073486, 0.38700008392333984, 0.4809999465942383, 0.2969999313354492, 2.697000026702881, 1.6689999103546143, 0.9739999771118164, 2.693000078201294, 0.11899995803833008, 0.36100006103515625, 0.06500005722045898, 0.07600021362304688, 0.05299997329711914, 0.5069999694824219, 0.6429998874664307, 0.5279998779296875, 2.8450000286102295, 1.6400001049041748, 0.8090000152587891, 4.08899998664856, 3.7039999961853027, 1.4089999198913574, 0.6889998912811279, 0.8330001831054688, 0.4289999008178711, 0.45399999618530273, 0.3919999599456787, 0.12999987602233887, 0.33500003814697266, 0.3059999942779541, 0.3259999752044678, 0.28099989891052246, 0.2870001792907715, 0.40600013732910156, 0.247999906539917, 0.34200000762939453, 0.21399998664855957, 0.21300005912780762, 0.07700014114379883, 0.023999929428100586]",698.125,0.0,398.5,290.8125,2.9375,0.972041666507721,0.0007790771526118031,0.0009983720055830488,nan,"[2, 2, 2, 2, 2, 2, 2, 2, 2, 2, 2, 2, 2, 2, 2, 2, 2, 2, 2, 2, 2, 2, 2, 2, 2, 2, 2, 2, 2, 2, 2, 2, 2, 2, 2, 2, 2, 2, 2, 2, 2, 2, 2, 2, 2, 2, 2, 2]","[2, 2, 1, 1, 1, 2, 1, 2, 1, 1, 2, 1, 1, 1, 1, 4, 1, 2, 1, 1, 1, 1, 2, 2, 1, 1, 1, 1, 1, 1, 2, 1, 1, 1, 1, 1, 1, 1, 1, 1, 1, 1, 1, 1, 1, 1, 1, 1]",2.0,1.0,48,0,,oracle_mpc,formal/step7_33_oracle_mpc_raw.csv,Oracle-H7,1483.8459365836006,6.756432312253881,,,,,,,,,,,,,,,,,
33,Oracle-H7,97,test_id,id_actual,perfect,7,,1483.8459365836006,,,,1136.7289991378784,23.6818541487058,252.14599990844727,0,0,True,,100097,pure_mpc_clean,8,48,True,,1.0,0.1250000070852554,"[23.476890282504215, 8.775728811990952, 3.699396204086417, 9.250868581052163, 6.454761904761905, 7.503832237510687, 6.255451262862988, 15.23083658389375, 13.604663518757892, 18.873956730157808, 17.63326226773776, 14.679001672063956, 36.3358326636159, 13.307196706095453, 6.166200646254744, 6.167601597998165, 5.973523829922814, 4.740116823361154, 3.5068058153954746, 2.2735908080637888, 1.0404718000980597, 1.6220094167252308e-12, 0.0, 0.0, 1.233038, 9.694750671380199, 7.377907687108402, 12.480909070703108, 22.902812265462074, 58.968190402983794, 56.57794386465703, 76.52379204881787, 74.53606060648809, 85.87293913510982, 87.7407477629338, 87.97762031837767, 43.071276485128585, 48.092054711132754, 46.07812258556453, 64.38704928386542, 58.885977818031485, 64.227652443527, 68.17789804454863, 52.73081389879565, 64.62228756896025, 54.346943676936355, 55.217777983502614, 57.17137950139762]","[0.8420000076293945, 0.9909999370574951, 0.2369999885559082, 47.35599994659424, 239.5699999332428, 252.14599990844727, 27.62000012397766, 39.990999937057495, 32.996999979019165, 44.520999908447266, 15.603999853134155, 17.594000101089478, 14.196000099182129, 13.990000009536743, 1.1679999828338623, 0.42600011825561523, 1.6349999904632568, 2.0439999103546143, 2.010999917984009, 2.371999979019165, 13.638999938964844, 50.18599987030029, 24.401000022888184, 23.240999937057495, 29.48300004005432, 115.40599989891052, 81.10999989509583, 19.521999835968018, 2.2849998474121094, 2.0920000076293945, 1.75, 1.5970001220703125, 1.8519999980926514, 2.0940001010894775, 2.0759999752044678, 1.9530000686645508, 1.194000005722046, 1.125, 0.34599995613098145, 0.3509998321533203, 1.314000129699707, 1.25, 0.26999998092651367, 0.24099993705749512, 0.22800016403198242, 0.3190000057220459, 0.06299996376037598, 0.029999971389770508]",1557.1666666666667,0.0,887.7916666666666,649.6875,6.5625,23.6818541487058,0.0009012703049441488,0.000999074598333708,nan,"[2, 2, 2, 2, 2, 2, 2, 2, 2, 2, 2, 2, 2, 2, 2, 2, 2, 2, 2, 2, 2, 2, 2, 2, 2, 2, 2, 2, 2, 2, 2, 2, 2, 2, 2, 2, 2, 2, 2, 2, 2, 2, 2, 2, 2, 2, 2, 2]","[2, 2, 1, 1, 2, 2, 3, 2, 2, 3, 2, 1, 3, 4, 1, 1, 1, 1, 1, 1, 1, 4, 2, 2, 4, 2, 2, 1, 1, 1, 1, 1, 1, 1, 1, 1, 1, 1, 1, 1, 1, 1, 1, 1, 1, 1, 1, 1]",2.0,1.0,48,0,,oracle_mpc,formal/step7_33_oracle_mpc_raw.csv,Oracle-H7,1483.8459365836006,0.0,,,,,,,,,,,,,,,,,
33,Oracle-H3,98,test_id,id_actual,perfect,3,,1621.2082085354252,,,,66.73899912834167,1.390395815173785,14.207000017166138,0,0,True,,100098,pure_mpc_clean,4,48,True,,1.0,0.1250000010657315,"[19.047947904681116, 10.594133981036723, 6.372021270199876, 4.932727339034049, 5.295666864493397, 5.543465252662676, 6.16615, 9.307312746323083, 12.443974053927924, 12.54521957811458, 17.553356012502427, 29.481094958957804, 35.4896223411994, 20.324834796165142, 30.054520691763898, 11.295265963672021, 5.255751445518444, 4.022400303157165, 2.789145160795886, 1.5559860184346064, 0.32292287607332676, 0.0, 0.0, 0.0, 1.2330378516499414, 2.4661699514713766, 3.58277121479245, 4.478520309503869, 16.475657012197132, 40.36812636791218, 69.0904759961702, 81.353895871051, 105.44765555779531, 109.43601522909725, 109.274166098033, 109.51554804397134, 48.60487084177886, 52.06195400131572, 59.76635026892998, 66.60931531509318, 54.56721782726649, 64.66953451851775, 62.32949772393765, 57.69913155000515, 49.372511002494484, 69.70726515525403, 67.34822247597175, 65.35677879250123]","[0.3580000400543213, 0.9760000705718994, 12.633000135421753, 0.3989999294281006, 0.5060000419616699, 0.0839998722076416, 0.870999813079834, 1.3459999561309814, 1.1749999523162842, 2.2660000324249268, 0.5829999446868896, 0.4089999198913574, 2.6629998683929443, 3.7179999351501465, 1.7779998779296875, 1.2620000839233398, 3.444999933242798, 0.560999870300293, 0.5950000286102295, 0.5690000057220459, 0.5270001888275146, 0.4659998416900635, 0.6050000190734863, 14.207000017166138, 1.9060001373291016, 2.7289998531341553, 1.2869999408721924, 0.687000036239624, 2.059000015258789, 0.9869999885559082, 0.8850002288818359, 0.13299989700317383, 0.14300012588500977, 0.6410000324249268, 0.4759998321533203, 0.17699980735778809, 0.3989999294281006, 0.29199981689453125, 0.38299989700317383, 0.25300002098083496, 0.26200008392333984, 0.21200013160705566, 0.24500012397766113, 0.2569999694824219, 0.11299991607666016, 0.10800004005432129, 0.0710000991821289, 0.031999826431274414]",698.125,0.0,398.5,290.8125,2.9375,1.390395815173785,0.0007558815638267013,0.0009988011792610532,nan,"[2, 2, 2, 2, 2, 2, 2, 2, 2, 2, 2, 2, 2, 2, 2, 2, 2, 2, 2, 2, 2, 2, 2, 2, 2, 2, 2, 2, 2, 2, 2, 2, 2, 2, 2, 2, 2, 2, 2, 2, 2, 2, 2, 2, 2, 2, 2, 2]","[2, 2, 4, 2, 2, 1, 1, 1, 1, 1, 2, 1, 1, 1, 1, 2, 4, 1, 1, 1, 1, 2, 1, 7, 1, 1, 1, 1, 2, 2, 1, 1, 1, 1, 1, 1, 1, 1, 1, 1, 1, 1, 1, 1, 1, 1, 1, 1]",2.0,1.0,48,0,,oracle_mpc,formal/step7_33_oracle_mpc_raw.csv,Oracle-H7,1541.152952249162,5.194504294296716,,,,,,,,,,,,,,,,,
33,Oracle-H7,98,test_id,id_actual,perfect,7,,1541.152952249162,,,,1667.03400015831,34.729875003298126,300.24000000953674,0,0,True,,100098,pure_mpc_clean,8,48,True,,1.0,0.12500000242146894,"[19.047948304655165, 10.594131804526457, 6.372102598209329, 7.81940321604613, 6.16615, 6.16615, 6.16615, 14.304633072447169, 20.580824634576114, 21.123543548742873, 17.688818453480184, 19.85147403210639, 35.48957728511857, 6.953259810272783, 6.16615, 6.16615, 5.255750304782844, 4.022399162936065, 2.7891440211635237, 1.5559848795249538, 0.3229217530675567, 0.0, 0.0, 0.20638601067223408, 1.4394400682279769, 4.950440141042731, 6.6223397375239745, 5.386004724486787, 14.954496374191748, 43.60502170387191, 69.18687944849624, 81.35389593748161, 99.22328482446957, 90.5253176165187, 90.38356548733236, 90.62055682722804, 48.604874475766444, 52.06195402637473, 59.766353863777844, 66.60931530493389, 54.56721783017023, 64.66953452687788, 62.32949784339703, 57.69913155483231, 49.37251094964717, 69.70726507794248, 67.34822238927107, 65.35677862297075]","[19.83399987220764, 14.84500002861023, 0.3229999542236328, 72.33500003814697, 67.75399994850159, 180.8199999332428, 41.395999908447266, 35.26600003242493, 41.55200004577637, 32.151000022888184, 20.438000202178955, 17.835999965667725, 15.045000076293945, 24.56499981880188, 19.707000017166138, 11.213000059127808, 1.8450000286102295, 2.116999864578247, 2.185999870300293, 2.1640000343322754, 300.24000000953674, 300.20699977874756, 98.7649998664856, 25.33899998664856, 3.614000082015991, 183.02300000190735, 66.50500011444092, 27.691999912261963, 2.6110000610351562, 19.890000104904175, 2.0320000648498535, 2.062000036239624, 1.9550001621246338, 1.8999998569488525, 1.8320000171661377, 0.38300013542175293, 1.1620001792907715, 0.42100000381469727, 1.0769999027252197, 1.2160000801086426, 0.3789999485015869, 0.377000093460083, 0.3250000476837158, 0.2070000171661377, 0.17299985885620117, 0.13400006294250488, 0.08299994468688965, 0.03800010681152344]",1557.1666666666667,0.0,887.7916666666666,649.6875,6.5625,34.729875003298126,0.000981610323760812,0.003966056944242986,nan,"[2, 2, 2, 2, 2, 2, 2, 2, 2, 2, 2, 2, 2, 2, 2, 2, 2, 2, 2, 2, 9, 9, 2, 2, 2, 2, 2, 2, 2, 2, 2, 2, 2, 2, 2, 2, 2, 2, 2, 2, 2, 2, 2, 2, 2, 2, 2, 2]","[1, 1, 1, 1, 2, 3, 2, 2, 2, 2, 2, 2, 4, 5, 6, 4, 1, 1, 1, 1, 3, 3, 2, 1, 1, 2, 2, 2, 1, 2, 1, 1, 1, 1, 1, 1, 1, 1, 1, 1, 1, 1, 1, 1, 1, 1, 1, 1]",2.2916666666666665,1.0,46,2,,oracle_mpc,formal/step7_33_oracle_mpc_raw.csv,Oracle-H7,1541.152952249162,0.0,,,,,,,,,,,,,,,,,
33,Oracle-H3,99,test_id,id_actual,perfect,3,,1688.835229316755,,,,73.36899948120117,1.5285208225250244,9.358999967575073,0,0,True,,100099,pure_mpc_clean,4,48,True,,1.0,0.12500000059024108,"[14.449653686426842, 12.279545957660831, 6.791290243454061, 4.8907071699231, 7.827551509317982, 7.239360356670117, 10.457572196461381, 11.862966543727609, 14.050785245632806, 15.224166171186303, 22.563923523628056, 32.5791984926111, 33.478039175424115, 27.78681545121124, 22.668690128668445, 5.9693560810704565, 5.341404849920754, 4.108047216137245, 2.87478542815765, 2.1602618202869666, 1.233011215274359, 0.0, 0.0, 0.0, 1.233037499537468, 9.42566929850554, 13.894150806048366, 31.90860450154523, 26.446603622554797, 26.32816969956584, 60.42833918032373, 84.71210777243806, 83.62100012897885, 119.63695481122697, 127.25118177764938, 126.42706073819613, 44.14764447812451, 64.01676864621953, 56.77009059456584, 49.25264109459971, 57.98511761328854, 61.76751643900512, 61.823705287295525, 53.75804619034481, 65.07299565098384, 74.03556383329561, 67.93887798268639, 55.1162492069241]","[0.3400001525878906, 0.880000114440918, 3.575000047683716, 0.09200000762939453, 3.307999849319458, 1.4739999771118164, 1.565000057220459, 1.0449998378753662, 1.3519999980926514, 1.2060000896453857, 0.7650001049041748, 0.31399989128112793, 1.2039999961853027, 0.5990002155303955, 1.9279999732971191, 1.0550000667572021, 1.5920000076293945, 0.4980001449584961, 4.073999881744385, 5.335000038146973, 3.2159998416900635, 0.565000057220459, 0.6579999923706055, 2.6570000648498535, 1.441999912261963, 9.358999967575073, 7.421000003814697, 7.941999912261963, 2.251999855041504, 1.3409998416900635, 0.809999942779541, 0.47699999809265137, 0.13000011444091797, 0.125, 0.14999985694885254, 0.09399986267089844, 0.2929999828338623, 0.3269999027252197, 0.35500001907348633, 0.23200011253356934, 0.10199999809265137, 0.30900001525878906, 0.2349998950958252, 0.20399999618530273, 0.13000011444091797, 0.24300003051757812, 0.06699991226196289, 0.031999826431274414]",698.125,0.0,398.5,290.8125,2.9375,1.5285208225250244,0.0008481847470155813,0.0009983096871418102,nan,"[2, 2, 2, 2, 2, 2, 2, 2, 2, 2, 2, 2, 2, 2, 2, 2, 2, 2, 2, 2, 2, 2, 2, 2, 2, 2, 2, 2, 2, 2, 2, 2, 2, 2, 2, 2, 2, 2, 2, 2, 2, 2, 2, 2, 2, 2, 2, 2]","[2, 3, 2, 1, 1, 1, 1, 1, 1, 1, 1, 1, 1, 1, 2, 2, 2, 2, 1, 1, 5, 1, 1, 5, 2, 1, 1, 2, 2, 2, 2, 1, 1, 1, 1, 1, 1, 1, 1, 1, 1, 1, 1, 1, 1, 1, 1, 1]",2.0,1.0,48,0,,oracle_mpc,formal/step7_33_oracle_mpc_raw.csv,Oracle-H7,1625.0241635042553,3.926776428659093,,,,,,,,,,,,,,,,,
33,Oracle-H7,99,test_id,id_actual,perfect,7,,1625.0241635042553,,,,3025.0809981822968,63.022520795464516,300.34299993515015,0,0,True,,100099,pure_mpc_clean,8,48,True,,1.0,0.1250000011170508,"[14.449653520956035, 15.350169884318442, 13.584617863358332, 7.549839719909362, 10.380510483786274, 7.608718896060104, 11.892982411896535, 15.607538279856405, 19.551330081026848, 20.150667923253174, 19.178458983685367, 19.480724136042372, 33.4779930002944, 14.97071860619989, 6.16615, 5.969356245586779, 5.060592675564512, 4.37383167356928, 3.1405491761837157, 1.9073607201755265, 1.2329554831186165, 1.491770788502461e-06, 1.23303948672295, 0.4615796090324284, 1.6946535468408503, 5.409981163186677, 20.6263612505846, 27.876677497224026, 28.610321351247478, 32.376007282916824, 60.428339315216185, 87.45327115824303, 83.62100005623368, 102.6048712172539, 105.35374627407639, 104.50436588675973, 44.14764468384706, 64.01677197327551, 56.77009424289472, 49.252641106655965, 57.9851176219923, 61.76751972021574, 61.82370528397913, 53.758046154745514, 65.07299563230386, 74.03556370577559, 67.93887788496315, 55.116249141455754]","[39.9539999961853, 300.2239999771118, 300.24399995803833, 300.202999830246, 264.16799998283386, 300.1779999732971, 54.823999881744385, 24.85599994659424, 24.914999961853027, 15.544999837875366, 17.90400004386902, 12.293999910354614, 9.28600001335144, 14.562999963760376, 14.098999977111816, 12.446000099182129, 19.869999885559082, 19.389999866485596, 17.294999837875366, 300.34299993515015, 121.12299990653992, 24.043999910354614, 23.85199999809265, 10.40500020980835, 300.3180000782013, 300.2189998626709, 57.73799991607666, 45.30999994277954, 37.115999937057495, 25.170000076293945, 2.0310001373291016, 3.181999921798706, 2.0899999141693115, 1.6589999198913574, 1.1459999084472656, 0.3640000820159912, 0.9769999980926514, 0.37800002098083496, 1.5339999198913574, 1.2219998836517334, 0.437999963760376, 1.0759999752044678, 0.35699987411499023, 0.18999981880187988, 0.1770000457763672, 0.2369999885559082, 0.08500003814697266, 0.04200005531311035]",1557.1666666666667,0.0,887.7916666666666,649.6875,6.5625,63.022520795464516,0.0010019846433113827,0.0018509224995052246,nan,"[2, 9, 9, 9, 2, 9, 2, 2, 2, 2, 2, 2, 2, 2, 2, 2, 2, 2, 2, 9, 2, 2, 2, 2, 9, 9, 2, 2, 2, 2, 2, 2, 2, 2, 2, 2, 2, 2, 2, 2, 2, 2, 2, 2, 2, 2, 2, 2]","[2, 1, 3, 2, 1, 1, 2, 2, 2, 2, 2, 2, 2, 2, 2, 3, 2, 1, 3, 4, 9, 3, 2, 2, 1, 1, 2, 2, 2, 1, 1, 1, 1, 2, 2, 1, 1, 1, 1, 1, 1, 1, 1, 1, 1, 1, 1, 1]",3.0208333333333335,1.0,41,7,,oracle_mpc,formal/step7_33_oracle_mpc_raw.csv,Oracle-H7,1625.0241635042553,0.0,,,,,,,,,,,,,,,,,
33,MPC-3,80,test_id,id_actual,id_reliable,3,,1750.6988865261387,,,,51.231000900268555,1.067312518755595,12.805000066757202,0,0,True,,100080,pure_mpc,4,48,True,,1.0,0.1250000008052981,"[10.482018139143662, 14.052368896214753, 8.368416324427631, 11.555666360304798, 5.607606363758771, 9.201104499587116, 5.545716402509746, 10.481076291921031, 15.405441260602855, 5.951439941151344, 22.225361803920308, 27.206663364914398, 40.980445862796216, 26.457257634046854, 16.66519575758521, 5.837313129066636, 5.813144305224585, 4.579749779686162, 3.3464512541477394, 2.1132487292432884, 0.8801422047048304, 0.0, 0.0, 0.0, 1.2330379320254377, 6.108764882762916, 33.752673003789766, 22.35691814383785, 33.060406163603645, 38.91841369198173, 64.13651672877428, 79.5946397399563, 104.97452735523804, 131.6915575809789, 94.9222869791213, 117.67528952130216, 54.65258367496772, 52.93589535959376, 57.31782922899325, 64.87999558653438, 70.66968459823302, 72.55979420687555, 64.03571792036274, 68.24031938297485, 73.08466817711293, 64.7912945202977, 64.48228202774276, 61.867961814120115]","[0.5039999485015869, 1.4300000667572021, 0.2610001564025879, 7.368000030517578, 0.08300018310546875, 0.7010002136230469, 0.2890000343322754, 0.5869998931884766, 0.24300003051757812, 0.06100010871887207, 0.42100000381469727, 0.2239999771118164, 0.5720000267028809, 1.7060000896453857, 1.5220000743865967, 0.09999990463256836, 0.10299992561340332, 0.48600006103515625, 0.503000020980835, 0.039999961853027344, 0.03500008583068848, 0.47299981117248535, 0.3880000114440918, 0.04400014877319336, 1.5479998588562012, 12.805000066757202, 11.242999792098999, 2.2840001583099365, 1.871999979019165, 0.49900007247924805, 0.1269998550415039, 0.2890000343322754, 0.36100006103515625, 0.37400007247924805, 0.3400001525878906, 0.0820000171661377, 0.1679999828338623, 0.17699980735778809, 0.1549999713897705, 0.14599990844726562, 0.08299994468688965, 0.06800007820129395, 0.14700007438659668, 0.08999991416931152, 0.0840001106262207, 0.08100008964538574, 0.04700016975402832, 0.01699995994567871]",,,,,,,,,,,,,,,,,,formal/step4_33_main_model_based_raw.csv,Oracle-H7,1653.8005843432136,5.8591285491295855,,,,,,,,,,,,,,,,,
33,MPC-5,80,test_id,id_actual,id_reliable,5,,1688.383861936713,,,,360.71299958229065,7.514854157964389,114.22399997711182,0,0,True,,100080,pure_mpc,6,48,True,,1.0,0.12500000203813483,"[10.482016945060398, 15.36092918577627, 13.850894621645246, 13.151143658027095, 5.6621126209833195, 8.455245822632968, 5.447463727408751, 9.333120222982853, 18.119058585327153, 12.580546011734954, 29.85818557120467, 27.20666336621545, 40.98044578467955, 12.447777790130488, 6.16615, 4.943738881420303, 5.971069839730987, 4.737810575918837, 3.504499747462748, 2.271284919006659, 1.0381660915660633, 0.0, 0.0, 0.0, 1.2330379489525063, 20.35364703457767, 36.65003427856402, 22.35691554905245, 33.060406290854885, 38.91841347558322, 64.13653709825053, 79.59462302012227, 94.22183337696184, 109.05977593006537, 72.29927010155987, 95.41301522185377, 54.65258581596501, 52.93589543260274, 57.317829245100185, 64.87999568966741, 70.66968459539933, 72.55979429568792, 64.035717939141, 68.24031933757966, 73.08466812910206, 64.79129456065371, 64.4822819381536, 61.86796166234691]","[5.317000150680542, 15.635999917984009, 20.646999835968018, 39.490999937057495, 2.0789999961853027, 22.481000185012817, 4.296000003814697, 29.688999891281128, 3.753999948501587, 11.781999826431274, 3.1410000324249268, 3.549999952316284, 3.3480000495910645, 7.259000062942505, 1.0069999694824219, 10.378000020980835, 0.7039999961853027, 0.08500003814697266, 0.7409999370574951, 0.7439999580383301, 0.7230000495910645, 0.5110001564025879, 4.940000057220459, 10.800000190734863, 1.933000087738037, 114.22399997711182, 20.47599983215332, 11.424000024795532, 3.190999984741211, 1.1519999504089355, 0.15400004386901855, 0.5539999008178711, 0.5809998512268066, 0.9240000247955322, 1.2829999923706055, 0.16100001335144043, 0.1679999828338623, 0.1700000762939453, 0.16499996185302734, 0.15400004386901855, 0.15600013732910156, 0.15000009536743164, 0.14399981498718262, 0.14499998092651367, 0.12599992752075195, 0.09099984169006348, 0.06200003623962402, 0.021999835968017578]",,,,,,,,,,,,,,,,,,formal/step4_33_main_model_based_raw.csv,Oracle-H7,1653.8005843432136,2.0911395195348588,,,,,,,,,,,,,,,,,
33,MPC-7,80,test_id,id_actual,id_reliable,7,,1667.6646799909201,,,,1657.9630002975464,34.54089583953222,300.2279999256134,0,0,True,,100080,pure_mpc,8,48,True,,1.0,0.1250000022824648,"[10.48201604851235, 18.4827897151283, 14.990910376136583, 13.566753357673974, 5.883425537306248, 8.710129317871102, 5.747094557642912, 14.254628107773108, 22.232926448652833, 6.884738043574885, 25.078050740654326, 20.58603727622724, 40.98040975164869, 12.447741184402012, 6.166149933843153, 4.932727954205225, 5.954733026850719, 4.721327481377215, 3.4880179359037125, 2.2548043910641966, 1.0216868465907196, 0.0, 0.0, 0.0, 1.2330379877708562, 22.176599653271193, 36.65004220127037, 22.35691842092716, 33.06040642755465, 38.918413605210496, 64.13653716141059, 79.59463959043939, 87.60020421210795, 102.98885641154034, 65.1508837173819, 95.41301659964466, 54.65258360674725, 52.93589537865214, 57.317829197468306, 64.87999556144216, 70.66968458208083, 72.55979417961791, 64.03571793679602, 68.24031932179393, 73.08466811236967, 64.79129453781422, 64.48228192248214, 61.86796163208597]","[11.223000049591064, 300.2079999446869, 155.87400007247925, 300.14599990844727, 0.2649998664855957, 300.2279999256134, 3.502000093460083, 35.55799984931946, 17.10700011253357, 31.549999952316284, 16.41000008583069, 13.239000082015991, 32.49499988555908, 13.393999814987183, 13.551000118255615, 13.873000144958496, 1.6009998321533203, 1.0999999046325684, 1.2339999675750732, 1.7720000743865967, 1.628000020980835, 1.7119998931884766, 11.666000127792358, 30.41699981689453, 1.7960000038146973, 300.15300011634827, 17.83999991416931, 14.851999998092651, 1.5820000171661377, 1.8960001468658447, 1.6410000324249268, 1.2690000534057617, 0.9819998741149902, 0.2609999179840088, 1.5480000972747803, 0.2589998245239258, 0.24399995803833008, 1.1040000915527344, 1.2000000476837158, 0.33500003814697266, 0.24100017547607422, 0.25, 0.2350001335144043, 0.1830000877380371, 0.1490001678466797, 0.0989999771118164, 0.06500005722045898, 0.026000022888183594]",,,,,,,,,,,,,,,,,,formal/step4_33_main_model_based_raw.csv,Oracle-H7,1653.8005843432136,0.8383172541453974,,,,,,,,,,,,,,,,,
33,Proposed-H3,80,test_id,id_actual,id_reliable,3,0.3,1386.6191620364643,,,,31.141000509262085,0.6487708439429601,1.9030001163482666,0,0,True,,100080,proposed,4,48,True,,1.0,0.12499999981117517,"[43.16148344873406, 14.053861265932571, 8.368419654139988, 5.053511879461315, 6.16615, 6.16615, 6.16615, 6.16615, 7.330089962287649, 6.16615, 13.461580328103064, 26.219052834765776, 40.980445788473354, 16.12518959736911, 12.972088114895513, 6.16615, 6.16615, 6.16615, 4.932728, 4.044063791517877, 3.699402, 3.699402, 3.699402, 3.699402, 4.932727378501924, 6.16615, 6.16615, 6.16615, 6.16615, 6.16615, 20.01665753411342, 35.06517133887761, 60.09969840036587, 89.8355107266273, 62.78159649500154, 95.41301522094275, 44.62368401531272, 46.52232480053309, 49.60749733533076, 59.484908097193454, 64.57470454428336, 70.71950200196392, 62.23505324030902, 67.39557044524967, 71.9332368516398, 64.3245392396767, 64.03052414516628, 61.36316755969478]","[1.9030001163482666, 0.5959999561309814, 0.6029999256134033, 0.7609999179840088, 0.6800000667572021, 0.8190000057220459, 0.7269999980926514, 0.5380001068115234, 0.08099985122680664, 0.48199987411499023, 0.7290000915527344, 0.7200000286102295, 0.6779999732971191, 0.6579999923706055, 0.695000171661377, 0.5850000381469727, 0.6640000343322754, 0.7010002136230469, 0.6840000152587891, 0.6040000915527344, 0.5509998798370361, 0.5230000019073486, 0.627000093460083, 0.6190001964569092, 0.7419998645782471, 0.5540001392364502, 0.7119998931884766, 0.6730000972747803, 0.5959999561309814, 1.4909999370574951, 0.684999942779541, 0.6929998397827148, 0.6190001964569092, 0.6400001049041748, 0.627000093460083, 0.753000020980835, 0.6089999675750732, 0.7170000076293945, 0.6119999885559082, 0.6639997959136963, 0.6460001468658447, 0.6559998989105225, 0.6430001258850098, 0.6959998607635498, 0.684999942779541, 0.10699987411499023, 0.07000017166137695, 0.023000001907348633]",,,,,,,,,,,,,,,,,,formal/step4_33_main_model_based_raw.csv,Oracle-H7,1653.8005843432136,-16.155600913205447,,,,,,,,,,,,,,,,,
33,MPC-3,81,test_id,id_actual,id_reliable,3,,1667.9582633958096,,,,57.13700032234192,1.1903541733821232,9.835999965667725,0,0,True,,100081,pure_mpc,4,48,True,,1.0,0.12500000058713587,"[23.33884271283026, 7.390408816428465, 3.699401771531471, 8.93443076675958, 5.450661963250343, 14.14520746052375, 5.737565109656372, 9.095700733370027, 9.439754879939173, 9.317248530289076, 20.112155833198425, 26.715228198149703, 27.458468670769697, 29.62071317392268, 10.121871532716908, 5.704481545808442, 5.415104064173082, 4.181740518872682, 2.9484729740722564, 1.715301428771817, 0.4822258834713777, 0.0, 0.0, 0.0, 12.423839792106653, 35.772241609514694, 3.699401869669616, 18.43853891215748, 19.313460069585496, 35.38642202217725, 61.300789238477044, 87.90200543783754, 97.56779739148308, 103.04618075989454, 116.6989121309942, 112.77750304094592, 55.66889373535791, 66.0181679097315, 59.95167389291488, 77.0961950509157, 71.97509155253145, 61.191993704990054, 49.728950925218655, 56.06499556556008, 57.327933388668214, 55.14839296073207, 60.271744480934466, 62.162151384905414]","[0.0820000171661377, 3.3259999752044678, 0.09800004959106445, 7.996999979019165, 0.3339998722076416, 1.2260000705718994, 0.09100008010864258, 0.6610000133514404, 1.4520001411437988, 0.9720001220703125, 0.4010000228881836, 0.23199987411499023, 2.238999843597412, 0.4200000762939453, 1.9739999771118164, 0.3900001049041748, 0.13000011444091797, 0.45399999618530273, 0.046000003814697266, 0.46200013160705566, 0.4160001277923584, 0.44700002670288086, 4.397000074386597, 3.2699999809265137, 9.835999965667725, 5.943000078201294, 0.28799986839294434, 2.074000120162964, 2.868000030517578, 1.0769999027252197, 0.437000036239624, 0.1510000228881836, 0.09400010108947754, 0.5090000629425049, 0.10899996757507324, 0.10099983215332031, 0.19499993324279785, 0.09499979019165039, 0.24600005149841309, 0.10899996757507324, 0.09200000762939453, 0.26600003242492676, 0.21300005912780762, 0.2820000648498535, 0.2569999694824219, 0.27899980545043945, 0.07699990272521973, 0.02200007438659668]",,,,,,,,,,,,,,,,,,formal/step4_33_main_model_based_raw.csv,Oracle-H7,1562.8478058209134,6.725572201170607,,,,,,,,,,,,,,,,,
33,MPC-5,81,test_id,id_actual,id_reliable,5,,1650.061631646733,,,,726.8999998569489,15.143749997019768,300.1619999408722,0,0,True,,100081,pure_mpc,6,48,True,,1.0,0.125000002241488,"[23.338816395523214, 7.3904081226386475, 3.6994019458198215, 12.372163642381594, 5.636845782858764, 14.778428636149991, 5.740925940424139, 8.64010928907917, 12.804246690795598, 17.619801868002824, 25.79061738388767, 26.715226899078367, 27.458468473727656, 15.842747892256561, 4.93272820900452, 5.304499253582624, 5.3581769122226675, 4.124965512495477, 2.8917023865104725, 1.658535260525468, 0.42546413454046356, 0.0, 0.0, 0.12448492688580175, 26.439825464332117, 35.88730970182844, 6.265239122996431, 16.72389008133529, 19.31347454853349, 35.38642214422073, 61.30078937274705, 87.90200557239214, 97.5677977452242, 91.58451609123306, 105.15907249141512, 101.2763286811626, 55.668893823335495, 66.018167926889, 59.95167762227661, 77.09619504386578, 71.97509156347051, 61.19199718960512, 49.72895100605658, 56.06499887196564, 57.32793343515706, 55.14839297041096, 60.27174443941907, 62.16215117846945]","[12.468000173568726, 8.329999923706055, 0.6919999122619629, 33.543999910354614, 4.11299991607666, 31.01799988746643, 0.18400001525878906, 29.95799994468689, 11.881999969482422, 7.859999895095825, 9.301000118255615, 7.2820000648498535, 0.997999906539917, 0.5889999866485596, 2.930999994277954, 4.888999938964844, 7.697999954223633, 0.08499979972839355, 0.7829999923706055, 0.7480001449584961, 0.752000093460083, 300.1619999408722, 23.401000022888184, 18.421000003814697, 87.89900016784668, 38.59499979019165, 28.5479998588562, 19.48300004005432, 21.45300006866455, 1.1740000247955322, 0.9589998722076416, 0.8239998817443848, 0.8599998950958252, 1.0529999732971191, 0.6749999523162842, 0.17400002479553223, 0.1940000057220459, 0.15999984741210938, 0.17300009727478027, 0.19300007820129395, 0.1679999828338623, 0.19100022315979004, 3.7120001316070557, 0.17400002479553223, 1.755000114440918, 0.2970001697540283, 0.07200002670288086, 0.02500009536743164]",,,,,,,,,,,,,,,,,,formal/step4_33_main_model_based_raw.csv,Oracle-H7,1562.8478058209134,5.580442670168324,,,,,,,,,,,,,,,,,
33,MPC-7,81,test_id,id_actual,id_reliable,7,,1595.3342275148598,,,,1432.3360004425049,29.840333342552185,300.3789999485016,0,0,True,,100081,pure_mpc,8,48,True,,1.0,0.12500000209476145,"[24.56868830080551, 7.390408091995546, 3.6994019595521426, 13.726458984731249, 5.81283913304242, 15.338437404050028, 6.190823176261931, 13.87865511312733, 18.151871402305837, 15.234658003035323, 18.24678007731729, 26.7152263227853, 27.458468473727244, 15.842747686350576, 4.932728, 4.97471663538905, 5.0269875851910735, 3.7936542484925013, 2.5604169122938734, 1.3272755755952623, 0.5529083324523021, 0.0, 0.0, 0.7078618892185049, 24.14899185014776, 27.828226049621556, 4.40742922678492, 8.696639373595614, 19.313449912928643, 35.38642252523417, 61.30078937611317, 87.90200549692644, 90.13006927418985, 80.97364045005992, 94.29029107362206, 92.21806456592383, 55.66889396866289, 66.01816791452367, 59.951677632394194, 77.09619503327649, 71.97509155745723, 61.1919972876189, 49.72895091347545, 56.064998854492465, 57.32793332690378, 55.14839289718441, 60.271744449236714, 62.1621511967654]","[106.18700003623962, 3.1000001430511475, 1.5350000858306885, 300.0940001010895, 1.1979999542236328, 115.08200001716614, 94.00200009346008, 45.2039999961853, 37.026999950408936, 48.604000091552734, 13.401999950408936, 13.595999956130981, 1.5130000114440918, 14.7260000705719, 5.378000020980835, 12.696999788284302, 14.56000018119812, 1.4560000896453857, 1.814000129699707, 8.936999797821045, 91.8970000743866, 9.497999906539917, 16.38100004196167, 16.127000093460083, 300.3789999485016, 49.42300009727478, 21.686000108718872, 39.99900007247925, 32.27900004386902, 1.377000093460083, 1.4250001907348633, 2.244999885559082, 1.3229999542236328, 1.0950000286102295, 0.2720000743865967, 0.2869999408721924, 0.7690000534057617, 0.2719998359680176, 0.7300000190734863, 0.24399995803833008, 0.25300002098083496, 0.9939999580383301, 0.6840000152587891, 0.19299983978271484, 2.009999990463257, 0.27899980545043945, 0.07699990272521973, 0.026000022888183594]",,,,,,,,,,,,,,,,,,formal/step4_33_main_model_based_raw.csv,Oracle-H7,1562.8478058209134,2.078668285737668,,,,,,,,,,,,,,,,,
33,Proposed-H3,81,test_id,id_actual,id_reliable,3,0.3,1301.2690372024251,,,,29.37299919128418,0.6119374831517538,1.622999906539917,0,0,True,,100081,proposed,4,48,True,,1.0,0.12499999981141227,"[56.388190995543376, 7.390410437214501, 3.699402, 4.932728, 6.16615, 6.16615, 6.16615, 6.16615, 6.16615, 6.16615, 11.695979969374584, 25.921240208581402, 27.45846851933647, 18.577783393244765, 7.401639973242143, 6.16615, 6.16615, 6.16615, 5.732822301216129, 4.499434028230828, 4.138088172268393, 3.6994020000000005, 3.699402, 4.310626168303408, 5.543999745487659, 6.16615, 5.578491842845432, 6.16615, 6.16615, 6.16615, 17.36443354626413, 43.32232239033185, 52.60633409931632, 58.86134272673081, 84.77806373386991, 92.19756462657003, 38.79599308873799, 54.21098270011677, 48.40901378561827, 70.46567554687498, 67.09182961544437, 56.12854893872791, 48.60447589464397, 56.06499294325767, 55.534300617893784, 53.889282416625015, 59.95374197110582, 62.16207880540659]","[0.28999996185302734, 0.7929999828338623, 0.570000171661377, 0.6749999523162842, 0.684999942779541, 0.6419999599456787, 0.1119999885559082, 0.12999987602233887, 0.5730001926422119, 0.557999849319458, 0.687999963760376, 0.744999885559082, 0.6560001373291016, 0.625999927520752, 0.5720000267028809, 0.687000036239624, 1.622999906539917, 0.6189999580383301, 0.6779999732971191, 0.6710000038146973, 0.6450002193450928, 0.4700000286102295, 0.5720000267028809, 0.7219998836517334, 0.7439999580383301, 0.18799996376037598, 0.7070000171661377, 0.5909998416900635, 0.7160000801086426, 1.6059999465942383, 0.6319999694824219, 0.5929999351501465, 0.6729998588562012, 0.624000072479248, 0.7139999866485596, 0.7620000839233398, 0.6629998683929443, 0.7460000514984131, 0.6399998664855957, 0.6649999618530273, 0.6720001697540283, 0.6109998226165771, 0.625999927520752, 0.25099992752075195, 0.5750000476837158, 0.2720000743865967, 0.07299995422363281, 0.026999950408935547]",,,,,,,,,,,,,,,,,,formal/step4_33_main_model_based_raw.csv,Oracle-H7,1562.8478058209134,-16.73731553669037,,,,,,,,,,,,,,,,,
33,MPC-3,82,test_id,id_actual,id_reliable,3,,1618.251724660957,,,,51.4529983997345,1.0719374666611354,14.340999841690063,0,0,True,,100082,pure_mpc,4,48,True,,1.0,0.1250000024781391,"[21.164019106972173, 4.58127717687117, 4.237034864826845, 4.805004447301543, 5.195224491855499, 8.842902906693404, 6.164347087592464, 13.946681696647607, 11.612423185860006, 10.334146900229378, 19.352682894474718, 22.435058565929495, 30.47539005487299, 24.662072920377895, 32.710471386029326, 8.18428723000262, 5.546259201509577, 5.7277285715849375, 4.494340694051879, 3.2610488170182688, 2.0278530438646274, 0.794753166323405, 0.0, 0.0, 1.233037664253865, 2.466171537664898, 18.440951561296874, 15.654385243693113, 32.48419504357457, 34.31307730816358, 43.688877934058624, 78.23701948097361, 90.94720657236145, 105.37248931292724, 122.63816276992108, 107.09388065519072, 46.966722266149915, 64.43558174903023, 62.95687576798267, 60.52193234823306, 62.362120390659, 58.54338428264624, 52.16307865533275, 54.43324260972327, 64.02372908867939, 58.76931450120859, 69.06454600086943, 60.88673350547301]","[0.26399993896484375, 2.3630001544952393, 3.628000020980835, 0.32899999618530273, 0.34800004959106445, 3.1529998779296875, 0.0690000057220459, 0.307999849319458, 1.1519999504089355, 0.9509999752044678, 1.1599998474121094, 0.8659999370574951, 0.5119998455047607, 1.126000165939331, 0.2350001335144043, 2.682999849319458, 0.11899995803833008, 0.5370001792907715, 0.437999963760376, 0.05000019073486328, 0.04999995231628418, 0.4270000457763672, 0.039999961853027344, 0.442000150680542, 2.6449999809265137, 2.2939999103546143, 14.340999841690063, 4.671999931335449, 1.3650000095367432, 0.8509998321533203, 0.4140000343322754, 0.5419998168945312, 0.30500006675720215, 0.42599987983703613, 0.11500000953674316, 0.12299990653991699, 0.26199984550476074, 0.10199999809265137, 0.18899989128112793, 0.1940000057220459, 0.2709999084472656, 0.10500001907348633, 0.20299983024597168, 0.17299985885620117, 0.2590000629425049, 0.2589998245239258, 0.06599998474121094, 0.026999950408935547]",,,,,,,,,,,,,,,,,,formal/step4_33_main_model_based_raw.csv,Oracle-H7,1517.4331183550316,6.644023060154209,,,,,,,,,,,,,,,,,
33,MPC-5,82,test_id,id_actual,id_reliable,5,,1574.0928146275207,,,,642.424998998642,13.38385414580504,300.2349998950958,0,0,True,,100082,pure_mpc,6,48,True,,1.0,0.12500000172248857,"[21.164010342894045, 4.581274805109022, 4.237034864831119, 4.932727779656723, 5.521903050418817, 9.693212969780198, 6.708347918580062, 12.934514728105125, 15.073248884149102, 19.22007374674228, 25.723188217430113, 11.454466419895267, 30.475387075430213, 13.79365400959892, 24.342684997287385, 8.184262602808552, 5.623352838864054, 5.968706362676409, 4.735299729655141, 3.501989107140547, 2.2687744747524543, 1.035655842730302, 0.0, 0.0, 0.8050664813638522, 11.20830127617318, 28.377911210328705, 21.54936163157568, 38.392282828106424, 34.31307782677456, 43.68887801851877, 78.23701961897608, 84.86386772861327, 85.4865696109986, 103.17931940947584, 87.69008974627835, 46.96672598628862, 64.43558194484297, 62.956880352462214, 60.52195564984633, 62.36212185618686, 58.54338443788241, 52.163078833706045, 54.43324274175982, 64.0237323470249, 58.769314662139315, 69.06454605999362, 60.88673359966859]","[12.027999877929688, 12.550000190734863, 6.190000057220459, 4.408999919891357, 4.821999788284302, 31.042999982833862, 20.073999881744385, 14.380000114440918, 16.759999990463257, 6.360000133514404, 2.8580000400543213, 1.9169998168945312, 10.401999950408936, 5.994999885559082, 4.351999998092651, 9.467000007629395, 0.7379999160766602, 7.9720001220703125, 0.8970000743865967, 21.21299982070923, 1.3040001392364502, 10.147000074386597, 7.0959999561309814, 10.849999904632568, 1.249000072479248, 300.2349998950958, 76.50599980354309, 18.11899995803833, 4.5929999351501465, 7.38100004196167, 3.36299991607666, 0.8249998092651367, 1.2019999027252197, 1.1979999542236328, 0.17200016975402832, 1.1109998226165771, 0.2070000171661377, 0.20399999618530273, 0.24300003051757812, 0.19299983978271484, 0.22900009155273438, 0.19900012016296387, 0.504000186920166, 0.19099998474121094, 0.20600008964538574, 0.372999906539917, 0.06999993324279785, 0.0279998779296875]",,,,,,,,,,,,,,,,,,formal/step4_33_main_model_based_raw.csv,Oracle-H7,1517.4331183550316,3.7339172044637365,,,,,,,,,,,,,,,,,
33,MPC-7,82,test_id,id_actual,id_reliable,7,,1538.3360136034592,,,,1655.233999490738,34.48404165605704,300.1749999523163,0,0,True,,100082,pure_mpc,8,48,True,,1.0,0.12500000201514425,"[22.513985727912367, 4.581277178351094, 4.237034864832471, 4.932701431738836, 5.648754048706879, 10.646828914104212, 9.75767136429818, 17.95686541414071, 19.731330482162512, 18.853600981708198, 17.837881377207328, 6.16615, 30.475389875159884, 11.42209813680133, 21.982594259138715, 8.169785229406386, 5.6233529724772655, 5.968705361023186, 4.735298728505614, 3.5019881098608288, 2.268773477550366, 1.0356548611448342, 0.0, 7.504990843309723e-07, 17.257578977601845, 14.31168793994937, 22.47315704934466, 15.654368704561204, 32.48419533070987, 34.31307794896116, 43.68887206925243, 78.23701898193954, 75.9439983198033, 71.47999356698651, 93.19887437427975, 86.11816425118187, 46.966725854802306, 64.43558196626871, 62.956880354542044, 60.52195565144205, 62.362124018122024, 58.54338461703824, 52.16308080718347, 54.43324270798591, 64.02373232813179, 58.76931463654226, 69.0645460369138, 60.88673356318473]","[195.26600003242493, 5.182999849319458, 6.644000053405762, 0.31800007820129395, 2.632999897003174, 170.5640001296997, 99.56599998474121, 50.2720000743866, 42.47499990463257, 21.11400008201599, 12.537999868392944, 1.9549999237060547, 1.7839999198913574, 18.604000091552734, 13.125999927520752, 47.12599992752075, 1.4509999752044678, 7.9090001583099365, 2.2990000247955322, 24.044999837875366, 15.011000156402588, 300.1749999523163, 9.389999866485596, 29.147000074386597, 167.1470000743866, 300.17000007629395, 52.38900017738342, 16.881999969482422, 1.806999921798706, 9.901999950408936, 16.437999963760376, 1.7079999446868896, 1.6329998970031738, 1.4100000858306885, 0.24699997901916504, 1.497999906539917, 1.1949999332427979, 0.3039999008178711, 0.33299994468688965, 0.33499979972839355, 0.8949999809265137, 1.1990001201629639, 0.2910001277923584, 0.21700000762939453, 0.17600011825561523, 0.34999990463256836, 0.07500004768371582, 0.037999868392944336]",,,,,,,,,,,,,,,,,,formal/step4_33_main_model_based_raw.csv,Oracle-H7,1517.4331183550316,1.3775167416332146,,,,,,,,,,,,,,,,,
33,Proposed-H3,82,test_id,id_actual,id_reliable,3,0.3,1276.1064481778747,,,,33.360000133514404,0.69500000278155,2.1410000324249268,0,0,True,,100082,proposed,4,48,True,,1.0,0.12499999981132646,"[54.16867974900008, 37.16718616411767, 4.2370382744830435, 4.932728, 6.16615, 6.16615, 6.16615, 6.16615, 6.16615, 6.16615, 6.16615, 6.16615, 30.475389874991485, 10.270849030151787, 15.147629766188768, 6.16615, 6.16615, 6.16615, 6.16615, 6.024562849308485, 4.791151872327006, 3.699402, 3.699402, 4.792888361934694, 5.685820788459104, 5.98231574078422, 6.16615, 6.16615, 6.16615, 6.16615, 6.16615, 33.71562141846153, 46.01467197418997, 60.24786778949322, 93.19887296780726, 86.11816424914917, 33.67453139584062, 54.00191741106469, 52.60337676746867, 52.52096022862197, 56.13987623511849, 57.753697108551634, 50.33627833962586, 53.98972155723634, 63.51256667805741, 57.52778363198515, 68.39394622790797, 60.45699972554794]","[2.1410000324249268, 1.5230000019073486, 0.12100005149841309, 0.07899999618530273, 0.5439999103546143, 0.5199999809265137, 0.5469999313354492, 0.5969998836517334, 0.17499995231628418, 0.0820000171661377, 0.5839998722076416, 0.7300000190734863, 0.6630001068115234, 0.6400001049041748, 0.5829999446868896, 0.7100000381469727, 0.7809998989105225, 0.7100000381469727, 0.812000036239624, 0.7610001564025879, 0.6590001583099365, 0.6420001983642578, 0.687000036239624, 0.8209998607635498, 0.7719998359680176, 0.7880001068115234, 0.7160000801086426, 1.7850000858306885, 0.7090001106262207, 1.440999984741211, 0.7349998950958252, 0.75, 0.7159998416900635, 0.7220001220703125, 0.7630000114440918, 0.7709999084472656, 0.8020000457763672, 0.8250000476837158, 0.7649998664855957, 0.742999792098999, 0.7079999446868896, 0.7289998531341553, 0.7090001106262207, 0.7270002365112305, 0.1700000762939453, 0.2969999313354492, 0.0710000991821289, 0.03399991989135742]",,,,,,,,,,,,,,,,,,formal/step4_33_main_model_based_raw.csv,Oracle-H7,1517.4331183550316,-15.903611649043642,,,,,,,,,,,,,,,,,
33,MPC-3,83,test_id,id_actual,id_reliable,3,,1699.9911551342036,,,,57.04599857330322,1.1884583036104839,15.615999937057495,0,0,True,,100083,pure_mpc,4,48,True,,1.0,0.12500000072835343,"[17.22111724901206, 9.508726749618866, 4.735440789440922, 4.932727793851666, 7.655447487818503, 5.3435867782300175, 11.302352713955894, 11.653234191184538, 6.16615, 6.957033541349288, 14.98685303464027, 24.27294614820901, 35.662218395945054, 23.609158989352885, 15.717898413198236, 18.26679216730212, 6.013648753266802, 4.780238622376002, 3.5469244914852016, 2.3137063605944013, 1.0805842297036004, 0.0, 0.0, 0.0, 1.2330379239939664, 28.72123120756221, 3.6994019225931853, 12.170584097659278, 32.21083161560226, 48.646087866041825, 62.45512982918797, 87.2329897675786, 112.7678088707163, 117.22389964070793, 133.56576944302623, 113.76993401219757, 51.410253857969344, 41.7570805655694, 59.404902392938915, 63.02261592292367, 56.865600177675475, 62.758635722043955, 64.53189047034198, 67.05815803756214, 63.26342737165204, 62.00681220977322, 59.303004235332054, 59.18528107301832]","[0.7239999771118164, 0.9160001277923584, 5.628999948501587, 0.08299994468688965, 3.741999864578247, 0.3900001049041748, 1.4830000400543213, 0.36699986457824707, 0.7050001621246338, 4.787999868392944, 0.6010000705718994, 0.7100000381469727, 0.6119999885559082, 1.9279999732971191, 6.807999849319458, 0.4629998207092285, 0.13699984550476074, 0.47299981117248535, 0.5139999389648438, 0.4960000514984131, 0.5, 0.053999900817871094, 0.05900001525878906, 0.046000003814697266, 1.6180000305175781, 15.615999937057495, 0.14499998092651367, 2.2269999980926514, 1.556999921798706, 0.45600008964538574, 0.14600014686584473, 0.0969998836517334, 0.38299989700317383, 0.12799978256225586, 0.11399984359741211, 0.12199997901916504, 0.2890000343322754, 0.2349998950958252, 0.26799988746643066, 0.10899996757507324, 0.2910001277923584, 0.2109999656677246, 0.10100007057189941, 0.10899996757507324, 0.21000003814697266, 0.2799999713897705, 0.07899999618530273, 0.026999950408935547]",,,,,,,,,,,,,,,,,,formal/step4_33_main_model_based_raw.csv,Oracle-H7,1603.1980159143943,6.037503680704264,,,,,,,,,,,,,,,,,
33,MPC-5,83,test_id,id_actual,id_reliable,5,,1642.8807481830104,,,,603.249000787735,12.567687516411146,300.0920000076294,0,0,True,,100083,pure_mpc,6,48,True,,1.0,0.12500000177177223,"[17.22111725048292, 9.508727408083073, 8.580267915872065, 4.932727875725241, 7.667867366543995, 5.415431470295256, 11.401127563180491, 11.614190579354478, 8.672613936601465, 15.603045468150546, 20.238406474014294, 12.463559535699003, 35.66221691352273, 11.419995293065263, 11.128532968389287, 18.26679034656666, 6.05735105951177, 4.8239375277024905, 3.5907932280375476, 2.3575716823178037, 1.12444613659806, 0.0, 0.0, 0.0, 1.2330379593085599, 30.95346699340683, 9.693243135066979, 12.170581171085054, 32.21082130056014, 48.64608802800604, 62.45512988596061, 87.23298983961806, 108.74035012566681, 100.99134484298902, 114.96328820864768, 95.27201924479988, 51.41025393208679, 41.75708060750661, 59.404906208005954, 63.02261601695683, 56.865603790984515, 62.75863567257373, 64.5318904617973, 67.05815802250314, 63.26342738465706, 62.00681226244133, 59.303004145563406, 59.185280943103514]","[4.754999876022339, 7.13700008392334, 19.67199993133545, 0.4310002326965332, 41.1489999294281, 0.9739999771118164, 20.344000101089478, 24.23800015449524, 17.05999994277954, 13.835999965667725, 4.371000051498413, 3.6720001697540283, 9.5, 11.13700008392334, 9.55299997329712, 8.918999910354614, 1.0980000495910645, 1.1159999370574951, 0.09299993515014648, 0.9839999675750732, 1.0310001373291016, 11.699000120162964, 11.171000003814697, 12.16599988937378, 2.4560000896453857, 20.10199999809265, 300.0920000076294, 26.29200005531311, 6.074999809265137, 1.4809999465942383, 1.1170001029968262, 1.3299999237060547, 0.9409999847412109, 0.8720002174377441, 0.20399999618530273, 0.1809999942779541, 0.1809999942779541, 3.9790000915527344, 0.2200000286102295, 0.21600008010864258, 0.20099997520446777, 0.1919999122619629, 0.2070000171661377, 0.20000004768371582, 0.17200016975402832, 0.312000036239624, 0.08299994468688965, 0.03699994087219238]",,,,,,,,,,,,,,,,,,formal/step4_33_main_model_based_raw.csv,Oracle-H7,1603.1980159143943,2.475223389419102,,,,,,,,,,,,,,,,,
33,MPC-7,83,test_id,id_actual,id_reliable,7,,1638.7697157431462,,,,1515.864999294281,31.580520818630855,300.2430000305176,0,0,True,,100083,pure_mpc,8,48,True,,1.0,0.1250000019254344,"[17.221117546014437, 13.100262013943185, 11.965453025544107, 4.932725935356503, 8.43379693211366, 5.474712872954419, 13.345529403638935, 16.063672776938482, 9.064476687272958, 12.595168446632524, 13.924862448805678, 6.298444084331625, 35.662218037092906, 11.42005213567272, 11.128489910766266, 18.266794611153337, 6.057351058462131, 4.823937526652929, 3.5907932499919157, 2.357571704904465, 1.1244461601829767, 0.0, 0.0, 0.0, 19.137244290176934, 30.953485158871988, 9.69326535542774, 12.170599190937013, 32.21083206832038, 48.64608812824112, 62.45512991842892, 87.23298975171187, 103.45113593317855, 95.48906096252139, 109.7864242944761, 90.1239147847355, 51.410254079253306, 41.75708051258391, 59.40490613996826, 63.02261592857613, 56.86560381998387, 62.75863571110594, 64.53189045950951, 67.05815801075101, 63.26342737543919, 62.006812254195474, 59.30300412234259, 59.18528092398365]","[82.64399981498718, 99.8840000629425, 300.2430000305176, 0.24099993705749512, 214.62799978256226, 1.4900000095367432, 23.20799994468689, 26.4689998626709, 35.30200004577637, 25.901999950408936, 20.698999881744385, 16.60800004005432, 17.032999992370605, 74.90300011634827, 14.5, 14.730999946594238, 1.5420000553131104, 1.6489999294281006, 0.1099998950958252, 14.289000034332275, 9.441999912261963, 8.589999914169312, 41.78200006484985, 20.636000156402588, 300.15399980545044, 53.73800015449524, 46.723999977111816, 20.808000087738037, 6.453999996185303, 4.828999996185303, 1.6040000915527344, 4.614000082015991, 2.181999921798706, 1.4519999027252197, 0.3149998188018799, 0.32200002670288086, 0.29799985885620117, 1.246999979019165, 1.1629998683929443, 0.2760000228881836, 0.9449999332427979, 1.1170001029968262, 0.27300000190734863, 0.22300004959106445, 0.16700005531311035, 0.31100010871887207, 0.09500002861022949, 0.029000043869018555]",,,,,,,,,,,,,,,,,,formal/step4_33_main_model_based_raw.csv,Oracle-H7,1603.1980159143943,2.218796397927385,,,,,,,,,,,,,,,,,
33,Proposed-H3,83,test_id,id_actual,id_reliable,3,0.3,1339.853199514662,,,,34.667999505996704,0.7222499897082647,1.7719998359680176,0,0,True,,100083,proposed,4,48,True,,1.0,0.12499999980965268,"[50.12685996989731, 9.508726734660915, 4.73544379016032, 4.932728, 6.16615, 6.16615, 6.16615, 6.16615, 6.16615, 6.16615, 6.16615, 13.781051998109925, 35.66221807414398, 15.509389825716617, 15.206413578899863, 18.26679491429411, 6.16615, 6.16615, 4.932728, 4.842236535314872, 3.940563822422171, 3.699402, 3.699402, 3.699402, 4.932728, 6.16615, 6.16615, 6.16615, 6.16615, 6.16615, 18.575295999775527, 42.488215145457325, 67.40206568651269, 71.5876101505111, 100.34492409684313, 88.17364695598759, 40.60385227630487, 35.118683889253894, 50.164885131704075, 57.614242441002595, 53.55132297485403, 58.671891466528876, 62.99111035667721, 66.13058484608815, 62.91730477951729, 62.006810796683375, 58.52328556669485, 59.185277710645636]","[0.2710001468658447, 0.9960000514984131, 0.6689999103546143, 0.7950000762939453, 0.7990000247955322, 0.7929999828338623, 0.7539999485015869, 0.627000093460083, 0.12599992752075195, 0.5930001735687256, 0.7419998645782471, 0.8029999732971191, 0.7009999752044678, 0.7300000190734863, 0.7390000820159912, 0.7269999980926514, 0.7139999866485596, 0.6940000057220459, 0.7430000305175781, 0.7349998950958252, 1.0290000438690186, 0.14499998092651367, 0.6690001487731934, 0.7170000076293945, 0.9679999351501465, 0.7669999599456787, 0.7760000228881836, 0.7809998989105225, 1.7719998359680176, 0.9289999008178711, 0.681999921798706, 0.7829999923706055, 0.7330000400543213, 0.7260000705718994, 0.8669998645782471, 0.872999906539917, 0.8059999942779541, 0.817000150680542, 0.7829999923706055, 0.682999849319458, 0.7750000953674316, 0.8599998950958252, 0.8029999732971191, 0.8859999179840088, 0.8420000076293945, 0.32899999618530273, 0.0840001106262207, 0.031999826431274414]",,,,,,,,,,,,,,,,,,formal/step4_33_main_model_based_raw.csv,Oracle-H7,1603.1980159143943,-16.426218956460716,,,,,,,,,,,,,,,,,
33,MPC-3,84,test_id,id_actual,id_reliable,3,,1798.6969717240127,,,,62.162001848220825,1.2950417051712673,7.006999969482422,0,0,True,,100084,pure_mpc,4,48,True,,1.0,0.12500000114781143,"[11.655567806289627, 14.311011842018518, 3.985095847071901, 4.932727545160164, 10.645077195747982, 8.48353156652071, 6.146199792240929, 9.075404225275197, 8.907879218090798, 13.453599484091637, 19.469943462337778, 25.310760218958336, 22.907544587456556, 29.759123218614008, 14.031487801318875, 6.159752799174465, 5.916450674015457, 4.96004188538894, 3.726713759407092, 2.4934817156840245, 1.2603455903297227, 0.02730546534135357, 0.0, 3.146504687417533e-08, 1.2330379602656676, 28.953951610260436, 1.9141936133780528, 19.928363681322814, 54.52254350074213, 71.97326002277262, 61.81727502109704, 92.68380766956787, 116.63224115458183, 115.3078795725327, 134.5490854727039, 117.99201957399002, 48.69537527103896, 70.74847479734916, 58.406262358540026, 64.52794379999636, 57.11362589164803, 68.14666654820765, 65.11401899931039, 66.81908258660636, 55.73902130606435, 68.87507628132533, 65.60078629372933, 63.7839330049821]","[3.3389999866485596, 3.2960000038146973, 4.585999965667725, 0.34599995613098145, 2.9519999027252197, 3.555000066757202, 0.09400010108947754, 2.865000009536743, 2.2700002193450928, 1.6470000743865967, 0.5099999904632568, 0.30699992179870605, 4.818000078201294, 0.4550001621246338, 1.253999948501587, 0.3819999694824219, 0.09000015258789062, 4.3500001430511475, 0.5410001277923584, 0.0559999942779541, 0.04399991035461426, 0.04500007629394531, 7.006999969482422, 1.8670001029968262, 0.9079999923706055, 6.914999961853027, 0.8700001239776611, 3.4189999103546143, 0.7280001640319824, 0.14100003242492676, 0.14800000190734863, 0.11700010299682617, 0.11999988555908203, 0.1700000762939453, 0.1230001449584961, 0.11800003051757812, 0.2220001220703125, 0.10300016403198242, 0.23199987411499023, 0.11600017547607422, 0.2089998722076416, 0.0970001220703125, 0.13299989700317383, 0.11299991607666016, 0.2800002098083496, 0.11400008201599121, 0.05800008773803711, 0.032000064849853516]",,,,,,,,,,,,,,,,,,formal/step4_33_main_model_based_raw.csv,Oracle-H7,1597.7217249998364,12.578864240216603,,,,,,,,,,,,,,,,,
33,MPC-5,84,test_id,id_actual,id_reliable,5,,1730.1780719284827,,,,456.92799949645996,9.519333322842916,70.25400018692017,0,0,True,,100084,pure_mpc,6,48,True,,1.0,0.12499999980976954,"[11.655567209291611, 15.736468490398408, 3.985079968604709, 4.9312578854163975, 12.214965082057084, 9.143089759336528, 6.16615, 8.468016687274805, 12.446411652967765, 22.25228424720533, 27.920744088000966, 23.610759644406095, 22.90754591394026, 15.105780322425705, 5.719986302281337, 6.1223135805153115, 5.4701953734088535, 4.590576966288861, 3.431152520285586, 2.1979434013586796, 0.9648302824317723, 0.0, 0.0, 0.0, 1.2330379482319935, 28.95392225127054, 1.9141936228282928, 19.928360465638082, 54.522543401686036, 71.97325995351459, 61.817275059399456, 92.68380767691283, 111.75793249881755, 96.19404109919384, 113.51306105804636, 97.07514613678747, 48.695375377146334, 70.74847482801644, 58.406284962028856, 64.52794272359529, 57.11549066252427, 68.146665857168, 65.11224292549342, 66.81908245634718, 55.73902081948799, 68.8750754816895, 65.60078503899261, 63.783930245769874]","[5.480000019073486, 20.169999837875366, 11.07800006866455, 0.15899991989135742, 32.03699994087219, 60.80399990081787, 14.983999967575073, 22.917999982833862, 15.202000141143799, 6.019999980926514, 2.312000036239624, 5.947000026702881, 1.0969998836517334, 37.25800013542175, 1.121000051498413, 9.83299994468689, 10.563999891281128, 9.340999841690063, 13.651000022888184, 0.9210000038146973, 0.9270000457763672, 6.175999879837036, 22.008999824523926, 24.80999994277954, 5.809000015258789, 70.25400018692017, 3.927999973297119, 31.591000080108643, 1.241999864578247, 0.8510000705718994, 0.6440000534057617, 2.192000150680542, 1.0120000839233398, 1.192000150680542, 0.19099998474121094, 0.21399998664855957, 0.5699999332427979, 0.21399998664855957, 0.25099992752075195, 0.1919999122619629, 0.23000001907348633, 0.17499995231628418, 0.20600008964538574, 0.1940000057220459, 0.7669999599456787, 0.10099983215332031, 0.05900001525878906, 0.029999971389770508]",,,,,,,,,,,,,,,,,,formal/step4_33_main_model_based_raw.csv,Oracle-H7,1597.7217249998364,8.290326460238868,,,,,,,,,,,,,,,,,
33,MPC-7,84,test_id,id_actual,id_reliable,7,,1644.6649769921903,,,,1348.8950006961823,28.101979181170464,300.21600008010864,0,0,True,,100084,pure_mpc,8,48,True,,1.0,0.12499999980975743,"[11.655568693029798, 18.699923069686868, 7.696688305394307, 4.931074258468873, 12.231585594289013, 8.963561667377078, 7.685725772769027, 13.33506309363883, 13.217813760774344, 23.350586926583574, 25.854704198898787, 10.120750455409071, 22.907545913945476, 15.105825180196925, 5.719985890025314, 6.1223113192758065, 5.538941839997474, 4.568106468789065, 3.408208462106057, 2.175001129840658, 0.9418897979412442, 0.0, 0.3625742039011361, 0.9060619552542362, 2.139170461046, 16.456198987680313, 2.9735980698049054, 5.3435444884924355, 39.85780140503954, 64.30435515854957, 61.81727506744978, 92.68380744311952, 102.11603159011327, 86.03944032552948, 103.73632209023289, 88.1276654984322, 48.695412269231866, 70.7484746647971, 58.40626184148709, 64.52794260897736, 57.11362522980135, 68.1466661261077, 65.11399163224668, 66.81908245611139, 55.73902082036422, 68.8750754858287, 65.600785047404, 63.78393026674989]","[8.888000011444092, 300.21600008010864, 109.92300009727478, 0.2780001163482666, 300.1399998664856, 91.3989999294281, 34.59600019454956, 46.5460000038147, 22.944000005722046, 20.241000175476074, 17.543999910354614, 22.66700005531311, 1.7929999828338623, 73.3050000667572, 6.573999881744385, 8.74399995803833, 2.515000104904175, 11.819000005722046, 23.259000062942505, 1.9769999980926514, 14.287999868392944, 67.13299989700317, 20.736000061035156, 22.280999898910522, 4.8440001010894775, 67.77799987792969, 1.7119998931884766, 27.074000120162964, 1.6729998588562012, 1.7029998302459717, 1.429999828338623, 1.3799998760223389, 1.186000108718872, 0.33500003814697266, 0.2779998779296875, 1.690999984741211, 0.9950001239776611, 0.3580000400543213, 1.9170000553131104, 0.9310002326965332, 1.9219999313354492, 0.2890000343322754, 0.3000001907348633, 0.2200000286102295, 0.8489999771118164, 0.11900019645690918, 0.0710000991821289, 0.03400015830993652]",,,,,,,,,,,,,,,,,,formal/step4_33_main_model_based_raw.csv,Oracle-H7,1597.7217249998364,2.9381369269644697,,,,,,,,,,,,,,,,,
33,Proposed-H3,84,test_id,id_actual,id_reliable,3,0.3,1397.440711336988,,,,31.265000343322754,0.651354173819224,0.9279999732971191,0,0,True,,100084,proposed,4,48,True,,1.0,0.12499999981125945,"[44.4480224941322, 14.311015506683075, 3.985097261743644, 4.932728, 6.16615, 6.16615, 6.16615, 6.16615, 6.16615, 7.044710423629672, 12.706318646850338, 25.310758239672346, 22.90754595508878, 21.518592715292357, 10.158929683226066, 6.16615, 6.16615, 6.16615, 6.16615, 4.932728, 3.699402, 3.699402, 3.699402, 4.932728, 5.8186697269585546, 6.16615, 4.932728, 6.16615, 6.16615, 20.466578052629888, 17.797218518556193, 48.00071881527615, 71.30372370928285, 69.6784290064901, 98.43364852324152, 88.12735336097109, 38.17017388615608, 64.79406308315843, 49.46075122693818, 58.91602152124336, 53.161502245007846, 65.91610019428698, 62.01567765584721, 66.74889877005027, 55.161540470929644, 68.18359170415121, 65.14171113145076, 62.9304308080433]","[0.2650001049041748, 0.757000207901001, 0.6329998970031738, 0.7030000686645508, 0.7300000190734863, 0.744999885559082, 0.7899999618530273, 0.12599992752075195, 0.6310000419616699, 0.6649999618530273, 0.753000020980835, 0.7860000133514404, 0.7109999656677246, 0.6789999008178711, 0.7000000476837158, 0.7080001831054688, 0.7640001773834229, 0.7369999885559082, 0.7580001354217529, 0.14400005340576172, 0.6459999084472656, 0.7039999961853027, 0.7899999618530273, 0.9279999732971191, 0.7769999504089355, 0.7529997825622559, 0.7049999237060547, 0.7409999370574951, 0.7639999389648438, 0.7230000495910645, 0.6559998989105225, 0.7049999237060547, 0.6670000553131104, 0.6929998397827148, 0.7189998626708984, 0.7920000553131104, 0.7409999370574951, 0.7439999580383301, 0.7369999885559082, 0.7080001831054688, 0.7239999771118164, 0.7590000629425049, 0.7280001640319824, 0.7239999771118164, 0.6170001029968262, 0.13200020790100098, 0.06200003623962402, 0.0410001277923584]",,,,,,,,,,,,,,,,,,formal/step4_33_main_model_based_raw.csv,Oracle-H7,1597.7217249998364,-12.535412802430843,,,,,,,,,,,,,,,,,
33,MPC-3,85,test_id,id_actual,id_reliable,3,,1716.7474073616286,,,,71.21099829673767,1.4835624645153682,17.090999841690063,0,0,True,,100085,pure_mpc,4,48,True,,1.0,0.1250000007396079,"[21.230371346168674, 10.694659090826912, 11.110749488563254, 4.930329669550705, 6.546454202532584, 9.441545402804246, 16.13185251777844, 8.729615484323244, 5.917386319862043, 8.641154076207027, 19.461236861702602, 26.959258835681815, 33.24530053388029, 27.418223996847566, 14.561101768594613, 21.569010994662932, 5.5818916768163485, 4.348515150020343, 3.115234623224338, 1.8820500970622691, 0.6489615712661275, 0.0, 0.0, 0.0, 1.2330379498610387, 44.37074791149921, 23.437190409436813, 15.200204139083336, 13.4113208345978, 62.986702370422194, 63.74835727369536, 84.57529743074225, 109.34178598188981, 116.15066898545909, 117.2108812749415, 101.30004703027292, 50.78136600528996, 53.71374558528984, 62.32440284733289, 52.373430424876325, 67.35957921254803, 63.79449565356049, 64.51456603306139, 70.74743303365642, 54.37567531091623, 51.58256258395033, 49.89776612349032, 60.15123924737893]","[0.08999991416931152, 1.0350000858306885, 7.906999826431274, 0.07699990272521973, 3.0299999713897705, 2.052999973297119, 1.3970000743865967, 1.5280001163482666, 0.07999992370605469, 1.8050000667572021, 0.4789998531341553, 0.2799999713897705, 3.627000093460083, 0.4049999713897705, 2.6419999599456787, 0.557999849319458, 0.3269999027252197, 0.48599982261657715, 0.4849998950958252, 0.04399991035461426, 0.05900001525878906, 0.04799985885620117, 5.977999925613403, 0.4179999828338623, 0.6600000858306885, 3.4129998683929443, 7.48199987411499, 17.090999841690063, 3.305999994277954, 0.5080001354217529, 0.37999987602233887, 0.35700011253356934, 0.3639998435974121, 0.37800002098083496, 0.12400007247924805, 0.1099998950958252, 0.3059999942779541, 0.11800003051757812, 0.10799980163574219, 0.30299997329711914, 0.08700013160705566, 0.32200002670288086, 0.13100004196166992, 0.09999990463256836, 0.312999963760376, 0.29399991035461426, 0.08899998664855957, 0.029000043869018555]",,,,,,,,,,,,,,,,,,formal/step4_33_main_model_based_raw.csv,Oracle-H7,1615.3555148259572,6.2767540399053,,,,,,,,,,,,,,,,,
33,MPC-5,85,test_id,id_actual,id_reliable,5,,1670.4778628526649,,,,855.7349991798401,17.827812482913334,300.2170000076294,0,0,True,,100085,pure_mpc,6,48,True,,1.0,0.1250000020275513,"[21.230370670273725, 10.694659002248184, 15.893449620589681, 5.242710723585286, 7.380563465076413, 9.445226291254468, 15.591217115898173, 8.505840349969015, 8.130275658019254, 16.74218987243684, 21.878085878821302, 25.700091995543907, 33.24529929058865, 14.141152601579996, 5.88532793758589, 13.637777057458656, 5.58188429523413, 4.34850776943834, 3.115400884427881, 1.8822163446894056, 0.64912780495093, 0.0, 0.0, 0.0, 25.645318606552753, 44.37074312445402, 23.437280028604675, 15.200269651027941, 13.411322313279872, 62.9867025084401, 63.74835739364771, 84.57529763732916, 106.05356374434221, 98.05668373951927, 99.14165904527863, 83.31301825537858, 50.78136969360791, 53.713745586093786, 62.324402861686195, 52.37343378425903, 67.3595792041224, 63.794495643653896, 64.51456608923928, 70.74743299637348, 54.37567859379206, 51.58256261436451, 49.89776602104787, 60.15123908689972]","[3.8540000915527344, 4.6600000858306885, 25.592000007629395, 13.657999992370605, 24.871999979019165, 42.76900005340576, 15.616999864578247, 32.156999826431274, 17.23099994659424, 13.544999837875366, 6.740000009536743, 1.0239999294281006, 10.91700005531311, 3.434000015258789, 4.189000129699707, 8.706000089645386, 1.1559998989105225, 1.191999912261963, 0.09299993515014648, 0.9960000514984131, 0.9440000057220459, 300.2170000076294, 30.812000036239624, 32.20300006866455, 108.99200010299683, 68.39100003242493, 37.51599979400635, 20.628999948501587, 15.569999933242798, 0.8589999675750732, 0.9140000343322754, 0.6760001182556152, 0.9119999408721924, 1.179999828338623, 0.2049999237060547, 0.8680000305175781, 0.20399999618530273, 0.21399998664855957, 0.1979999542236328, 0.2369999885559082, 0.2049999237060547, 0.18899989128112793, 0.21200013160705566, 0.18999981880187988, 0.33899998664855957, 0.33700013160705566, 0.09100008010864258, 0.028999805450439453]",,,,,,,,,,,,,,,,,,formal/step4_33_main_model_based_raw.csv,Oracle-H7,1615.3555148259572,3.4123973033048807,,,,,,,,,,,,,,,,,
33,MPC-7,85,test_id,id_actual,id_reliable,7,,1662.4138627930606,,,,2304.959998846054,48.01999997595946,300.6819999217987,0,0,True,,100085,pure_mpc,8,48,True,,1.0,0.12500000212976775,"[23.533537913872312, 12.896878722719787, 17.800892551848435, 4.932713301743276, 7.725552904662401, 9.538789990826988, 17.4545683889122, 13.269636366465068, 12.263947372326669, 13.035712077713903, 19.690791724838455, 13.528043594640605, 33.24530039255086, 14.141127286394191, 6.166149995791051, 10.876266566629287, 5.581884271413873, 4.348507745619934, 3.115227219900304, 1.8820426943145154, 0.6489541881794046, 0.0, 0.0, 0.0, 30.59611188194176, 44.3707415949571, 23.437291247409636, 17.262604036012775, 14.328399398934472, 62.986702642948345, 63.748357438297575, 84.57529759916439, 102.86202747602049, 94.86276052686891, 95.9509761275956, 80.13979539356725, 50.781369778858796, 53.71374561985618, 62.32440300367163, 52.37343365849938, 67.35957920144693, 63.79449563186877, 64.51456599793465, 70.74743298863632, 54.375678585014974, 51.582562604410356, 49.89776601360966, 60.151239074170995]","[80.49599981307983, 300.6819999217987, 300.220999956131, 0.21300005912780762, 192.25999999046326, 300.20700001716614, 22.252000093460083, 66.23300004005432, 43.61800003051758, 30.164999961853027, 22.271999835968018, 16.969000101089478, 17.358999967575073, 14.75600004196167, 11.920999765396118, 19.703999996185303, 1.61899995803833, 1.9160001277923584, 1.6490001678466797, 1.8540000915527344, 300.2869999408722, 42.105000019073486, 23.317000150680542, 19.223000049591064, 300.1819999217987, 51.834999799728394, 41.01099991798401, 16.008999824523926, 44.7960000038147, 5.500999927520752, 1.7739999294281006, 2.5949997901916504, 1.4300000667572021, 1.5789999961853027, 0.3209998607635498, 0.2950000762939453, 1.0850000381469727, 0.9009997844696045, 0.2689998149871826, 1.1420001983642578, 0.8869998455047607, 0.8399999141693115, 0.24900007247924805, 0.19899988174438477, 0.31599998474121094, 0.31800007820129395, 0.09500002861022949, 0.03299999237060547]",,,,,,,,,,,,,,,,,,formal/step4_33_main_model_based_raw.csv,Oracle-H7,1615.3555148259572,2.9131883065489497,,,,,,,,,,,,,,,,,
33,Proposed-H3,85,test_id,id_actual,id_reliable,3,0.3,1354.5318203885606,,,,32.22200059890747,0.6712916791439056,0.9230000972747803,0,0,True,,100085,proposed,4,48,True,,1.0,0.12499999981113366,"[54.301030935672635, 10.694659582028844, 10.43318356229154, 4.932728, 6.16615, 6.16615, 7.062347739619732, 6.16615, 6.16615, 6.16615, 11.873635315105744, 26.773458145209133, 33.24530038523263, 16.0246162407593, 12.677453651862942, 21.569014471010398, 6.16615, 6.16615, 6.089093331123875, 4.855677329398105, 3.699402, 3.699402, 3.6971336575601743, 3.699402, 4.932728, 6.16615, 6.16615, 6.16615, 6.16615, 19.196097515134745, 19.669777290502182, 39.93809941434526, 64.21041769636452, 75.91800271260314, 85.50229080744221, 79.6370299858034, 41.991956757107324, 49.11071676639656, 53.64158758036862, 47.610389050654035, 63.167656635932055, 59.61977678526566, 63.041026626639514, 70.10937977907318, 53.706043965796916, 51.58254345346775, 49.069548427850485, 59.72156279093791]","[0.25999999046325684, 0.8310000896453857, 0.6200001239776611, 0.7809998989105225, 0.7560000419616699, 0.7869999408721924, 0.7020001411437988, 0.6679999828338623, 0.6140000820159912, 0.6480000019073486, 0.6729998588562012, 0.7630000114440918, 0.6840000152587891, 0.7030000686645508, 0.6390001773834229, 0.6730000972747803, 0.7649998664855957, 0.7280001640319824, 0.690000057220459, 0.6340000629425049, 0.682999849319458, 0.7179999351501465, 0.5550000667572021, 0.6319999694824219, 0.9230000972747803, 0.7679998874664307, 0.6850001811981201, 0.7130000591278076, 0.7809998989105225, 0.7430000305175781, 0.7480001449584961, 0.7560000419616699, 0.6619999408721924, 0.7410001754760742, 0.7030000686645508, 0.7480001449584961, 0.7119998931884766, 0.7579998970031738, 0.750999927520752, 0.750999927520752, 0.7689998149871826, 0.7689998149871826, 0.6800000667572021, 0.7860000133514404, 0.5450000762939453, 0.3710000514984131, 0.11100006103515625, 0.0409998893737793]",,,,,,,,,,,,,,,,,,formal/step4_33_main_model_based_raw.csv,Oracle-H7,1615.3555148259572,-16.146519576868407,,,,,,,,,,,,,,,,,
33,MPC-3,86,test_id,id_actual,id_reliable,3,,1667.5045179963429,,,,98.48800039291382,2.0518333415190377,34.420000076293945,0,0,True,,100086,pure_mpc,4,48,True,,1.0,0.12500000079512738,"[9.019058233156963, 11.910621754484803, 9.76507655100812, 4.932727334512696, 6.126602691485099, 9.440050567970957, 8.738045322918913, 10.864215934978693, 6.87690735226125, 8.58938971322022, 18.096970953772885, 25.721262382745252, 33.96410452183348, 35.63904929441291, 22.630716749512253, 6.16615, 6.050193629470559, 4.816780654296696, 3.583463679122833, 2.3502427039489695, 1.1171177287751057, 0.0, 0.0, 0.0, 0.675936876474915, 26.753196642163008, 17.07903142545762, 4.375496641008128, 26.67413907952277, 23.266361465322525, 69.33626518851865, 80.26216160915806, 92.92705803231593, 108.18439660644958, 103.39742706213359, 130.11344505012738, 57.160787875147655, 49.13443959963678, 61.05216005490551, 72.17437962347131, 63.80429756773422, 69.98062950285578, 58.28303774683457, 61.19091714342148, 55.49313639941373, 70.30602676407705, 66.63293269418843, 52.8481095921152]","[0.750999927520752, 0.48199987411499023, 5.309000015258789, 0.34800004959106445, 0.0820000171661377, 1.8250000476837158, 11.099999904632568, 0.48000001907348633, 0.7699999809265137, 2.2300000190734863, 0.4679999351501465, 0.7580001354217529, 1.7980000972747803, 0.4289999008178711, 1.5870001316070557, 0.12100005149841309, 0.3489999771118164, 0.5520000457763672, 0.5300002098083496, 0.5959999561309814, 0.4830000400543213, 0.4609999656677246, 0.05500006675720215, 0.46700000762939453, 3.2179999351501465, 34.420000076293945, 17.144999980926514, 0.6649999618530273, 2.6050000190734863, 3.8320000171661377, 0.6619999408721924, 0.6809999942779541, 0.35899996757507324, 0.34800004959106445, 0.38300013542175293, 0.08699989318847656, 0.11400008201599121, 0.2929999828338623, 0.20799994468688965, 0.0969998836517334, 0.1790001392364502, 0.11100006103515625, 0.27699995040893555, 0.2720000743865967, 0.2820000648498535, 0.12399983406066895, 0.06599998474121094, 0.029000043869018555]",,,,,,,,,,,,,,,,,,formal/step4_33_main_model_based_raw.csv,Oracle-H7,1582.3127158413124,5.384005405640323,,,,,,,,,,,,,,,,,
33,MPC-5,86,test_id,id_actual,id_reliable,5,,1610.2720283680455,,,,488.8129999637604,10.183604165911674,76.34700012207031,0,0,True,,100086,pure_mpc,6,48,True,,1.0,0.12500000145860748,"[9.019055762067138, 11.910621437341828, 15.60980101141789, 4.932727808529509, 7.303440092738976, 9.066408742958997, 7.510763449338057, 10.20211108504968, 10.085074941691268, 16.803260404571308, 24.23779999958488, 25.147570031826923, 33.964102950581655, 21.504848122196258, 6.055923952201397, 5.858332230815075, 5.760976020713268, 4.527585555488522, 3.2942910902637763, 2.0610926256728748, 0.8279901604480792, 0.0, 0.0, 0.0, 1.2330379459122625, 34.370286874645146, 16.21049357311188, 4.9327279458280895, 18.999115614651057, 24.788910826637597, 69.63511570781975, 82.6369442410214, 88.84729737669845, 92.61511558318985, 87.81730422927133, 114.44103638590747, 57.1607879476247, 49.13443964382672, 61.05216005480131, 72.17437972628102, 63.804297558162844, 69.9806295081532, 58.28304091534406, 61.19092066468905, 55.49313972852524, 70.30602669457326, 66.63293263615338, 52.84810950971878]","[13.58299994468689, 4.013999938964844, 29.948999881744385, 3.739000082015991, 24.211999893188477, 43.38199996948242, 20.902999877929688, 32.25999999046326, 16.536999940872192, 6.289000034332275, 2.130000114440918, 4.296000003814697, 16.96399998664856, 17.513999938964844, 0.4760000705718994, 6.11899995803833, 7.2820000648498535, 0.9149999618530273, 0.9240000247955322, 1.0830001831054688, 8.515999794006348, 5.430999994277954, 11.98799991607666, 7.460000038146973, 5.103000164031982, 76.34700012207031, 60.95899987220764, 39.480000019073486, 6.664000034332275, 6.2769999504089355, 1.0269999504089355, 1.0789999961853027, 1.0939998626708984, 1.0490000247955322, 1.190000057220459, 0.22300004959106445, 0.1940000057220459, 0.559999942779541, 0.20799994468688965, 0.18199992179870605, 0.19700002670288086, 0.2220001220703125, 0.20200014114379883, 0.20600008964538574, 0.1660001277923584, 0.11899995803833008, 0.06999993324279785, 0.029000043869018555]",,,,,,,,,,,,,,,,,,formal/step4_33_main_model_based_raw.csv,Oracle-H7,1582.3127158413124,1.766990320359476,,,,,,,,,,,,,,,,,
33,MPC-7,86,test_id,id_actual,id_reliable,7,,1581.1814121727973,,,,1887.373999595642,39.320291658242546,300.34299993515015,0,0,True,,100086,pure_mpc,8,48,True,,1.0,0.12500000159634686,"[9.019065927829992, 14.571491021871367, 16.232955827751375, 4.932703450340989, 7.9095257599669395, 9.596631553035577, 10.069424781050582, 15.272189566296419, 13.653652449541891, 13.82054398536588, 23.288405902991585, 12.786820366666081, 33.964104346423966, 21.504848732657614, 6.166149836180142, 6.16615, 5.557172150292391, 4.323797547895689, 3.0905189455733812, 2.145461922111067, 1.219794041495128, 0.0, 0.0, 0.0, 8.035087494739809, 34.37028625552332, 16.21049283466203, 4.932728, 18.999124882049273, 24.788910934810836, 69.63511573029005, 80.7901274757477, 80.07256097646659, 81.48394215306702, 79.2361854216576, 109.27457697283101, 57.160788371956876, 49.1344396679768, 61.0521600602616, 72.17437962816493, 63.80429757106651, 69.98062951217912, 58.28304093933912, 61.19092065444762, 55.49313971963227, 70.30602668302166, 66.63293262494419, 52.84810949262309]","[43.39100003242493, 300.34299993515015, 300.2119998931885, 0.31999993324279785, 117.51099991798401, 149.625, 101.12199997901917, 23.699999809265137, 51.246999979019165, 31.335000038146973, 16.390000104904175, 30.19099998474121, 67.12700009346008, 36.12599992752075, 12.433000087738037, 7.32699990272522, 16.306999921798706, 1.5350000858306885, 2.0250000953674316, 34.9449999332428, 54.8199999332428, 11.02999997138977, 18.164000034332275, 6.8480000495910645, 300.1529998779297, 83.6340000629425, 31.08899998664856, 22.395999908447266, 2.0349998474121094, 1.6749999523162842, 1.6319999694824219, 1.7259998321533203, 1.6070001125335693, 0.9869999885559082, 1.6529998779296875, 0.30700016021728516, 0.30900001525878906, 1.0210001468658447, 0.3269999027252197, 0.31400012969970703, 1.1540000438690186, 0.3059999942779541, 0.28299999237060547, 0.26399993896484375, 0.18000006675720215, 0.12800002098083496, 0.07700014114379883, 0.042999982833862305]",,,,,,,,,,,,,,,,,,formal/step4_33_main_model_based_raw.csv,Oracle-H7,1582.3127158413124,-0.07149684491498193,,,,,,,,,,,,,,,,,
33,Proposed-H3,86,test_id,id_actual,id_reliable,3,0.3,1335.8588037247207,,,,37.083000898361206,0.7725625187158585,2.4750001430511475,0,0,True,,100086,proposed,4,48,True,,1.0,0.12499999980902561,"[41.75725861312827, 11.910627280477728, 9.765080033862233, 4.932728, 6.16615, 6.16615, 6.16615, 6.16615, 6.16615, 6.16615, 8.650740914173598, 24.009163410279854, 33.964104344928366, 25.697977958278265, 18.446464534013266, 6.16615, 6.16615, 6.16615, 4.932728, 5.438703193912288, 4.235889236956919, 3.699402, 3.699402, 3.699402, 4.932727756197494, 6.16615, 6.16615, 6.16615, 6.16615, 6.16615, 25.45288543033206, 37.95079072185471, 52.82087522146196, 67.64468228971367, 75.23968947829057, 109.27457696904362, 39.5080732126877, 37.40496191485201, 48.25351217187306, 64.96393745452549, 56.84561718279734, 65.93740108234482, 55.760378991919914, 59.82737941101113, 55.48500280915656, 68.15724873795467, 66.38518487799581, 52.84810649069706]","[2.4750001430511475, 0.7350001335144043, 0.8640000820159912, 0.9279999732971191, 0.8640000820159912, 0.7760000228881836, 0.8969998359680176, 0.6419999599456787, 0.16200017929077148, 0.7269999980926514, 0.814000129699707, 0.8489999771118164, 0.7669999599456787, 0.7009999752044678, 0.687999963760376, 0.7320001125335693, 0.7950000762939453, 0.7290000915527344, 0.10699987411499023, 0.8130002021789551, 0.8930001258850098, 0.6549999713897705, 0.6940000057220459, 0.687999963760376, 0.8289999961853027, 0.7689998149871826, 0.754000186920166, 0.7739999294281006, 1.8020000457763672, 0.8239998817443848, 0.8039999008178711, 0.7709999084472656, 0.7750000953674316, 0.7130000591278076, 0.7909998893737793, 0.9800000190734863, 0.8630001544952393, 0.7950000762939453, 0.8199999332427979, 0.875, 0.817000150680542, 0.7519998550415039, 0.8280000686645508, 0.750999927520752, 0.749000072479248, 0.12900018692016602, 0.08800005912780762, 0.034999847412109375]",,,,,,,,,,,,,,,,,,formal/step4_33_main_model_based_raw.csv,Oracle-H7,1582.3127158413124,-15.575550246750854,,,,,,,,,,,,,,,,,
33,MPC-3,87,test_id,id_actual,id_reliable,3,,1687.1565588312644,,,,81.99900007247925,1.7083125015099843,17.744999885559082,0,0,True,,100087,pure_mpc,4,48,True,,1.0,0.12500000132884959,"[14.83385688272537, 13.034582107292952, 3.5393306215839586, 4.532780422791487, 5.765893076278774, 10.373031510366781, 7.22487660151788, 8.26665208970427, 11.650636965534883, 8.559290313644185, 22.951518329156904, 29.148948487779535, 33.295173422751084, 34.11254640588709, 19.751383465029413, 11.948142451876157, 5.252726359685009, 4.0193754527773295, 3.283672611419597, 2.377472263459825, 1.1443451685221335, 0.0, 0.0, 0.6529268289702473, 1.3502693696519747, 2.583412434132334, 7.075588850814007, 9.422522556210904, 24.451537157079905, 45.46313428126862, 73.08835644824742, 96.75407061457601, 115.71058974721466, 108.16741983183107, 127.94402707886242, 100.8282418839468, 58.50454005824146, 56.87860642017833, 69.93183627427356, 60.34514268799033, 68.12355123178168, 56.07725008650821, 48.818738601504684, 67.05472853748263, 53.814888702620806, 56.26478294914696, 58.76031106255212, 64.02385012639246]","[0.3619999885559082, 3.74399995803833, 0.33099985122680664, 0.34999990463256836, 0.08999991416931152, 3.510999917984009, 3.9240000247955322, 4.2190001010894775, 0.692000150680542, 2.0490000247955322, 0.5240001678466797, 0.28800010681152344, 1.0520000457763672, 0.437000036239624, 0.7919998168945312, 5.111999988555908, 4.4100000858306885, 0.5080001354217529, 0.6699998378753662, 7.934000015258789, 0.5199999809265137, 0.5230000019073486, 6.16700005531311, 3.2850000858306885, 2.7319998741149902, 0.5779998302459717, 17.744999885559082, 4.288999795913696, 1.3240001201629639, 0.5610001087188721, 0.15399980545043945, 0.11100006103515625, 0.125, 0.48600006103515625, 0.13199996948242188, 0.11300015449523926, 0.18799996376037598, 0.18400001525878906, 0.11899995803833008, 0.21199989318847656, 0.14300012588500977, 0.2239999771118164, 0.252000093460083, 0.10300016403198242, 0.2980000972747803, 0.315000057220459, 0.08599996566772461, 0.03099989891052246]",,,,,,,,,,,,,,,,,,formal/step4_33_main_model_based_raw.csv,Oracle-H7,1620.4315238522377,4.1177324679787715,,,,,,,,,,,,,,,,,
33,MPC-5,87,test_id,id_actual,id_reliable,5,,1648.5872572084154,,,,485.86799907684326,10.122249980767569,67.7020001411438,0,0,True,,100087,pure_mpc,6,48,True,,1.0,0.12500000186646243,"[14.833858492068822, 13.568800595102058, 3.6994018759418505, 4.932727459186732, 6.166117341387489, 10.994560105217555, 6.16615, 8.043636633759261, 15.330082304491066, 14.590495933853497, 32.35676788070569, 22.30085452228841, 33.29516740391141, 20.38084340131396, 6.16615, 8.100035010885053, 5.252726038370631, 4.019375131487959, 3.283236547095421, 2.377480549201888, 1.144353454619102, 0.0, 0.0, 1.2330376303841313, 1.3502727942520467, 13.283229538620322, 14.869626348436519, 9.422474783927425, 24.451537108287198, 45.4631344767879, 73.08835653865773, 96.75407070665717, 115.71058965428804, 96.14321990633836, 114.10795018330566, 87.10870659523177, 58.50454017105879, 56.87860643541249, 69.93183628392075, 60.34514268705705, 68.12355122403245, 56.07725019597999, 48.81873860151873, 67.0547285313496, 53.81489212279077, 56.264782921944466, 58.76031102798153, 64.02385005930645]","[5.980999946594238, 16.76699995994568, 0.625999927520752, 1.0340001583099365, 0.16500020027160645, 51.176000118255615, 13.852999925613403, 34.430999994277954, 17.89199995994568, 13.828999996185303, 0.9489998817443848, 2.0309998989105225, 13.884999990463257, 22.313999891281128, 1.0709998607635498, 9.297000169754028, 7.1579999923706055, 0.9240000247955322, 1.2089998722076416, 8.16100001335144, 11.97000002861023, 37.08299994468689, 23.14199995994568, 1.565000057220459, 5.351999998092651, 67.7020001411438, 57.842000007629395, 35.091999769210815, 6.003999948501587, 1.5909998416900635, 1.0260000228881836, 1.2620000839233398, 1.0230000019073486, 1.2019999027252197, 0.08000016212463379, 1.125999927520752, 0.21799993515014648, 0.2329998016357422, 0.2070000171661377, 0.23099994659423828, 0.1770000457763672, 0.19499993324279785, 4.628000020980835, 0.20199990272521973, 3.5269999504089355, 0.32399988174438477, 0.08000016212463379, 0.03099989891052246]",,,,,,,,,,,,,,,,,,formal/step4_33_main_model_based_raw.csv,Oracle-H7,1620.4315238522377,1.7375453971201054,,,,,,,,,,,,,,,,,
33,MPC-7,87,test_id,id_actual,id_reliable,7,,1606.5022096471148,,,,2116.5780007839203,44.09537501633167,300.4449999332428,0,0,True,,100087,pure_mpc,8,48,True,,1.0,0.12500000838719139,"[14.833882115252246, 17.1506521725902, 3.6994019165379477, 4.932727666287472, 6.563135198263216, 11.564102280285269, 9.145303604279654, 12.055850019675173, 20.08113075943008, 9.54909648915859, 32.35673756670658, 10.581321245838138, 33.29512788922306, 20.38084461401619, 6.16615, 8.099990716611998, 5.252732264915654, 4.019381357973912, 3.164046511527837, 2.377481066335085, 1.1443539717121487, 0.0, 0.814162201463128, 2.0472635900546363, 1.569673051967524, 10.262160426296331, 11.849847141890752, 6.407971167104282, 24.451537314919086, 45.463134533316726, 73.08835655123836, 96.754070637572, 109.23958730024974, 86.88006810175585, 104.79101329108224, 77.87168274213033, 58.50459739909044, 56.87860630475384, 69.93183595060454, 60.34514230404197, 68.1235501391041, 56.07724972873051, 48.81873814865689, 67.05472780895829, 53.81484197591333, 56.264782474231616, 58.76031068934724, 64.02384924602083]","[33.22800016403198, 300.3369998931885, 0.875, 1.5049998760223389, 145.91600012779236, 288.9300000667572, 81.2039999961853, 26.935999870300293, 47.02500009536743, 20.098999977111816, 0.8710000514984131, 15.83400011062622, 24.25, 44.223000049591064, 10.437999963760376, 16.805000066757202, 1.6619999408721924, 1.753000020980835, 10.190999984741211, 300.3310000896454, 15.690000057220459, 51.45700001716614, 17.57800006866455, 300.4449999332428, 7.420000076293945, 232.8420000076294, 43.615999937057495, 47.382999897003174, 3.7269999980926514, 3.7320001125335693, 1.5399999618530273, 6.878999948501587, 1.9910001754760742, 1.4279999732971191, 0.28600001335144043, 0.3279998302459717, 0.2929999828338623, 0.2890000343322754, 0.2850000858306885, 0.9800000190734863, 0.2990000247955322, 0.9720001220703125, 1.1740000247955322, 0.2349998950958252, 2.822999954223633, 0.3489999771118164, 0.09000015258789062, 0.03400015830993652]",,,,,,,,,,,,,,,,,,formal/step4_33_main_model_based_raw.csv,Oracle-H7,1620.4315238522377,-0.8596052347839312,,,,,,,,,,,,,,,,,
33,Proposed-H3,87,test_id,id_actual,id_reliable,3,0.3,1354.485650563655,,,,35.922998666763306,0.7483958055575689,1.8870000839233398,0,0,True,,100087,proposed,4,48,True,,1.0,0.12499999981146581,"[47.622491278880204, 13.034584209628607, 3.699402, 4.932728, 6.16615, 6.16615, 6.16615, 6.16615, 6.16615, 6.16615, 11.88345355384989, 25.489651296800353, 33.29517317571928, 23.501792808222632, 16.620451292786427, 11.948224300364025, 6.16615, 6.16615, 6.16615, 5.430517583981512, 4.197152840002265, 3.699402, 3.699402, 4.932728, 3.699402, 4.932728, 6.16615, 6.166149954060662, 6.16615, 6.16615, 28.903195008005092, 51.983451973717074, 70.41563735672823, 62.75642675551339, 92.62308693822011, 77.17804626956493, 46.261323660983855, 49.01532241510814, 60.15414795871874, 54.54432587469499, 63.07267845815106, 53.642893720715556, 46.14645360996765, 65.39797993395779, 51.23640612825449, 56.26478071838791, 58.5737365911776, 63.536522897492915]","[0.3259999752044678, 0.8599998950958252, 0.554999828338623, 0.7990000247955322, 0.6929998397827148, 0.7760000228881836, 0.687999963760376, 0.6670000553131104, 1.8870000839233398, 0.5490000247955322, 0.6749999523162842, 0.8039999008178711, 0.745999813079834, 0.684999942779541, 0.7360000610351562, 0.7209999561309814, 0.7379999160766602, 0.6980001926422119, 0.6429998874664307, 0.7990000247955322, 0.6289999485015869, 0.7089998722076416, 0.7190001010894775, 1.7409999370574951, 0.6489999294281006, 0.812999963760376, 0.7630000114440918, 1.4839999675750732, 0.7549998760223389, 0.818000078201294, 0.6909999847412109, 0.7149999141693115, 0.6889998912811279, 0.7230000495910645, 0.7829999923706055, 0.8279998302459717, 0.7779998779296875, 0.7860000133514404, 0.7630000114440918, 0.7480001449584961, 0.7890000343322754, 0.7980000972747803, 0.7969999313354492, 0.7269999980926514, 0.7219998836517334, 0.34800004959106445, 0.07999992370605469, 0.03299999237060547]",,,,,,,,,,,,,,,,,,formal/step4_33_main_model_based_raw.csv,Oracle-H7,1620.4315238522377,-16.412040211137818,,,,,,,,,,,,,,,,,
33,MPC-3,88,test_id,id_actual,id_reliable,3,,1686.1875810544693,,,,97.70199990272522,2.0354583313067756,20.93399977684021,0,0,True,,100088,pure_mpc,4,48,True,,1.0,0.12500000091097815,"[18.327902610058707, 3.13995483285832, 5.534566398198963, 7.852767057949189, 12.564857293089249, 9.476982198752928, 12.463044257329816, 13.729204344895805, 8.696826648892031, 6.017909552075359, 20.088789705793033, 29.153130411702115, 30.90740540518624, 35.81094080561269, 22.116611724907294, 11.176422638012706, 6.16615, 5.466314149748933, 4.232946700903452, 2.9996752520546828, 1.7667195127709638, 0.5336399655235967, 0.0, 0.0, 27.78094197654205, 2.4661719389869488, 13.913608767684009, 11.69307122786691, 8.773157136682888, 52.40650758330932, 41.00374387293137, 90.21970059383557, 104.88687929136317, 111.31174497813328, 107.57447927950189, 103.54525644129806, 55.063430086709886, 55.045024373095636, 63.22925320697093, 58.46919935778256, 77.01871442067743, 71.58203583755821, 68.60628676698587, 50.095348072896684, 52.3595904641369, 62.23586342434933, 67.02144701401363, 61.663363474840736]","[0.4010000228881836, 6.564000129699707, 6.053999900817871, 11.574000120162964, 2.1670000553131104, 1.8880000114440918, 1.2929999828338623, 0.4100000858306885, 2.422999858856201, 0.08799982070922852, 0.48000001907348633, 0.2990000247955322, 2.863999843597412, 0.4890000820159912, 0.127000093460083, 0.45399999618530273, 0.11800003051757812, 0.6679999828338623, 0.059999942779541016, 0.06000018119812012, 0.07200002670288086, 0.040000200271606445, 5.815000057220459, 0.4460000991821289, 20.93399977684021, 0.5069999694824219, 9.565999984741211, 14.901999950408936, 1.8529999256134033, 0.39800000190734863, 0.75, 0.11600017547607422, 0.38499999046325684, 0.7100000381469727, 0.14700007438659668, 0.12199997901916504, 0.20300006866455078, 0.309999942779541, 0.21599984169006348, 0.309999942779541, 0.10899996757507324, 0.12800002098083496, 0.22699999809265137, 0.3229999542236328, 0.32399988174438477, 0.19099998474121094, 0.07799983024597168, 0.03900003433227539]",,,,,,,,,,,,,,,,,,formal/step4_33_main_model_based_raw.csv,Oracle-H7,1567.2800929463942,7.5868690378460695,,,,,,,,,,,,,,,,,
33,MPC-5,88,test_id,id_actual,id_reliable,5,,1623.8837426841374,,,,820.184999704361,17.087187493840855,291.6119999885559,0,0,True,,100088,pure_mpc,6,48,True,,1.0,0.1250000074215473,"[18.32790494019545, 3.1399577215227756, 9.689929113100806, 10.990816602256446, 12.940323623301161, 8.420318633347891, 11.839473769502517, 13.252627028840129, 11.443066058324742, 11.194796981366693, 27.962104349833844, 25.285459883845334, 30.907402095838933, 21.415907280730686, 7.495417335637898, 7.048394738653203, 6.16615, 5.466313879972553, 4.233093964611108, 2.9998224225186134, 1.7666468799258181, 0.533567337333023, 0.0, 0.0, 43.544425021877075, 2.4661719587277124, 19.11558437253937, 11.69300422531046, 8.773150606591464, 52.40650763792478, 41.00374397546944, 90.21970067673212, 99.321322419952, 90.5875545910017, 86.90992539838791, 82.93359735047538, 55.06343015066756, 55.04502438286556, 63.22925322153769, 58.46922303471867, 77.01871389066616, 71.58203023419159, 68.60628636314502, 50.09534798065681, 52.35957808869402, 62.23586304149436, 67.02144675574594, 61.6633626641046]","[0.19300007820129395, 12.015000104904175, 24.390000104904175, 37.39100003242493, 33.04800009727478, 40.7960000038147, 41.40899991989136, 22.829999923706055, 15.382999897003174, 16.800999879837036, 3.059000015258789, 3.680999994277954, 3.0410001277923584, 19.19099998474121, 17.075999975204468, 14.595999956130981, 0.7599999904632568, 1.1490001678466797, 0.10699987411499023, 1.251000165939331, 1.0360000133514404, 15.078999996185303, 291.6119999885559, 14.40499997138977, 62.96599984169006, 1.6979999542236328, 61.0939998626709, 29.918999910354614, 22.38599991798401, 1.1549999713897705, 1.1459999084472656, 0.6559998989105225, 0.7359998226165771, 0.6700000762939453, 1.2680001258850098, 1.2049999237060547, 0.21800017356872559, 0.22299981117248535, 0.2220001220703125, 0.5669999122619629, 0.1830000877380371, 0.1919999122619629, 0.1960000991821289, 2.1640000343322754, 0.6979999542236328, 0.21900010108947754, 0.07599997520446777, 0.029000043869018555]",,,,,,,,,,,,,,,,,,formal/step4_33_main_model_based_raw.csv,Oracle-H7,1567.2800929463942,3.611584808132897,,,,,,,,,,,,,,,,,
33,MPC-7,88,test_id,id_actual,id_reliable,7,,1603.9783404186524,,,,2359.868001461029,49.163916697104774,302.9190001487732,0,0,True,,100088,pure_mpc,8,48,True,,1.0,0.12500000204279538,"[20.10799866034075, 3.139952799887154, 12.919141697601395, 11.593559232128634, 12.877342388558041, 9.079004155206041, 13.934066865841459, 18.049147798948717, 15.2393413041237, 10.42157372609216, 19.84369807653046, 18.22094031840754, 30.90735925730516, 21.415908317824318, 6.16615, 6.16615, 6.16615, 5.422409632020187, 4.1890455185321, 2.9557774051182557, 1.7226052918383616, 0.4895291779244242, 0.0, 0.0, 50.5141221582288, 12.62124070249203, 19.11558669288065, 11.693037167755687, 8.77315736003646, 52.40650770616713, 41.00374399012283, 90.21913062945399, 88.37109365553538, 79.42985071515845, 77.20961098125076, 79.2048471143755, 55.063430430544344, 55.04502443563661, 63.22925321973936, 58.46920253706544, 77.01871444403425, 71.5820358494749, 68.60628688535152, 50.09534812685604, 52.359590371349306, 62.23586334085527, 67.02144694613666, 61.663363333922135]","[111.77600002288818, 28.92199993133545, 300.68499994277954, 300.32099986076355, 230.5880000591278, 302.9190001487732, 58.104000091552734, 21.90400004386902, 44.621999979019165, 34.80800008773804, 16.103000164031982, 8.978000164031982, 14.676000118255615, 76.21600008010864, 84.98300004005432, 4.259999990463257, 10.207000017166138, 46.0, 1.6600000858306885, 1.7850000858306885, 10.61900019645691, 13.786999940872192, 70.80200004577637, 19.786999940872192, 253.61500000953674, 134.56100010871887, 88.8529999256134, 25.296000003814697, 20.805999994277954, 4.380000114440918, 1.9930000305175781, 1.133000135421753, 1.1560001373291016, 1.7620000839233398, 1.7660000324249268, 1.7769999504089355, 1.0199999809265137, 1.0369999408721924, 0.28800010681152344, 1.7669999599456787, 0.3169999122619629, 0.3040001392364502, 0.25999999046325684, 2.2950000762939453, 0.6710000038146973, 0.1919999122619629, 0.07699990272521973, 0.029999971389770508]",,,,,,,,,,,,,,,,,,formal/step4_33_main_model_based_raw.csv,Oracle-H7,1567.2800929463942,2.341524507164994,,,,,,,,,,,,,,,,,
33,Proposed-H3,88,test_id,id_actual,id_reliable,3,0.3,1354.3962099616717,,,,32.21300029754639,0.6711041728655497,2.5870001316070557,0,0,True,,100088,proposed,4,48,True,,1.0,0.12499999981119993,"[51.272044966645666, 35.704981478656336, 5.534553250996978, 4.932728, 6.16615, 6.16615, 6.16615, 6.16615, 6.16615, 6.16615, 6.16615, 14.585032056344534, 30.90740543606306, 25.855936336690824, 17.672230920797052, 11.17643187077168, 6.16615, 6.16615, 5.366086103741128, 4.132726374656307, 3.699402, 3.699402, 3.699402, 3.699402, 4.932728, 6.16615, 6.16615, 6.16615, 6.16615, 8.697362790312651, 6.16615, 45.54577452348747, 59.737675554110986, 67.95562344801183, 76.15791983987245, 79.20484711341605, 45.662265726471404, 48.85252667994249, 56.64778380499369, 53.161694384892314, 72.08667648585335, 69.07080301045589, 66.74921968630038, 50.09534707384311, 51.302474603717556, 62.00224963109395, 67.02144570570933, 61.247927103822995]","[0.30099987983703613, 0.809999942779541, 0.11599993705749512, 0.6050000190734863, 0.7660000324249268, 0.7420001029968262, 0.7910001277923584, 0.6459999084472656, 0.7000000476837158, 0.08100008964538574, 0.754000186920166, 0.8480000495910645, 0.8010001182556152, 0.7090001106262207, 0.7739999294281006, 0.8199999332427979, 0.7990000247955322, 0.746999979019165, 0.7850000858306885, 0.6540000438690186, 0.6560001373291016, 0.7039999961853027, 0.7590000629425049, 0.7200000286102295, 2.5870001316070557, 0.1659998893737793, 0.7709999084472656, 0.19500017166137695, 0.7680001258850098, 0.8689999580383301, 0.6929998397827148, 0.6869997978210449, 0.7560000419616699, 0.7160000801086426, 0.7230000495910645, 0.7789998054504395, 0.7639999389648438, 0.7899999618530273, 0.7679998874664307, 0.7200000286102295, 0.7590000629425049, 0.7860000133514404, 0.7049999237060547, 0.682999849319458, 0.13700008392333984, 0.21700000762939453, 0.059999942779541016, 0.026000022888183594]",,,,,,,,,,,,,,,,,,formal/step4_33_main_model_based_raw.csv,Oracle-H7,1567.2800929463942,-13.583014544931363,,,,,,,,,,,,,,,,,
33,MPC-3,89,test_id,id_actual,id_reliable,3,,1792.3841699733814,,,,60.5799994468689,1.2620833218097687,10.330999851226807,0,0,True,,100089,pure_mpc,4,48,True,,1.0,0.12500000088047777,"[23.507936206666802, 10.819325249266315, 8.256431881696205, 4.932727709624072, 5.261210869945615, 6.952023840668597, 8.580040206547796, 13.965665751495067, 8.489634372333983, 10.787033715777742, 17.74491269663868, 28.677241637706636, 30.30754496672445, 28.216355596934264, 18.624526673344974, 6.083223740321681, 4.849808194924075, 5.024943416718254, 3.7916102391271544, 2.5583731840674244, 1.3252320071007373, 0.09218683049999471, 0.0, 0.0, 0.0, 1.2330379434774135, 42.39129308942564, 33.00717417742304, 41.609693941060684, 52.83131078934422, 55.21947241899162, 114.02496522897609, 83.4504141905704, 119.97340822708343, 126.76012689087678, 125.70385770440241, 58.6411738943547, 46.84222644870943, 63.48906132511836, 69.36247317127344, 65.95893574159764, 62.91824634434138, 69.04565721621813, 74.77291972365154, 62.64807714669315, 62.29620635292734, 60.583405103550064, 50.77304391518366]","[0.30900001525878906, 4.398000001907349, 2.7059998512268066, 0.11400008201599121, 0.39300012588500977, 2.3399999141693115, 10.330999851226807, 0.40000009536743164, 2.4630000591278076, 1.1539998054504395, 0.9679999351501465, 0.31099987030029297, 0.5580000877380371, 0.43400001525878906, 1.5270001888275146, 0.13199996948242188, 0.06800007820129395, 0.48000001907348633, 0.4780001640319824, 3.9589998722076416, 0.056999921798706055, 0.046000003814697266, 0.4960000514984131, 8.023000001907349, 0.5509998798370361, 2.7160000801086426, 4.75600004196167, 2.7809998989105225, 2.192999839782715, 0.6990001201629639, 0.7769999504089355, 0.12599992752075195, 0.6610000133514404, 0.4509999752044678, 0.35700011253356934, 0.08699989318847656, 0.20799994468688965, 0.3730001449584961, 0.2889997959136963, 0.11699986457824707, 0.11300015449523926, 0.28999996185302734, 0.11800003051757812, 0.09200000762939453, 0.28600001335144043, 0.25999999046325684, 0.06699991226196289, 0.06699991226196289]",,,,,,,,,,,,,,,,,,formal/step4_33_main_model_based_raw.csv,Oracle-H7,1646.5247662795084,8.85862190967569,,,,,,,,,,,,,,,,,
33,MPC-5,89,test_id,id_actual,id_reliable,5,,1693.4604423926621,,,,391.64999985694885,8.159374997019768,66.51400017738342,0,0,True,,100089,pure_mpc,6,48,True,,1.0,0.12500001441744016,"[23.507938202591667, 11.383381296825721, 13.272310800503146, 4.932727867053644, 5.392956789226006, 6.158709620249898, 7.9590466847127885, 13.174482099192495, 11.518502662439356, 19.291311861989524, 19.842254535837213, 28.677239990423324, 30.30754334548442, 14.449176899096882, 5.878470828927086, 6.0212685356821405, 4.787857812169736, 4.908850201364582, 3.675526059900918, 2.442350164686135, 1.2092180201563034, 0.0, 0.0, 0.0, 0.9859043327276339, 2.219016052571874, 34.15875189267541, 19.421620711267487, 29.617773896712414, 54.978909480522, 55.21947329462173, 116.08660676011586, 78.45239731643598, 101.25657236528549, 107.99482283786027, 106.94603273722727, 58.64117400408485, 46.842230098772674, 63.48906133930635, 69.36247324516428, 65.95893581416719, 62.91824941978005, 69.04567824102689, 74.7729194445621, 62.6480746646471, 62.296193661319016, 60.58340426636058, 50.773042236934884]","[0.6629998683929443, 66.51400017738342, 25.925999879837036, 0.13400006294250488, 4.783999919891357, 0.12200021743774414, 28.009999990463257, 22.147000074386597, 16.57800006866455, 13.29200005531311, 5.366999864578247, 11.465999841690063, 12.641999959945679, 0.945000171661377, 0.8480000495910645, 4.31000018119812, 1.0530002117156982, 1.180999994277954, 0.8889999389648438, 15.240000009536743, 1.1200001239776611, 0.932999849319458, 9.654000043869019, 34.937999963760376, 22.266000032424927, 16.52999997138977, 36.24199986457825, 23.245999813079834, 7.4079999923706055, 1.1629998683929443, 1.2779998779296875, 0.7249999046325684, 0.6139998435974121, 0.20600008964538574, 0.15799999237060547, 0.18600010871887207, 0.19700002670288086, 0.8600001335144043, 0.18500018119812012, 0.17799997329711914, 0.21700000762939453, 0.2239999771118164, 0.2369999885559082, 0.17599987983703613, 0.1659998893737793, 0.2989997863769531, 0.06500005722045898, 0.06800007820129395]",,,,,,,,,,,,,,,,,,formal/step4_33_main_model_based_raw.csv,Oracle-H7,1646.5247662795084,2.8505903509249775,,,,,,,,,,,,,,,,,
33,MPC-7,89,test_id,id_actual,id_reliable,7,,1681.9549985901897,,,,1515.3229994773865,31.569229155778885,300.5570001602173,0,0,True,,100089,pure_mpc,8,48,True,,1.0,0.12500000173799847,"[25.634380761666122, 13.777941868677848, 15.53963794119149, 4.932727871408202, 5.471605853420911, 6.16615, 10.721345623538795, 17.500167849983637, 13.594909715673202, 18.964009928024183, 14.213411728510906, 21.020025923873554, 30.307540840750356, 14.449141853951678, 6.16615, 5.191576213106572, 4.341260986531185, 4.96204343365459, 3.7287151518819663, 3.282475871937893, 2.049278326449318, 0.8161767809607433, 0.0, 0.0, 0.4607454282807944, 17.344271854392296, 41.42394724918955, 26.66445661949615, 36.8691234772386, 54.97890962324294, 55.219473271427, 107.36334680483073, 61.28043672485317, 86.67464952111989, 97.68736414451543, 105.82616599806781, 58.641174268131586, 46.84223009153017, 63.489061357603546, 69.3624731722567, 65.95893575604381, 62.9182494995079, 69.04565720771448, 74.77291971387348, 62.64807715652692, 62.29620627586971, 60.5834050404995, 50.77304380878456]","[52.97199988365173, 98.62800002098083, 300.31199979782104, 0.317000150680542, 7.9629998207092285, 300.5570001602173, 26.384999990463257, 32.45599985122681, 30.18400001525879, 63.026000022888184, 17.45300006866455, 14.194000005722046, 9.369999885559082, 13.934999942779541, 1.6449999809265137, 11.710999965667725, 14.598999977111816, 11.532999992370605, 1.559999942779541, 53.973000049591064, 9.06499981880188, 7.6600000858306885, 59.55800008773804, 21.65000009536743, 14.70199990272522, 262.33399987220764, 25.2979998588562, 36.78999996185303, 1.555999994277954, 1.508000135421753, 4.377999782562256, 1.059999942779541, 1.5260000228881836, 0.31399989128112793, 0.3320000171661377, 0.29200005531311035, 0.32700014114379883, 1.2109999656677246, 0.29200005531311035, 0.27500009536743164, 0.27699995040893555, 1.0440001487731934, 0.2690000534057617, 0.1960000991821289, 0.17400002479553223, 0.3190000057220459, 0.06200003623962402, 0.08099985122680664]",,,,,,,,,,,,,,,,,,formal/step4_33_main_model_based_raw.csv,Oracle-H7,1646.5247662795084,2.1518189726802297,,,,,,,,,,,,,,,,,
33,Proposed-H3,89,test_id,id_actual,id_reliable,3,0.3,1420.3767566817178,,,,32.42500042915344,0.6755208422740301,1.625,0,0,True,,100089,proposed,4,48,True,,1.0,0.12499999981039145,"[56.58419009834297, 10.81932897816597, 8.256434994661369, 4.932728, 6.16615, 6.16615, 6.16615, 6.16615, 6.16615, 6.16615, 8.192538620238615, 26.660750696878118, 30.307544394479322, 18.03879833821621, 15.031541019098436, 6.16615, 6.16615, 6.16615, 4.932728, 6.16615, 4.932728, 3.699402, 3.699402, 3.7452290116198648, 3.699402, 4.932727793097792, 6.16615, 6.166149674040682, 6.16615, 11.104760422503487, 11.204950800631153, 70.89318737514553, 40.167180210479145, 79.490154025741, 97.68736414097243, 105.82616599726056, 52.391490287638476, 40.90668858816832, 55.19036825158615, 66.29487684971552, 62.75034543813087, 60.46963383673845, 67.97476461846117, 74.77060023974818, 62.3117754576613, 61.256519036621604, 60.44745671374898, 50.613050771926254]","[0.2990000247955322, 0.8050000667572021, 0.6289999485015869, 0.7309999465942383, 0.7239999771118164, 0.7320001125335693, 0.693000078201294, 0.6130001544952393, 0.6289999485015869, 0.5099999904632568, 0.6759998798370361, 0.747999906539917, 0.7070000171661377, 0.6689999103546143, 0.628000020980835, 0.6410000324249268, 0.6679999828338623, 0.687999963760376, 0.5900001525878906, 0.7160000801086426, 0.5739998817443848, 0.6029999256134033, 0.7039999961853027, 0.7799999713897705, 0.625999927520752, 0.8100001811981201, 0.685999870300293, 1.625, 0.7200000286102295, 0.7420001029968262, 0.7819998264312744, 0.6789999008178711, 0.6489999294281006, 0.687000036239624, 0.8199999332427979, 0.7300000190734863, 0.679999828338623, 0.6820001602172852, 0.7310001850128174, 0.7350001335144043, 0.7799999713897705, 0.7439999580383301, 0.7790000438690186, 0.7000000476837158, 0.8380000591278076, 0.2990000247955322, 0.07300019264221191, 0.0710000991821289]",,,,,,,,,,,,,,,,,,formal/step4_33_main_model_based_raw.csv,Oracle-H7,1646.5247662795084,-13.734868386389065,,,,,,,,,,,,,,,,,
33,MPC-3,90,test_id,id_actual,id_reliable,3,,1706.3695133932881,,,,59.0119993686676,1.2294166535139084,16.5,0,0,True,,100090,pure_mpc,4,48,True,,1.0,0.12500000080856047,"[16.57657626639352, 9.294333541695792, 3.692950455391205, 4.926275692550095, 6.159674681808785, 6.085971252156352, 8.692166496836917, 8.407698168628562, 12.949069242878714, 10.974812772993186, 17.69399534790862, 29.694852590286224, 16.7295343637658, 16.24526223701128, 22.58665002548142, 13.223290651398464, 5.4298688017746475, 5.641601060502554, 4.408393270475937, 3.175108083387132, 1.941919000180926, 0.7088258125839682, 0.0, 0.0, 18.871901578444483, 1.845559775913836, 32.79686310995358, 4.3120190841253345, 33.57660054905122, 55.94544500858958, 43.83137913661931, 93.63819309079176, 96.33677334789637, 120.8816120157388, 115.36044915768717, 120.33762901188294, 44.01046891126645, 53.25841933204487, 68.36144262370185, 59.757191587854116, 69.43845912294186, 52.44734171523193, 61.72515271443709, 70.25492318258051, 66.76774838543078, 63.71264727672358, 68.42327119674083, 65.23919266154965]","[0.49200010299682617, 0.8139998912811279, 0.3299999237060547, 0.11099982261657715, 0.0820000171661377, 0.08600020408630371, 2.496999979019165, 2.4560000896453857, 0.7369999885559082, 0.6659998893737793, 0.440000057220459, 0.2990000247955322, 1.556999921798706, 1.4179999828338623, 1.6640000343322754, 1.500999927520752, 0.41900014877319336, 0.13699984550476074, 0.04900002479553223, 0.08100008964538574, 0.05099987983703613, 0.39999985694885254, 0.04699993133544922, 0.04999995231628418, 16.5, 3.0179998874664307, 15.417999982833862, 0.6470000743865967, 2.941999912261963, 0.49199986457824707, 0.5340001583099365, 0.43000006675720215, 0.3540000915527344, 0.11700010299682617, 0.11899995803833008, 0.12800002098083496, 0.28800010681152344, 0.1919999122619629, 0.11100006103515625, 0.30500006675720215, 0.09799981117248535, 0.3379998207092285, 0.1230001449584961, 0.0989999771118164, 0.18999981880187988, 0.09399986267089844, 0.06200003623962402, 0.029000043869018555]",,,,,,,,,,,,,,,,,,formal/step4_33_main_model_based_raw.csv,Oracle-H7,1590.5274101131722,7.283250986028168,,,,,,,,,,,,,,,,,
33,MPC-5,90,test_id,id_actual,id_reliable,5,,1616.8893981792462,,,,393.5060005187988,8.198041677474976,107.59299993515015,0,0,True,,100090,pure_mpc,6,48,True,,1.0,0.12500000189978677,"[16.57657848944124, 9.294330957625316, 3.699401884922315, 4.932727935187576, 7.002773029660871, 7.514727952888574, 8.865208088861467, 8.476802814708131, 16.9121462669328, 19.664621398094503, 22.579286542313113, 28.820922504461073, 16.72953408236919, 5.947658129540089, 6.16615, 6.591974592746945, 5.42986505917783, 6.029225321457608, 4.795813978243686, 3.5624986350297645, 2.3292793964534835, 1.0961560532314152, 0.0, 0.0, 17.79353708286775, 1.9512751745279744, 37.455777431186696, 11.509150371483848, 32.116430891444594, 55.94544509100057, 43.8313791441916, 93.63819309116842, 85.87802368073821, 92.67254387425382, 89.20714925101026, 98.4765472877985, 44.010469248292736, 53.25841937249926, 68.3614426462842, 59.75719527801656, 69.43845919682059, 52.44734171019498, 61.7251527321114, 70.25492318331654, 66.76774834831964, 63.71264732216072, 68.42327111311268, 65.23919254309783]","[2.7820000648498535, 9.549000024795532, 0.5730001926422119, 0.127000093460083, 21.832000017166138, 46.33899998664856, 26.289999961853027, 24.391000032424927, 5.78000020980835, 5.133999824523926, 3.259999990463257, 0.9249999523162842, 1.3429999351501465, 1.1549999713897705, 8.638999938964844, 11.891999959945679, 8.281000137329102, 4.3470001220703125, 0.8989999294281006, 1.0249998569488525, 0.08699989318847656, 6.447999954223633, 1.0379998683929443, 10.42300009727478, 107.59299993515015, 5.289000034332275, 30.511000156402588, 22.611000061035156, 17.457000017166138, 1.0829999446868896, 0.8559999465942383, 0.17999982833862305, 0.7430000305175781, 0.192000150680542, 0.19300007820129395, 1.065000057220459, 0.5710000991821289, 0.19899988174438477, 0.18799996376037598, 0.21900010108947754, 0.20099997520446777, 0.9920001029968262, 0.21799993515014648, 0.2049999237060547, 0.16000008583068848, 0.12900018692016602, 0.06100010871887207, 0.03099989891052246]",,,,,,,,,,,,,,,,,,formal/step4_33_main_model_based_raw.csv,Oracle-H7,1590.5274101131722,1.6574368915904587,,,,,,,,,,,,,,,,,
33,MPC-7,90,test_id,id_actual,id_reliable,7,,1568.5737893099545,,,,1118.9579997062683,23.31162499388059,300.2339999675751,0,0,True,,100090,pure_mpc,8,48,True,,1.0,0.12500000504642678,"[16.576578489446828, 14.353113219212114, 3.6994019040833215, 4.9327151555571325, 9.018508137002597, 7.178435659842863, 10.794991908225022, 13.207834352059852, 21.74991679903036, 16.96142097192359, 14.416639679421309, 20.59179561403405, 16.72949817738405, 5.947658713289675, 6.166149651194836, 6.592023484224271, 5.429869166350232, 6.029221808887606, 4.795810466372815, 3.5624951239322735, 2.3292757816255643, 1.096152438684904, 0.0, 0.0, 35.77222921902998, 1.9512752917449376, 37.455778452784244, 11.509148848407097, 32.11642914971584, 55.94544519594072, 43.83137906828441, 73.41698608009192, 60.58872510873598, 76.02351208736452, 85.93056508212119, 98.47654866893834, 44.01046877787584, 53.25841925175398, 68.36144256020457, 59.75719517137787, 69.43845902059881, 52.447341584894524, 61.72515259114283, 70.25492306847099, 66.76774820894147, 63.71264707811579, 68.4232708915108, 65.23919215012239]","[2.6049997806549072, 300.2339999675751, 1.0160000324249268, 0.22099995613098145, 160.32599997520447, 207.2630000114441, 21.3510000705719, 26.358999967575073, 25.782000064849854, 20.47000002861023, 18.53600001335144, 13.507999897003174, 16.927000045776367, 1.621000051498413, 23.944999933242798, 14.894000053405762, 1.6190001964569092, 8.924000024795532, 1.9119999408721924, 1.6790001392364502, 10.798999786376953, 13.533999919891357, 13.444999933242798, 19.022000074386597, 105.3420000076294, 14.549999952316284, 34.212000131607056, 25.948999881744385, 1.7220001220703125, 1.5889999866485596, 1.5360000133514404, 1.0679998397827148, 1.5800001621246338, 0.31599998474121094, 0.3320000171661377, 0.2999999523162842, 1.0709998607635498, 0.28600001335144043, 0.2700002193450928, 0.33099985122680664, 0.30900001525878906, 1.3410000801086426, 0.2669999599456787, 0.19700002670288086, 0.15999984741210938, 0.11500000953674316, 0.08500003814697266, 0.037999868392944336]",,,,,,,,,,,,,,,,,,formal/step4_33_main_model_based_raw.csv,Oracle-H7,1590.5274101131722,-1.3802730253894624,,,,,,,,,,,,,,,,,
33,Proposed-H3,90,test_id,id_actual,id_reliable,3,0.3,1355.8246441747706,,,,36.81799936294556,0.7670416533946991,1.9470000267028809,0,0,True,,100090,proposed,4,48,True,,1.0,0.12499999981185266,"[49.473245707791506, 9.294333546795972, 3.699402, 4.932728, 6.16615, 6.16615, 6.16615, 6.16615, 6.16615, 6.16615, 9.444579204136888, 28.870108970636117, 16.729534082506767, 7.9024113078721365, 17.538205583086956, 13.223293705537698, 6.16615, 6.16615, 5.64979399443248, 5.238931398557414, 4.005581566362676, 3.699402, 3.699402, 3.818732853194881, 5.0520681402017855, 4.936861133014759, 6.16615, 6.16615, 6.16615, 12.142382104942119, 6.16615, 48.86346550252664, 51.308558712071076, 76.02351067652732, 85.930557568395, 98.47654728747216, 38.87167254413357, 49.52794718930334, 60.617562763036844, 54.8622956348929, 66.51211499305829, 50.12974098679222, 60.46684541935341, 69.87105598616081, 65.22968941507047, 63.585300119135276, 67.58931213741606, 64.61366994035478]","[0.25, 1.061000108718872, 0.687000036239624, 0.7519998550415039, 0.8689999580383301, 0.8519999980926514, 0.8469998836517334, 0.6960000991821289, 0.621999979019165, 0.6489999294281006, 0.7640001773834229, 0.809999942779541, 0.752000093460083, 0.7070000171661377, 0.7279999256134033, 0.7799999713897705, 0.6909999847412109, 1.6070001125335693, 0.7419998645782471, 0.753000020980835, 0.8059999942779541, 0.7020001411437988, 0.6659998893737793, 0.820000171661377, 1.9470000267028809, 0.75, 0.7899999618530273, 1.7709999084472656, 0.7369999885559082, 0.7200000286102295, 0.7200000286102295, 0.6780002117156982, 0.7769999504089355, 0.7159998416900635, 0.8450000286102295, 0.7919998168945312, 0.7669999599456787, 0.6970000267028809, 0.7179999351501465, 0.7669999599456787, 0.8009998798370361, 0.7590000629425049, 0.7290000915527344, 0.7339999675750732, 0.7679998874664307, 0.12199997901916504, 0.0709998607635498, 0.028999805450439453]",,,,,,,,,,,,,,,,,,formal/step4_33_main_model_based_raw.csv,Oracle-H7,1590.5274101131722,-14.756285521775547,,,,,,,,,,,,,,,,,
33,MPC-3,91,test_id,id_actual,id_reliable,3,,1744.7135049381511,,,,93.03899908065796,1.9383124808470409,20.52500009536743,0,0,True,,100091,pure_mpc,4,48,True,,1.0,0.12500000118108273,"[23.834475077679173, 13.685864788771234, 3.699359119357123, 10.499984887450783, 6.1661071123165865, 11.14516275584992, 12.856963161548656, 8.156321159934079, 9.328155325945755, 8.332529928981357, 15.988124729484538, 34.44070873187147, 42.23079773237474, 27.462111179312984, 20.948270853322693, 5.993696133350401, 4.760287555871307, 4.845874693046804, 3.612555453316048, 2.3793323182182182, 1.1462050784793163, 0.0, 0.0, 0.0, 30.885904688720135, 6.227858327491791, 10.992389958169428, 33.57864441917351, 23.765124619464487, 55.37421611415694, 68.98964162451924, 77.02723222270943, 110.35692739298207, 106.84808405720882, 132.66275147084124, 98.21805339832257, 60.23954266629645, 52.39087328606057, 59.35267330499039, 59.01029722465861, 54.72785699342595, 67.4715450049789, 63.315558748705826, 52.91812240752992, 68.13105996376079, 66.781121567966, 58.61428317078129, 55.3208545287535]","[0.125, 0.3529999256134033, 0.7049999237060547, 11.71399998664856, 1.503000020980835, 1.4500000476837158, 1.1710000038146973, 2.50600004196167, 0.46199989318847656, 1.4819998741149902, 0.6689999103546143, 0.312000036239624, 0.5860002040863037, 1.0199999809265137, 1.1159999370574951, 0.5950000286102295, 0.5929999351501465, 3.0940001010894775, 0.5180001258850098, 0.05299997329711914, 12.255000114440918, 0.6180000305175781, 0.4700000286102295, 5.017999887466431, 20.52500009536743, 8.409000158309937, 6.115999937057495, 4.5849997997283936, 0.9960000514984131, 0.3509998321533203, 0.375, 0.13899993896484375, 0.11299991607666016, 0.7309999465942383, 0.12899994850158691, 0.14499998092651367, 0.11699986457824707, 0.2109999656677246, 0.2799999713897705, 0.27300000190734863, 0.20099997520446777, 0.11599993705749512, 0.20300006866455078, 0.19899988174438477, 0.12899994850158691, 0.1960000991821289, 0.07999992370605469, 0.031999826431274414]",,,,,,,,,,,,,,,,,,formal/step4_33_main_model_based_raw.csv,Oracle-H7,1629.7194731368231,7.056062941924096,,,,,,,,,,,,,,,,,
33,MPC-5,91,test_id,id_actual,id_reliable,5,,1716.2872940495533,,,,581.7849998474121,12.120520830154419,56.228999853134155,0,0,True,,100091,pure_mpc,6,48,True,,1.0,0.12500000200479103,"[23.833571086528064, 13.685672262216139, 3.6994000387040122, 14.13948969493041, 6.418477446779438, 11.759425732843063, 12.872031345457131, 7.613289614658047, 12.651103325914104, 16.848427625851386, 16.222851500607533, 34.440707007092236, 42.23079579702253, 13.66450439458394, 7.291726819373863, 5.804670134304753, 4.694860649972505, 4.840848391559362, 3.6075295430543526, 2.3745263265514533, 1.141399482767413, 0.0, 0.0, 0.0, 47.161462219956654, 20.614486952517673, 17.018049301919813, 33.578640996871805, 23.765124668794442, 55.37423487384761, 68.98964171922144, 77.02723226086432, 108.40983239565502, 89.70492859923759, 115.38957678452486, 81.14498294002463, 60.23954275294844, 52.390873297497855, 59.352676581652496, 59.01029724920396, 54.72785707656104, 67.47154499703743, 63.31555873874843, 52.91812239537503, 68.13106002780843, 66.78112145319886, 58.61428311792181, 55.32085442739188]","[9.656000137329102, 16.375, 2.5269999504089355, 35.51400017738342, 26.74399995803833, 39.97199988365173, 22.36899995803833, 41.3270001411438, 15.13100004196167, 9.118000030517578, 5.000999927520752, 0.7920000553131104, 16.705000162124634, 16.04699993133545, 23.457000017166138, 1.0750000476837158, 1.1579999923706055, 14.829999923706055, 0.9739999771118164, 0.09300017356872559, 27.94599986076355, 47.28800010681152, 23.872000217437744, 18.895999908447266, 56.228999853134155, 38.47099995613098, 44.88600015640259, 15.503000020980835, 1.622999906539917, 0.8350000381469727, 0.621999979019165, 0.9639999866485596, 1.0899999141693115, 1.2119998931884766, 0.18500018119812012, 1.0970001220703125, 0.20199990272521973, 0.2219998836517334, 0.2069997787475586, 0.20000004768371582, 0.22799992561340332, 0.22099995613098145, 0.2070000171661377, 0.22800016403198242, 0.14599990844726562, 0.20999979972839355, 0.09999990463256836, 0.029999971389770508]",,,,,,,,,,,,,,,,,,formal/step4_33_main_model_based_raw.csv,Oracle-H7,1629.7194731368231,5.311823435852289,,,,,,,,,,,,,,,,,
33,MPC-7,91,test_id,id_actual,id_reliable,7,,1696.3904044360493,,,,1725.1280000209808,35.94016666710377,300.23299980163574,0,0,True,,100091,pure_mpc,8,48,True,,1.0,0.1249999998113633,"[25.10733659707214, 15.774879360931363, 3.699401927608185, 14.730762166235984, 6.994097893432173, 11.950741689848225, 14.82443656501065, 12.726192474527409, 13.97789186449158, 13.261753670719319, 14.120163650659201, 34.440706782832635, 42.230797351656676, 13.664481605809607, 6.166149973043316, 5.382688871966112, 4.149327959875738, 4.642975397500789, 3.4096719511793983, 2.176464504359852, 0.9595163668096719, 0.0, 0.0, 0.17205836233806415, 46.64864112823976, 18.24273679367704, 14.647795017763539, 32.77763900045795, 23.765124806526835, 55.37423067434088, 68.98964175013313, 77.02723222979526, 103.7534872062859, 85.07293315058375, 110.72263907453794, 76.53201315736241, 60.239542821984095, 52.39087321880679, 59.35267662540316, 59.01029726142867, 54.72788433453113, 67.47154487841354, 63.3155583414746, 52.9181222038402, 68.13105935565545, 66.78112012810622, 58.614281096964184, 55.32083319182878]","[53.21300005912781, 300.23299980163574, 0.9070000648498535, 142.5479998588562, 55.281999826431274, 300.17899990081787, 21.735000133514404, 54.23699998855591, 41.21799993515015, 34.468000173568726, 28.700000047683716, 18.73099994659424, 1.8229999542236328, 14.45799994468689, 15.384000062942505, 12.337000131607056, 13.875, 71.1100001335144, 1.690000057220459, 9.957000017166138, 84.31900000572205, 28.42799997329712, 43.287999868392944, 21.98199987411499, 137.67899990081787, 141.24899983406067, 49.04299998283386, 1.7780001163482666, 4.944999933242798, 7.200999975204468, 1.49399995803833, 1.624000072479248, 1.4249999523162842, 1.684999942779541, 0.31400012969970703, 0.9079999923706055, 0.29400014877319336, 1.1450002193450928, 0.9300000667572021, 1.1100001335144043, 0.9630000591278076, 0.31399989128112793, 0.24899983406066895, 0.22099995613098145, 0.13499999046325684, 0.20600008964538574, 0.08599996566772461, 0.0280001163482666]",,,,,,,,,,,,,,,,,,formal/step4_33_main_model_based_raw.csv,Oracle-H7,1629.7194731368231,4.090945245374066,,,,,,,,,,,,,,,,,
33,Proposed-H3,91,test_id,id_actual,id_reliable,3,0.3,1378.494774891677,,,,30.7979998588562,0.6416249970595042,1.0419998168945312,0,0,True,,100091,proposed,4,48,True,,1.0,0.12499999981066603,"[56.94167621649591, 13.685692185928229, 3.699402, 5.18069436277589, 6.16615, 6.16615, 6.16615, 6.16615, 6.16615, 6.16615, 12.205922556303893, 34.44070795257482, 42.230797398067345, 21.197582145608003, 20.41801019332371, 6.16615, 6.16615, 6.16615, 5.654063780533512, 4.420681637443982, 4.04496682440374, 3.699402, 3.699402, 3.8175617761212193, 5.05089679827545, 6.16615, 6.16615, 6.16615, 6.16615, 11.598474977641791, 24.95093386681986, 32.450287194336234, 65.08565171095377, 62.936722594497375, 98.25859286707713, 70.63791603725537, 56.2989137697843, 49.93963067799694, 52.41333630615638, 54.69595315876155, 51.28846932616954, 66.28657366982743, 61.273603696309294, 52.91812147107743, 66.825858119946, 66.71665922762725, 58.50654426706438, 54.865122124519075]","[0.75, 0.8610000610351562, 0.7170000076293945, 0.7230000495910645, 0.6959998607635498, 0.6909999847412109, 0.7170000076293945, 0.1380000114440918, 0.5929999351501465, 0.7030000686645508, 0.6800000667572021, 0.7160000801086426, 0.7349998950958252, 0.6459999084472656, 0.6349999904632568, 0.3859999179840088, 0.681999921798706, 0.693000078201294, 0.695000171661377, 0.6480000019073486, 0.7820000648498535, 0.6690001487731934, 0.6459999084472656, 0.7569999694824219, 0.9149999618530273, 0.11700010299682617, 0.6729998588562012, 1.0419998168945312, 0.7039999961853027, 0.9159998893737793, 0.6960000991821289, 0.6699998378753662, 0.6689999103546143, 0.7089998722076416, 0.7760000228881836, 0.7999999523162842, 0.7030000686645508, 0.7290000915527344, 0.7190001010894775, 0.7159998416900635, 0.6919999122619629, 0.751000165939331, 0.624000072479248, 0.7369999885559082, 0.17300009727478027, 0.21399998664855957, 0.06400012969970703, 0.029999971389770508]",,,,,,,,,,,,,,,,,,formal/step4_33_main_model_based_raw.csv,Oracle-H7,1629.7194731368231,-15.41521116892579,,,,,,,,,,,,,,,,,
33,MPC-3,92,test_id,id_actual,id_reliable,3,,1552.7649357817957,,,,80.56799983978271,1.67849999666214,15.944999933242798,0,0,True,,100092,pure_mpc,4,48,True,,1.0,0.12500000095557964,"[5.517877334537035, 16.436116598354342, 9.320412962174412, 11.060028865354166, 7.1841151419008344, 5.774614974694243, 5.491063339759648, 10.329164687447523, 15.288386781784991, 8.468100138525188, 11.084345245901183, 24.320007506571535, 39.40145293972756, 26.562200054161877, 11.868098262768555, 11.333078832869106, 5.036847010148015, 3.8035129065432014, 2.570274802438377, 1.3371326983335523, 0.10408659422872757, 0.0, 0.0, 0.0, 8.810002975393477, 2.054892982907199, 3.2880909096616153, 5.269930354004328, 25.930293330985045, 20.18536542111285, 63.615185473900894, 70.69593565466792, 106.64411028542038, 124.04036366038021, 91.25811545262098, 123.67556518256578, 49.846693306819326, 56.60665803694244, 48.61760451085953, 63.90740842490696, 55.48437573979316, 55.25890773712642, 53.208515931273766, 65.4359173762228, 49.10955908357545, 64.32217443757654, 60.99135353278142, 52.21699830207299]","[5.983000040054321, 0.33899998664855957, 2.1549999713897705, 10.01200008392334, 1.99399995803833, 0.07999992370605469, 0.11500000953674316, 0.6860001087188721, 0.32000017166137695, 0.8949999809265137, 2.4700000286102295, 0.6630001068115234, 1.1150000095367432, 2.263000011444092, 0.4659998416900635, 0.5729999542236328, 0.6429998874664307, 0.05000019073486328, 0.5339999198913574, 0.5240001678466797, 0.4099998474121094, 0.3819999694824219, 6.6529998779296875, 0.40400004386901855, 15.944999933242798, 2.618000030517578, 0.4500000476837158, 2.5889999866485596, 13.51799988746643, 1.315999984741211, 0.4809999465942383, 0.41899991035461426, 0.12400007247924805, 0.3960001468658447, 0.35199999809265137, 0.09500002861022949, 0.21700000762939453, 0.2089998722076416, 0.2630000114440918, 0.26799988746643066, 0.3039999008178711, 0.3280000686645508, 0.3169999122619629, 0.10500001907348633, 0.22900009155273438, 0.20099997520446777, 0.06399989128112793, 0.031000137329101562]",,,,,,,,,,,,,,,,,,formal/step4_33_main_model_based_raw.csv,Oracle-H7,1484.1085918578876,4.626099754463405,,,,,,,,,,,,,,,,,
33,MPC-5,92,test_id,id_actual,id_reliable,5,,1532.9951155131168,,,,733.7769989967346,15.28702081243197,144.0699999332428,0,0,True,,100092,pure_mpc,6,48,True,,1.0,0.12500000183642565,"[5.517874967482307, 18.284031438036482, 14.265853462291712, 12.712170633076813, 7.207476595897253, 5.601550090628266, 5.393329947126635, 9.93007012245279, 17.88972654690774, 16.043659922536087, 7.479559951072134, 18.286897071653847, 39.401451537832685, 15.79822682726445, 8.550926495213297, 11.333060496418959, 5.036845062633823, 3.8035109586806213, 2.5702728547274196, 1.3371307507742183, 0.1040846478210166, 0.0, 0.0, 0.0, 32.80817690859804, 2.0548931564355346, 12.728205313089827, 6.023299601187548, 25.930294160963935, 20.1853655308852, 63.61518563566861, 70.69593579570375, 105.70769862109987, 108.22484412185798, 75.62097764506463, 107.8463523108721, 49.846693383478225, 56.60665808981313, 48.61760463125188, 63.907412031264386, 55.48437566034911, 55.2589112730921, 53.20851886111628, 65.43591733059799, 49.10955902754871, 64.3221743761091, 60.991353473807735, 52.216998192732824]","[11.607999801635742, 24.663000106811523, 24.865999937057495, 54.806999921798706, 25.969000101089478, 0.2239999771118164, 0.6629998683929443, 34.05400013923645, 13.764999866485596, 15.91100001335144, 16.67899990081787, 0.929999828338623, 11.17300009727478, 21.842000007629395, 9.463000059127808, 10.407999992370605, 8.966000080108643, 0.9189999103546143, 0.9539999961853027, 0.8589999675750732, 6.20199990272522, 56.53600001335144, 75.35500001907349, 27.233999967575073, 144.0699999332428, 2.5139999389648438, 53.34699988365173, 34.49300003051758, 26.61899995803833, 5.832000017166138, 1.186000108718872, 0.8409998416900635, 0.9019999504089355, 0.6970000267028809, 3.6489999294281006, 0.20300006866455078, 0.19999980926513672, 0.1959998607635498, 2.878999948501587, 0.22899985313415527, 0.22300004959106445, 0.2109999656677246, 0.20800018310546875, 0.20600008964538574, 0.7309999465942383, 0.1940000057220459, 0.06800007820129395, 0.029000043869018555]",,,,,,,,,,,,,,,,,,formal/step4_33_main_model_based_raw.csv,Oracle-H7,1484.1085918578876,3.2939990997579502,,,,,,,,,,,,,,,,,
33,MPC-7,92,test_id,id_actual,id_reliable,7,,1503.1720315849477,,,,1942.32399892807,40.46508331100146,300.3770000934601,0,0,True,,100092,pure_mpc,8,48,True,,1.0,0.1249999998100326,"[5.517876903346794, 20.879441425832123, 15.949976559732406, 14.682383790953207, 6.16615, 5.633141674300546, 6.038431339589225, 14.636128530649962, 22.74995943883598, 11.399771596398734, 5.921311805703151, 6.766017397144165, 39.401420418884044, 15.797878225938444, 8.55130843798315, 11.3330613731736, 5.036841407936395, 3.8035073046933237, 2.5702692015245354, 1.3371270984898493, 0.10408099582093225, 0.0, 0.0, 0.0, 41.785382974265545, 2.4661720000000003, 7.070541182142741, 4.932728, 20.261931101403462, 20.18535534800626, 63.61518566051709, 70.6959357493561, 99.06213478329705, 101.9185975433498, 68.46435365571337, 103.4313365303623, 49.846693810767896, 56.60665815943015, 48.61760452846478, 63.9074119546912, 55.48437587125682, 55.258911161509936, 53.210465991731446, 65.43591672556614, 49.10774034970447, 64.32217283141587, 60.99135213292521, 52.216988612139446]","[21.5310001373291, 300.21399998664856, 300.1340000629425, 300.3110001087189, 90.83599996566772, 1.1099998950958252, 8.480000019073486, 26.443000078201294, 22.776999950408936, 26.26799988746643, 4.330999851226807, 16.055000066757202, 18.960000038146973, 27.4229998588562, 11.77999997138977, 10.089999914169312, 11.568000078201294, 1.8970000743865967, 1.9900000095367432, 16.341000080108643, 8.9760000705719, 113.19400000572205, 9.579999923706055, 9.96500015258789, 111.125, 300.3770000934601, 54.175999879837036, 46.930999994277954, 17.61899995803833, 29.412999868392944, 1.7400000095367432, 1.5809998512268066, 2.822000026702881, 1.309999942779541, 6.82699990272522, 1.5769999027252197, 0.312999963760376, 0.2909998893737793, 1.7630000114440918, 0.3250000476837158, 0.9469997882843018, 0.9110000133514404, 0.8829998970031738, 0.20199990272521973, 0.627000093460083, 0.182999849319458, 0.08599996566772461, 0.0409998893737793]",,,,,,,,,,,,,,,,,,formal/step4_33_main_model_based_raw.csv,Oracle-H7,1484.1085918578876,1.2845043706131665,,,,,,,,,,,,,,,,,
33,Proposed-H3,92,test_id,id_actual,id_reliable,3,0.3,1231.476801788358,,,,33.19399881362915,0.6915416419506073,1.5960001945495605,0,0,True,,100092,proposed,4,48,True,,1.0,0.12499999981039625,"[38.125269990138605, 16.436118775936748, 9.320414532497647, 4.932728, 6.16615, 6.16615, 6.16615, 6.16615, 6.758949936347988, 6.16615, 6.16615, 18.22800456088211, 39.40145264847136, 18.665610789360457, 11.40632134085872, 11.3330815572098, 6.16615, 6.16615, 4.932728, 3.740128099934761, 3.699402, 3.699402, 3.699402, 3.699402, 4.932728, 3.7896000141619486, 5.022933033433852, 6.16615, 6.16615, 6.16615, 19.48566703293566, 26.432043057768645, 61.406368163908034, 78.37847653510485, 59.08967648531453, 103.43133652700689, 30.015685714314564, 43.11883227671672, 35.887690229244065, 54.40943511290733, 49.37061297058895, 51.51739343070292, 50.581982638925446, 64.45933564340017, 48.07757486961579, 63.79395677604212, 60.79520917760464, 51.57419786702278]","[1.5960001945495605, 0.749000072479248, 0.6330001354217529, 0.820000171661377, 0.7029998302459717, 0.8339998722076416, 0.7950000762939453, 0.7239999771118164, 0.0989999771118164, 0.6189999580383301, 0.7450001239776611, 0.7300000190734863, 0.752000093460083, 0.7029998302459717, 0.5810000896453857, 0.623999834060669, 0.6340000629425049, 0.6729998588562012, 0.6749999523162842, 0.9289999008178711, 0.6719999313354492, 0.6600000858306885, 0.747999906539917, 0.6769998073577881, 0.8350000381469727, 0.8009998798370361, 0.8459999561309814, 0.7919998168945312, 0.7569999694824219, 0.7080001831054688, 0.6919999122619629, 0.747999906539917, 0.7189998626708984, 0.812999963760376, 0.7960000038146973, 0.8259999752044678, 0.7390000820159912, 0.7379999160766602, 0.8050000667572021, 0.7039999961853027, 0.6779999732971191, 0.687999963760376, 0.6919999122619629, 0.8559999465942383, 0.15199995040893555, 0.30900001525878906, 0.07699990272521973, 0.04799985885620117]",,,,,,,,,,,,,,,,,,formal/step4_33_main_model_based_raw.csv,Oracle-H7,1484.1085918578876,-17.022459909976767,,,,,,,,,,,,,,,,,
33,MPC-3,93,test_id,id_actual,id_reliable,3,,1637.3319171837081,,,,66.00999999046326,1.3752083331346512,13.468999862670898,0,0,True,,100093,pure_mpc,4,48,True,,1.0,0.1250000009784015,"[16.17492914066864, 12.25543418690818, 8.877301187392437, 4.932700350691031, 8.129190617734965, 6.166142183372741, 15.274878196907059, 6.16615, 9.108083337804018, 13.148763223038971, 20.71621280710045, 26.960375747645244, 21.694150079752006, 24.846526866255203, 25.968293434456776, 5.233137448259613, 3.9997880665254644, 4.116346869476281, 2.883084496105489, 1.759641050910573, 0.677582641538365, 0.0, 0.0, 0.0, 1.2330379193661543, 7.042909800496364, 22.111897062545978, 15.269340409639423, 6.16615, 51.13053470789753, 63.676785262415706, 75.30767132604454, 83.22395026415455, 117.3712972916592, 126.91280960186826, 122.08025710170422, 42.427094288219536, 64.74763401538351, 56.70975460734655, 59.41606591465383, 69.87583239648089, 62.43596107275621, 66.44399184906077, 61.15507978478, 66.98454523554581, 54.458599026446116, 47.96118088229533, 54.100825430404115]","[0.7739999294281006, 0.6540000438690186, 2.631999969482422, 0.08799982070922852, 3.0810000896453857, 0.0710000991821289, 1.4270000457763672, 0.3489999771118164, 1.9530000686645508, 1.2690000534057617, 0.6410000324249268, 0.3080000877380371, 3.265000104904175, 1.8950002193450928, 3.109999895095825, 0.375, 0.6510000228881836, 0.6500000953674316, 0.06100010871887207, 4.224999904632568, 8.519999980926514, 0.5320000648498535, 0.3919999599456787, 0.05499982833862305, 0.8630001544952393, 13.468999862670898, 3.625, 2.3440001010894775, 4.58899998664856, 0.5249998569488525, 0.1770000457763672, 0.11899995803833008, 0.7330000400543213, 0.4309999942779541, 0.10599994659423828, 0.10899996757507324, 0.3320000171661377, 0.10199999809265137, 0.2049999237060547, 0.11500000953674316, 0.10800004005432129, 0.18199992179870605, 0.18999981880187988, 0.21300005912780762, 0.11699986457824707, 0.22900009155273438, 0.08599996566772461, 0.06299996376037598]",,,,,,,,,,,,,,,,,,formal/step4_33_main_model_based_raw.csv,Oracle-H7,1568.8845145223945,4.362806951546119,,,,,,,,,,,,,,,,,
33,MPC-5,93,test_id,id_actual,id_reliable,5,,1615.4219146070618,,,,521.6280000209808,10.867250000437101,60.319000005722046,0,0,True,,100093,pure_mpc,6,48,True,,1.0,0.1250000016492743,"[16.174929165791543, 12.255434205376536, 14.34999794709157, 4.931105427998271, 8.548743280015568, 6.130145579298651, 14.698277297889332, 6.16615, 11.594181745035247, 21.639378414407588, 28.42906258838125, 26.960373616509642, 21.69414974151435, 10.777792226685314, 6.898432169881511, 5.1714931708462775, 3.938148587060052, 3.8493150698441605, 2.616247106888718, 1.6002719285115161, 0.6775964051339984, 0.0, 0.0, 0.0, 15.851332340749424, 18.156830206609044, 22.111896827713714, 15.269347702183588, 6.16615, 51.13053477501297, 63.6767876648365, 75.30767136783696, 83.22395021372752, 108.42766636378812, 112.5644446321574, 107.71750905970374, 42.4270976352057, 64.74763403173374, 56.70975461458913, 59.416066023229604, 69.87583243157528, 62.4359610525701, 66.44399184087787, 61.15507977924974, 66.9845452164449, 54.458598975866266, 47.9611808291292, 54.10082534811003]","[3.6470000743865967, 6.398000001907349, 25.763999938964844, 0.1770000457763672, 52.712000131607056, 0.17400002479553223, 18.115000009536743, 23.561000108718872, 16.91000008583069, 2.9070000648498535, 1.315999984741211, 10.990000009536743, 1.1779999732971191, 6.53600001335144, 28.39299988746643, 9.825000047683716, 1.122999906539917, 14.218000173568726, 0.09200000762939453, 13.723999977111816, 14.467999935150146, 18.717000007629395, 17.884999990463257, 19.76199984550476, 54.59499979019165, 60.319000005722046, 45.236000061035156, 23.48900008201599, 17.34000015258789, 1.3250000476837158, 0.872999906539917, 1.2939999103546143, 3.258000135421753, 1.0260000228881836, 0.6959998607635498, 0.19899988174438477, 1.3420000076293945, 0.20399999618530273, 0.22799992561340332, 0.21399998664855957, 0.20300006866455078, 0.22699999809265137, 0.18999981880187988, 0.20399999618530273, 0.19300007820129395, 0.23199987411499023, 0.08500003814697266, 0.06400012969970703]",,,,,,,,,,,,,,,,,,formal/step4_33_main_model_based_raw.csv,Oracle-H7,1568.8845145223945,2.9662731484627076,,,,,,,,,,,,,,,,,
33,MPC-7,93,test_id,id_actual,id_reliable,7,,1614.236563121582,,,,2231.2530007362366,46.484437515338264,300.35199999809265,0,0,True,,100093,pure_mpc,8,48,True,,1.0,0.12500000188909968,"[17.110832033255715, 15.734798280622561, 16.144423206202156, 4.931235225417676, 8.70203190918464, 6.1661490229560965, 16.64205641946591, 10.775239887166272, 14.082030731814482, 22.039398753564917, 20.825148941272573, 20.212291127778514, 21.69410893245626, 10.777789505454209, 6.16615, 5.047781275371189, 3.814446320626386, 3.8170436349666015, 2.5838044776192493, 1.435731561629782, 0.6775970810471139, 0.0, 0.0, 0.0, 29.81334714110474, 18.156855732071545, 22.111904362457196, 21.22412908985216, 9.315391436542697, 51.13053483092549, 63.67678767174977, 75.30767133658283, 82.45515528837058, 100.51119149720776, 104.64582544702401, 99.79111332713126, 42.427097697238885, 64.7476340516769, 56.70975462824039, 59.41606579731611, 69.87583244973916, 62.435961111658024, 66.44399183338669, 61.155079767205486, 66.98454520517701, 54.45859896156974, 47.961180810923786, 54.10082531855744]","[212.03700017929077, 300.35199999809265, 300.2700002193451, 0.26600003242492676, 170.55499982833862, 1.5429999828338623, 21.54300022125244, 36.456000089645386, 65.12899994850159, 22.972000122070312, 17.980000019073486, 16.142000198364258, 15.004999876022339, 13.380000114440918, 1.50600004196167, 13.532000064849854, 1.434999942779541, 13.925000190734863, 8.182999849319458, 300.2019999027252, 36.194000005722046, 18.59600019454956, 45.598999977111816, 10.631999969482422, 171.5059998035431, 255.1289999485016, 52.508999824523926, 19.448999881744385, 24.92899990081787, 49.25399994850159, 1.695000171661377, 1.6690001487731934, 4.226000070571899, 2.0439999103546143, 0.9809999465942383, 0.3190000057220459, 1.0720000267028809, 0.2779998779296875, 0.27900004386901855, 0.9140000343322754, 0.309999942779541, 0.27900004386901855, 0.2519998550415039, 0.21000003814697266, 0.15200018882751465, 0.20600008964538574, 0.08500003814697266, 0.07200002670288086]",,,,,,,,,,,,,,,,,,formal/step4_33_main_model_based_raw.csv,Oracle-H7,1568.8845145223945,2.8907193728656195,,,,,,,,,,,,,,,,,
33,Proposed-H3,93,test_id,id_actual,id_reliable,3,0.3,1285.3156913584537,,,,35.11600065231323,0.7315833469231924,2.3970000743865967,0,0,True,,100093,proposed,4,48,True,,1.0,0.12499999981065144,"[49.04284518820523, 12.25543829601097, 8.877304456956512, 4.932728, 6.16615, 6.16615, 6.16615, 6.16615, 6.16615, 7.350269968728157, 14.493351125237055, 26.960372681220093, 21.694149786740766, 16.959320991383102, 22.723374509803463, 6.16615, 6.16615, 6.16615, 5.585225819635257, 4.991035332278032, 3.7577047949180162, 3.699402, 3.699402, 3.699402, 4.638040066296567, 5.494836407155099, 6.16615, 5.710206927684283, 6.043580963287029, 7.323707121738192, 19.719917574387566, 30.747201648153293, 38.367986304456956, 71.70634569806295, 90.2514446514766, 94.01785617576759, 25.7855760368207, 54.121665042371, 45.98509298124814, 53.07758455230381, 64.45338723909472, 59.22012129534188, 62.953069892913874, 59.333084636206436, 65.83306927757725, 53.47906512640851, 47.060970376673296, 53.77520441191114]","[2.3970000743865967, 0.932999849319458, 0.6700000762939453, 0.6909999847412109, 0.7129998207092285, 0.877000093460083, 0.6719999313354492, 0.13299989700317383, 0.7250001430511475, 0.5869998931884766, 0.6620001792907715, 0.7179999351501465, 0.6979999542236328, 0.6540000438690186, 0.6570000648498535, 1.6150000095367432, 0.6809999942779541, 0.7019999027252197, 0.1510000228881836, 0.5710000991821289, 0.6720001697540283, 0.6449999809265137, 0.6549999713897705, 0.6650002002716064, 0.812999963760376, 0.7420001029968262, 0.7230000495910645, 0.7440001964569092, 1.7940001487731934, 0.619999885559082, 0.6449999809265137, 0.7330000400543213, 0.746999979019165, 0.7350001335144043, 0.7350001335144043, 0.8819999694824219, 0.7899999618530273, 0.7979998588562012, 0.7279999256134033, 0.7130000591278076, 0.750999927520752, 0.7920000553131104, 0.690000057220459, 0.7139999866485596, 0.6619999408721924, 0.3020000457763672, 0.08899998664855957, 0.029999971389770508]",,,,,,,,,,,,,,,,,,formal/step4_33_main_model_based_raw.csv,Oracle-H7,1568.8845145223945,-18.074550455376624,,,,,,,,,,,,,,,,,
33,MPC-3,94,test_id,id_actual,id_reliable,3,,1653.5192611214925,,,,67.58900141716003,1.408104196190834,16.29800009727478,0,0,True,,100094,pure_mpc,4,48,True,,1.0,0.12500000072712214,"[21.692775432894514, 5.425861649543442, 3.5834274461468167, 11.290792043456248, 9.107272772858515, 5.625689374865625, 6.261028453051241, 10.645220707528647, 12.5234795386596, 12.867821968772246, 21.26227081874209, 26.346829161526188, 41.61517385382555, 29.499044103297997, 17.461866346750693, 16.902229093723953, 5.1501045072038485, 4.921447896932978, 3.6881227749231735, 2.4548937616791644, 1.2217606406631967, 0.0, 0.0, 0.0, 1.2330379411895933, 2.4661718923435383, 3.6994017801954393, 18.88929786089332, 6.16615, 32.41057508283483, 67.59465591843289, 86.81209253675327, 103.90116633442236, 118.76609251553884, 112.20552872609063, 105.04250407711001, 53.56541397038842, 59.688088194434506, 50.69640521414529, 52.870319772925725, 68.08675337199327, 61.1904903369987, 68.44538294860969, 55.486571353876116, 61.03841068947116, 53.3868866761693, 71.87290157005553, 68.45785000957427]","[0.10800004005432129, 2.38700008392334, 0.3690001964569092, 16.29800009727478, 12.19100022315979, 0.29000020027160645, 1.8350000381469727, 1.8440001010894775, 0.34800004959106445, 1.6380000114440918, 0.49200010299682617, 0.2949998378753662, 0.627000093460083, 0.38699984550476074, 0.4630000591278076, 0.4549999237060547, 0.5449998378753662, 5.074000120162964, 0.5279998779296875, 0.051000118255615234, 0.05200004577636719, 0.5289998054504395, 0.4679999351501465, 5.865000009536743, 1.6390001773834229, 0.6940000057220459, 0.33500003814697266, 4.984000205993652, 1.8220000267028809, 1.0520000457763672, 0.3539998531341553, 0.3819999694824219, 0.10699987411499023, 0.5269999504089355, 0.12600016593933105, 0.13499999046325684, 0.1119999885559082, 0.10900020599365234, 0.32899999618530273, 0.31599998474121094, 0.18799996376037598, 0.13400006294250488, 0.10899996757507324, 0.21600008010864258, 0.3190000057220459, 0.35500001907348633, 0.07300019264221191, 0.03299999237060547]",,,,,,,,,,,,,,,,,,formal/step4_33_main_model_based_raw.csv,Oracle-H7,1550.0581163453178,6.674662303637518,,,,,,,,,,,,,,,,,
33,MPC-5,94,test_id,id_actual,id_reliable,5,,1578.2383560851863,,,,433.85299921035767,9.038604150215784,116.49399995803833,0,0,True,,100094,pure_mpc,6,48,True,,1.0,0.12500000195379288,"[21.69277518842514, 5.425857670203445, 3.699401879835906, 13.545322958710232, 10.206536740291035, 5.72665113805201, 6.164056746772446, 10.867452407783727, 16.0427526725083, 20.79292919564121, 29.362788654087858, 25.21130855815594, 41.615171794289445, 15.379501237647563, 6.01227280050426, 6.16615, 4.932728, 4.683121607388946, 3.449815035723273, 2.2166044640575984, 0.9834898923919242, 0.0, 0.0, 0.13876737660883198, 1.3718161463624552, 2.6049609226397124, 5.565317142607702, 16.978468251485136, 6.16615, 32.410575254950444, 67.59708278522243, 86.81209261818672, 102.64289616828368, 99.05978529019038, 92.53729588458563, 85.39097630346664, 53.56541405933851, 59.68808824548938, 50.696405228507075, 52.87032315821264, 68.08675337368345, 61.190490423655675, 68.44538521014354, 55.486571331546116, 61.038414229458596, 53.38688670262543, 71.87290147817058, 68.45784985729505]","[1.0350000858306885, 8.386000156402588, 1.1489999294281006, 32.866000175476074, 43.1470000743866, 0.6289999485015869, 0.14899992942810059, 23.68500018119812, 15.093999862670898, 4.200000047683716, 3.2879998683929443, 7.1559998989105225, 18.223999977111816, 3.7790000438690186, 0.7200000286102295, 8.657999992370605, 0.8889999389648438, 12.024999856948853, 0.9210000038146973, 0.9500000476837158, 0.945000171661377, 116.49399995803833, 0.8769998550415039, 1.2279999256134033, 1.9629998207092285, 1.2249999046325684, 83.5090000629425, 16.020999908447266, 11.796000003814697, 1.5149998664855957, 0.7929999828338623, 0.9149999618530273, 0.6759998798370361, 0.872999906539917, 0.20800018310546875, 0.2109999656677246, 0.20099997520446777, 0.2070000171661377, 4.648000001907349, 1.1340000629425049, 0.2199997901916504, 0.19499993324279785, 0.20600008964538574, 0.18799996376037598, 0.16299986839294434, 0.3970000743865967, 0.06599998474121094, 0.029000043869018555]",,,,,,,,,,,,,,,,,,formal/step4_33_main_model_based_raw.csv,Oracle-H7,1550.0581163453178,1.818011817925322,,,,,,,,,,,,,,,,,
33,MPC-7,94,test_id,id_actual,id_reliable,7,,1518.8252296372111,,,,1785.5979986190796,37.199958304564156,300.3430001735687,0,0,True,,100094,pure_mpc,8,48,True,,1.0,0.12500000643334647,"[22.907433083093892, 5.425860148503123, 3.699401915519502, 14.846994777968671, 11.266940337349101, 5.776141769088962, 8.42318506751646, 16.122529341833523, 20.236292095310663, 23.652220874789016, 26.044600888598886, 9.562694392222006, 41.61517254859972, 15.379483001811847, 6.012274181158675, 6.166149980690919, 4.932728, 4.684898866993097, 3.451592156991768, 2.2183814476244152, 0.9852667386230365, 0.0, 0.0, 1.2126049167771067, 6.720227846546264, 6.705062106417553, 4.912290144336872, 6.145710553476192, 6.16615, 32.41057530410994, 67.59708275996671, 83.70238412326333, 80.9536100007158, 81.47132515164829, 79.55025766001938, 83.08225951787716, 53.56541382214676, 59.68808812591911, 50.69640495935537, 52.870333757399294, 68.0867531667463, 61.19049018871318, 68.4453827902181, 55.48657099373612, 61.0384133852021, 53.38684623929186, 71.87290121044558, 68.45784929859508]","[103.54700016975403, 17.513999938964844, 1.553999900817871, 244.5550000667572, 137.83599996566772, 1.9809999465942383, 43.87399983406067, 17.72000002861023, 21.509000062942505, 23.782000064849854, 18.132999897003174, 17.457000017166138, 33.9539999961853, 13.928999900817871, 1.6159999370574951, 10.726999998092651, 1.4210000038146973, 43.80399990081787, 1.5779998302459717, 1.9040000438690186, 9.554999828338623, 241.54699993133545, 13.294999837875366, 1.7179999351501465, 300.1749999523163, 300.3430001735687, 106.42199993133545, 18.80299997329712, 23.65400004386902, 1.5779998302459717, 1.628000020980835, 1.1779999732971191, 0.35199999809265137, 0.3510000705718994, 0.13700008392333984, 0.3169999122619629, 1.0169999599456787, 0.3020000457763672, 1.3819999694824219, 0.9609999656677246, 0.9960000514984131, 0.312000036239624, 0.27499985694885254, 0.1960000991821289, 0.20599985122680664, 0.4009997844696045, 0.06599998474121094, 0.03600001335144043]",,,,,,,,,,,,,,,,,,formal/step4_33_main_model_based_raw.csv,Oracle-H7,1550.0581163453178,-2.0149493995584282,,,,,,,,,,,,,,,,,
33,Proposed-H3,94,test_id,id_actual,id_reliable,3,0.3,1328.3458867467634,,,,36.797998905181885,0.7666249771912893,2.110999822616577,0,0,True,,100094,proposed,4,48,True,,1.0,0.12499999981181394,"[54.7130998395445, 38.027689126125644, 3.699402, 4.975850338421786, 6.16615, 6.16615, 6.16615, 6.16615, 6.16615, 6.16615, 6.16615, 7.021792199007452, 41.615173598801704, 18.51979481223256, 14.329479958398988, 16.90223138191437, 6.16615, 6.16615, 5.035004576569199, 3.801670616869183, 3.699402, 3.699402, 3.699402, 4.867719573210489, 6.101136512850409, 6.16615, 5.417687236087217, 6.16615, 5.734884127339714, 6.16615, 23.362570220649623, 42.10555312279244, 58.88895822605452, 74.48995704157696, 79.54554979674157, 83.080594488345, 33.25673534849939, 46.39322258357496, 36.91885712457044, 43.65569561490452, 61.136674463057794, 57.929366435794115, 67.49523519383547, 54.087901621223374, 60.13459964847211, 51.36515279721584, 71.08388419726201, 67.56075692481986]","[1.9089999198913574, 0.6649999618530273, 0.08999991416931152, 0.687999963760376, 0.747999906539917, 0.6319999694824219, 0.6710000038146973, 0.6740000247955322, 0.6670000553131104, 1.2820000648498535, 0.7119998931884766, 0.8289999961853027, 0.8529999256134033, 0.7339999675750732, 0.6649999618530273, 0.7739999294281006, 0.7209999561309814, 0.7320001125335693, 0.13399982452392578, 0.7710001468658447, 0.7920000553131104, 0.7919998168945312, 0.6909999847412109, 0.8849999904632568, 0.9259998798370361, 0.7860000133514404, 0.804999828338623, 2.110999822616577, 1.7820000648498535, 0.7349998950958252, 0.7689998149871826, 0.6830000877380371, 0.7300000190734863, 0.7160000801086426, 0.8660001754760742, 0.8859999179840088, 0.9110000133514404, 0.7850000858306885, 0.8830001354217529, 0.747999906539917, 0.7419998645782471, 0.7430000305175781, 0.7360000610351562, 0.7849998474121094, 0.11700010299682617, 0.3380000591278076, 0.07200002670288086, 0.031999826431274414]",,,,,,,,,,,,,,,,,,formal/step4_33_main_model_based_raw.csv,Oracle-H7,1550.0581163453178,-14.303478512231596,,,,,,,,,,,,,,,,,
33,MPC-3,95,test_id,id_actual,id_reliable,3,,1603.4040323552476,,,,62.486000537872314,1.30179167787234,8.971999883651733,0,0,True,,100095,pure_mpc,4,48,True,,1.0,0.12500000082673807,"[15.286355845240099, 3.4468774403619578, 4.658552455871427, 4.932727723470603, 5.402543211280874, 6.309714081241086, 5.280551312988484, 6.166080601505607, 8.953035019136621, 14.327566076159147, 18.20519087133033, 29.283721188340877, 27.133748210218926, 35.861562393063444, 14.772951037245788, 15.960480663185276, 5.0364543766886865, 3.906760430479636, 2.785073504655001, 3.3085124793310827, 2.07553271379767, 0.8424291254214663, 0.0, 0.0, 1.233037644411797, 2.4116373268886986, 3.644862953872509, 6.645374705587842, 16.63177861682747, 52.76090626197611, 62.15264407101722, 81.1074141289556, 97.37015270042306, 106.39548033431386, 96.46303531473887, 129.93003744563856, 64.73712220058262, 49.543997364417635, 46.27242649893248, 64.73337490065322, 59.52974602882731, 61.54233352764876, 50.34364264789429, 64.48773369357217, 49.873473382800256, 69.40358771926373, 65.12341680549072, 67.13039531949896]","[0.3399999141693115, 8.182999849319458, 3.421999931335449, 0.09800004959106445, 0.3660001754760742, 3.609999895095825, 0.3920001983642578, 0.08500003814697266, 0.4739999771118164, 1.5310001373291016, 0.5080001354217529, 0.307999849319458, 2.0349998474121094, 0.11599993705749512, 0.5659999847412109, 0.4720001220703125, 1.8250000476837158, 5.414000034332275, 6.331999778747559, 2.243000030517578, 0.05900001525878906, 0.0410001277923584, 0.06399989128112793, 8.971999883651733, 2.455000162124634, 0.5910000801086426, 0.5550000667572021, 3.056999921798706, 3.429999828338623, 0.3940000534057617, 0.39300012588500977, 0.37400007247924805, 0.11599993705749512, 0.4719998836517334, 0.6979999542236328, 0.08899998664855957, 0.1360001564025879, 0.3059999942779541, 0.3490002155303955, 0.10199999809265137, 0.2820000648498535, 0.20000004768371582, 0.2839999198913574, 0.20600008964538574, 0.3080000877380371, 0.12800002098083496, 0.07599997520446777, 0.029000043869018555]",,,,,,,,,,,,,,,,,,formal/step4_33_main_model_based_raw.csv,Oracle-H7,1516.0005440884506,5.765399531525332,,,,,,,,,,,,,,,,,
33,MPC-5,95,test_id,id_actual,id_reliable,5,,1568.7482959522968,,,,225.64200091362,4.70087501903375,27.76699995994568,0,0,True,,100095,pure_mpc,6,48,True,,1.0,0.12500000195836009,"[15.286357394935138, 3.4468713199430288, 4.658552114870672, 4.932727919900497, 5.916628375527068, 7.171970044614483, 5.385012301240379, 6.151037715884556, 12.627261846307423, 22.780857477710214, 24.60874170209143, 29.28371997110522, 27.133742325621235, 22.338005196997365, 6.16615, 6.16615, 4.932859031887267, 3.699533021688364, 2.4759591617535905, 3.308508380060842, 2.0753088087513873, 0.8422052378060348, 0.0, 0.559391607702041, 1.792473099194745, 2.4116379141292485, 3.859242231780289, 6.645359752592414, 16.631761891125212, 52.76090654276364, 62.15264431334888, 81.10741429852655, 97.37015275658057, 98.58758248865014, 88.6826867463954, 122.07762325945377, 64.73712227426827, 49.54400028009104, 46.272429732461546, 64.73337491701115, 59.52974601714866, 61.542333553262644, 50.343646135358696, 64.48773378696544, 49.873473339489, 69.40358776160288, 65.12341672576616, 67.13039517793237]","[4.3420000076293945, 9.516000032424927, 3.7750000953674316, 0.14299988746643066, 0.1549999713897705, 19.311000108718872, 1.0310001373291016, 0.16700005531311035, 13.795000076293945, 0.8889999389648438, 1.4539999961853027, 8.726999998092651, 10.793000221252441, 15.33899998664856, 0.7839999198913574, 1.1129999160766602, 0.10899996757507324, 0.8920001983642578, 17.249000072479248, 18.505000114440918, 0.875999927520752, 0.07800006866455078, 7.165999889373779, 13.365000009536743, 3.9639999866485596, 2.0340001583099365, 11.086000204086304, 27.76699995994568, 14.881999969482422, 0.878000020980835, 1.1099998950958252, 1.5179998874664307, 1.1740000247955322, 3.2200000286102295, 1.1349999904632568, 0.19700002670288086, 0.20799994468688965, 0.2109999656677246, 4.591000080108643, 0.18600010871887207, 0.21799993515014648, 0.19499993324279785, 0.19000005722045898, 0.1770000457763672, 0.8980000019073486, 0.11699986457824707, 0.07200002670288086, 0.040000200271606445]",,,,,,,,,,,,,,,,,,formal/step4_33_main_model_based_raw.csv,Oracle-H7,1516.0005440884506,3.4794019084975063,,,,,,,,,,,,,,,,,
33,MPC-7,95,test_id,id_actual,id_reliable,7,,1493.2882758848293,,,,946.1830003261566,19.71214584012826,175.9100000858307,0,0,True,,100095,pure_mpc,8,48,True,,1.0,0.12500000199818925,"[15.286356644159625, 3.4468769933523418, 11.416000125378533, 4.932715303914569, 6.166133405492201, 6.16615, 5.766741869022919, 10.399514599322432, 16.34933548513228, 20.807108766449232, 16.614119030509215, 29.283719323252797, 27.13374330913679, 22.338003619713852, 5.829995371159269, 6.166149851659534, 4.932728, 3.699402, 2.4661720000000003, 3.308511437286351, 2.075311865103069, 0.8422082939198092, 0.0, 0.9606613214218624, 2.1937740839556956, 3.2033726255109083, 4.436660013272641, 5.670043401007801, 15.881387750859092, 52.760906546112224, 62.152644262816196, 81.10741332927017, 78.74105009691247, 75.53829318923371, 65.33167939110766, 107.16213276444832, 64.73712247104646, 49.54400034056248, 46.272429740498715, 64.73337491409677, 59.5297460336123, 61.54233355184073, 50.343646116147596, 64.48773377041535, 49.87347332136693, 69.40358765933419, 65.12341672306219, 67.1303951729522]","[75.47199988365173, 14.694000005722046, 175.9100000858307, 0.20099997520446777, 0.19499993324279785, 108.47900009155273, 5.710999965667725, 54.492000102996826, 40.74300003051758, 14.85099983215332, 14.95199990272522, 15.336999893188477, 17.74500012397766, 14.8510000705719, 18.408999919891357, 9.888999938964844, 2.0769999027252197, 1.9699997901916504, 1.9119999408721924, 46.7960000038147, 14.944000005722046, 1.9700000286102295, 12.322999954223633, 84.42599987983704, 14.200000047683716, 17.729000091552734, 83.757000207901, 23.585000038146973, 41.42300009727478, 1.5729999542236328, 1.565000057220459, 1.2660000324249268, 1.2840001583099365, 1.568000078201294, 1.5290000438690186, 1.5799999237060547, 0.27500009536743164, 1.186999797821045, 1.3889999389648438, 0.28299999237060547, 1.7450001239776611, 0.2709999084472656, 0.27900004386901855, 0.1830000877380371, 0.9330000877380371, 0.127000093460083, 0.0710000991821289, 0.032000064849853516]",,,,,,,,,,,,,,,,,,formal/step4_33_main_model_based_raw.csv,Oracle-H7,1516.0005440884506,-1.4981701881431624,,,,,,,,,,,,,,,,,
33,Proposed-H3,95,test_id,id_actual,id_reliable,3,0.3,1280.8902384122428,,,,32.31399917602539,0.6732083161671957,2.4130001068115234,0,0,True,,100095,proposed,4,48,True,,1.0,0.1249999998119027,"[48.14006956235815, 36.00210020250525, 5.8792003705425095, 4.932728, 6.16615, 6.16615, 6.16615, 6.16615, 6.16615, 6.16615, 6.16615, 6.648860657254076, 27.133747931993575, 22.33800803450712, 6.16615, 6.16615, 6.16615, 6.16615, 5.868745559966349, 6.16615, 4.932728, 3.699402, 3.699402, 3.699402, 3.699402, 4.259382049414234, 5.051703965276073, 4.998058121866718, 6.16615, 9.128501462515922, 18.06658606952095, 36.5581888901491, 52.35535818277687, 63.732949713225686, 64.81819668621793, 107.1621327633803, 50.50791454900378, 40.2476042485882, 35.49232660042142, 58.07284753707714, 54.3191278497388, 59.463763445905066, 49.76407568160482, 62.97738022611122, 48.599440602412244, 66.7988036990721, 64.96743753010801, 66.71471221872918]","[0.2969999313354492, 2.4130001068115234, 0.11399984359741211, 1.2720000743865967, 0.08000016212463379, 0.5360000133514404, 0.07399988174438477, 1.6970000267028809, 0.622999906539917, 0.7279999256134033, 0.09799981117248535, 0.09800004959106445, 0.7389998435974121, 0.6399998664855957, 0.0709998607635498, 0.08000016212463379, 0.685999870300293, 0.7400000095367432, 0.1529998779296875, 0.7630000114440918, 0.6720001697540283, 0.5939998626708984, 0.6150000095367432, 0.6310000419616699, 0.7739999294281006, 0.8159999847412109, 0.7229998111724854, 1.8350000381469727, 2.194000005722046, 0.7460000514984131, 0.8039999008178711, 0.687000036239624, 0.7610001564025879, 0.7019999027252197, 0.7650001049041748, 0.7660000324249268, 0.7539999485015869, 0.749000072479248, 0.8110001087188721, 0.6970000267028809, 0.7330000400543213, 0.7999999523162842, 0.6980001926422119, 0.11999988555908203, 0.7119998931884766, 0.1359999179840088, 0.07999992370605469, 0.03699994087219238]",,,,,,,,,,,,,,,,,,formal/step4_33_main_model_based_raw.csv,Oracle-H7,1516.0005440884506,-15.508589795234956,,,,,,,,,,,,,,,,,
33,MPC-3,96,test_id,id_actual,id_reliable,3,,1666.507291289621,,,,126.76899981498718,2.6410208294788995,19.924999952316284,0,0,True,,100096,pure_mpc,4,48,True,,1.0,0.12500000077525425,"[15.213147200714408, 14.908710006006341, 6.8806992340274995, 8.551004242978324, 6.275502737036822, 7.839208416998188, 6.114239602484801, 8.065611534810621, 7.5107329252160735, 6.703946606260821, 15.882793113418202, 23.909839522253876, 34.40906984875981, 14.394403379463979, 25.6229254408646, 5.708463853047679, 5.46317415032656, 4.229980629432356, 2.9967093296787755, 2.5120784028987244, 1.2789408292102564, 0.04589925652157223, 0.0, 5.5998956944043385, 2.0052647797939107, 6.113792989224332, 11.82016411379616, 5.705135136834062, 7.877862729725372, 51.27101041419049, 77.71860781030848, 92.01812752101732, 101.16460073731086, 103.55794502309091, 112.41807934290864, 103.42084075330767, 43.367295356692395, 65.92411952752845, 62.96503875808186, 62.230544504429574, 66.96436508515464, 66.69440510245428, 60.441446632210855, 73.72370145550096, 75.04157100060696, 65.10438598231012, 52.09336857440538, 66.74864200192245]","[0.33700013160705566, 0.49000000953674316, 3.9660000801086426, 10.38100004196167, 3.00600004196167, 10.109999895095825, 0.07300019264221191, 2.857999801635742, 1.746999979019165, 2.2679998874664307, 1.0260000228881836, 0.2969999313354492, 0.9340000152587891, 2.689000129699707, 1.7569999694824219, 0.1380000114440918, 0.40399980545043945, 0.06999993324279785, 0.6789999008178711, 6.2200000286102295, 0.5220000743865967, 0.03900003433227539, 0.046000003814697266, 6.769999980926514, 4.431999921798706, 19.062999963760376, 19.924999952316284, 19.914000034332275, 2.0369999408721924, 0.6789999008178711, 0.125, 0.13100004196166992, 0.11599993705749512, 0.7060000896453857, 0.7070000171661377, 0.16100001335144043, 0.4200000762939453, 0.10599994659423828, 0.20300006866455078, 0.10800004005432129, 0.12199997901916504, 0.12199997901916504, 0.3190000057220459, 0.0820000171661377, 0.11600017547607422, 0.22299981117248535, 0.08599996566772461, 0.03900003433227539]",,,,,,,,,,,,,,,,,,formal/step4_33_main_model_based_raw.csv,Oracle-H7,1607.662541834314,3.6602674954512664,,,,,,,,,,,,,,,,,
33,MPC-5,96,test_id,id_actual,id_reliable,5,,1626.72775897331,,,,539.6550011634827,11.242812524239222,86.30800008773804,0,0,True,,100096,pure_mpc,6,48,True,,1.0,0.12500000186963375,"[15.213147197373551, 14.9087046111294, 9.295099099138085, 12.428300386258702, 6.4834762238175685, 8.091433879699991, 5.587912952116447, 7.87418053573397, 10.47694520953584, 15.171556415531478, 16.068054869363692, 17.10750463134273, 34.40906916949218, 6.16615, 17.358092105177555, 5.881847774314299, 5.379221881175248, 4.146009184628762, 2.912917883306125, 2.457966750693753, 1.224833390451151, 0.0, 0.0, 2.4352457636514138, 2.319304370671755, 12.490233356008124, 7.501232077273218, 6.019248070653486, 7.8778628069266485, 51.271010611011434, 77.71860790702223, 92.01812775822661, 101.16459943205783, 92.4234446638947, 101.25680533991331, 92.29072209850236, 43.367298894790245, 65.92411954275728, 62.96503881330868, 62.23054450410755, 66.96436508928566, 66.69440510151348, 60.44144974594667, 73.72370143332795, 75.04157107130796, 65.10438602472689, 52.093368480842166, 66.74864186530195]","[6.7749998569488525, 14.823000192642212, 16.812000036239624, 42.58400011062622, 22.8219997882843, 30.414999961853027, 0.2090001106262207, 41.074000120162964, 17.253999948501587, 14.635999917984009, 3.6579999923706055, 6.45799994468689, 9.618000030517578, 19.499000072479248, 3.058000087738037, 2.562999963760376, 7.573999881744385, 0.09500002861022949, 0.08100008964538574, 12.680999994277954, 10.226999998092651, 23.227999925613403, 0.8949999809265137, 64.34599995613098, 6.281000137329102, 86.30800008773804, 28.699000120162964, 20.3989999294281, 16.009000062942505, 0.9459998607635498, 1.00600004196167, 1.2349998950958252, 1.2930002212524414, 1.4470000267028809, 1.2050001621246338, 0.7460000514984131, 0.8480000495910645, 0.16700005531311035, 0.18600010871887207, 0.1959998607635498, 0.21500015258789062, 0.20300006866455078, 0.19300007820129395, 0.20099997520446777, 0.15700006484985352, 0.21000003814697266, 0.08700013160705566, 0.03299999237060547]",,,,,,,,,,,,,,,,,,formal/step4_33_main_model_based_raw.csv,Oracle-H7,1607.662541834314,1.1858967067331825,,,,,,,,,,,,,,,,,
33,MPC-7,96,test_id,id_actual,id_reliable,7,,1581.0289164782516,,,,2186.6120002269745,45.5544166713953,300.2630000114441,0,0,True,,100096,pure_mpc,8,48,True,,1.0,0.12500000187986832,"[16.62991326376443, 18.620403825743534, 10.681012785958139, 12.378205793850675, 6.16615, 8.480557099227985, 6.166149687842162, 11.561085027722275, 15.24068833139377, 11.604751911841973, 8.57120621904287, 9.543644961591404, 34.409034085414426, 6.166149794336667, 17.358070916092778, 5.881850590603413, 5.3792222839228945, 4.145861531834344, 2.9125967798201904, 2.2871756936990266, 1.054055649840678, 0.7837766730808492, 0.0, 13.174604718100875, 2.3193044353381085, 12.490235120048673, 7.501233577769733, 6.019248135245105, 7.877862943705762, 51.27101065474144, 77.71860789726546, 92.01812709252567, 88.33459958803593, 78.77054860332429, 87.00741047415747, 79.20566884933523, 43.36729967408815, 65.92411973717779, 62.96503882600023, 62.2305445418171, 66.96436509906957, 66.69440511478403, 60.441449736502065, 73.72370141528923, 75.04157096977515, 65.1043860235038, 52.09336848000138, 66.74864186402499]","[122.45499992370605, 218.41499996185303, 129.68300008773804, 300.2630000114441, 58.28999996185303, 266.0090000629425, 1.440999984741211, 23.90400004386902, 39.562999963760376, 53.8989999294281, 15.634999990463257, 17.838000059127808, 14.160000085830688, 35.026000022888184, 15.277000188827515, 1.122999906539917, 6.894000053405762, 1.5699999332427979, 1.9019999504089355, 45.944000005722046, 300.2170000076294, 33.48799991607666, 8.910000085830688, 300.1579999923706, 5.750999927520752, 70.9229998588562, 19.41100001335144, 50.70700001716614, 8.79099988937378, 3.2680001258850098, 3.9639999866485596, 1.4600000381469727, 1.630000114440918, 1.8469998836517334, 1.6549999713897705, 0.30299997329711914, 1.2590000629425049, 0.2709999084472656, 0.2910001277923584, 0.9259998798370361, 0.820000171661377, 0.31100010871887207, 0.2539999485015869, 0.20800018310546875, 0.16900014877319336, 0.2049999237060547, 0.08999991416931152, 0.03399991989135742]",,,,,,,,,,,,,,,,,,formal/step4_33_main_model_based_raw.csv,Oracle-H7,1607.662541834314,-1.6566676564892686,,,,,,,,,,,,,,,,,
33,Proposed-H3,96,test_id,id_actual,id_reliable,3,0.3,1349.2053094603355,,,,35.07900142669678,0.7308125297228495,1.8599998950958252,0,0,True,,100096,proposed,4,48,True,,1.0,0.12499999981043186,"[48.073683528510855, 14.908713984504143, 6.880702371950212, 4.932728, 6.16615, 6.16615, 6.16615, 6.16615, 6.16615, 6.16615, 6.16615, 16.489880137438995, 34.409072528520035, 8.278645023139006, 19.837848742942818, 6.16615, 6.16615, 6.16615, 5.432395591975403, 5.342498374845045, 4.109140481668552, 3.699402, 3.699402, 4.932728, 3.699402, 4.932728, 6.16615, 6.16615, 6.16615, 7.58296938881233, 33.388993337461194, 47.188588779497366, 56.088121429794015, 60.48055670070353, 78.87092974672572, 79.2056688478992, 31.869107549685438, 60.448691492725196, 54.389020279124, 56.38604763806456, 63.09664414328187, 63.18058960068529, 57.3063961954924, 73.72369884495033, 74.59623226069475, 63.1446530859222, 51.69084149894667, 66.74863787437432]","[0.2480001449584961, 0.8570001125335693, 0.8370001316070557, 0.7919998168945312, 0.8000001907348633, 0.7580001354217529, 0.8020000457763672, 0.6420001983642578, 0.16499996185302734, 0.5739998817443848, 0.7820000648498535, 0.7720000743865967, 0.8350000381469727, 0.7320001125335693, 0.6669998168945312, 0.6840000152587891, 0.7170000076293945, 0.7119998931884766, 0.7369999885559082, 0.7749998569488525, 0.7419998645782471, 0.6319999694824219, 0.6740000247955322, 1.8599998950958252, 0.7009999752044678, 0.7269999980926514, 0.7990000247955322, 0.7739999294281006, 1.7650001049041748, 0.7290000915527344, 0.624000072479248, 0.7539999485015869, 0.7800002098083496, 0.6600000858306885, 0.7720000743865967, 0.7910001277923584, 0.815000057220459, 0.7320001125335693, 0.8289999961853027, 0.7639999389648438, 0.7790000438690186, 0.7870001792907715, 0.7769999504089355, 0.7269999980926514, 0.8600001335144043, 0.2369999885559082, 0.07000017166137695, 0.029999971389770508]",,,,,,,,,,,,,,,,,,formal/step4_33_main_model_based_raw.csv,Oracle-H7,1607.662541834314,-16.076584833474037,,,,,,,,,,,,,,,,,
33,MPC-3,97,test_id,id_actual,id_reliable,3,,1654.6971871283629,,,,51.596999168395996,1.0749374826749165,8.962000131607056,0,0,True,,100097,pure_mpc,4,48,True,,1.0,0.12500000061326128,"[23.476892858265742, 8.775729756383043, 3.6994013495100826, 4.930032029035361, 5.846988293947201, 7.045442308096641, 5.500041417049857, 10.672973387248843, 6.153630101225126, 13.81882028139338, 19.559469016234722, 24.03150567519046, 36.33583635830905, 27.693220798073902, 18.895763562431654, 9.282945659071377, 5.948201211585672, 4.7147961744851, 3.5877245171095797, 2.354503210264037, 1.1213779044186731, 0.0, 0.0, 0.0, 0.0, 12.88901659805693, 19.438383347446326, 29.479482042554928, 39.917760801614754, 58.96819014102168, 56.57794315533095, 82.00604242891023, 88.1543477743193, 120.47599730916971, 118.48136326023844, 107.85428341878061, 43.071272516101786, 48.087962312977965, 46.07812268156374, 64.38704971488481, 58.885974385473205, 64.22765286714662, 68.18184824533661, 52.73081058767631, 64.6222885313258, 54.34694063166778, 55.217778201185055, 57.1713803062499]","[0.1119999885559082, 0.809999942779541, 0.4269998073577881, 0.10899996757507324, 0.08999991416931152, 8.962000131607056, 0.10199999809265137, 2.251999855041504, 0.08899998664855957, 0.3260002136230469, 0.4200000762939453, 0.4630000591278076, 1.183000087738037, 0.2820000648498535, 2.4579999446868896, 2.7119998931884766, 0.11599993705749512, 0.5509998798370361, 3.823000192642212, 0.5, 0.0410001277923584, 0.49000000953674316, 0.05299997329711914, 0.505000114440918, 5.824999809265137, 3.485999822616577, 5.059000015258789, 3.56499981880188, 2.253000020980835, 0.559999942779541, 0.5190000534057617, 0.40200018882751465, 0.1399998664855957, 0.11800003051757812, 0.12299990653991699, 0.10199999809265137, 0.3529999256134033, 0.29400014877319336, 0.2369999885559082, 0.13899993896484375, 0.31399989128112793, 0.21900010108947754, 0.10799980163574219, 0.28799986839294434, 0.22499990463256836, 0.3040001392364502, 0.06299996376037598, 0.02499985694885254]",,,,,,,,,,,,,,,,,,formal/step4_33_main_model_based_raw.csv,Oracle-H7,1483.8459365836006,11.514082852707022,,,,,,,,,,,,,,,,,
33,MPC-5,97,test_id,id_actual,id_reliable,5,,1523.3686283807092,,,,236.14100003242493,4.919604167342186,31.252000093460083,0,0,True,,100097,pure_mpc,6,48,True,,1.0,0.1250000025257252,"[23.476891406576463, 8.775729757857853, 3.699401915198418, 4.931671235174064, 6.165091988159053, 8.034596193651108, 5.585969099712243, 11.058825247868043, 9.16140467522083, 22.47344088521765, 28.874866634767827, 6.789068235871217, 36.33581054079631, 16.429707875775243, 16.88079915782491, 9.282944923001338, 6.103741428490305, 4.8703242861351566, 3.6370031438542387, 2.4037780010737673, 1.1706488592932314, 0.0, 0.0, 0.0, 1.1315177431071008, 2.3646434617273466, 3.597865483822876, 13.878200417402274, 24.30144014873721, 58.96819034287494, 56.57794379999871, 82.00611862156829, 80.94659813720413, 100.34460538150726, 98.12306795366652, 87.97762791384287, 43.071272513732296, 48.087965975202394, 46.078125122900765, 64.38704965487513, 58.8859779366645, 64.22765282398328, 68.18184818142925, 52.73081400880394, 64.62228847471259, 54.346940568189, 55.21777815495566, 57.17138006828166]","[10.044000148773193, 4.267999887466431, 0.9809999465942383, 0.12999987602233887, 0.1529998779296875, 28.147000074386597, 0.2350001335144043, 31.252000093460083, 16.438999891281128, 2.568000078201294, 1.687000036239624, 5.947999954223633, 13.819999933242798, 10.60700011253357, 10.812999963760376, 9.309000015258789, 1.2409999370574951, 1.0280001163482666, 1.0889999866485596, 0.8980000019073486, 8.874000072479248, 0.8519999980926514, 8.0239999294281, 10.426000118255615, 11.458999872207642, 0.6150000095367432, 4.482000112533569, 20.60800004005432, 9.11900019645691, 0.9049999713897705, 0.9100000858306885, 1.2290000915527344, 0.6689999103546143, 0.6389999389648438, 0.2070000171661377, 0.22900009155273438, 3.180999994277954, 0.7599999904632568, 0.6100001335144043, 0.23000001907348633, 0.21199989318847656, 0.2200000286102295, 0.20999979972839355, 0.21900010108947754, 0.16299986839294434, 0.33699989318847656, 0.06499981880187988, 0.029999971389770508]",,,,,,,,,,,,,,,,,,formal/step4_33_main_model_based_raw.csv,Oracle-H7,1483.8459365836006,2.6635306821748226,,,,,,,,,,,,,,,,,
33,MPC-7,97,test_id,id_actual,id_reliable,7,,1522.7884586236964,,,,869.8459994792938,18.121791655818623,101.65300011634827,0,0,True,,100097,pure_mpc,8,48,True,,1.0,0.12499999981096667,"[24.876594455923218, 8.775728936983164, 3.6994019313024475, 4.932561446966375, 6.165884186825863, 8.802648886343507, 6.16615, 16.570192001994137, 11.532560660750084, 22.93221633224148, 22.518871290916607, 6.16615, 36.3358207295493, 13.307202372073792, 8.153535339033123, 8.784853370112472, 6.10373811540896, 4.870320973311663, 3.636999838604956, 2.403774696715765, 1.1706455551930723, 0.0, 0.0, 0.0, 0.73411027837708, 16.565054550982765, 14.242693408177109, 19.35183862589364, 29.780350846193457, 58.96819046084963, 56.57794384768266, 81.83870850061024, 71.82163880912917, 92.27320621444792, 87.74372364784786, 87.97771580860854, 43.07127582264601, 48.08796589088448, 46.07812254461202, 64.3870216886983, 58.885977894566935, 64.22765269447542, 68.18184751430249, 52.7308139196318, 64.62228828812293, 54.346938272944186, 55.21777497441645, 57.16975299934519]","[66.56499981880188, 1.0199999809265137, 1.1399998664855957, 0.22099995613098145, 0.252000093460083, 69.64300012588501, 67.38800001144409, 35.86199998855591, 66.4539999961853, 33.94600009918213, 21.382999897003174, 1.5759999752044678, 32.56400012969971, 14.075999975204468, 63.81599998474121, 12.485000133514404, 10.930000066757202, 1.5929999351501465, 69.78800010681152, 1.8980000019073486, 12.327000141143799, 9.480000019073486, 42.07699990272522, 10.442999839782715, 18.73199987411499, 101.65300011634827, 32.217000007629395, 51.80199980735779, 3.7860000133514404, 1.5420000553131104, 1.7300000190734863, 1.6400001049041748, 1.6599998474121094, 0.3229999542236328, 0.3280000686645508, 0.935999870300293, 1.184000015258789, 1.2549998760223389, 1.2620000839233398, 0.30500006675720215, 1.1759998798370361, 0.2980000972747803, 0.25799989700317383, 0.21200013160705566, 0.1809999942779541, 0.3209998607635498, 0.08899998664855957, 0.028999805450439453]",,,,,,,,,,,,,,,,,,formal/step4_33_main_model_based_raw.csv,Oracle-H7,1483.8459365836006,2.62443162595147,,,,,,,,,,,,,,,,,
33,Proposed-H3,97,test_id,id_actual,id_reliable,3,0.3,1281.6894017747768,,,,34.304999351501465,0.7146874864896139,1.5979998111724854,0,0,True,,100097,proposed,4,48,True,,1.0,0.1249999998108297,"[56.57639295247666, 8.775729751880586, 3.699402, 4.932728, 6.16615, 6.16615, 6.16615, 6.16615, 6.16615, 6.16615, 7.34628965711064, 18.10962932729985, 36.335836298189726, 17.13395331139176, 17.586759862016265, 9.28296885981641, 6.16615, 6.16615, 6.16615, 4.932728, 3.699402, 3.699402, 3.699402, 3.7207390820446617, 3.76695996635292, 5.000291223292662, 6.16615, 6.166149998867768, 6.166147973373031, 15.367252504999952, 12.586499685645624, 37.312765722551816, 45.909890223108185, 78.44133986567967, 87.74074775941172, 87.97762031792696, 32.016387014631775, 42.229427459116344, 38.60763477821873, 58.371502294212824, 53.43953306124163, 61.40230669921416, 66.78193436844796, 52.730808453426754, 63.35373678415167, 53.86349346795749, 54.78439835487591, 56.47971069584473]","[0.26600003242492676, 0.7569999694824219, 0.5780000686645508, 0.7740001678466797, 0.7279999256134033, 0.7869999408721924, 0.7669999599456787, 1.5979998111724854, 0.7890000343322754, 0.6699998378753662, 0.814000129699707, 0.7790000438690186, 0.7879998683929443, 0.6770000457763672, 0.632000207901001, 0.7409999370574951, 0.7619998455047607, 0.6940000057220459, 0.812999963760376, 0.14800000190734863, 0.7039999961853027, 0.13499999046325684, 0.7079999446868896, 0.75, 0.7960000038146973, 0.8610000610351562, 0.8550000190734863, 0.804999828338623, 0.7360000610351562, 0.7059998512268066, 0.8599998950958252, 0.8429999351501465, 0.8340001106262207, 0.7389998435974121, 0.7690000534057617, 0.8080000877380371, 0.814000129699707, 0.8700001239776611, 0.8139998912811279, 0.7579998970031738, 0.8259999752044678, 0.8519999980926514, 0.8629999160766602, 0.812000036239624, 0.7630000114440918, 0.3540000915527344, 0.07799983024597168, 0.029999971389770508]",,,,,,,,,,,,,,,,,,formal/step4_33_main_model_based_raw.csv,Oracle-H7,1483.8459365836006,-13.623822381066597,,,,,,,,,,,,,,,,,
33,MPC-3,98,test_id,id_actual,id_reliable,3,,1631.8100350027046,,,,40.756999254226685,0.8491041511297226,7.523000001907349,0,0,True,,100098,pure_mpc,4,48,True,,1.0,0.12500000063582978,"[19.0479503083156, 10.594131658865935, 6.372050080279016, 4.93272754387705, 5.395468414459589, 5.379866711039984, 5.668918800184031, 9.44055903929555, 14.2620776523937, 13.237726039551553, 16.665328661072135, 29.481094347911338, 35.48962444155661, 21.633624323271555, 30.796386518604038, 11.295265899628781, 5.557658916614759, 4.3242843582236095, 3.0911790667832486, 1.8579964132081783, 0.6249097599990523, 0.0, 0.0, 0.7931578504158086, 1.600709595820401, 2.8270796964187683, 4.060337614544254, 4.532408194429961, 9.568557930305978, 43.605024094436175, 69.18685374449117, 81.35389585868428, 108.79561593671792, 114.76207332517983, 106.6822629092635, 110.8005904725209, 48.6048742932205, 52.061950314971796, 59.76635012249404, 66.60931532691224, 54.567214385372466, 64.6695345423211, 62.32949774124623, 57.699128102007975, 49.37250750169937, 69.70726518334357, 67.34822246441765, 65.3567788463331]","[0.7460000514984131, 1.2589998245239258, 5.562000036239624, 0.39999985694885254, 0.2649998664855957, 0.3509998321533203, 0.28999996185302734, 0.6740000247955322, 1.0939998626708984, 1.935999870300293, 1.5989999771118164, 0.30499982833862305, 0.8480000495910645, 0.46000003814697266, 0.9320001602172852, 1.4930000305175781, 0.12100005149841309, 0.051999807357788086, 0.0559999942779541, 0.06299996376037598, 0.04500007629394531, 0.502000093460083, 7.523000001907349, 2.80400013923645, 2.2079999446868896, 1.1929998397827148, 0.4849998950958252, 0.6460001468658447, 0.9549999237060547, 1.3680000305175781, 0.17499995231628418, 0.13499999046325684, 0.3619999885559082, 0.40200018882751465, 0.6789999008178711, 0.11999988555908203, 0.23200011253356934, 0.3059999942779541, 0.31599998474121094, 0.20799994468688965, 0.2929999828338623, 0.23200011253356934, 0.20399999618530273, 0.3040001392364502, 0.3280000686645508, 0.13399982452392578, 0.059999942779541016, 0.032000064849853516]",,,,,,,,,,,,,,,,,,formal/step4_33_main_model_based_raw.csv,Oracle-H7,1541.152952249162,5.882419562655189,,,,,,,,,,,,,,,,,
33,MPC-5,98,test_id,id_actual,id_reliable,5,,1548.253234014743,,,,215.30999970436096,4.485624993840854,23.11299991607666,0,0,True,,100098,pure_mpc,6,48,True,,1.0,0.1250000018870224,"[19.04794918996521, 10.594131696885631, 6.372050537600926, 4.931044313490794, 5.821334831361818, 5.511898200491882, 5.83945463059084, 9.23634676350213, 17.272376990000637, 22.061782888438277, 19.240563914895024, 29.48109174153587, 35.48962280381838, 6.953343556104166, 15.909976311370148, 8.341704877810702, 5.557658684210122, 4.324284043945878, 3.0910054032555707, 1.857822762565264, 0.6247361218749568, 0.0, 0.0, 0.8791726291627893, 2.112278961417395, 2.827080115037935, 4.060338136640644, 4.8379678734535565, 11.533437352638064, 43.605024595691475, 69.18588331526938, 81.35389593904785, 101.16305324599148, 94.3126550276293, 86.32652847015963, 90.40308158781271, 48.60487436295543, 52.06195399871794, 59.76635386954225, 66.60931530938437, 54.56721780626553, 64.66953453432042, 62.329497737561184, 57.699131583611035, 49.37251102319906, 69.7072651141663, 67.34822247156718, 65.35677868978561]","[12.129000186920166, 3.375, 6.738000154495239, 0.47499990463256836, 0.17200016975402832, 0.18900012969970703, 0.20300006866455078, 23.11299991607666, 11.436999797821045, 3.2139999866485596, 5.938999891281128, 11.86899995803833, 13.457000017166138, 3.130000114440918, 13.819999933242798, 12.846999883651733, 1.0709998607635498, 1.2130000591278076, 0.8959999084472656, 0.9749999046325684, 9.875, 0.8139998912811279, 7.663000106811523, 13.776000022888184, 13.730000019073486, 2.0959999561309814, 1.3310000896453857, 15.226999998092651, 10.457000017166138, 5.2179999351501465, 0.247999906539917, 0.7409999370574951, 1.062000036239624, 0.6319999694824219, 1.0950000286102295, 0.19499993324279785, 0.19300007820129395, 0.21199989318847656, 0.21399998664855957, 0.20599985122680664, 0.19700002670288086, 0.2049999237060547, 0.22300004959106445, 0.2109999656677246, 3.003000020980835, 0.11500000953674316, 0.06700015068054199, 0.04200005531311035]",,,,,,,,,,,,,,,,,,formal/step4_33_main_model_based_raw.csv,Oracle-H7,1541.152952249162,0.46071233586639565,,,,,,,,,,,,,,,,,
33,MPC-7,98,test_id,id_actual,id_reliable,7,,1516.7172197922891,,,,1037.938000679016,21.623708347479504,302.3550000190735,0,0,True,,100098,pure_mpc,8,48,True,,1.0,0.12500000193043845,"[21.543261338844562, 10.594131554070454, 11.61518502188179, 4.931562368538959, 5.75548560401112, 5.418787186157426, 6.166148622533523, 13.966714288030353, 20.750439401697108, 20.529859770423826, 11.382880125988576, 29.481085700150075, 35.489624162198986, 6.953340182035606, 8.737882767829623, 6.16615, 5.355052583158534, 4.121693712273753, 2.888430841463219, 1.6552639701526433, 0.42219309984206693, 0.0, 0.0, 13.30078891725039, 2.466171954707657, 3.1591696531520324, 4.3924535999838135, 5.625833546787649, 10.23137713095154, 43.6050246813753, 69.18687939318522, 81.16094988945562, 86.41904541873252, 79.99169821853752, 76.18903374441766, 88.97096471233792, 48.60487455322464, 52.0619540556973, 59.76635388088952, 66.60931531509127, 54.56721781569584, 64.66953453839659, 62.329497722748705, 57.699131564705205, 49.37251091864983, 69.70726511196534, 67.3482224687106, 65.35677868435742]","[182.1710000038147, 3.490000009536743, 117.9689998626709, 0.22300004959106445, 0.26600003242492676, 0.9589998722076416, 4.546000003814697, 31.47599983215332, 21.72499990463257, 29.753000020980835, 20.794999837875366, 12.125, 3.9570000171661377, 20.450000047683716, 50.5479998588562, 9.669000148773193, 2.180999994277954, 1.8580000400543213, 1.7060000896453857, 8.718999862670898, 13.205999851226807, 8.778000116348267, 71.78399991989136, 302.3550000190735, 10.914000034332275, 4.79200005531311, 43.04100012779236, 32.20700001716614, 8.854000091552734, 6.244000196456909, 1.3050000667572021, 0.2850000858306885, 0.8999998569488525, 0.2850000858306885, 1.6720001697540283, 0.33700013160705566, 1.2870001792907715, 0.27699995040893555, 0.8009998798370361, 0.25500011444091797, 1.0399999618530273, 0.26600003242492676, 0.21600008010864258, 0.1790001392364502, 1.871999979019165, 0.10599994659423828, 0.06100010871887207, 0.03299999237060547]",,,,,,,,,,,,,,,,,,formal/step4_33_main_model_based_raw.csv,Oracle-H7,1541.152952249162,-1.585548820524997,,,,,,,,,,,,,,,,,
33,Proposed-H3,98,test_id,id_actual,id_reliable,3,0.3,1315.3267256590173,,,,27.05399990081787,0.5636249979337057,1.4490001201629639,0,0,True,,100098,proposed,4,48,True,,1.0,0.1249999998118296,"[51.97972103007344, 10.59413398753787, 6.372051701425168, 4.932728, 6.16615, 6.16615, 6.16615, 6.16615, 6.16615, 6.16615, 6.16615, 23.32077245936972, 35.489624211402855, 12.884844043782282, 24.814759014339998, 11.2952682725645, 6.16615, 5.442371502624256, 4.219871617612625, 3.7916919828853626, 3.699402, 3.699402, 3.6994020000000005, 4.932728, 3.699402, 4.932727617651981, 5.891889286124854, 4.658488634927661, 5.8918892888935535, 6.16615, 25.111515297692783, 36.93887279665252, 66.4365732474461, 72.15380437119659, 76.18025905553067, 88.97096471152804, 33.885385901134136, 41.503993116468095, 47.96694622061424, 58.923685765800464, 48.91648542698846, 60.9615208163387, 59.49149482439605, 57.404209049795526, 48.25391715969669, 69.32899603179241, 66.46769160002749, 64.69189161470207]","[0.25300002098083496, 0.7000000476837158, 0.5540001392364502, 0.6499998569488525, 0.6540000438690186, 0.6889998912811279, 1.4490001201629639, 0.1380000114440918, 0.568000078201294, 0.6140000820159912, 0.6789999008178711, 0.6529998779296875, 0.6150000095367432, 0.5910000801086426, 0.5490000247955322, 0.5880000591278076, 0.565000057220459, 0.6380000114440918, 0.6089999675750732, 0.5019998550415039, 0.5310001373291016, 0.5449998378753662, 0.4830000400543213, 0.6759998798370361, 0.625999927520752, 0.6519999504089355, 0.6319999694824219, 0.5630002021789551, 0.6080000400543213, 0.6089999675750732, 0.556999921798706, 0.5610001087188721, 0.5729999542236328, 0.5880000591278076, 0.6089999675750732, 0.7410001754760742, 0.6449999809265137, 0.6310000419616699, 0.6519999504089355, 0.6349999904632568, 0.5730001926422119, 0.6399998664855957, 0.09200000762939453, 0.5869998931884766, 0.5820000171661377, 0.10399985313415527, 0.0709998607635498, 0.029999971389770508]",,,,,,,,,,,,,,,,,,formal/step4_33_main_model_based_raw.csv,Oracle-H7,1541.152952249162,-14.653070369204652,,,,,,,,,,,,,,,,,
33,MPC-3,99,test_id,id_actual,id_reliable,3,,1722.955718651368,,,,66.84800004959106,1.3926666676998138,9.657999992370605,0,0,True,,100099,pure_mpc,4,48,True,,1.0,0.12500000088715263,"[14.449656383225308, 12.27954623249995, 6.791290344504567, 4.5847439642221515, 11.34509733854846, 6.023482096755191, 9.713175497846, 12.052238369171056, 15.357707412265256, 15.365862013355198, 22.09211307757927, 32.579198492655664, 33.4780391534314, 29.10556920446367, 22.668692769680177, 5.969351409742737, 4.735944727017293, 4.936306618061052, 3.702980340018365, 2.68478639542989, 1.451635376987237, 0.21858035854458405, 0.0, 0.0, 0.6898160677656588, 1.9229076788100368, 34.49752832212175, 39.41399831245822, 36.108879707178865, 26.328175498434454, 60.428339179415396, 87.4532711343754, 83.62099975509054, 117.70521323579813, 124.49394862026728, 127.02142551353724, 44.14764446129651, 64.01677198121132, 56.770094286904786, 49.25263777872975, 57.985117611578254, 61.7675197288009, 61.82370216823527, 53.75804330504756, 65.0729956912171, 74.03556388577803, 67.9388779813022, 55.11624917000919]","[0.7100000381469727, 3.017000198364258, 3.7109999656677246, 0.3689999580383301, 9.657999992370605, 0.08999991416931152, 5.72599983215332, 0.3509998321533203, 1.7880001068115234, 0.6949999332427979, 0.3659999370574951, 0.24699997901916504, 2.3910000324249268, 0.3470001220703125, 1.5460000038146973, 2.8889999389648438, 0.05200004577636719, 0.22799992561340332, 0.046000003814697266, 8.490999937057495, 0.48600006103515625, 0.4330000877380371, 6.01200008392334, 0.40600013732910156, 3.0209999084472656, 0.6110000610351562, 2.7990000247955322, 3.36899995803833, 2.127000093460083, 1.3240001201629639, 0.3379998207092285, 0.10500001907348633, 0.3959999084472656, 0.312000036239624, 0.11100006103515625, 0.09299993515014648, 0.2630000114440918, 0.10599994659423828, 0.25999999046325684, 0.33099985122680664, 0.2070000171661377, 0.1790001392364502, 0.27499985694885254, 0.28600001335144043, 0.10400009155273438, 0.09600019454956055, 0.05499982833862305, 0.02500009536743164]",,,,,,,,,,,,,,,,,,formal/step4_33_main_model_based_raw.csv,Oracle-H7,1625.0241635042553,6.026467627160073,,,,,,,,,,,,,,,,,
33,MPC-5,99,test_id,id_actual,id_reliable,5,,1655.5542860716437,,,,307.19600105285645,6.399916688601176,31.074999809265137,0,0,True,,100099,pure_mpc,6,48,True,,1.0,0.12500000186458515,"[14.44965530908988, 12.418020706913346, 11.806510608397087, 4.9327267209562, 10.623812957514328, 5.9399856547003305, 9.336493460044274, 11.431874581118844, 17.829932431558955, 23.40783258250722, 24.665678712532355, 32.57919759842387, 33.47802503517636, 14.970708032064394, 7.701895438854697, 5.692484211950536, 4.459099077537205, 5.318330641280083, 4.085122250126664, 2.8520360154719264, 1.6188719779645326, 0.3858039398238517, 0.5558823205480852, 0.0, 1.233037926730987, 2.4661719106321844, 26.993696961446144, 31.908605709251447, 28.61032110489556, 26.328168541757364, 60.428339270628555, 87.45327122677081, 83.62099966816275, 106.09196756456642, 112.8443982943695, 115.35010042726645, 44.147644562580744, 64.01677200190109, 56.77009424052215, 49.25264115198896, 57.985117589428896, 61.76751970926582, 61.82370538309987, 53.758046150444, 65.07299563964558, 74.03556380966344, 67.9388779133924, 55.11624904867756]","[3.927000045776367, 20.27999997138977, 30.889000177383423, 1.7789998054504395, 29.397000074386597, 0.5280001163482666, 28.0530002117157, 25.801000118255615, 4.186000108718872, 2.930000066757202, 0.681999921798706, 0.5820000171661377, 15.705999851226807, 12.38700008392334, 16.996999979019165, 7.351999998092651, 0.7320001125335693, 4.547000169754028, 0.0820000171661377, 0.07700014114379883, 0.8900001049041748, 8.348999977111816, 0.9639999866485596, 16.592999935150146, 15.140000104904175, 3.6410000324249268, 31.074999809265137, 4.108000040054321, 5.648000001907349, 3.319000005722046, 0.6790001392364502, 0.8429999351501465, 2.881999969482422, 0.8259999752044678, 0.5230000019073486, 0.15700006484985352, 0.503000020980835, 0.16100001335144043, 0.1789999008178711, 2.7320001125335693, 0.1960000991821289, 0.18799996376037598, 0.17300009727478027, 0.1699998378753662, 0.14300012588500977, 0.10099983215332031, 0.07299995422363281, 0.026000022888183594]",,,,,,,,,,,,,,,,,,formal/step4_33_main_model_based_raw.csv,Oracle-H7,1625.0241635042553,1.8787488366666643,,,,,,,,,,,,,,,,,
33,MPC-7,99,test_id,id_actual,id_reliable,7,,1647.0825875150188,,,,2110.0789992809296,43.959979151686035,300.34699988365173,0,0,True,,100099,pure_mpc,8,48,True,,1.0,0.12499999980932176,"[14.449655528489794, 17.03960231624403, 13.725616115452151, 4.932727229854874, 11.613497688494407, 5.89782577388449, 11.446914840120115, 15.986447747457454, 22.005852113841435, 28.32354689442068, 18.31693756574788, 32.57919699239047, 33.478035890411824, 14.970718674505608, 6.166147109606074, 4.932725137228527, 3.6993991379508113, 4.772683324849123, 3.5393697825327717, 2.30615225857896, 1.0730309330212757, 0.0, 1.233038, 0.0, 1.2330379633328534, 11.761432582064035, 26.993698171565978, 41.515978302564314, 28.610321191725923, 26.32817319815144, 60.42833927956391, 87.45327115520111, 75.88382894147603, 95.59109067238465, 102.31141390391184, 104.79764728805877, 44.147644436121666, 64.01677197211777, 56.77009422279079, 49.252669583901756, 57.985133841576165, 61.76751965759489, 61.823705098368784, 53.75804598590676, 65.07299530179758, 74.03553166409775, 67.93887680696672, 55.1162452386946]","[27.425999879837036, 205.47399997711182, 300.34699988365173, 12.45799994468689, 278.7880001068115, 0.8529999256134033, 54.98200011253357, 39.23300004005432, 17.363999843597412, 13.361999988555908, 20.093000173568726, 36.23799991607666, 14.569999933242798, 14.145999908447266, 14.83299994468689, 15.873999834060669, 2.0279998779296875, 26.296000003814697, 2.064000129699707, 232.82999992370605, 300.19799995422363, 11.866999864578247, 17.633000135421753, 14.888999938964844, 11.815999984741211, 300.1599998474121, 64.70900011062622, 2.2829999923706055, 1.690999984741211, 27.543999910354614, 1.4539999961853027, 4.859999895095825, 15.969000101089478, 0.3039999008178711, 0.2840001583099365, 0.33099985122680664, 1.132000207901001, 0.2929999828338623, 0.3210000991821289, 0.9460000991821289, 0.9880001544952393, 0.2909998893737793, 0.25, 0.23199987411499023, 0.1660001277923584, 0.11300015449523926, 0.06799983978271484, 0.0279998779296875]",,,,,,,,,,,,,,,,,,formal/step4_33_main_model_based_raw.csv,Oracle-H7,1625.0241635042553,1.357421292936098,,,,,,,,,,,,,,,,,
33,Proposed-H3,99,test_id,id_actual,id_reliable,3,0.3,1365.945573191026,,,,32.06999921798706,0.6681249837080637,1.753000020980835,0,0,True,,100099,proposed,4,48,True,,1.0,0.12499999980948333,"[47.305925192226184, 12.27954811918349, 6.791293533949286, 4.932728, 6.16615, 6.16615, 6.16615, 6.16615, 8.376733465376315, 10.704195705121835, 17.161794950866142, 32.57919634694997, 33.47803892283178, 21.965245526943626, 20.991620270813087, 6.16615, 6.16615, 6.16615, 5.436538478850051, 5.580021701006749, 4.371811740110904, 3.699402, 3.699402, 3.9584568755455383, 3.699402, 4.58842917181835, 5.82182437140824, 6.16615, 6.16615, 6.16615, 16.582138389275983, 42.68947866446041, 38.81793804180464, 74.01801668887785, 93.51729678836527, 103.18864497646837, 37.67627594717822, 58.72363060124878, 50.00545686881844, 42.73602014836994, 54.286232298117056, 60.357582596505836, 59.5030943819625, 53.49531997778833, 64.22060229559342, 73.98961484252597, 67.93887670067339, 55.11624460999008]","[0.252000093460083, 0.8919999599456787, 0.6439998149871826, 0.7359998226165771, 0.6700000762939453, 0.8220000267028809, 0.6999998092651367, 0.1529998779296875, 0.1120002269744873, 0.6500000953674316, 0.7189998626708984, 0.8080000877380371, 0.7289998531341553, 0.6909999847412109, 0.6449999809265137, 0.7030000686645508, 0.685999870300293, 0.7339999675750732, 0.6830000877380371, 0.8310000896453857, 0.7269999980926514, 0.6029999256134033, 0.7070000171661377, 0.75, 0.6519999504089355, 0.8020000457763672, 0.7369999885559082, 0.7219998836517334, 0.7899999618530273, 1.753000020980835, 0.6619999408721924, 0.6579999923706055, 0.7129998207092285, 0.7829999923706055, 0.8280000686645508, 0.7430000305175781, 0.7309999465942383, 0.7260000705718994, 0.7009999752044678, 0.7179999351501465, 0.6480000019073486, 0.7869999408721924, 0.7090001106262207, 0.6940000057220459, 0.6509997844696045, 0.11900019645690918, 0.06500005722045898, 0.03099989891052246]",,,,,,,,,,,,,,,,,,formal/step4_33_main_model_based_raw.csv,Oracle-H7,1625.0241635042553,-15.943060794526515,,,,,,,,,,,,,,,,,
33,SAC,80,test_id,id_actual,not_applicable,0,,1465.508837667834,,,,0.34918460063636303,0.00727467917992423,0.012529999949038029,0,0,True,,100080,policy,0,48,False,,,,"[11.690388507686075, 14.78515909846863, 9.373659138626497, 7.618341045865906, 5.908148523451622, 8.560792032941889, 12.460033049760652, 11.175195782636733, 14.118921869524042, 12.277266760923224, 13.985055934980533, 12.057143314178488, 49.825032667946694, 43.44460740704405, 17.308310027802236, 6.16615, 6.16615, 6.16615, 6.16615, 6.16615, 6.16615, 6.16615, 6.16615, 6.16615, 6.16615, 6.16615, 8.468763829428752, 11.316662384229915, 6.16615, 6.16615, 22.45949625461523, 37.001430619253085, 61.75060961970844, 91.13111815047155, 64.45107043188189, 96.41962161756041, 29.792023828049892, 50.341652285523296, 57.81733304306048, 65.32656490794017, 71.09331115495078, 73.08030030971062, 64.71141975516177, 68.84693771563131, 73.56287917278081, 65.43256613529073, 65.2098766752267, 62.547194615520986]","[0.012375700054690242, 0.0058148999232798815, 0.00631579989567399, 0.00891899992711842, 0.007725500036031008, 0.006344499997794628, 0.007240599952638149, 0.0074112999718636274, 0.006292600184679031, 0.006796899950131774, 0.006385799963027239, 0.006426099920645356, 0.00617250008508563, 0.00599760003387928, 0.006801599869504571, 0.006676900200545788, 0.006099600112065673, 0.005940099945291877, 0.007903299992904067, 0.006784999975934625, 0.006298100110143423, 0.006110400194302201, 0.00751030002720654, 0.0064026000909507275, 0.006175900110974908, 0.006415299838408828, 0.00607470003888011, 0.005924300057813525, 0.00717550003901124, 0.012529999949038029, 0.007992500206455588, 0.011623299913480878, 0.006309499964118004, 0.006222200114279985, 0.0066263999324291945, 0.006491200067102909, 0.005965800024569035, 0.006442599929869175, 0.007067800033837557, 0.00606869999319315, 0.005949900019913912, 0.005808999994769692, 0.006957300007343292, 0.006859200075268745, 0.007621899945661426, 0.009778500068932772, 0.011969499988481402, 0.012386899907141924]",,,,,,,,,,,,,,,,,policy_baseline,formal/step7_33_policy_baselines_raw.csv,Oracle-H7,1653.8005843432136,-11.385396066367774,experiment_assets\policies\33\sac,legacy_penalized_operating_cost,1465.508837667834,282.9572417165683,1182.5515959512659,1182.5515959512657,"[1.2011345384022658, 2.395386864404065, 3.5698024634429855, 4.738319326867358, 5.908148523451622, 6.16615, 6.16615, 6.16615, 6.16615, 6.16615, 6.16615, 6.16615, 6.16615, 6.16615, 6.16615, 6.16615, 6.16615, 6.16615, 6.16615, 6.16615, 6.16615, 6.16615, 6.16615, 6.16615, 6.16615, 6.16615, 6.16615, 6.16615, 6.16615, 6.16615, 6.16615, 6.16615, 6.16615, 6.16615, 6.16615, 6.16615, 6.16615, 6.16615, 6.16615, 6.16615, 6.16615, 6.16615, 6.16615, 6.16615, 6.16615, 6.16615, 6.16615, 6.16615]","[11.690388507686075, 14.78515909846863, 9.373659138626497, 7.618341045865906, 5.908148523451622, 8.560792032941889, 12.460033049760652, 11.175195782636733, 14.118921869524042, 12.277266760923224, 13.985055934980533, 12.057143314178488, 49.825032667946694, 43.44460740704405, 17.308310027802236, 6.16615, 6.16615, 6.16615, 6.16615, 6.16615, 6.16615, 6.16615, 6.16615, 6.16615, 6.16615, 6.16615, 8.468763829428752, 11.316662384229915, 6.16615, 6.16615, 22.45949625461523, 37.001430619253085, 61.75060961970844, 91.13111815047155, 64.45107043188189, 96.41962161756041, 29.792023828049892, 50.341652285523296, 57.81733304306048, 65.32656490794017, 71.09331115495078, 73.08030030971062, 64.71141975516177, 68.84693771563131, 73.56287917278081, 65.43256613529073, 65.2098766752267, 62.547194615520986]","[10.489253969283808, 12.389772234064552, 5.803856675183511, 2.880021718998549, 0.0, 2.3946420329419027, 6.293883049760652, 5.009045782636733, 7.952771869524042, 6.111116760923224, 7.818905934980549, 5.890993314178488, 43.65888266794669, 37.27845740704405, 11.14216002780221, 0.0, 0.0, 0.0, 0.0, 0.0, 0.0, 0.0, 0.0, 0.0, 0.0, 0.0, 2.3026138294287524, 5.1505123842299145, 0.0, 0.0, 16.293346254615233, 30.835280619253084, 55.584459619708525, 84.96496815047155, 58.28492043188189, 90.25347161756041, 23.62587382804989, 44.1755022855233, 51.651183043060485, 59.16041490794012, 64.92716115495078, 66.91415030971062, 58.545269755161776, 62.68078771563132, 67.39672917278081, 59.266416135290726, 59.04372667522673, 56.38104461552098]","[10.489253969283808, 12.389772234064566, 5.8038566751835114, 2.880021718998548, 0.0, 2.3946420329418885, 6.293883049760652, 5.009045782636733, 7.952771869524042, 6.111116760923224, 7.818905934980533, 5.890993314178488, 43.65888266794669, 37.27845740704405, 11.142160027802236, 0.0, 0.0, 0.0, 0.0, 0.0, 0.0, 0.0, 0.0, 0.0, 0.0, 0.0, 2.3026138294287524, 5.1505123842299145, 0.0, 0.0, 16.29334625461523, 30.835280619253084, 55.58445961970844, 84.96496815047155, 58.284920431881886, 90.25347161756041, 23.62587382804989, 44.175502285523294, 51.65118304306048, 59.160414907940165, 64.92716115495078, 66.91415030971062, 58.54526975516177, 62.68078771563131, 67.39672917278081, 59.266416135290726, 59.043726675226694, 56.381044615520985]","[0.327789186540119, 0.38718038231451724, 0.1813705210994847, 0.09000067871870465, -0.010706273464391458, 0.07483256352943446, 0.19668384530502037, 0.1565326807073979, 0.24852412092262632, 0.19097239877885075, 0.24434081046814216, 0.18409354106807774, 0.7099005311861251, 0.606153778976326, 0.1811733337854018, -0.05108131814176664, -0.051254550035567004, -0.01936238917238242, -0.2952479070193452, -0.29248435810777407, -0.6748568693583565, -0.6232724954471895, -1.077888429259402, -1.113429614870598, -0.12744125353335445, -0.024939068569401535, 0.024893122480310836, 0.05568121496464773, -0.07708846899140642, -0.060014692844061024, 0.1761442838336782, 0.3333543850730063, 0.6009130769698219, 0.918540196221314, 0.6301072479122367, 0.9757132066763288, 0.3841605500495917, 0.7183008501711106, 0.839856634846512, 0.9619579659827662, 1.055726197641476, 1.0880349643855385, 0.9519556057749883, 1.0191998002541678, 1.0958817751671677, 0.9636815631754589, 0.9600605963451501, 0.9167649530979021]","[0.0, 0.0, 0.0, 0.0, 0.0, 0.0, 0.0, 0.0, 0.0, 0.0, 0.0, 0.0, 0.0, 0.0, 0.0, 0.0, 0.0, 0.0, 0.004048087512209753, 0.009560359069453295, 0.07631425761084487, 0.06252058530653315, 0.09369052108454334, 0.07824298161721965, 0.0, 0.0, 0.0, 0.0, 0.0, 0.0, 0.0, 0.0, 0.0, 0.0, 0.0, 0.0, 0.0, 0.0, 0.0, 0.0, 0.0, 0.0, 0.0, 0.0, 0.0, 0.0, 0.0, 0.0]",5.89494253576184,30.531434118079876,24.63649158231804,24.636491582318033,0.006757849837516751
33,SAC-ICNN,80,test_id,id_actual,not_applicable,0,,2009.6224989650864,,,,0.4306053996551782,0.008970945826149546,0.013388099847361445,0,0,True,,100080,policy,0,48,False,,,,"[46.994285139705525, 50.53244355436392, 44.62280652970582, 41.09999967825089, 19.915465282275367, 15.829077495967253, 9.42746549736229, 16.36060010527956, 21.384179628937147, 9.854685370324828, 18.859256385513305, 14.911973052830078, 80.56901953494277, 51.13567625172762, 24.529309263987024, 10.066576244901972, 9.983468191853856, 6.16615, 6.16615, 6.16615, 6.16615, 6.16615, 6.16615, 6.16615, 6.16615, 6.16615, 10.418769419677027, 13.477146208688486, 11.740987310668999, 8.162080299557386, 32.73846859176544, 48.9145319800324, 73.97875209518776, 102.9416653597796, 74.04548394008827, 106.19153023208183, 35.260229446094726, 51.682666620797676, 67.58316672084024, 75.68270994869717, 81.49503776258494, 82.81053018240615, 73.44768350346872, 97.04233324241521, 111.03440677745546, 104.3997832570428, 102.068995449291, 102.93390340853598]","[0.01306879986077547, 0.012375099817290902, 0.011976199923083186, 0.012358100153505802, 0.013388099847361445, 0.012973599834367633, 0.011056300019845366, 0.008810000028461218, 0.011579300044104457, 0.008064200170338154, 0.006928599905222654, 0.009439200162887573, 0.008299000095576048, 0.01285099983215332, 0.010773699963465333, 0.01142029999755323, 0.011200200067833066, 0.0073321000672876835, 0.011143600102514029, 0.011342700105160475, 0.008898100117221475, 0.007647400023415685, 0.006766399834305048, 0.007441299967467785, 0.007798400009050965, 0.012134899850934744, 0.007045699981972575, 0.007748899981379509, 0.006497900001704693, 0.007003499893471599, 0.0075304999481886625, 0.006675199838355184, 0.006465400103479624, 0.007197099970653653, 0.006282000103965402, 0.008704600157216191, 0.009687399957329035, 0.006883499911054969, 0.006715300027281046, 0.007361899828538299, 0.007149800192564726, 0.00692380010150373, 0.007427799981087446, 0.00832949997857213, 0.007164799841120839, 0.007589200045913458, 0.007684800075367093, 0.00947019993327558]",,,,,,,,,,,,,,,,,policy_baseline,formal/step7_33_policy_baselines_raw.csv,Oracle-H7,1653.8005843432136,21.515406270290022,experiment_assets\policies\33\sac_icnn,legacy_penalized_operating_cost,2009.6224989650864,283.09391470135245,1726.528584263734,1726.528584263734,"[1.1942222465639758, 2.389545504864329, 3.587484353905043, 4.787195277132115, 5.991017318886993, 6.16615, 6.16615, 6.16615, 6.16615, 6.16615, 6.16615, 6.16615, 6.16615, 6.16615, 6.16615, 6.16615, 6.16615, 6.16615, 6.16615, 6.16615, 6.16615, 6.16615, 6.16615, 6.16615, 6.16615, 6.16615, 6.16615, 6.16615, 6.16615, 6.16615, 6.16615, 6.16615, 6.16615, 6.16615, 6.16615, 6.16615, 6.16615, 6.16615, 6.16615, 6.16615, 6.16615, 6.16615, 6.16615, 6.16615, 6.16615, 6.16615, 6.16615, 6.16615]","[46.994285139705525, 50.53244355436392, 44.62280652970582, 41.09999967825089, 19.915465282275367, 15.829077495967253, 9.42746549736229, 16.36060010527956, 21.384179628937147, 9.854685370324828, 18.859256385513305, 14.911973052830078, 80.56901953494277, 51.13567625172762, 24.529309263987024, 10.066576244901972, 9.983468191853856, 6.16615, 6.16615, 6.16615, 6.16615, 6.16615, 6.16615, 6.16615, 6.16615, 6.16615, 10.418769419677027, 13.477146208688486, 11.740987310668999, 8.162080299557386, 32.73846859176544, 48.9145319800324, 73.97875209518776, 102.9416653597796, 74.04548394008827, 106.19153023208183, 35.260229446094726, 51.682666620797676, 67.58316672084024, 75.68270994869717, 81.49503776258494, 82.81053018240615, 73.44768350346872, 97.04233324241521, 111.03440677745546, 104.3997832570428, 102.068995449291, 102.93390340853598]","[45.80006289314155, 48.14289804949958, 41.03532217580078, 36.312804401118775, 13.924447963388374, 9.662927495967267, 3.2613154973622898, 10.194450105279557, 15.218029628937146, 3.6885353703248285, 12.693106385513317, 8.745823052830076, 74.40286953494277, 44.969526251727615, 18.363159263986997, 3.900426244901972, 3.8173181918538823, 0.0, 0.0, 0.0, 0.0, 0.0, 0.0, 0.0, 0.0, 0.0, 4.252619419677027, 7.310996208688487, 5.574837310668917, 1.9959302995573047, 26.572318591765438, 42.7483819800324, 67.81260209518784, 96.77551535977959, 67.87933394008827, 100.02538023208183, 29.094079446094725, 45.51651662079768, 61.41701672084024, 69.51655994869712, 75.32888776258494, 76.64438018240615, 67.28153350346872, 90.87618324241521, 104.86825677745546, 98.2336332570428, 95.90284544929102, 96.767753408536]","[45.80006289314155, 48.14289804949959, 41.03532217580078, 36.312804401118775, 13.924447963388374, 9.662927495967253, 3.2613154973622898, 10.194450105279559, 15.218029628937147, 3.6885353703248285, 12.693106385513305, 8.745823052830078, 74.40286953494277, 44.969526251727615, 18.363159263987022, 3.900426244901972, 3.8173181918538557, 0.0, 0.0, 0.0, 0.0, 0.0, 0.0, 0.0, 0.0, 0.0, 4.252619419677027, 7.310996208688486, 5.574837310668999, 1.9959302995573864, 26.572318591765438, 42.7483819800324, 67.81260209518776, 96.7755153597796, 67.87933394008827, 100.02538023208183, 29.094079446094725, 45.516516620797674, 61.41701672084024, 69.51655994869716, 75.32888776258494, 76.64438018240615, 67.28153350346872, 90.87618324241521, 104.86825677745546, 98.2336332570428, 95.902845449291, 96.76775340853598]","[1.4312519654106735, 1.5044655640468618, 1.2823538179937743, 1.1347751375349617, 0.4351389988558867, 0.3019664842489771, 0.10191610929257156, 0.31857656578998617, 0.4755634259042858, 0.11526673032265089, 0.39665957454729117, 0.2733069704009399, 1.2098027566657361, 0.7312118089711808, 0.2985879555119837, 0.06342156495775564, 0.06207021450168915, -0.3400149153694869, -0.7437230269701001, -0.7352650735284447, -1.1394474206593963, -1.0749318599326587, -1.5393190778109846, -1.5734775743584914, -0.5041947547065391, -0.30127942668083474, 0.04597426399650839, 0.07903779685068635, 0.06026851146669099, 0.02157762486007897, 0.2872683091001669, 0.4621446700544043, 0.7331092118398685, 1.0462217876732929, 0.7338306371901435, 1.0813554619684522, 0.4730744625381256, 0.7401059613137835, 0.9986506783876461, 1.1303505682714978, 1.2248599636192674, 1.2462500842667668, 1.09400867485315, 1.4776615161368327, 1.7051749069504953, 1.597294849708013, 1.5593958609640817, 1.5734594050168456]","[0.0, 0.0, 0.0, 0.0, 0.0, 0.0, 0.0, 0.0, 0.0, 0.0, 0.0, 0.0, 0.0, 0.0, 0.0, 0.0, 0.0, 0.024993502359493824, 0.10019380208687889, 0.08701080848803411, 0.1536713760818944, 0.12886089816836122, 0.1900591942599157, 0.17852819477686555, 0.030502074400996726, 0.024077199523984127, 0.011976167296179785, 0.01808127266570958, 0.047165361906135184, 0.08659253880378714, 0.06873005633287343, 0.047674827517197205, 0.009385156640272507, 0.0, 0.0, 0.0, 0.0012155195062193425, 0.0, 0.0, 0.0, 0.0, 0.0, 0.0, 0.0, 0.0, 0.0, 0.0, 0.0]",5.897789889611509,41.86713539510597,35.96934550549446,35.96934550549446,0.025181623975308307
33,SACLag,80,test_id,id_actual,not_applicable,0,,1467.0930642605827,,,,0.39369890047237277,0.008202060426507765,0.011909199878573418,0,0,True,,100080,policy,0,48,False,,,,"[12.022147796901793, 16.562183124245447, 9.739272412484462, 7.680289167629978, 5.946457588574307, 9.670519727493113, 15.997435619871322, 11.513720352480048, 14.935635917178159, 9.996903441976611, 13.017343461965252, 10.435031669273412, 51.332765427037984, 42.52868777534032, 16.67164592523025, 6.16615, 6.16615, 6.16615, 6.16615, 6.16615, 6.16615, 6.16615, 6.16615, 6.16615, 6.16615, 12.869554429638741, 21.00505253449939, 6.16615, 6.16615, 6.16615, 21.407024370678677, 35.94180696422874, 60.905093188018775, 91.66185196373158, 65.14903742129437, 97.53447164925129, 26.012236988731257, 42.19566202862444, 57.63279673220855, 65.06775065359548, 70.78543673013246, 72.67884533795583, 64.28734914278544, 68.44431382161441, 73.24212690057729, 65.06146250482189, 64.80219020043948, 62.199011290071994]","[0.007672999985516071, 0.007517999969422817, 0.008598400047048926, 0.010630700038746, 0.007987999822944403, 0.007983200019225478, 0.00891520013101399, 0.008827900048345327, 0.007310899905860424, 0.008312000194564462, 0.007961800089105964, 0.0061697999481111765, 0.008681999985128641, 0.0086731999181211, 0.008965699933469296, 0.009300499921664596, 0.007242400199174881, 0.008327099960297346, 0.008267099969089031, 0.00755019998177886, 0.007517700083553791, 0.009843699866905808, 0.010425500106066465, 0.007695700041949749, 0.008136200020089746, 0.010409899987280369, 0.011909199878573418, 0.006460400065407157, 0.006265300093218684, 0.006751500070095062, 0.010673800017684698, 0.006562900030985475, 0.00673669995740056, 0.008373899850994349, 0.006835100008174777, 0.006804800126701593, 0.008253700099885464, 0.007513399934396148, 0.0075782001949846745, 0.007910700049251318, 0.008267799858003855, 0.007281400030478835, 0.007623800076544285, 0.0100123998709023, 0.00958480010740459, 0.008107600035145879, 0.008905299939215183, 0.006360400002449751]",,,,,,,,,,,,,,,,,policy_baseline,formal/step7_33_policy_baselines_raw.csv,Oracle-H7,1653.8005843432136,-11.289602981775431,experiment_assets\policies\33\saclag,legacy_penalized_operating_cost,1467.0930642605827,282.9582345971115,1184.134829663471,1184.134829663471,"[1.1893644318385714, 2.370069348257116, 3.555128630799624, 4.752764597641926, 5.946457588574307, 6.16615, 6.16615, 6.16615, 6.16615, 6.16615, 6.16615, 6.16615, 6.16615, 6.16615, 6.16615, 6.16615, 6.16615, 6.16615, 6.16615, 6.16615, 6.16615, 6.16615, 6.16615, 6.16615, 6.16615, 6.16615, 6.16615, 6.16615, 6.16615, 6.16615, 6.16615, 6.16615, 6.16615, 6.16615, 6.16615, 6.16615, 6.16615, 6.16615, 6.16615, 6.16615, 6.16615, 6.16615, 6.16615, 6.16615, 6.16615, 6.16615, 6.16615, 6.16615]","[12.022147796901793, 16.562183124245447, 9.739272412484462, 7.680289167629978, 5.946457588574307, 9.670519727493113, 15.997435619871322, 11.513720352480048, 14.935635917178159, 9.996903441976611, 13.017343461965252, 10.435031669273412, 51.332765427037984, 42.52868777534032, 16.67164592523025, 6.16615, 6.16615, 6.16615, 6.16615, 6.16615, 6.16615, 6.16615, 6.16615, 6.16615, 6.16615, 12.869554429638741, 21.00505253449939, 6.16615, 6.16615, 6.16615, 21.407024370678677, 35.94180696422874, 60.905093188018775, 91.66185196373158, 65.14903742129437, 97.53447164925129, 26.012236988731257, 42.19566202862444, 57.63279673220855, 65.06775065359548, 70.78543673013246, 72.67884533795583, 64.28734914278544, 68.44431382161441, 73.24212690057729, 65.06146250482189, 64.80219020043948, 62.199011290071994]","[10.832783365063221, 14.192113775988318, 6.184143781684838, 2.9275245699880514, 0.0, 3.5043697274931276, 9.831285619871323, 5.347570352480048, 8.769485917178159, 3.8307534419766114, 6.851193461965266, 4.268881669273412, 45.16661542703798, 36.36253777534032, 10.505495925230225, 0.0, 0.0, 0.0, 0.0, 0.0, 0.0, 0.0, 0.0, 0.0, 0.0, 6.70340442963874, 14.83890253449939, 0.0, 0.0, 0.0, 15.240874370678677, 29.77565696422874, 54.73894318801886, 85.49570196373158, 58.982887421294365, 91.36832164925129, 19.84608698873126, 36.02951202862444, 51.466646732208545, 58.90160065359543, 64.61928673013246, 66.51269533795583, 58.12119914278545, 62.27816382161441, 67.07597690057729, 58.89531250482189, 58.63604020043952, 56.03286129007199]","[10.832783365063221, 14.19211377598833, 6.184143781684838, 2.9275245699880514, 0.0, 3.5043697274931134, 9.831285619871322, 5.347570352480048, 8.769485917178159, 3.8307534419766114, 6.851193461965252, 4.268881669273412, 45.16661542703798, 36.36253777534032, 10.505495925230251, 0.0, 0.0, 0.0, 0.0, 0.0, 0.0, 0.0, 0.0, 0.0, 0.0, 6.703404429638741, 14.838902534499391, 0.0, 0.0, 0.0, 15.240874370678677, 29.775656964228737, 54.73894318801877, 85.49570196373158, 58.982887421294365, 91.36832164925129, 19.84608698873126, 36.02951202862444, 51.466646732208545, 58.90160065359548, 64.61928673013246, 66.51269533795583, 58.12119914278544, 62.27816382161441, 67.07597690057729, 58.89531250482189, 58.63604020043948, 56.03286129007199]","[0.33852448015822567, 0.44350355549963494, 0.1932544931776512, 0.09148514281212661, -0.06618101162410328, 0.10951155398416024, 0.30722767562097886, 0.1671115735150015, 0.27404643491181746, 0.1197110450617691, 0.21409979568641457, 0.13340255216479413, 0.7344165110087477, 0.5912607768348019, 0.170821071954963, -0.054671021512102236, -0.05423735759022286, -0.06613114422119137, -0.3275293466378453, -0.30115898105386485, -0.655829692716388, -0.5975194590759023, -1.029769999219329, -1.069894412973389, -0.10107359438804675, 0.07246923707717556, 0.16042056794053394, -0.0019158712466218475, -0.08122656793156224, -0.06742828122587774, 0.16476620941274245, 0.32189899420787826, 0.591772358789393, 0.9242778590673684, 0.6376528369869661, 0.9877656394513652, 0.3227006014427847, 0.5858457240426738, 0.8368560444261552, 0.957749604123503, 1.050720109433048, 1.0815072412675746, 0.945060148663178, 1.012653070270153, 1.0906662910662974, 0.957647357801982, 0.9534315479746263, 0.9111034356109267]","[0.0, 0.0, 0.0, 0.0, 0.0, 0.0, 0.0, 0.0, 0.0, 0.0, 0.0, 0.0, 0.0, 0.0, 0.0, 0.0, 0.0, 0.0, 0.0, 0.0, 0.0, 0.0, 0.0, 0.0, 0.0, 0.0, 0.0, 0.0, 0.0, 0.0, 0.0, 0.0, 0.0, 0.0, 0.0, 0.0, 0.0, 0.0, 0.0, 0.0, 0.0, 0.0, 0.0, 0.0, 0.0, 0.0, 0.0, 0.0]",5.894963220773157,30.56443883876214,24.66947561798898,24.66947561798898,0.0
33,SAC,81,test_id,id_actual,not_applicable,0,,1381.6163678931812,,,,0.3726262990385294,0.007763047896636029,0.011575399897992611,0,0,True,,100081,policy,0,48,False,,,,"[23.826641889743797, 7.97179482395928, 3.8811151843306053, 5.427280604846861, 5.902103617076053, 12.241508748109508, 12.862158378389479, 11.660427354254436, 11.582300437635281, 11.198898552309329, 12.313229004685878, 12.622704012595717, 37.28995292129549, 46.88333705620113, 10.602707284302287, 6.16615, 6.16615, 6.16615, 6.16615, 6.16615, 6.16615, 6.16615, 6.16615, 6.16615, 6.16615, 6.16615, 6.391321740850303, 6.16615, 6.16615, 6.16615, 19.87056570059061, 45.125735007221785, 54.330163331045924, 60.367651592745844, 86.00894736535864, 93.19632885907549, 29.80111250771366, 56.32284055378691, 60.44749691533434, 77.46922689071059, 72.40400823027902, 61.78585542859496, 50.58842679211397, 56.89960683978696, 58.16687688380332, 55.91504614232634, 61.028417700659666, 62.904479541447834]","[0.007065300131216645, 0.00678419996984303, 0.007008700165897608, 0.007857499876990914, 0.006441399920731783, 0.007252699928358197, 0.006706299958750606, 0.007428299868479371, 0.0059269999619573355, 0.007126699900254607, 0.006746399914845824, 0.006974099902436137, 0.006441999925300479, 0.0061232999432832, 0.006602499866858125, 0.008054499980062246, 0.006132399896159768, 0.010601999936625361, 0.006377400131896138, 0.006127800093963742, 0.008744799997657537, 0.010989899979904294, 0.011575399897992611, 0.006418999982997775, 0.007408000063151121, 0.00879520014859736, 0.006629299838095903, 0.006655900040641427, 0.011095100082457066, 0.007212999975308776, 0.007425399962812662, 0.007339400006458163, 0.009176500141620636, 0.009091199841350317, 0.008648299844935536, 0.008706999942660332, 0.008862200193107128, 0.009876900119706988, 0.011148399906232953, 0.006587299983948469, 0.007829700130969286, 0.007039399817585945, 0.007446999894455075, 0.007071599829941988, 0.00945280003361404, 0.006564999930560589, 0.007008100161328912, 0.008044000016525388]",,,,,,,,,,,,,,,,,policy_baseline,formal/step7_33_policy_baselines_raw.csv,Oracle-H7,1562.8478058209134,-11.59623075597801,experiment_assets\policies\33\sac,legacy_penalized_operating_cost,1381.6163678931812,282.93707069440006,1098.6792971987811,1098.6792971987811,"[1.203622943623231, 2.3887008816897657, 3.564422010007016, 4.733771242003972, 5.902103617076053, 6.16615, 6.16615, 6.16615, 6.16615, 6.16615, 6.16615, 6.16615, 6.16615, 6.16615, 6.16615, 6.16615, 6.16615, 6.16615, 6.16615, 6.16615, 6.16615, 6.16615, 6.16615, 6.16615, 6.16615, 6.16615, 6.16615, 6.16615, 6.16615, 6.16615, 6.16615, 6.16615, 6.16615, 6.16615, 6.16615, 6.16615, 6.16615, 6.16615, 6.16615, 6.16615, 6.16615, 6.16615, 6.16615, 6.16615, 6.16615, 6.16615, 6.16615, 6.16615]","[23.826641889743797, 7.97179482395928, 3.8811151843306053, 5.427280604846861, 5.902103617076053, 12.241508748109508, 12.862158378389479, 11.660427354254436, 11.582300437635281, 11.198898552309329, 12.313229004685878, 12.622704012595717, 37.28995292129549, 46.88333705620113, 10.602707284302287, 6.16615, 6.16615, 6.16615, 6.16615, 6.16615, 6.16615, 6.16615, 6.16615, 6.16615, 6.16615, 6.16615, 6.391321740850303, 6.16615, 6.16615, 6.16615, 19.87056570059061, 45.125735007221785, 54.330163331045924, 60.367651592745844, 86.00894736535864, 93.19632885907549, 29.80111250771366, 56.32284055378691, 60.44749691533434, 77.46922689071059, 72.40400823027902, 61.78585542859496, 50.58842679211397, 56.89960683978696, 58.16687688380332, 55.91504614232634, 61.028417700659666, 62.904479541447834]","[22.623018946120553, 5.583093942269514, 0.31669317432360344, 0.6935093628428888, 0.0, 6.075358748109494, 6.696008378389479, 5.494277354254436, 5.416150437635281, 5.032748552309329, 6.147079004685892, 6.456554012595717, 31.12380292129549, 40.717187056201105, 4.436557284302288, 0.0, 0.0, 0.0, 0.0, 0.0, 0.0, 0.0, 0.0, 0.0, 0.0, 0.0, 0.2251717408503029, 0.0, 0.0, 0.0, 13.704415700590694, 38.95958500722178, 48.164013331045915, 54.20150159274576, 79.84279736535855, 87.03017885907549, 23.63496250771366, 50.15669055378691, 54.28134691533431, 71.30307689071059, 66.23785823027904, 55.61970542859498, 44.422276792114, 50.73345683978696, 52.00072688380332, 49.748896142326366, 54.862267700659665, 56.73832954144783]","[22.623018946120567, 5.583093942269515, 0.31669317432358923, 0.6935093628428888, 0.0, 6.075358748109508, 6.696008378389479, 5.494277354254436, 5.416150437635281, 5.032748552309329, 6.147079004685878, 6.456554012595717, 31.123802921295486, 40.717187056201126, 4.436557284302287, 0.0, 0.0, 0.0, 0.0, 0.0, 0.0, 0.0, 0.0, 0.0, 0.0, 0.0, 0.22517174085030334, 0.0, 0.0, 0.0, 13.70441570059061, 38.95958500722178, 48.16401333104592, 54.20150159274584, 79.84279736535863, 87.03017885907549, 23.63496250771366, 50.15669055378691, 54.28134691533434, 71.30307689071059, 66.23785823027902, 55.619705428594955, 44.42227679211397, 50.73345683978696, 52.00072688380332, 49.74889614232634, 54.862267700659665, 56.73832954144783]","[0.7069693420662673, 0.1744716856959223, 0.009896661697612608, 0.021672167588840274, -0.02646731237734601, 0.18985496087842169, 0.2092502618246712, 0.17169616732045112, 0.16925470117610253, 0.15727339225966652, 0.19209621889643413, 0.20176731289361616, 0.5060780962812275, 0.6620680822146521, 0.07213914283418355, -0.06951545314995844, -0.08175208539567835, -0.027945250376044672, -0.07249530506005986, -0.37620760364506634, -0.2868800468427102, -0.5692521395464096, -0.8207658563083347, -0.7658981937842637, -0.029677187124693027, -0.01331869913289463, 0.002434289090273545, -0.05615960315858004, -0.11847708978773586, -0.059056269259515126, 0.14815584541179128, 0.421184702780776, 0.5206920360113072, 0.5859621793810352, 0.8631653769227952, 0.9408667984764918, 0.3843083334587587, 0.8155559439640148, 0.8826235270786067, 1.1593996242391964, 1.0770383452077894, 0.9043854541234957, 0.7223134437742114, 0.8249342575575116, 0.8455402745333873, 0.8089251405256319, 0.8920693935066613, 0.9225744640885827]","[0.0, 0.0, 0.0, 0.0, 0.0, 0.0, 0.0, 0.0, 0.0, 0.0, 0.0, 0.0, 0.0, 0.0, 0.0, 0.0, 0.0, 0.0, 0.0, 0.027687608875686553, 0.022548321365165824, 0.0624682090251254, 0.08541469523898026, 0.0670263427142912, 0.0, 0.0, 0.0, 0.0, 0.0, 0.0, 0.0, 0.0, 0.0, 0.0, 0.0, 0.0, 0.0, 0.0, 0.0, 0.0, 0.0, 0.0, 0.0, 0.0, 0.0, 0.0, 0.0, 0.0]",5.894522306133335,28.783674331107942,22.889152024974607,22.889152024974607,0.005523857858734359
33,SAC-ICNN,81,test_id,id_actual,not_applicable,0,,1916.1280640124273,,,,0.4057903995271772,0.008453966656816192,0.011701799929141998,0,0,True,,100081,policy,0,48,False,,,,"[60.30427622612316, 43.822657664711016, 39.05454810430253, 38.69162078692375, 19.439181628455643, 21.74749261284869, 10.190229992447255, 14.670914947250408, 15.109510839981253, 13.849224429584723, 17.214449853365224, 14.39794614570094, 66.64494574515375, 54.73517785377658, 17.86150646526562, 8.875985958285991, 6.16615, 6.16615, 6.16615, 6.16615, 6.16615, 6.16615, 6.16615, 6.16615, 6.16615, 6.16615, 6.16615, 6.16615, 6.16615, 6.16615, 29.859122927261666, 57.36366016575409, 66.71529274146978, 72.03345573559811, 96.70504576877238, 103.2221601988202, 36.330350818077775, 76.6731618481373, 70.4205080219739, 88.15667010123327, 82.80689841431116, 71.19376835318039, 59.21709385589966, 71.58844151912241, 95.64395707664987, 89.02302201740734, 102.52913380435874, 103.71055139022283]","[0.007397700101137161, 0.007906100014224648, 0.008608700009062886, 0.007938700029626489, 0.009874900104478002, 0.008959699887782335, 0.008778799790889025, 0.007391500053927302, 0.006622100016102195, 0.007157899904996157, 0.007945700082927942, 0.007084700046107173, 0.009125199867412448, 0.007687099976465106, 0.007256499957293272, 0.008658699924126267, 0.00756649998947978, 0.010666399961337447, 0.008223299868404865, 0.008010700112208724, 0.008144099963828921, 0.01040700008161366, 0.007725500036031008, 0.008469599997624755, 0.010795400012284517, 0.010191099951043725, 0.0065345000475645065, 0.0065160999074578285, 0.006048700073733926, 0.007573199924081564, 0.006540299858897924, 0.008212999906390905, 0.011262600077316165, 0.010232900036498904, 0.011161600006744266, 0.00986470002681017, 0.011220299871638417, 0.011701799929141998, 0.00805819989182055, 0.008028000127524137, 0.00840390007942915, 0.008474899921566248, 0.009170399978756905, 0.009370400104671717, 0.006605600006878376, 0.006128899985924363, 0.007707200013101101, 0.008379600010812283]",,,,,,,,,,,,,,,,,policy_baseline,formal/step7_33_policy_baselines_raw.csv,Oracle-H7,1562.8478058209134,22.604904769082566,experiment_assets\policies\33\sac_icnn,legacy_penalized_operating_cost,1916.1280640124273,283.09596323262576,1633.0321007798016,1633.0321007798016,"[1.1920764144909688, 2.388768871979325, 3.588404019749, 4.788795606612919, 5.993468319793563, 6.16615, 6.16615, 6.16615, 6.16615, 6.16615, 6.16615, 6.16615, 6.16615, 6.16615, 6.16615, 6.16615, 6.16615, 6.16615, 6.16615, 6.16615, 6.16615, 6.16615, 6.16615, 6.16615, 6.16615, 6.16615, 6.16615, 6.16615, 6.16615, 6.16615, 6.16615, 6.16615, 6.16615, 6.16615, 6.16615, 6.16615, 6.16615, 6.16615, 6.16615, 6.16615, 6.16615, 6.16615, 6.16615, 6.16615, 6.16615, 6.16615, 6.16615, 6.16615]","[60.30427622612316, 43.822657664711016, 39.05454810430253, 38.69162078692375, 19.439181628455643, 21.74749261284869, 10.190229992447255, 14.670914947250408, 15.109510839981253, 13.849224429584723, 17.214449853365224, 14.39794614570094, 66.64494574515375, 54.73517785377658, 17.86150646526562, 8.875985958285991, 6.16615, 6.16615, 6.16615, 6.16615, 6.16615, 6.16615, 6.16615, 6.16615, 6.16615, 6.16615, 6.16615, 6.16615, 6.16615, 6.16615, 29.859122927261666, 57.36366016575409, 66.71529274146978, 72.03345573559811, 96.70504576877238, 103.2221601988202, 36.330350818077775, 76.6731618481373, 70.4205080219739, 88.15667010123327, 82.80689841431116, 71.19376835318039, 59.21709385589966, 71.58844151912241, 95.64395707664987, 89.02302201740734, 102.52913380435874, 103.71055139022283]","[59.11219981163217, 41.43388879273169, 35.46614408455355, 33.90282518031083, 13.445713308662079, 15.581342612848673, 4.0240799924472554, 8.504764947250408, 8.943360839981253, 7.683074429584721, 11.048299853365236, 8.23179614570094, 60.478795745153754, 48.56902785377655, 11.695356465265618, 2.70983595828599, 0.0, 0.0, 0.0, 0.0, 0.0, 0.0, 0.0, 0.0, 0.0, 0.0, 0.0, 0.0, 0.0, 0.0, 23.69297292726175, 51.197510165754096, 60.54914274146979, 65.86730573559802, 90.53889576877222, 97.05601019882019, 30.164200818077774, 70.5070118481373, 64.25435802197387, 81.99052010123327, 76.64074841431119, 65.02761835318042, 53.05094385589968, 65.42229151912241, 89.47780707664987, 82.85687201740737, 96.36298380435873, 97.54440139022282]","[59.11219981163219, 41.43388879273169, 35.466144084553534, 33.90282518031083, 13.445713308662079, 15.581342612848688, 4.0240799924472554, 8.504764947250408, 8.943360839981253, 7.683074429584723, 11.048299853365224, 8.23179614570094, 60.47879574515375, 48.569027853776575, 11.69535646526562, 2.709835958285991, 0.0, 0.0, 0.0, 0.0, 0.0, 0.0, 0.0, 0.0, 0.0, 0.0, 0.0, 0.0, 0.0, 0.0, 23.692972927261664, 51.19751016575409, 60.54914274146978, 65.86730573559811, 90.53889576877238, 97.0560101988202, 30.164200818077774, 70.5070118481373, 64.2543580219739, 81.99052010123327, 76.64074841431116, 65.02761835318039, 53.05094385589966, 65.42229151912241, 89.47780707664987, 82.85687201740734, 96.36298380435873, 97.54440139022283]","[1.8472562441135054, 1.2948090247728654, 1.1083170026422984, 1.0594632868847134, 0.42017854089568996, 0.486916956651521, 0.12575249976397673, 0.26577390460157524, 0.27948002624941415, 0.24009607592452253, 0.34525937041766364, 0.2572436295531544, 0.9833950527667277, 0.7897402903053097, 0.19016839780919703, 0.044062373305463254, -0.005447613151338793, -0.2892232928935683, -0.4620272517326458, -0.8304053728880181, -0.7217285044798558, -1.0304364571087095, -1.2864610886152383, -1.2241254366093033, -0.35945872212711105, -0.13183384808904908, -0.2733509248196109, -0.13017588681687808, -0.10095335782814718, -0.011641102962245853, 0.25614024786228917, 0.5534865963865307, 0.6545853269348085, 0.712078980925384, 0.9787988731759159, 1.0492541643115696, 0.4904748100500451, 1.1464554772054845, 1.0447863093003882, 1.3331791886379394, 1.2461910311270112, 1.0573596480191938, 0.8626169732666615, 1.0637770978719092, 1.4549236923032498, 1.3472662116651604, 1.5668777854367273, 1.586087827483298]","[0.0, 0.0, 0.0, 0.0, 0.0, 0.0, 0.0, 0.0, 0.0, 0.0, 0.0, 0.0, 0.0, 0.0, 0.0, 0.0, 0.0, 0.014421456141157085, 0.04243409221850225, 0.1106432212352535, 0.08636933681519499, 0.1398212883345087, 0.17287496721936524, 0.14869620907852377, 0.025989959672104712, 0.020027297686081802, 0.0259140167136096, 0.044568133961545575, 0.07625967828817037, 0.09376640759826915, 0.09140571826397137, 0.04780459717998786, 0.02139176812659538, 0.0006340987329775949, 0.0, 0.0, 0.0015315180397761363, 0.0, 0.0, 0.0, 0.0, 0.0, 0.0, 0.0, 0.0, 0.0, 0.0, 0.0]",5.89783256734637,39.91933466692557,34.0215020995792,34.0215020995792,0.0242615367771999
33,SACLag,81,test_id,id_actual,not_applicable,0,,1389.932110493894,,,,0.37925460119731724,0.00790113752494411,0.011946700047701597,0,0,True,,100081,policy,0,48,False,,,,"[24.4026954595981, 9.533983496498976, 4.18938059276514, 5.349322052911846, 5.952840481243221, 14.736969582709888, 15.20191897969154, 13.082886510601325, 9.925629660424049, 10.277657112560304, 10.855783127439848, 15.028688461549661, 33.88308766397883, 46.00612533154684, 10.127385837671223, 6.16615, 6.16615, 6.16615, 6.16615, 6.16615, 6.16615, 6.16615, 6.16615, 6.16615, 8.080944148250733, 20.616774214088416, 15.255332435410654, 6.16615, 6.16615, 6.16615, 19.11168581110719, 44.16102615946462, 53.294083773696435, 60.084410103901256, 87.11056520037636, 94.49250479940204, 26.46027693091442, 44.52040216265485, 60.22425302319675, 77.15997367028979, 72.07326695733954, 61.52028772410173, 50.3200242238225, 56.47950512649017, 57.69966946976317, 55.610332791846574, 60.57817659998983, 62.530460816596275]","[0.011081499978899956, 0.006788100115954876, 0.006312099983915687, 0.006753500085324049, 0.006717699812725186, 0.0060767000541090965, 0.007516099838539958, 0.008324400056153536, 0.007718600099906325, 0.0069043999537825584, 0.0074714000802487135, 0.0066558001562952995, 0.006357100093737245, 0.0074875999707728624, 0.006547300145030022, 0.006278000073507428, 0.0064489999786019325, 0.008724299957975745, 0.009564300067722797, 0.011946700047701597, 0.006192500004544854, 0.007762999972328544, 0.007045400096103549, 0.00643009995110333, 0.006179500138387084, 0.009007500018924475, 0.010110700037330389, 0.008506400045007467, 0.007689500227570534, 0.006749700056388974, 0.007074899971485138, 0.006447700085118413, 0.007920400006696582, 0.007714199833571911, 0.0076361000537872314, 0.0074205000419169664, 0.01076079998165369, 0.008543099975213408, 0.007833899930119514, 0.008699000114575028, 0.010281400056555867, 0.007204900030046701, 0.007624499965459108, 0.006762400036677718, 0.010777899995446205, 0.009937399998307228, 0.009822600055485964, 0.009443999966606498]",,,,,,,,,,,,,,,,,policy_baseline,formal/step7_33_policy_baselines_raw.csv,Oracle-H7,1562.8478058209134,-11.064141670288388,experiment_assets\policies\33\saclag,legacy_penalized_operating_cost,1389.932110493894,283.0000927922266,1106.9320177016673,1106.9320177016675,"[1.2034783740089179, 2.3787352724689432, 3.5618104012706415, 4.758778263234904, 5.952840481243221, 6.16615, 6.16615, 6.16615, 6.16615, 6.16615, 6.16615, 6.16615, 6.16615, 6.16615, 6.16615, 6.16615, 6.16615, 6.16615, 6.16615, 6.16615, 6.16615, 6.16615, 6.16615, 6.16615, 6.16615, 6.16615, 6.16615, 6.16615, 6.16615, 6.16615, 6.16615, 6.16615, 6.16615, 6.16615, 6.16615, 6.16615, 6.16615, 6.16615, 6.16615, 6.16615, 6.16615, 6.16615, 6.16615, 6.16615, 6.16615, 6.16615, 6.16615, 6.16615]","[24.4026954595981, 9.533983496498976, 4.18938059276514, 5.349322052911846, 5.952840481243221, 14.736969582709888, 15.20191897969154, 13.082886510601325, 9.925629660424049, 10.277657112560304, 10.855783127439848, 15.028688461549661, 33.88308766397883, 46.00612533154684, 10.127385837671223, 6.16615, 6.16615, 6.16615, 6.16615, 6.16615, 6.16615, 6.16615, 6.16615, 6.16615, 8.080944148250733, 20.616774214088416, 15.255332435410654, 6.16615, 6.16615, 6.16615, 19.11168581110719, 44.16102615946462, 53.294083773696435, 60.084410103901256, 87.11056520037636, 94.49250479940204, 26.46027693091442, 44.52040216265485, 60.22425302319675, 77.15997367028979, 72.07326695733954, 61.52028772410173, 50.3200242238225, 56.47950512649017, 57.69966946976317, 55.610332791846574, 60.57817659998983, 62.530460816596275]","[23.19921708558917, 7.155248224030032, 0.6275701914945131, 0.5905437896769428, 0.0, 8.570819582709873, 9.03576897969154, 6.916736510601325, 3.7594796604240486, 4.111507112560304, 4.689633127439862, 8.862538461549661, 27.716937663978825, 39.83997533154681, 3.9612358376712233, 0.0, 0.0, 0.0, 0.0, 0.0, 0.0, 0.0, 0.0, 0.0, 1.9147941482506514, 14.450624214088418, 9.089182435410654, 0.0, 0.0, 0.0, 12.945535811107272, 37.99487615946462, 47.12793377369643, 53.91826010390116, 80.94441520037628, 88.32635479940204, 20.294126930914423, 38.354252162654845, 54.05810302319672, 70.99382367028979, 65.90711695733957, 55.35413772410175, 44.15387422382253, 50.313355126490166, 51.533519469763164, 49.44418279184659, 54.41202659998983, 56.36431081659628]","[23.199217085589183, 7.155248224030033, 0.6275701914944984, 0.5905437896769428, 0.0, 8.570819582709888, 9.03576897969154, 6.916736510601325, 3.7594796604240486, 4.111507112560304, 4.689633127439848, 8.862538461549661, 27.716937663978825, 39.83997533154684, 3.9612358376712233, 0.0, 0.0, 0.0, 0.0, 0.0, 0.0, 0.0, 0.0, 0.0, 1.9147941482507331, 14.450624214088416, 9.089182435410654, 0.0, 0.0, 0.0, 12.94553581110719, 37.99487615946462, 47.127933773696434, 53.918260103901254, 80.94441520037635, 88.32635479940204, 20.294126930914423, 38.354252162654845, 54.05810302319675, 70.99382367028979, 65.90711695733954, 55.354137724101726, 44.1538742238225, 50.313355126490166, 51.53351946976317, 49.44418279184657, 54.41202659998983, 56.36431081659627]","[0.7249755339246615, 0.2236015070009385, 0.019611568484203534, 0.01845449342740446, -0.12373253423097585, 0.26783811195968354, 0.2823677806153606, 0.2161480159562914, 0.11748373938825152, 0.1284845972675095, 0.14655103523249569, 0.2769543269234269, 0.45068191323542806, 0.6478044769357205, 0.06441033882392233, -0.07333835441378467, -0.11921954208124808, -0.14230470539139084, -0.08800783799097456, -0.386251819117887, -0.28430741268285065, -0.5521169670447006, -0.7815977325937347, -0.7253667214017683, 0.02070047727838542, 0.15622296447663153, 0.09826143173416924, -0.03887582944053403, -0.09491029816460905, -0.07219965566820008, 0.139951738498457, 0.410755417940158, 0.5094911759318532, 0.5829001092313639, 0.8750747589229868, 0.9548795113448869, 0.3299858037547061, 0.6236463766285341, 0.8789935450926296, 1.1543711165900779, 1.0716604383307247, 0.9000672800666951, 0.717949174371098, 0.818103335390084, 0.8379434060124091, 0.8039704518999446, 0.8847483999998347, 0.9164928588064436]","[0.0, 0.0, 0.0, 0.0, 0.0, 0.0, 0.0, 0.0, 0.0, 0.0, 0.0, 0.0, 0.0, 0.0, 0.0, 0.0, 0.0, 0.0, 0.0, 0.0, 0.0, 0.0, 0.0, 0.0, 0.0, 0.0, 0.0, 0.0, 0.0, 0.0, 0.0, 0.0, 0.0, 0.0, 0.0, 0.0, 0.0, 0.0, 0.0, 0.0, 0.0, 0.0, 0.0, 0.0, 0.0, 0.0, 0.0, 0.0]",5.895835266504721,28.95691896862279,23.06108370211807,23.061083702118072,0.0
33,SAC,82,test_id,id_actual,not_applicable,0,,1375.6543519812353,,,,0.3696176998782903,0.007700368747464381,0.012940499931573868,0,0,True,,100082,policy,0,48,False,,,,"[22.07089501075863, 5.309211066262421, 5.182555846013042, 4.731704398949618, 5.895490997072653, 8.001161450054708, 10.73564352899315, 12.399897210659814, 15.363294467677505, 15.151131349981494, 13.341445529560641, 9.411646039923907, 34.65536460085459, 41.29795328481643, 33.423598702531166, 8.543242776855307, 6.16615, 6.16615, 6.16615, 6.16615, 6.16615, 6.16615, 6.16615, 6.16615, 6.16615, 6.16615, 6.602656230849341, 11.558768063657308, 6.16615, 6.16615, 6.16615, 35.60076049562833, 47.67435180881281, 61.692666426185724, 94.19719892416185, 87.18908045596432, 30.279006633236627, 64.88243683988794, 63.431601134745854, 61.06241505899595, 62.933556190677024, 59.14006232014364, 53.0972924743221, 55.326071890895555, 64.58838398384813, 59.58365578967963, 69.57232521602627, 61.56787578255181]","[0.00910800020210445, 0.00984550011344254, 0.006904600188136101, 0.006616800092160702, 0.007630499778315425, 0.008685299893841147, 0.007180999964475632, 0.006982599850744009, 0.006438900018110871, 0.007721400121226907, 0.0068715999368578196, 0.006798499962314963, 0.0064194998703897, 0.007103100186213851, 0.006634499877691269, 0.006545600015670061, 0.00755749992094934, 0.007273399969562888, 0.006663799984380603, 0.007919600000604987, 0.011967400088906288, 0.007117499830201268, 0.006468599895015359, 0.007144799921661615, 0.007374099921435118, 0.01017239992506802, 0.011826400179415941, 0.008223900105804205, 0.012940499931573868, 0.008163300110027194, 0.006281699985265732, 0.00719780009239912, 0.00716319982893765, 0.006434699986129999, 0.007264700019732118, 0.010351100005209446, 0.0072333000134676695, 0.00708540016785264, 0.0071588000282645226, 0.0066142999567091465, 0.0075397000182420015, 0.007076999871060252, 0.007224400062114, 0.007621600059792399, 0.007193499943241477, 0.00781690003350377, 0.006881499895825982, 0.007177500054240227]",,,,,,,,,,,,,,,,,policy_baseline,formal/step7_33_policy_baselines_raw.csv,Oracle-H7,1517.4331183550316,-9.343328853102344,experiment_assets\policies\33\sac,legacy_penalized_operating_cost,1375.6543519812353,282.94858311648477,1092.7057688647506,1092.7057688647506,"[1.2085220683388607, 2.3958907277965555, 3.572524924327094, 4.731704398949618, 5.895490997072653, 6.16615, 6.16615, 6.16615, 6.16615, 6.16615, 6.16615, 6.16615, 6.16615, 6.16615, 6.16615, 6.16615, 6.16615, 6.16615, 6.16615, 6.16615, 6.16615, 6.16615, 6.16615, 6.16615, 6.16615, 6.16615, 6.16615, 6.16615, 6.16615, 6.16615, 6.16615, 6.16615, 6.16615, 6.16615, 6.16615, 6.16615, 6.16615, 6.16615, 6.16615, 6.16615, 6.16615, 6.16615, 6.16615, 6.16615, 6.16615, 6.16615, 6.16615, 6.16615]","[22.07089501075863, 5.309211066262421, 5.182555846013042, 4.731704398949618, 5.895490997072653, 8.001161450054708, 10.73564352899315, 12.399897210659814, 15.363294467677505, 15.151131349981494, 13.341445529560641, 9.411646039923907, 34.65536460085459, 41.29795328481643, 33.423598702531166, 8.543242776855307, 6.16615, 6.16615, 6.16615, 6.16615, 6.16615, 6.16615, 6.16615, 6.16615, 6.16615, 6.16615, 6.602656230849341, 11.558768063657308, 6.16615, 6.16615, 6.16615, 35.60076049562833, 47.67435180881281, 61.692666426185724, 94.19719892416185, 87.18908045596432, 30.279006633236627, 64.88243683988794, 63.431601134745854, 61.06241505899595, 62.933556190677024, 59.14006232014364, 53.0972924743221, 55.326071890895555, 64.58838398384813, 59.58365578967963, 69.57232521602627, 61.56787578255181]","[20.862372942419768, 2.9133203384658657, 1.6100309216859472, 0.0, 0.0, 1.835011450054708, 4.5694935289931635, 6.2337472106598, 9.197144467677504, 8.984981349981496, 7.175295529560643, 3.245496039923907, 28.489214600854588, 35.13180328481643, 27.257448702531164, 2.377092776855307, 0.0, 0.0, 0.0, 0.0, 0.0, 0.0, 0.0, 0.0, 0.0, 0.0, 0.4365062308493406, 5.3926180636573084, 0.0, 0.0, 0.0, 29.434610495628327, 41.508201808812885, 55.52651642618572, 88.03104892416185, 81.02293045596431, 24.112856633236653, 58.71628683988789, 57.265451134745845, 54.89626505899596, 56.767406190677015, 52.97391232014363, 46.9311424743221, 49.15992189089558, 58.42223398384814, 53.41750578967964, 63.4061752160263, 55.4017257825518]","[20.862372942419768, 2.9133203384658652, 1.6100309216859476, 0.0, 0.0, 1.835011450054708, 4.569493528993149, 6.233747210659814, 9.197144467677505, 8.984981349981494, 7.175295529560641, 3.245496039923907, 28.489214600854588, 35.13180328481643, 27.257448702531164, 2.3770927768553065, 0.0, 0.0, 0.0, 0.0, 0.0, 0.0, 0.0, 0.0, 0.0, 0.0, 0.43650623084934104, 5.392618063657308, 0.0, 0.0, 0.0, 29.434610495628327, 41.50820180881281, 55.52651642618572, 88.03104892416185, 81.02293045596431, 24.112856633236625, 58.71628683988794, 57.26545113474585, 54.89626505899595, 56.76740619067702, 52.97391232014364, 46.9311424743221, 49.15992189089555, 58.42223398384813, 53.41750578967963, 63.40617521602627, 55.40172578255181]","[0.6519491544506177, 0.0910412605770583, 0.05031346630268585, -0.07699823484186963, -0.04220523420132816, 0.05734410781420962, 0.14279667278103636, 0.19480460033311875, 0.287410764614922, 0.28078066718692174, 0.22422798529877008, 0.1014217512476221, 0.4632392618025136, 0.5712488338994541, 0.4432105480086368, 0.038651915070818, -0.09427822468869129, -0.018173319335430538, -0.009723573263984875, -0.03787714225765537, -0.3997524315006009, -0.661842624583826, -1.022404087777538, -0.8611056237968433, -0.09652973123513409, -0.04678468076368336, 0.004718986279452331, 0.05829857366116009, -0.10436699308358577, -0.11377528924021885, -0.008559628926160023, 0.3182120053581441, 0.4487373168520312, 0.6002866640668727, 0.9516870153963444, 0.8759235724969114, 0.39207896964612443, 0.954736371380291, 0.9311455469064365, 0.892622196081235, 0.9230472551329596, 0.8613644279698152, 0.7631080077125545, 0.7993483234291965, 0.949955024127612, 0.86857732991349, 1.0309947189597772, 0.9008410696349887]","[0.0, 0.0, 0.0, 0.0, 0.0, 0.0, 0.0, 0.0, 0.0, 0.0, 0.0, 0.0, 0.0, 0.0, 0.0, 0.0, 0.0, 0.0, 0.0, 0.0, 0.039741527190391146, 0.08155850083755212, 0.08965927919870809, 0.07969288659221907, 0.0, 0.0, 0.0, 0.0, 0.0, 0.0, 0.0, 0.0, 0.0, 0.0, 0.0, 0.0, 0.0, 0.0, 0.0, 0.0, 0.0, 0.0, 0.0, 0.0, 0.0, 0.0, 0.0, 0.0]",5.894762148260099,28.659465666275736,22.764703518015637,22.764703518015637,0.0060552540378931334
33,SAC-ICNN,82,test_id,id_actual,not_applicable,0,,1891.4832132143843,,,,0.4012593000661582,0.008359568751378296,0.013700100127607584,0,0,True,,100082,policy,0,48,False,,,,"[58.02899770465716, 40.900665170209656, 40.498598779983105, 32.26331723703983, 18.123498018305902, 16.26299505289616, 13.72050139495242, 19.896204152926742, 16.768015396943554, 15.345558361639092, 16.00540532803707, 10.149475415949537, 69.77394700996891, 48.99412187980864, 40.861042462249046, 15.763053667217733, 6.855729830298552, 8.950021367674527, 6.16615, 6.16615, 6.16615, 6.16615, 6.16615, 6.16615, 6.16615, 6.16615, 6.16615, 6.523604076891424, 6.16615, 6.16615, 11.935978053453898, 47.41399792132297, 59.991435432578434, 72.77989204714403, 105.66505841217531, 96.40076744189656, 27.62672730679897, 68.54386675039416, 73.45471908170066, 70.93846576362364, 72.82365068283893, 68.37952160772969, 61.53523954221979, 86.8335011564401, 102.69859711901978, 91.35238251427249, 106.42708645725514, 103.16992361587056]","[0.00656210002489388, 0.01359339989721775, 0.007958400063216686, 0.007085300050675869, 0.008846200071275234, 0.013376800110563636, 0.013700100127607584, 0.013517200015485287, 0.00936110015027225, 0.009120299946516752, 0.006658399943262339, 0.007507700007408857, 0.008336800150573254, 0.007635300047695637, 0.009500600164756179, 0.006543800001963973, 0.008393599884584546, 0.0074454001151025295, 0.00941270007751882, 0.007409499958157539, 0.006480999989435077, 0.007025999948382378, 0.00695910002104938, 0.011778700165450573, 0.009503300068899989, 0.006524499971419573, 0.007607299834489822, 0.006706200074404478, 0.007411199854686856, 0.006621799897402525, 0.009836399927735329, 0.009734399849548936, 0.007016099989414215, 0.0074667998123914, 0.009888399858027697, 0.008500600000843406, 0.011752299964427948, 0.006277600070461631, 0.006565200164914131, 0.007522200001403689, 0.00690259994007647, 0.008739300072193146, 0.008866299875080585, 0.00670109991915524, 0.006766099948436022, 0.006648599868640304, 0.0062379001174122095, 0.007253600051626563]",,,,,,,,,,,,,,,,,policy_baseline,formal/step7_33_policy_baselines_raw.csv,Oracle-H7,1517.4331183550316,24.65018657724041,experiment_assets\policies\33\sac_icnn,legacy_penalized_operating_cost,1891.4832132143843,283.10402839654296,1608.3791848178412,1608.3791848178412,"[1.1919505868349356, 2.389303606429, 3.5897393767076973, 4.792139398141716, 5.996445428429588, 6.16615, 6.16615, 6.16615, 6.16615, 6.16615, 6.16615, 6.16615, 6.16615, 6.16615, 6.16615, 6.16615, 6.16615, 6.16615, 6.16615, 6.16615, 6.16615, 6.16615, 6.16615, 6.16615, 6.16615, 6.16615, 6.16615, 6.16615, 6.16615, 6.16615, 6.16615, 6.16615, 6.16615, 6.16615, 6.16615, 6.16615, 6.16615, 6.16615, 6.16615, 6.16615, 6.16615, 6.16615, 6.16615, 6.16615, 6.16615, 6.16615, 6.16615, 6.16615]","[58.02899770465716, 40.900665170209656, 40.498598779983105, 32.26331723703983, 18.123498018305902, 16.26299505289616, 13.72050139495242, 19.896204152926742, 16.768015396943554, 15.345558361639092, 16.00540532803707, 10.149475415949537, 69.77394700996891, 48.99412187980864, 40.861042462249046, 15.763053667217733, 6.855729830298552, 8.950021367674527, 6.16615, 6.16615, 6.16615, 6.16615, 6.16615, 6.16615, 6.16615, 6.16615, 6.16615, 6.523604076891424, 6.16615, 6.16615, 11.935978053453898, 47.41399792132297, 59.991435432578434, 72.77989204714403, 105.66505841217531, 96.40076744189656, 27.62672730679897, 68.54386675039416, 73.45471908170066, 70.93846576362364, 72.82365068283893, 68.37952160772969, 61.53523954221979, 86.8335011564401, 102.69859711901978, 91.35238251427249, 106.42708645725514, 103.16992361587056]","[56.83704711782222, 38.51136156378065, 36.90885940327541, 27.471177838898114, 12.127052589876314, 10.096845052896157, 7.554351394952434, 13.730054152926726, 10.601865396943552, 9.17940836163909, 9.83925532803707, 3.983325415949537, 63.60779700996891, 42.827971879808636, 34.694892462249044, 9.596903667217733, 0.6895798302985523, 2.783871367674554, 0.0, 0.0, 0.0, 0.0, 0.0, 0.0, 0.0, 0.0, 0.0, 0.3574540768914236, 0.0, 0.0, 5.769828053453816, 41.247847921322965, 53.82528543257852, 66.61374204714403, 99.4989084121753, 90.23461744189656, 21.460577306798992, 62.37771675039411, 67.28856908170066, 64.77231576362364, 66.65750068283893, 62.21337160772969, 55.36908954221979, 80.66735115644012, 96.53244711901979, 85.18623251427249, 100.26093645725517, 97.00377361587057]","[56.83704711782222, 38.51136156378065, 36.90885940327541, 27.471177838898114, 12.127052589876314, 10.096845052896159, 7.55435139495242, 13.730054152926742, 10.601865396943554, 9.179408361639092, 9.839255328037071, 3.983325415949537, 63.607797009968905, 42.827971879808636, 34.694892462249044, 9.596903667217733, 0.6895798302985519, 2.783871367674527, 0.0, 0.0, 0.0, 0.0, 0.0, 0.0, 0.0, 0.0, 0.0, 0.3574540768914236, 0.0, 0.0, 5.769828053453898, 41.247847921322965, 53.82528543257843, 66.61374204714403, 99.49890841217531, 90.23461744189656, 21.460577306798967, 62.37771675039416, 67.28856908170066, 64.77231576362364, 66.65750068283893, 62.213371607729684, 55.36908954221979, 80.66735115644009, 96.53244711901978, 85.18623251427249, 100.26093645725514, 97.00377361587056]","[1.7761577224319445, 1.2034800488681454, 1.1534018563523565, 0.8584743074655661, 0.3789703934336348, 0.3155264079030049, 0.23607348109226356, 0.4290641922789602, 0.331308293654486, 0.2868565113012216, 0.3074767290011584, 0.12447891924842303, 1.0342731221133157, 0.6963897866635551, 0.5641445928820983, 0.15604721410110134, 0.011212680167456135, 0.04526620110039925, -0.3586676215179483, -0.4169331512877963, -0.851641657126851, -1.1271708265862794, -1.4817267421057445, -1.3224708999969463, -0.4620396120731174, -0.38746469563187524, -0.10716811739979448, 0.003864368398826201, -0.0077528071326309345, -0.03527514122461728, 0.06237651949679801, 0.4459226802305185, 0.5818949776494975, 0.7201485626718274, 1.0756638747262195, 0.975509377750233, 0.34895247653331696, 1.014271817079579, 1.0941230744991977, 1.0532083864003843, 1.083861799720958, 1.0115995383370682, 0.9003103990604844, 1.3116642464461807, 1.5696332864881266, 1.3851419921019916, 1.630259129386263, 1.5772971319653752]","[0.0, 0.0, 0.0, 0.0, 0.0, 0.0, 0.0, 0.0, 0.0, 0.0, 0.0, 0.0, 0.0, 0.0, 0.0, 0.0, 0.0, 0.0, 0.027933317669853963, 0.04084376651377375, 0.1094147528230689, 0.15834167871742988, 0.18196469778685875, 0.1671404158612837, 0.03154417263182152, 0.024244024891505234, 0.02302822785219316, 0.019361137597468048, 0.07683160847349413, 0.09271218662739189, 0.10335541421267802, 0.04570300720540099, 0.02094770194430584, 0.0, 0.0, 0.0, 0.004761570647534352, 0.0, 0.0, 0.0, 0.0, 0.0, 0.0, 0.0, 0.0, 0.0, 0.0, 0.0]",5.898000591594645,39.40590027529967,33.50789968370503,33.50789968370503,0.02350266003033463
33,SACLag,82,test_id,id_actual,not_applicable,0,,1381.072175430667,,,,0.3612588008400053,0.00752622501750011,0.01135660009458661,0,0,True,,100082,policy,0,48,False,,,,"[22.335785251762143, 6.198288549034226, 5.516314123975361, 4.758946904379623, 5.955156935445756, 13.258533272118726, 11.792319400154296, 13.100238222580613, 15.830871515627845, 15.505463408141933, 11.393604012778097, 8.562266563222193, 33.354754218407024, 40.36035324450582, 32.83370451189634, 8.213730863106893, 6.16615, 6.16615, 6.16615, 6.16615, 6.16615, 6.16615, 6.16615, 6.16615, 6.16615, 6.583745091042894, 19.84149881526926, 23.204128597528687, 6.16615, 6.16615, 6.16615, 34.61471424017918, 46.84293616308217, 61.873903560455965, 94.77082321858674, 88.2954686182671, 18.457525856761357, 56.7001551298829, 63.14950944376891, 60.82802018418341, 62.61189354866071, 58.95550875068123, 52.60182588280493, 54.79047876791863, 64.26552067928836, 59.177362233856435, 69.33371670019692, 61.20930895111418]","[0.00876370002515614, 0.006876900093629956, 0.006558499997481704, 0.00644179992377758, 0.0066633999813348055, 0.006569000193849206, 0.00693880021572113, 0.007445999886840582, 0.01135660009458661, 0.006171600194647908, 0.006201700074598193, 0.006752500077709556, 0.008432499831542373, 0.009625300066545606, 0.007649200037121773, 0.010162799851968884, 0.00919030001387, 0.0063634999096393585, 0.006397200049832463, 0.006851100130006671, 0.008135799784213305, 0.006515400018543005, 0.007281000027433038, 0.006436499999836087, 0.0066114000510424376, 0.006690700072795153, 0.010474300011992455, 0.0070974999107420444, 0.0065709000919014215, 0.010839099995791912, 0.007195000071078539, 0.006602399982511997, 0.006596899824216962, 0.006513700122013688, 0.007124600000679493, 0.007409099955111742, 0.007973400177434087, 0.007555800024420023, 0.008340199943631887, 0.007879499811679125, 0.00879790005274117, 0.009135900065302849, 0.0074928998947143555, 0.00728390016593039, 0.006295399973168969, 0.006631300086155534, 0.007485700072720647, 0.0068802000023424625]",,,,,,,,,,,,,,,,,policy_baseline,formal/step7_33_policy_baselines_raw.csv,Oracle-H7,1517.4331183550316,-8.986290155060434,experiment_assets\policies\33\saclag,legacy_penalized_operating_cost,1381.072175430667,282.99820050744756,1098.0739749232193,1098.0739749232193,"[1.201453223586986, 2.3772036176678824, 3.560989826367288, 4.758946904379623, 5.955156935445756, 6.16615, 6.16615, 6.16615, 6.16615, 6.16615, 6.16615, 6.16615, 6.16615, 6.16615, 6.16615, 6.16615, 6.16615, 6.16615, 6.16615, 6.16615, 6.16615, 6.16615, 6.16615, 6.16615, 6.16615, 6.16615, 6.16615, 6.16615, 6.16615, 6.16615, 6.16615, 6.16615, 6.16615, 6.16615, 6.16615, 6.16615, 6.16615, 6.16615, 6.16615, 6.16615, 6.16615, 6.16615, 6.16615, 6.16615, 6.16615, 6.16615, 6.16615, 6.16615]","[22.335785251762143, 6.198288549034226, 5.516314123975361, 4.758946904379623, 5.955156935445756, 13.258533272118726, 11.792319400154296, 13.100238222580613, 15.830871515627845, 15.505463408141933, 11.393604012778097, 8.562266563222193, 33.354754218407024, 40.36035324450582, 32.83370451189634, 8.213730863106893, 6.16615, 6.16615, 6.16615, 6.16615, 6.16615, 6.16615, 6.16615, 6.16615, 6.16615, 6.583745091042894, 19.84149881526926, 23.204128597528687, 6.16615, 6.16615, 6.16615, 34.61471424017918, 46.84293616308217, 61.873903560455965, 94.77082321858674, 88.2954686182671, 18.457525856761357, 56.7001551298829, 63.14950944376891, 60.82802018418341, 62.61189354866071, 58.95550875068123, 52.60182588280493, 54.79047876791863, 64.26552067928836, 59.177362233856435, 69.33371670019692, 61.20930895111418]","[21.13433202817516, 3.821084931366343, 1.9553242976080725, 0.0, 0.0, 7.092383272118724, 5.6261694001543106, 6.934088222580598, 9.664721515627846, 9.339313408141933, 5.227454012778097, 2.3961165632221935, 27.188604218407026, 34.19420324450582, 26.66755451189634, 2.047580863106892, 0.0, 0.0, 0.0, 0.0, 0.0, 0.0, 0.0, 0.0, 0.0, 0.4175950910428927, 13.675348815269263, 17.03797859752869, 0.0, 0.0, 0.0, 28.44856424017918, 40.67678616308225, 55.70775356045596, 88.60467321858674, 82.12931861826709, 12.291375856761386, 50.53400512988284, 56.98335944376891, 54.6618701841834, 56.44574354866071, 52.789358750681224, 46.43567588280493, 48.624328767918655, 58.09937067928836, 53.01121223385643, 63.16756670019694, 55.04315895111419]","[21.13433202817516, 3.8210849313663435, 1.955324297608073, 0.0, 0.0, 7.092383272118726, 5.626169400154296, 6.934088222580613, 9.664721515627845, 9.339313408141933, 5.227454012778097, 2.3961165632221935, 27.188604218407022, 34.19420324450582, 26.66755451189634, 2.0475808631068926, 0.0, 0.0, 0.0, 0.0, 0.0, 0.0, 0.0, 0.0, 0.0, 0.4175950910428936, 13.675348815269261, 17.037978597528685, 0.0, 0.0, 0.0, 28.44856424017918, 40.67678616308217, 55.70775356045596, 88.60467321858674, 82.12931861826709, 12.291375856761357, 50.5340051298829, 56.98335944376891, 54.66187018418341, 56.44574354866071, 52.78935875068123, 46.43567588280493, 48.62432876791863, 58.099370679288356, 53.01121223385643, 63.167566700196915, 55.04315895111418]","[0.6604478758804737, 0.11940890410519822, 0.061103884300252265, -0.13550877960149554, -0.13221073422709084, 0.22163697725371012, 0.1758177937548222, 0.2166902569556437, 0.3020225473633702, 0.2918535440044354, 0.16335793789931552, 0.07487864260069355, 0.44209112550255325, 0.5560033047887125, 0.43361877255116, 0.03329399777409581, -0.10259489004795741, -0.06521827672604497, -0.04549128578578587, -0.03859818900968648, -0.40117219519078784, -0.6440982717394421, -0.9822263188324429, -0.8226319168265017, -0.06456412260785349, 0.004514541524788029, 0.14784160881372177, 0.18419436321652638, -0.11226353331939887, -0.12238309490711163, -0.02541897219581024, 0.3075520458397749, 0.4397490396008892, 0.6022459844373618, 0.9578883591198566, 0.8878845256028876, 0.19985977002864042, 0.8216911403232983, 0.926558690142584, 0.8888108973037951, 0.9178169682709059, 0.8583635569216459, 0.7550516403708118, 0.7906394921612789, 0.9447052142973718, 0.861970930631812, 1.0271149056942592, 0.8950107146522632]","[0.0, 0.0, 0.0, 0.0, 0.0, 0.0, 0.0, 0.0, 0.0, 0.0, 0.0, 0.0, 0.0, 0.0, 0.0, 0.0, 0.0, 0.0, 0.0, 0.0, 0.0, 0.0, 0.0, 0.0, 0.0, 0.0, 0.0, 0.0, 0.0, 0.0, 0.0, 0.0, 0.0, 0.0, 0.0, 0.0, 0.0, 0.0, 0.0, 0.0, 0.0, 0.0, 0.0, 0.0, 0.0, 0.0, 0.0, 0.0]",5.895795843905158,28.772336988138893,22.876541144233737,22.876541144233737,0.0
33,SAC,83,test_id,id_actual,not_applicable,0,,1405.6270997826084,,,,0.38321539876051247,0.00798365414084401,0.014393799938261509,0,0,True,,100083,policy,0,48,False,,,,"[17.89464020938576, 10.079154501400645, 5.76283574875941, 4.733241353849667, 5.903355871639628, 9.318694637703542, 9.05440750636687, 13.444807766644344, 13.35745894660941, 10.836522522011547, 8.342145227502895, 7.566353052193675, 41.311605616478325, 41.35250659569394, 16.213145769956725, 18.681692447529294, 6.16615, 6.819105954803996, 6.16615, 6.16615, 6.16615, 6.16615, 6.16615, 6.16615, 6.16615, 6.16615, 7.864580408703581, 9.405113359523328, 6.16615, 7.907913930380753, 21.461632693596265, 44.38832461674153, 69.0261968268271, 72.84129288744923, 101.45380729571718, 89.28010764590029, 25.321792201638686, 30.78382407898315, 59.972677177147425, 63.474035049951226, 57.58612310601507, 63.28916942720827, 65.04232698102801, 67.69526942794663, 63.88460921207664, 62.59960019979097, 60.09341512035691, 59.92211440709648]","[0.007190299918875098, 0.007242000196129084, 0.0066170000936836, 0.009448400000110269, 0.006644600071012974, 0.006618199869990349, 0.006322199944406748, 0.008816099958494306, 0.008134800009429455, 0.007286200067028403, 0.007924700155854225, 0.008365599904209375, 0.009946800069883466, 0.0067980000749230385, 0.006701999809592962, 0.008489100029692054, 0.006450499873608351, 0.009344599908217788, 0.014393799938261509, 0.00828199996612966, 0.0064662001095712185, 0.010373200057074428, 0.013099799863994122, 0.009016499854624271, 0.00715920003131032, 0.006312499986961484, 0.006999799981713295, 0.00803729984909296, 0.006849899888038635, 0.007458699867129326, 0.007012499962002039, 0.007440099958330393, 0.008052699966356158, 0.007334499852731824, 0.007330300053581595, 0.00880629988387227, 0.007752399891614914, 0.006794899934902787, 0.009215200087055564, 0.009199599968269467, 0.006956299999728799, 0.00947179994545877, 0.01050149998627603, 0.006451300112530589, 0.006192999891936779, 0.006159599870443344, 0.006659999955445528, 0.009093400090932846]",,,,,,,,,,,,,,,,,policy_baseline,formal/step7_33_policy_baselines_raw.csv,Oracle-H7,1603.1980159143943,-12.323550439220076,experiment_assets\policies\33\sac,legacy_penalized_operating_cost,1405.6270997826084,282.959697859643,1122.6674019229654,1122.6674019229654,"[1.2095263387469164, 2.400568830037294, 3.568555465369424, 4.733241353849667, 5.903355871639628, 6.16615, 6.16615, 6.16615, 6.16615, 6.16615, 6.16615, 6.16615, 6.16615, 6.16615, 6.16615, 6.16615, 6.16615, 6.16615, 6.16615, 6.16615, 6.16615, 6.16615, 6.16615, 6.16615, 6.16615, 6.16615, 6.16615, 6.16615, 6.16615, 6.16615, 6.16615, 6.16615, 6.16615, 6.16615, 6.16615, 6.16615, 6.16615, 6.16615, 6.16615, 6.16615, 6.16615, 6.16615, 6.16615, 6.16615, 6.16615, 6.16615, 6.16615, 6.16615]","[17.89464020938576, 10.079154501400645, 5.76283574875941, 4.733241353849667, 5.903355871639628, 9.318694637703542, 9.05440750636687, 13.444807766644344, 13.35745894660941, 10.836522522011547, 8.342145227502895, 7.566353052193675, 41.311605616478325, 41.35250659569394, 16.213145769956725, 18.681692447529294, 6.16615, 6.819105954803996, 6.16615, 6.16615, 6.16615, 6.16615, 6.16615, 6.16615, 6.16615, 6.16615, 7.864580408703581, 9.405113359523328, 6.16615, 7.907913930380753, 21.461632693596265, 44.38832461674153, 69.0261968268271, 72.84129288744923, 101.45380729571718, 89.28010764590029, 25.321792201638686, 30.78382407898315, 59.972677177147425, 63.474035049951226, 57.58612310601507, 63.28916942720827, 65.04232698102801, 67.69526942794663, 63.88460921207664, 62.59960019979097, 60.09341512035691, 59.92211440709648]","[16.685113870638844, 7.6785856713633365, 2.194280283389972, 0.0, 0.0, 3.152544637703542, 2.8882575063668554, 7.278657766644329, 7.191308946609411, 4.670372522011547, 2.175995227502895, 1.4002030521936746, 35.14545561647832, 35.18635659569394, 10.046995769956752, 12.515542447529318, 0.0, 0.6529559548039963, 0.0, 0.0, 0.0, 0.0, 0.0, 0.0, 0.0, 0.0, 1.6984304087035818, 3.238963359523246, 0.0, 1.741763930380753, 15.295482693596265, 38.222174616741526, 62.86004682682711, 66.67514288744923, 95.28765729571717, 83.11395764590029, 19.155642201638685, 24.61767407898315, 53.80652717714743, 57.307885049951224, 51.4199731060151, 57.12301942720827, 58.876176981028046, 61.529119427946604, 57.71845921207664, 56.433450199790975, 53.92726512035691, 53.75596440709648]","[16.685113870638844, 7.678585671363351, 2.194280283389986, 0.0, 0.0, 3.152544637703542, 2.8882575063668696, 7.2786577666443435, 7.191308946609411, 4.670372522011547, 2.175995227502895, 1.4002030521936746, 35.14545561647832, 35.18635659569394, 10.046995769956725, 12.515542447529294, 0.0, 0.6529559548039963, 0.0, 0.0, 0.0, 0.0, 0.0, 0.0, 0.0, 0.0, 1.6984304087035813, 3.2389633595233285, 0.0, 1.7417639303807526, 15.295482693596265, 38.222174616741526, 62.8600468268271, 66.67514288744923, 95.28765729571718, 83.11395764590029, 19.155642201638685, 24.61767407898315, 53.80652717714742, 57.307885049951224, 51.41997310601507, 57.12301942720827, 58.87617698102801, 61.529119427946625, 57.71845921207664, 56.43345019979097, 53.92726512035691, 53.75596440709648]","[0.5214098084574639, 0.23995580223010426, 0.06857125885593662, -0.025031577985318076, -3.11459559707572e-05, 0.0985170199282357, 0.09025804707396423, 0.2274580552076353, 0.22472840458154408, 0.14594914131286085, 0.06799985085946547, 0.04375634538105233, 0.5714708230321679, 0.5721358796047795, 0.16336578487734554, 0.20350475524437917, -0.020953629009925034, 0.010617169996812947, -0.22817147755246747, -0.18320981109391932, -0.3109738723898521, -0.7640934296746567, -0.7870435919641223, -1.2436323303094068, -0.13766246264873772, -0.0025149526853818216, 0.018361409823822505, 0.03501582010295401, -0.08002844247320784, 0.018829880328440574, 0.16535656966050016, 0.4132126985593678, 0.6795680738035363, 0.7208123555399917, 1.0301368356293747, 0.8985292718475706, 0.3114738569372144, 0.4002873833981, 0.8749028809292265, 0.9318355292674996, 0.8360971236750423, 0.9288295841822483, 0.9573362110736268, 1.000473486633278, 0.9385115319036852, 0.9176170764193654, 0.8768660995179984, 0.8740807220666094]","[0.0, 0.0, 0.0, 0.0, 0.0, 0.0, 0.0, 0.0, 0.0, 0.0, 0.0, 0.0, 0.0, 0.0, 0.0, 0.0, 0.0, 0.0, 0.0, 0.000985591075136849, 0.021191380613979627, 0.07464922405853902, 0.07227278894292999, 0.06403998242580311, 0.0, 0.0, 0.0, 0.0, 0.0, 0.0, 0.0, 0.0, 0.0, 0.0, 0.0, 0.0, 0.0, 0.0, 0.0, 0.0, 0.0, 0.0, 0.0, 0.0, 0.0, 0.0, 0.0, 0.0]",5.894993705409228,29.283897912137675,23.388904206728444,23.388904206728444,0.004857061814924762
33,SAC-ICNN,83,test_id,id_actual,not_applicable,0,,1956.707117348291,,,,0.3654133998788893,0.007612779164143528,0.011609999928623438,0,0,True,,100083,policy,0,48,False,,,,"[54.0787761080326, 45.96328484836214, 40.85939138627697, 35.44937170459034, 23.81922532382916, 8.198718828584104, 17.416550446798013, 17.082458878792366, 10.906138051523326, 12.555037386209133, 12.221533177615951, 11.952094201755868, 75.22150544004087, 49.073674496904815, 23.512933916992907, 25.894156071084723, 11.869532198525395, 6.16615, 6.16615, 6.16615, 6.16615, 6.16615, 6.16615, 6.16615, 6.16615, 6.16615, 6.16615, 6.16615, 13.45978362927076, 17.314298128585566, 31.006985897146862, 56.407383264836454, 81.50059061533317, 84.96772354773938, 112.72481199259377, 99.32729386669718, 32.15684023795954, 38.32929705299724, 69.7288399246901, 73.6114339675245, 67.05897561801767, 72.82273893960225, 74.13060510995693, 100.10332980325704, 90.21779955641973, 98.48062938884712, 100.99096300171384, 98.46476133918308]","[0.007295999908819795, 0.00667149992659688, 0.007971500046551228, 0.006817500106990337, 0.006892200093716383, 0.0066096000373363495, 0.00700199999846518, 0.006871199933812022, 0.006515800021588802, 0.010556099936366081, 0.007413299987092614, 0.0068882000632584095, 0.006932900054380298, 0.0065790999215096235, 0.006603500107303262, 0.007451999932527542, 0.008326899958774447, 0.009092099964618683, 0.008737799944356084, 0.006877699866890907, 0.006564200157299638, 0.009486899944022298, 0.00716949999332428, 0.008398399921134114, 0.011609999928623438, 0.007289000088348985, 0.006509799975901842, 0.00679449993185699, 0.008302600122988224, 0.008513499982655048, 0.006467300001531839, 0.008859700057655573, 0.006568799959495664, 0.007711000042036176, 0.006787099875509739, 0.00730750011280179, 0.006546099903061986, 0.006284300005063415, 0.006780100055038929, 0.010756599949672818, 0.008025099989026785, 0.006788100115954876, 0.008534400025382638, 0.006772900000214577, 0.00943650002591312, 0.006881499895825982, 0.0086774998344481, 0.007483600173145533]",,,,,,,,,,,,,,,,,policy_baseline,formal/step7_33_policy_baselines_raw.csv,Oracle-H7,1603.1980159143943,22.05024569171952,experiment_assets\policies\33\sac_icnn,legacy_penalized_operating_cost,1956.707117348291,283.1095322638857,1673.5975850844052,1673.5975850844052,"[1.1941645510478658, 2.3915368487938036, 3.5904749036592536, 4.792145646845904, 5.9967603135387995, 6.16615, 6.16615, 6.16615, 6.16615, 6.16615, 6.16615, 6.16615, 6.16615, 6.16615, 6.16615, 6.16615, 6.16615, 6.16615, 6.16615, 6.16615, 6.16615, 6.16615, 6.16615, 6.16615, 6.16615, 6.16615, 6.16615, 6.16615, 6.16615, 6.16615, 6.16615, 6.16615, 6.16615, 6.16615, 6.16615, 6.16615, 6.16615, 6.16615, 6.16615, 6.16615, 6.16615, 6.16615, 6.16615, 6.16615, 6.16615, 6.16615, 6.16615, 6.16615]","[54.0787761080326, 45.96328484836214, 40.85939138627697, 35.44937170459034, 23.81922532382916, 8.198718828584104, 17.416550446798013, 17.082458878792366, 10.906138051523326, 12.555037386209133, 12.221533177615951, 11.952094201755868, 75.22150544004087, 49.073674496904815, 23.512933916992907, 25.894156071084723, 11.869532198525395, 6.16615, 6.16615, 6.16615, 6.16615, 6.16615, 6.16615, 6.16615, 6.16615, 6.16615, 6.16615, 6.16615, 13.45978362927076, 17.314298128585566, 31.006985897146862, 56.407383264836454, 81.50059061533317, 84.96772354773938, 112.72481199259377, 99.32729386669718, 32.15684023795954, 38.32929705299724, 69.7288399246901, 73.6114339675245, 67.05897561801767, 72.82273893960225, 74.13060510995693, 100.10332980325704, 90.21779955641973, 98.48062938884712, 100.99096300171384, 98.46476133918308]","[52.88461155698474, 43.57174799956832, 37.2689164826177, 30.657226057744438, 17.822465010290358, 2.032568828584104, 11.250400446797997, 10.91630887879235, 4.739988051523326, 6.388887386209134, 6.055383177615951, 5.785944201755868, 69.05535544004087, 42.90752449690481, 17.346783916992937, 19.72800607108475, 5.703382198525394, 0.0, 0.0, 0.0, 0.0, 0.0, 0.0, 0.0, 0.0, 0.0, 0.0, 0.0, 7.29363362927076, 11.148148128585566, 24.840835897146864, 50.24123326483645, 75.33444061533316, 78.80157354773938, 106.55866199259376, 93.16114386669717, 25.990690237959544, 32.16314705299724, 63.56268992469011, 67.4452839675245, 60.8928256180177, 66.65658893960224, 67.96445510995696, 93.93717980325701, 84.05164955641973, 92.31447938884712, 94.82481300171385, 92.29861133918308]","[52.88461155698474, 43.57174799956834, 37.26891648261771, 30.657226057744438, 17.822465010290358, 2.032568828584104, 11.250400446798013, 10.916308878792366, 4.739988051523326, 6.388887386209133, 6.055383177615951, 5.785944201755868, 69.05535544004087, 42.90752449690481, 17.346783916992905, 19.72800607108472, 5.703382198525395, 0.0, 0.0, 0.0, 0.0, 0.0, 0.0, 0.0, 0.0, 0.0, 0.0, 0.0, 7.29363362927076, 11.148148128585566, 24.84083589714686, 50.24123326483645, 75.33444061533316, 78.80157354773938, 106.55866199259377, 93.16114386669717, 25.99069023795954, 32.16314705299724, 63.562689924690105, 67.4452839675245, 60.89282561801767, 66.65658893960224, 67.96445510995693, 93.93717980325704, 84.05164955641973, 92.31447938884712, 94.82481300171384, 92.29861133918308]","[1.652644111155773, 1.36161712498651, 1.164653640081803, 0.9580383143045137, 0.5569520315715737, 0.06351777589325325, 0.3515750139624374, 0.34113465246226093, 0.14812462661010395, 0.19965273081903545, 0.18923072430049848, 0.18081075630487087, 1.1228513079681441, 0.6976833251529238, 0.2820615271055762, 0.32078058652170327, 0.09273792192724217, -0.17626198161419104, -0.6623575090380642, -0.6081309322448933, -0.7530064280810111, -1.2241320549356791, -1.2434506959743423, -1.699966923809686, -0.5178303492848473, -0.20621254574604286, -0.2536038635992357, -0.03198294876992147, 0.07885009328941361, 0.12052052030903315, 0.26854957726645257, 0.5431484677279617, 0.8144263850306288, 0.8519089032188041, 1.1519855350550676, 1.0071475012615911, 0.42261284939771615, 0.5229780008617437, 1.033539673572197, 1.0966712840247888, 0.9901272458214261, 1.0838469746276789, 1.1051130912188123, 1.5274338179391385, 1.3666934887222721, 1.5010484453471076, 1.541866878076648, 1.5007904282793998]","[0.0, 0.0, 0.0, 0.0, 0.0, 0.0, 0.0, 0.0, 0.0, 0.0, 0.0, 0.0, 0.0, 0.0, 0.0, 0.0, 0.0, 0.010875280511889462, 0.08213307225053423, 0.06952930152864378, 0.09026364457893177, 0.1508652223326492, 0.1505650280819666, 0.16964564886973288, 0.031726999854934546, 0.022873498150191685, 0.024428538530341104, 0.025524896844886014, 0.04647287170622705, 0.08090095301402078, 0.08629162384562306, 0.031062607564089406, 0.005037217973669295, 0.0, 0.0, 0.0, 0.0024915338501079187, 0.0, 0.0, 0.0, 0.0, 0.0, 0.0, 0.0, 0.0, 0.0, 0.0, 0.0]",5.898115255497618,40.764731611422725,34.86661635592511,34.86661635592511,0.022514332072675808
33,SACLag,83,test_id,id_actual,not_applicable,0,,1421.1710925249909,,,,0.4043315998278558,0.008423574996413663,0.01342050009407103,0,0,True,,100083,policy,0,48,False,,,,"[18.999054014529285, 11.74149506201648, 6.18419337260563, 4.756056554197628, 5.951329801568016, 12.804534821791123, 10.280304572482647, 16.621214064094715, 11.56425814021996, 7.588298683125386, 6.810512747607929, 6.16615, 47.09599760588102, 40.41615652504207, 15.747362131342967, 18.366885457597043, 6.16615, 6.16615, 6.16615, 6.16615, 6.16615, 6.16615, 6.16615, 6.16615, 6.16615, 17.971438251734902, 15.867576043581447, 6.16615, 6.16615, 7.342688173962837, 20.42874363732504, 43.21050920476356, 68.18078583798717, 72.84481749813303, 102.05243010734108, 89.90285605258572, 22.687758636198623, 31.315880929489907, 59.680040409989246, 63.268118306655516, 57.26232216661745, 63.03639450336762, 64.80763174940545, 67.2373428447164, 63.58788964095038, 62.34275103716318, 59.63436794109753, 59.587295997822764]","[0.006581499939784408, 0.007821000181138515, 0.00915530021302402, 0.006782999960705638, 0.007276099873706698, 0.006688199937343597, 0.00822010007686913, 0.009491699980571866, 0.012420799816027284, 0.006629599956795573, 0.006590800127014518, 0.006268800003454089, 0.006808799924328923, 0.00858910009264946, 0.008474299916997552, 0.008257499895989895, 0.00936080003157258, 0.008351600030437112, 0.01238579978235066, 0.007855899864807725, 0.007340699899941683, 0.010076900012791157, 0.0069114998914301395, 0.006672400049865246, 0.007461500121280551, 0.00989570003002882, 0.009367400081828237, 0.007915299851447344, 0.006869900040328503, 0.007188399787992239, 0.0064350999891757965, 0.008103600004687905, 0.00964669999666512, 0.01073020021431148, 0.006835100008174777, 0.009523199871182442, 0.008926700102165341, 0.010350299999117851, 0.006837400142103434, 0.0077586001716554165, 0.006793999811634421, 0.010139100020751357, 0.01342050009407103, 0.00923940003849566, 0.010843100026249886, 0.008699500001966953, 0.008897599996998906, 0.007441099965944886]",,,,,,,,,,,,,,,,,policy_baseline,formal/step7_33_policy_baselines_raw.csv,Oracle-H7,1603.1980159143943,-11.353988813763797,experiment_assets\policies\33\saclag,legacy_penalized_operating_cost,1421.1710925249909,282.9846714315217,1138.186421093469,1138.186421093469,"[1.1975530788879156, 2.3752087473984855, 3.560073249469593, 4.756056554197628, 5.951329801568016, 6.16615, 6.16615, 6.16615, 6.16615, 6.16615, 6.16615, 6.16615, 6.16615, 6.16615, 6.16615, 6.16615, 6.16615, 6.16615, 6.16615, 6.16615, 6.16615, 6.16615, 6.16615, 6.16615, 6.16615, 6.16615, 6.16615, 6.16615, 6.16615, 6.16615, 6.16615, 6.16615, 6.16615, 6.16615, 6.16615, 6.16615, 6.16615, 6.16615, 6.16615, 6.16615, 6.16615, 6.16615, 6.16615, 6.16615, 6.16615, 6.16615, 6.16615, 6.16615]","[18.999054014529285, 11.74149506201648, 6.18419337260563, 4.756056554197628, 5.951329801568016, 12.804534821791123, 10.280304572482647, 16.621214064094715, 11.56425814021996, 7.588298683125386, 6.810512747607929, 6.16615, 47.09599760588102, 40.41615652504207, 15.747362131342967, 18.366885457597043, 6.16615, 6.16615, 6.16615, 6.16615, 6.16615, 6.16615, 6.16615, 6.16615, 6.16615, 17.971438251734902, 15.867576043581447, 6.16615, 6.16615, 7.342688173962837, 20.42874363732504, 43.21050920476356, 68.18078583798717, 72.84481749813303, 102.05243010734108, 89.90285605258572, 22.687758636198623, 31.315880929489907, 59.680040409989246, 63.268118306655516, 57.26232216661745, 63.03639450336762, 64.80763174940545, 67.2373428447164, 63.58788964095038, 62.34275103716318, 59.63436794109753, 59.587295997822764]","[17.80150093564137, 9.36628631461798, 2.6241201231360236, 0.0, 0.0, 6.638384821791121, 4.114154572482633, 10.4550640640947, 5.398108140219961, 1.4221486831253856, 0.6443627476079286, 0.0, 40.929847605881015, 34.25000652504207, 9.581212131342998, 12.200735457597068, 0.0, 0.0, 0.0, 0.0, 0.0, 0.0, 0.0, 0.0, 0.0, 11.805288251734904, 9.701426043581446, 0.0, 0.0, 1.1765381739628378, 14.262593637325043, 37.04435920476356, 62.01463583798718, 66.67866749813302, 95.88628010734108, 83.73670605258572, 16.521608636198625, 25.149730929489905, 53.51389040998924, 57.101968306655515, 51.09617216661748, 56.870244503367616, 58.64148174940548, 61.071192844716364, 57.42173964095038, 56.17660103716318, 53.46821794109753, 53.42114599782276]","[17.80150093564137, 9.366286314617994, 2.6241201231360374, 0.0, 0.0, 6.6383848217911225, 4.114154572482647, 10.455064064094715, 5.398108140219961, 1.4221486831253856, 0.6443627476079286, 0.0, 40.929847605881015, 34.25000652504207, 9.581212131342967, 12.200735457597043, 0.0, 0.0, 0.0, 0.0, 0.0, 0.0, 0.0, 0.0, 0.0, 11.805288251734902, 9.701426043581447, 0.0, 0.0, 1.1765381739628369, 14.262593637325041, 37.04435920476356, 62.01463583798717, 66.67866749813302, 95.88628010734108, 83.73670605258572, 16.52160863619862, 25.149730929489905, 53.513890409989244, 57.101968306655515, 51.09617216661745, 56.870244503367616, 58.64148174940544, 61.07119284471639, 57.42173964095038, 56.17660103716318, 53.46821794109753, 53.42114599782276]","[0.5562969042387929, 0.2926964473318119, 0.08200375384800074, -0.06260532916777262, -0.048134531304012906, 0.20744952568097252, 0.12856733039008228, 0.32672075200295936, 0.16869087938187377, 0.0444421463476683, 0.020136335862747767, -0.0024007507515761972, 0.6655259773313986, 0.5569106752039361, 0.1557920671763089, 0.19838594239995233, -0.023738305131438597, -0.1542599090332888, -0.2548413296406995, -0.19581662401166255, -0.3138210204421852, -0.7397711207217403, -0.7540371907434511, -1.2172579352044872, -0.11443112876844008, 0.12762473785659356, 0.10488028155223184, -0.0703010174340335, -0.06689971684133411, 0.012719331610409057, 0.15419020148459506, 0.40047955897041687, 0.6704284955458073, 0.720850459439276, 1.0366084335928765, 0.9052616870549808, 0.2686440428650183, 0.4089387143006489, 0.8701445595120201, 0.9284872895391141, 0.8308320677498777, 0.9247194228189857, 0.9535200284456176, 0.9930275259303474, 0.9336868234300875, 0.9134406672709461, 0.8694019177414232, 0.868636520289801]","[0.0, 0.0, 0.0, 0.0, 0.0, 0.0, 0.0, 0.0, 0.0, 0.0, 0.0, 0.0, 0.0, 0.0, 0.0, 0.0, 0.0, 0.0, 0.0, 0.0, 0.0, 0.0, 0.0, 0.0, 0.0, 0.0, 0.0, 0.0, 0.0, 0.0, 0.0, 0.0, 0.0, 0.0, 0.0, 0.0, 0.0, 0.0, 0.0, 0.0, 0.0, 0.0, 0.0, 0.0, 0.0, 0.0, 0.0, 0.0]",5.895513988156702,29.607731094270644,23.71221710611394,23.71221710611394,0.0
33,SAC,84,test_id,id_actual,not_applicable,0,,1460.1105130647638,,,,0.4890272996854037,0.01018806874344591,0.030682100215926766,0,0,True,,100084,policy,0,48,False,,,,"[12.14173919222307, 15.013114812079545, 5.035155252842246, 4.727674368202981, 7.161339435079836, 11.622416032229962, 11.867325623073425, 11.58569727602382, 13.110019054284008, 14.814510661819707, 12.537469053212929, 11.9736592589838, 30.754746698827283, 46.22723708641152, 14.621239237755859, 6.4057861982230415, 6.16615, 6.16615, 7.8747686604890665, 6.16615, 6.16615, 6.16615, 6.16615, 6.16615, 6.16615, 6.795582649233961, 6.16615, 6.16615, 6.16615, 23.022964407949907, 20.356089302153716, 49.765569549919874, 72.74872188642219, 71.26621312585306, 99.4334642941759, 89.26065145471608, 23.419004708796713, 58.631630674609056, 58.951879481371975, 64.97159868795431, 57.69373275833777, 68.5844895227829, 65.68511947070479, 67.31653865588191, 56.543323645138045, 69.50369966966058, 66.36572840432278, 64.49296281301622]","[0.01101900008507073, 0.009095600107684731, 0.008319899905472994, 0.01087670004926622, 0.0088361999951303, 0.00900400010868907, 0.008342300076037645, 0.009553099982440472, 0.008928699884563684, 0.007653499953448772, 0.00937410001643002, 0.007534999866038561, 0.009120900183916092, 0.013165799900889397, 0.00910010002553463, 0.009149799821898341, 0.007016200106590986, 0.006563300034031272, 0.012491999892517924, 0.006672899937257171, 0.006941500119864941, 0.00868629990145564, 0.006481899879872799, 0.006324799964204431, 0.0068020999897271395, 0.00999749987386167, 0.009450499899685383, 0.007356300018727779, 0.010798600036650896, 0.017885300097987056, 0.007099600043147802, 0.022300600074231625, 0.030682100215926766, 0.0191126000136137, 0.01026709983125329, 0.012246099999174476, 0.008189999964088202, 0.010907100047916174, 0.009908100124448538, 0.01138009992428124, 0.007507700007408857, 0.008814099943265319, 0.009231299860402942, 0.01211189990863204, 0.01054459996521473, 0.007839299971237779, 0.008173200068995357, 0.010167900007218122]",,,,,,,,,,,,,,,,,policy_baseline,formal/step7_33_policy_baselines_raw.csv,Oracle-H7,1597.7217249998364,-8.612964935122646,experiment_assets\policies\33\sac,legacy_penalized_operating_cost,1460.1105130647638,282.93468789376436,1177.1758251709996,1177.1758251709994,"[1.2012060514747551, 2.3946043509892356, 3.5652341316135527, 4.727674368202981, 5.901518991483823, 6.16615, 6.16615, 6.16615, 6.16615, 6.16615, 6.16615, 6.16615, 6.16615, 6.16615, 6.16615, 6.16615, 6.16615, 6.16615, 6.16615, 6.16615, 6.16615, 6.16615, 6.16615, 6.16615, 6.16615, 6.16615, 6.16615, 6.16615, 6.16615, 6.16615, 6.16615, 6.16615, 6.16615, 6.16615, 6.16615, 6.16615, 6.16615, 6.16615, 6.16615, 6.16615, 6.16615, 6.16615, 6.16615, 6.16615, 6.16615, 6.16615, 6.16615, 6.16615]","[12.14173919222307, 15.013114812079545, 5.035155252842246, 4.727674368202981, 7.161339435079836, 11.622416032229962, 11.867325623073425, 11.58569727602382, 13.110019054284008, 14.814510661819707, 12.537469053212929, 11.9736592589838, 30.754746698827283, 46.22723708641152, 14.621239237755859, 6.4057861982230415, 6.16615, 6.16615, 7.8747686604890665, 6.16615, 6.16615, 6.16615, 6.16615, 6.16615, 6.16615, 6.795582649233961, 6.16615, 6.16615, 6.16615, 23.022964407949907, 20.356089302153716, 49.765569549919874, 72.74872188642219, 71.26621312585306, 99.4334642941759, 89.26065145471608, 23.419004708796713, 58.631630674609056, 58.951879481371975, 64.97159868795431, 57.69373275833777, 68.5844895227829, 65.68511947070479, 67.31653865588191, 56.543323645138045, 69.50369966966058, 66.36572840432278, 64.49296281301622]","[10.940533140748315, 12.61851046109031, 1.4699211212286798, 0.0, 1.2598204435960128, 5.456266032229962, 5.701175623073425, 5.41954727602382, 6.943869054284008, 8.648360661819709, 6.371319053212929, 5.807509258983785, 24.58859669882728, 40.06108708641152, 8.455089237755885, 0.23963619822301396, 0.0, 0.0, 1.708618660489039, 0.0, 0.0, 0.0, 0.0, 0.0, 0.0, 0.629432649234043, 0.0, 0.0, 0.0, 16.856814407949987, 14.189939302153716, 43.59941954991979, 66.58257188642219, 65.10006312585305, 93.26731429417599, 83.09450145471601, 17.25285470879671, 52.46548067460908, 52.785729481371966, 58.80544868795431, 51.52758275833779, 62.41833952278289, 59.51896947070482, 61.15038865588188, 50.37717364513804, 63.337549669660554, 60.199578404322786, 58.32681281301622]","[10.940533140748315, 12.61851046109031, 1.4699211212286936, 0.0, 1.2598204435960128, 5.456266032229962, 5.701175623073425, 5.41954727602382, 6.943869054284008, 8.648360661819707, 6.371319053212929, 5.807509258983799, 24.58859669882728, 40.06108708641152, 8.455089237755859, 0.2396361982230415, 0.0, 0.0, 1.7086186604890665, 0.0, 0.0, 0.0, 0.0, 0.0, 0.0, 0.6294326492339612, 0.0, 0.0, 0.0, 16.856814407949905, 14.189939302153716, 43.59941954991987, 66.58257188642219, 65.10006312585305, 93.2673142941759, 83.09450145471608, 17.25285470879671, 52.465480674609054, 52.78572948137197, 58.80544868795431, 51.527582758337765, 62.4183395227829, 59.51896947070479, 61.15038865588191, 50.37717364513804, 63.337549669660575, 60.19957840432278, 58.32681281301622]","[0.34189166064838483, 0.3943284519090722, 0.045935035038396244, -0.046321802885124885, 0.0393693888623754, 0.17050831350718632, 0.17816173822104453, 0.1693608523757444, 0.21699590794637524, 0.2702612706818659, 0.19910372041290403, 0.18148466434324328, 0.3998145804687363, 0.6513997900229516, 0.13748112581716887, 0.0038965235483416905, -0.058876339726992466, -0.009955375953691448, 0.02778241724372421, -0.4128547005729195, -0.6098430782051509, -0.7002355588210483, -0.5522545764195796, -0.7117877231519936, -0.10309857131031652, 0.006804677289016681, -0.20110782902320334, -0.11085472194424373, -0.09652152527285462, 0.18223583143729716, 0.1534047492124726, 0.47134507621534905, 0.7198115879613209, 0.7037844662254384, 1.0082952896667674, 0.8983189346455784, 0.2805342229072636, 0.8530972467416111, 0.8583045444125523, 0.9561861575277124, 0.8378468741193137, 1.0149323499639493, 0.9677881214748751, 0.9943152626972664, 0.8191410348802934, 1.0298788564172447, 0.9788549334036225, 0.9484034603742475]","[0.0, 0.0, 0.0, 0.0, 0.0, 0.0, 0.0, 0.0, 0.0, 0.0, 0.0, 0.0, 0.0, 0.0, 0.0, 0.0, 0.0, 0.0, 0.0, 0.027998072146869113, 0.07434044759302716, 0.0806218831282699, 0.05270554338777522, 0.0749947123407877, 0.0, 0.0, 0.0, 0.0, 0.0, 0.0, 0.0, 0.0, 0.0, 0.0, 0.0, 0.0, 0.0, 0.0, 0.0, 0.0, 0.0, 0.0, 0.0, 0.0, 0.0, 0.0, 0.0, 0.0]",5.894472664453424,30.41896902218258,24.52449635772916,24.524496357729152,0.006472097054098523
33,SAC-ICNN,84,test_id,id_actual,not_applicable,0,,2008.7569989265312,,,,0.5454604001715779,0.011363758336907873,0.13452620012685657,0,0,True,,100084,policy,0,48,False,,,,"[48.33373151148294, 50.76307608157848, 40.18831391705583, 34.19499845519831, 27.865860971651056, 15.262778295206756, 11.592680220694502, 15.179739739482498, 14.793910749900519, 18.501889919078693, 16.671694510061442, 13.027871838595729, 62.1132086875057, 54.09553617873314, 21.84881483373197, 13.507132698441279, 9.523074514751615, 6.16615, 6.16615, 6.16615, 6.16615, 6.16615, 6.16615, 6.16615, 6.16615, 6.16615, 6.16615, 6.16615, 9.9189451485571, 33.130744992156636, 30.311826573559863, 62.11695165059613, 85.67255172936552, 82.20736777579289, 110.86830648599026, 98.69121211255528, 29.350679565215575, 69.49217438768987, 68.35764659032421, 75.2275070487107, 67.46901196044871, 78.29629110509623, 74.61517940380628, 91.11452935859715, 88.75474551130344, 108.08859806252656, 106.60130744404444, 103.17945889704383]","[0.007417300017550588, 0.006656000157818198, 0.009763899957761168, 0.0072755999863147736, 0.007232600124552846, 0.007568399887531996, 0.00821539992466569, 0.012983999913558364, 0.006723900092765689, 0.006560100009664893, 0.008444200037047267, 0.011144599877297878, 0.008180700009688735, 0.007062599994242191, 0.008058399893343449, 0.008688600035384297, 0.011262200074270368, 0.00906750001013279, 0.013284899992868304, 0.010462400037795305, 0.010835699969902635, 0.013232800178229809, 0.00754290004260838, 0.007262700004503131, 0.007934600114822388, 0.007776299957185984, 0.01052829995751381, 0.010528199840337038, 0.007701300084590912, 0.010866000084206462, 0.008884100010618567, 0.008676100056618452, 0.010907699819654226, 0.008037499850615859, 0.007664300035685301, 0.0075956000946462154, 0.011210900032892823, 0.008334000129252672, 0.007345000049099326, 0.009692399995401502, 0.007062099874019623, 0.007482900051400065, 0.00887009990401566, 0.0078096999786794186, 0.007526200031861663, 0.13452620012685657, 0.006583299953490496, 0.006990199908614159]",,,,,,,,,,,,,,,,,policy_baseline,formal/step7_33_policy_baselines_raw.csv,Oracle-H7,1597.7217249998364,25.72633691431697,experiment_assets\policies\33\sac_icnn,legacy_penalized_operating_cost,2008.7569989265312,283.10369695365927,1725.6533019728718,1725.6533019728718,"[1.1949944110329345, 2.389641352802048, 3.5886300586405686, 4.791085352051712, 5.994895779132007, 6.16615, 6.16615, 6.16615, 6.16615, 6.16615, 6.16615, 6.16615, 6.16615, 6.16615, 6.16615, 6.16615, 6.16615, 6.16615, 6.16615, 6.16615, 6.16615, 6.16615, 6.16615, 6.16615, 6.16615, 6.16615, 6.16615, 6.16615, 6.16615, 6.16615, 6.16615, 6.16615, 6.16615, 6.16615, 6.16615, 6.16615, 6.16615, 6.16615, 6.16615, 6.16615, 6.16615, 6.16615, 6.16615, 6.16615, 6.16615, 6.16615, 6.16615, 6.16615]","[48.33373151148294, 50.76307608157848, 40.18831391705583, 34.19499845519831, 27.865860971651056, 15.262778295206756, 11.592680220694502, 15.179739739482498, 14.793910749900519, 18.501889919078693, 16.671694510061442, 13.027871838595729, 62.1132086875057, 54.09553617873314, 21.84881483373197, 13.507132698441279, 9.523074514751615, 6.16615, 6.16615, 6.16615, 6.16615, 6.16615, 6.16615, 6.16615, 6.16615, 6.16615, 6.16615, 6.16615, 9.9189451485571, 33.130744992156636, 30.311826573559863, 62.11695165059613, 85.67255172936552, 82.20736777579289, 110.86830648599026, 98.69121211255528, 29.350679565215575, 69.49217438768987, 68.35764659032421, 75.2275070487107, 67.46901196044871, 78.29629110509623, 74.61517940380628, 91.11452935859715, 88.75474551130344, 108.08859806252656, 106.60130744404444, 103.17945889704383]","[47.13873710045, 48.37343472877644, 36.59968385841525, 29.4039131031466, 21.87096519251905, 9.096628295206756, 5.426530220694502, 9.013589739482498, 8.627760749900517, 12.33573991907869, 10.50554451006144, 6.861721838595713, 55.947058687505695, 47.92938617873313, 15.682664833732, 7.340982698441254, 3.356924514751642, 0.0, 0.0, 0.0, 0.0, 0.0, 0.0, 0.0, 0.0, 0.0, 0.0, 0.0, 3.7527951485571, 26.96459499215672, 24.14567657355986, 55.95080165059605, 79.50640172936552, 76.04121777579289, 104.70215648599034, 92.52506211255519, 23.18452956521558, 63.3260243876899, 62.19149659032421, 69.0613570487107, 61.302861960448745, 72.1301411050962, 68.4490294038063, 84.9483793585971, 82.58859551130344, 101.92244806252653, 100.43515744404444, 97.01330889704383]","[47.13873710045, 48.37343472877643, 36.59968385841526, 29.403913103146596, 21.870965192519048, 9.096628295206756, 5.426530220694502, 9.013589739482498, 8.627760749900519, 12.335739919078692, 10.505544510061442, 6.861721838595729, 55.947058687505695, 47.92938617873314, 15.682664833731971, 7.3409826984412785, 3.356924514751615, 0.0, 0.0, 0.0, 0.0, 0.0, 0.0, 0.0, 0.0, 0.0, 0.0, 0.0, 3.7527951485571, 26.964594992156634, 24.14567657355986, 55.95080165059613, 79.50640172936552, 76.04121777579289, 104.70215648599026, 92.52506211255528, 23.184529565215577, 63.32602438768987, 62.191496590324206, 69.0613570487107, 61.30286196044871, 72.13014110509623, 68.44902940380628, 84.94837935859715, 82.58859551130344, 101.92244806252656, 100.43515744404444, 97.01330889704383]","[1.4730855343890625, 1.5116698352742637, 1.1437401205754765, 0.9188722844733312, 0.6834676622662204, 0.2842696342252111, 0.1695790693967032, 0.28167467935882806, 0.26961752343439116, 0.3854918724712091, 0.32829826593942, 0.21442880745611603, 0.9097082713415561, 0.7793396126623273, 0.25500268022328454, 0.1193655723323781, 0.05458413845124621, -0.06252698423047676, -0.30682257005497027, -0.8724700692647422, -1.0726784934152485, -1.160905448848629, -1.0097581173268582, -1.174844236100245, -0.46199401272020335, -0.2287079386549662, -0.6111130386079733, -0.22144352840518344, 0.04057075836277946, 0.2915091350503429, 0.2610343413357823, 0.6048735313577951, 0.8595286673444922, 0.8220672191977609, 1.1319152052539496, 1.0002709417573534, 0.37698422057261105, 1.0296914534583723, 1.0112438469971416, 1.1229488951009872, 0.9967945034219308, 1.1728478228470927, 1.1129923480293709, 1.3812744611154, 1.3429039920537145, 1.6572755782524637, 1.633091990960072, 1.5774521771877046]","[0.0, 0.0, 0.0, 0.0, 0.0, 0.0, 0.0, 0.0, 0.0, 0.0, 0.0, 0.0, 0.0, 0.0, 0.0, 0.0, 0.0, 0.0029086314431459037, 0.023989104299593, 0.11799722333530838, 0.1498974045863064, 0.15532414008583473, 0.1285687575829204, 0.15863748729445049, 0.039680472220720464, 0.021384032274056386, 0.04858419306016781, 0.028874419721736988, 0.0560664333193599, 0.064545606998895, 0.0764002550310674, 0.039330494675928085, 0.00843544601772206, 0.0, 0.0, 0.0, 0.0028847560456120025, 0.0, 0.0, 0.0, 0.0, 0.0, 0.0, 0.0, 0.0, 0.0, 0.0, 0.0]",5.897993686534568,41.849104144302736,35.95111045776816,35.95111045776816,0.023406434541517196
33,SACLag,84,test_id,id_actual,not_applicable,0,,1463.0015579855326,,,,0.39025599998421967,0.008130333333004577,0.013641400029882789,0,0,True,,100084,policy,0,48,False,,,,"[13.371709802252612, 16.850645968822874, 5.356974557240534, 4.749776842576593, 6.11087767948503, 17.844883094867214, 11.452169672086866, 10.7715073046445, 13.694704375599953, 14.97439824466994, 10.70042810383576, 12.902603414008096, 26.290472552659892, 45.25326347783285, 14.035337333832745, 6.16615, 6.16615, 6.16615, 6.16615, 6.16615, 6.16615, 6.16615, 6.16615, 6.16615, 6.16615, 17.495130725596468, 6.16615, 6.16615, 6.16615, 22.22230785311249, 19.36661042962728, 48.75803753823642, 71.92945018678034, 71.45605005140128, 100.3263978157239, 90.2759970306008, 19.974728608620588, 59.7309090543951, 58.767414931566606, 64.72568414867702, 57.41692910694914, 68.33007245264238, 65.35469765517475, 67.04386878335947, 56.14500103362025, 69.13965336527063, 65.87796731931948, 64.14494747044267]","[0.009883899940177798, 0.006176699884235859, 0.007617200026288629, 0.008110799826681614, 0.007532999850809574, 0.006356399971991777, 0.0071090999990701675, 0.006942200008779764, 0.006396000040695071, 0.006576799787580967, 0.006710499990731478, 0.006565900053828955, 0.007686399854719639, 0.012386000016704202, 0.013641400029882789, 0.009771900018677115, 0.013034000061452389, 0.009483699919655919, 0.00656510004773736, 0.007364499848335981, 0.007448700023815036, 0.00898470007814467, 0.006472700042650104, 0.006348600145429373, 0.0063958999235183, 0.008267000084742904, 0.009041700046509504, 0.006299400003626943, 0.007391700055450201, 0.011519100051373243, 0.006160899996757507, 0.005997800035402179, 0.006463100202381611, 0.006525099975988269, 0.010708000045269728, 0.006874700076878071, 0.008190300082787871, 0.007690600119531155, 0.0062998998910188675, 0.006570599973201752, 0.007502600084990263, 0.007824799977242947, 0.00857710000127554, 0.011739299865439534, 0.009765600087121129, 0.009032399859279394, 0.01167070004157722, 0.00858150003477931]",,,,,,,,,,,,,,,,,policy_baseline,formal/step7_33_policy_baselines_raw.csv,Oracle-H7,1597.7217249998364,-8.432016971811382,experiment_assets\policies\33\saclag,legacy_penalized_operating_cost,1463.0015579855326,282.95834006243047,1180.043217923102,1180.043217923102,"[1.1908645883685711, 2.3707818856681215, 3.554266965033434, 4.749776842576593, 5.948199780783726, 6.16615, 6.16615, 6.16615, 6.16615, 6.16615, 6.16615, 6.16615, 6.16615, 6.16615, 6.16615, 6.16615, 6.16615, 6.16615, 6.16615, 6.16615, 6.16615, 6.16615, 6.16615, 6.16615, 6.16615, 6.16615, 6.16615, 6.16615, 6.16615, 6.16615, 6.16615, 6.16615, 6.16615, 6.16615, 6.16615, 6.16615, 6.16615, 6.16615, 6.16615, 6.16615, 6.16615, 6.16615, 6.16615, 6.16615, 6.16615, 6.16615, 6.16615, 6.16615]","[13.371709802252612, 16.850645968822874, 5.356974557240534, 4.749776842576593, 6.11087767948503, 17.844883094867214, 11.452169672086866, 10.7715073046445, 13.694704375599953, 14.97439824466994, 10.70042810383576, 12.902603414008096, 26.290472552659892, 45.25326347783285, 14.035337333832745, 6.16615, 6.16615, 6.16615, 6.16615, 6.16615, 6.16615, 6.16615, 6.16615, 6.16615, 6.16615, 17.495130725596468, 6.16615, 6.16615, 6.16615, 22.22230785311249, 19.36661042962728, 48.75803753823642, 71.92945018678034, 71.45605005140128, 100.3263978157239, 90.2759970306008, 19.974728608620588, 59.7309090543951, 58.767414931566606, 64.72568414867702, 57.41692910694914, 68.33007245264238, 65.35469765517475, 67.04386878335947, 56.14500103362025, 69.13965336527063, 65.87796731931948, 64.14494747044267]","[12.18084521388404, 14.479864083154752, 1.802707592207085, 0.0, 0.162677898701304, 11.678733094867212, 5.286019672086866, 4.6053573046444995, 7.528554375599953, 8.80824824466994, 4.53427810383576, 6.736453414008082, 20.12432255265989, 39.08711347783285, 7.869187333832775, 0.0, 0.0, 0.0, 0.0, 0.0, 0.0, 0.0, 0.0, 0.0, 0.0, 11.32898072559655, 0.0, 0.0, 0.0, 16.056157853112573, 13.20046042962728, 42.591887538236335, 65.76330018678034, 65.28990005140128, 94.16024781572396, 84.10984703060072, 13.808578608620586, 53.564759054395125, 52.60126493156661, 58.559534148677024, 51.25077910694917, 62.16392245264235, 59.18854765517477, 60.87771878335945, 49.978851033620245, 62.973503365270616, 59.711817319319486, 57.97879747044267]","[12.18084521388404, 14.479864083154753, 1.8027075922070996, 0.0, 0.162677898701304, 11.678733094867214, 5.286019672086866, 4.6053573046444995, 7.528554375599953, 8.80824824466994, 4.53427810383576, 6.736453414008096, 20.12432255265989, 39.08711347783285, 7.869187333832745, 0.0, 0.0, 0.0, 0.0, 0.0, 0.0, 0.0, 0.0, 0.0, 0.0, 11.328980725596468, 0.0, 0.0, 0.0, 16.056157853112488, 13.20046042962728, 42.59188753823642, 65.76330018678034, 65.28990005140128, 94.16024781572389, 84.1098470306008, 13.808578608620588, 53.5647590543951, 52.601264931566604, 58.55953414867702, 51.25077910694914, 62.16392245264238, 59.188547655174744, 60.87771878335947, 49.978851033620245, 62.97350336527063, 59.71181731931948, 57.97879747044267]","[0.3806514129338763, 0.452495752598586, 0.056334612256471406, -0.09794626555128128, 0.00508368433441575, 0.3649604092146004, 0.16518811475271455, 0.1439174157701406, 0.23526732423749852, 0.27525775764593563, 0.1416961907448675, 0.21051416918775256, 0.32722475695381936, 0.6355628207777699, 0.12795426559077683, -0.0006204910678957454, -0.06170661918809506, -0.1702309621267304, -0.018051097986944598, -0.43508603283575553, -0.5984163897921624, -0.677618851432114, -0.5345045573332756, -0.6708518806528128, -0.06326378264672439, 0.12247546730374648, -0.1930338601222905, -0.09199284212842507, -0.07914180996956599, 0.1735800848985143, 0.1427076803202949, 0.46045283825120364, 0.7109545966138415, 0.7058367573124462, 1.0179486250348537, 0.9092956435740618, 0.22452973347350547, 0.8709716919413841, 0.8553051208384814, 0.9521875471329597, 0.8333460017390109, 1.010795487034835, 0.9624154090272321, 0.989881606233487, 0.8126642444491097, 1.0239594043133433, 0.9709238588507234, 0.942744674316141]","[0.0, 0.0, 0.0, 0.0, 0.0, 0.0, 0.0, 0.0, 0.0, 0.0, 0.0, 0.0, 0.0, 0.0, 0.0, 0.0, 0.0, 0.0, 0.0, 0.0, 0.0, 0.0, 0.0, 0.0, 0.0, 0.0, 0.0, 0.0, 0.0, 0.0, 0.0, 0.0, 0.0, 0.0, 0.0, 0.0, 0.0, 0.0, 0.0, 0.0, 0.0, 0.0, 0.0, 0.0, 0.0, 0.0, 0.0, 0.0]",5.894965417967302,30.479199124698596,24.584233706731293,24.584233706731293,0.0
33,SAC,85,test_id,id_actual,not_applicable,0,,1424.7579076714976,,,,0.36134579963982105,0.007528037492496272,0.011211900040507317,0,0,True,,100085,policy,0,48,False,,,,"[21.97604815944191, 11.399323459920245, 11.210405498092229, 4.744318137161208, 6.414628743481121, 9.931980493122493, 15.681668828577697, 14.428881482103261, 11.690339968346306, 12.909852849569614, 12.324545138622367, 10.75650484711076, 40.09418340419014, 45.106586280161046, 14.974401683474234, 22.00871908266, 6.16615, 6.16615, 6.16615, 6.16615, 6.16615, 6.16615, 6.16615, 6.16615, 6.16615, 6.16615, 7.7434454692048185, 12.507073768948699, 12.624690424288055, 21.7031276000577, 22.318824836365025, 41.96486347633624, 65.66248255096924, 77.41868367586481, 86.72650835640093, 80.99988793928456, 25.024540274211756, 38.344109597008334, 62.91945778119241, 53.04753188407854, 67.84089462331686, 64.3013824449837, 65.1442397750091, 71.33584362060718, 55.19723054351762, 52.600149272546744, 51.01521982961324, 61.00383187165739]","[0.006363699911162257, 0.0065790999215096235, 0.006649999879300594, 0.007753999903798103, 0.0066860998049378395, 0.006294700084254146, 0.006424100138247013, 0.007284900173544884, 0.006443500053137541, 0.006999699864536524, 0.0073055000975728035, 0.010138100013136864, 0.006998399971053004, 0.006690899841487408, 0.006419300101697445, 0.010912099853157997, 0.008346900111064315, 0.006988300010561943, 0.008346500108018517, 0.008349900133907795, 0.007119900081306696, 0.00749130011536181, 0.00738000008277595, 0.007572599919512868, 0.007550999987870455, 0.008910199860110879, 0.010508599923923612, 0.00963769992813468, 0.00640950002707541, 0.005972400074824691, 0.006897900020703673, 0.009332400048151612, 0.006744500016793609, 0.00614419998601079, 0.006608299911022186, 0.008339900057762861, 0.006842399947345257, 0.006465999875217676, 0.008213300025090575, 0.006631499854847789, 0.0074767000041902065, 0.008704000152647495, 0.007356999907642603, 0.007541699800640345, 0.006520200055092573, 0.011211900040507317, 0.007203599903732538, 0.00658140005543828]",,,,,,,,,,,,,,,,,policy_baseline,formal/step7_33_policy_baselines_raw.csv,Oracle-H7,1615.3555148259572,-11.799112047170318,experiment_assets\policies\33\sac,legacy_penalized_operating_cost,1424.7579076714976,282.97664704090664,1141.7812606305909,1141.781260630591,"[1.2021893011310916, 2.3946152294396, 3.5785439491572792, 4.744318137161208, 5.912530424017395, 6.16615, 6.16615, 6.16615, 6.16615, 6.16615, 6.16615, 6.16615, 6.16615, 6.16615, 6.16615, 6.16615, 6.16615, 6.16615, 6.16615, 6.16615, 6.16615, 6.16615, 6.16615, 6.16615, 6.16615, 6.16615, 6.16615, 6.16615, 6.16615, 6.16615, 6.16615, 6.16615, 6.16615, 6.16615, 6.16615, 6.16615, 6.16615, 6.16615, 6.16615, 6.16615, 6.16615, 6.16615, 6.16615, 6.16615, 6.16615, 6.16615, 6.16615, 6.16615]","[21.97604815944191, 11.399323459920245, 11.210405498092229, 4.744318137161208, 6.414628743481121, 9.931980493122493, 15.681668828577697, 14.428881482103261, 11.690339968346306, 12.909852849569614, 12.324545138622367, 10.75650484711076, 40.09418340419014, 45.106586280161046, 14.974401683474234, 22.00871908266, 6.16615, 6.16615, 6.16615, 6.16615, 6.16615, 6.16615, 6.16615, 6.16615, 6.16615, 6.16615, 7.7434454692048185, 12.507073768948699, 12.624690424288055, 21.7031276000577, 22.318824836365025, 41.96486347633624, 65.66248255096924, 77.41868367586481, 86.72650835640093, 80.99988793928456, 25.024540274211756, 38.344109597008334, 62.91945778119241, 53.04753188407854, 67.84089462331686, 64.3013824449837, 65.1442397750091, 71.33584362060718, 55.19723054351762, 52.600149272546744, 51.01521982961324, 61.00383187165739]","[20.773858858310817, 9.004708230480645, 7.63186154893495, 0.0, 0.5020983194637267, 3.7658304931225075, 9.515518828577697, 8.262731482103263, 5.524189968346306, 6.743702849569615, 6.158395138622353, 4.59035484711076, 33.92803340419014, 38.940436280161016, 8.808251683474207, 15.842569082659999, 0.0, 0.0, 0.0, 0.0, 0.0, 0.0, 0.0, 0.0, 0.0, 0.0, 1.5772954692049002, 6.34092376894878, 6.458540424288053, 15.536977600057702, 16.152674836364945, 35.79871347633624, 59.49633255096933, 71.25253367586473, 80.56035835640093, 74.83373793928456, 18.85839027421175, 32.17795959700833, 56.75330778119243, 46.881381884078536, 61.67474462331684, 58.1352324449837, 58.978089775009124, 65.16969362060715, 49.03108054351762, 46.43399927254672, 44.8490698296132, 54.837681871657416]","[20.773858858310817, 9.004708230480645, 7.63186154893495, 0.0, 0.5020983194637259, 3.7658304931224933, 9.515518828577697, 8.262731482103261, 5.524189968346306, 6.743702849569614, 6.158395138622367, 4.59035484711076, 33.92803340419014, 38.940436280161045, 8.808251683474234, 15.84256908266, 0.0, 0.0, 0.0, 0.0, 0.0, 0.0, 0.0, 0.0, 0.0, 0.0, 1.5772954692048184, 6.340923768948699, 6.458540424288055, 15.536977600057702, 16.152674836365023, 35.79871347633624, 59.49633255096924, 71.25253367586481, 80.56035835640093, 74.83373793928456, 18.858390274211757, 32.17795959700833, 56.75330778119241, 46.881381884078536, 61.674744623316855, 58.1352324449837, 58.978089775009096, 65.16969362060718, 49.03108054351762, 46.43399927254674, 44.849069829613235, 54.83768187165739]","[0.649183089322213, 0.28139713220252016, 0.23849567340421718, -0.03313402039255875, 0.01569057248324146, 0.11768220291007836, 0.29735996339305304, 0.25821035881572696, 0.17263093651082206, 0.21074071404905048, 0.19244984808194854, 0.14344858897221124, 0.5516753399055307, 0.6331778256936751, 0.1432236046093367, 0.2576027493115447, -0.10062120242329531, -0.0049079095123283345, -0.03780005415575083, -0.2678755522167222, -0.3860952050070283, -0.6025834108605976, -0.7610608836630295, -0.9961435052719239, -0.060013232138707906, -0.03615088730641158, 0.017051842910323245, 0.06855052723187871, 0.06982205864095192, 0.1679673254060292, 0.17462351174448587, 0.3870131186630945, 0.6432035951456143, 0.7702976613606998, 0.8709227930421721, 0.8090133831274007, 0.3066404922636057, 0.5232188552359078, 0.922818012702316, 0.7622988924240413, 1.0028413759888917, 0.9452883324387593, 0.9589933296749451, 1.0596698149692219, 0.7972533421710182, 0.7550243784153938, 0.7292531679611902, 0.8916696239293889]","[0.0, 0.0, 0.0, 0.0, 0.0, 0.0, 0.0, 0.0, 0.0, 0.0, 0.0, 0.0, 0.0, 0.0, 0.0, 0.0, 0.0, 0.0, 0.0, 0.009769793097575086, 0.029480017757228305, 0.06871411557375984, 0.07534360436496068, 0.10402796607614495, 0.0, 0.0, 0.0, 0.0, 0.0, 0.0, 0.0, 0.0, 0.0, 0.0, 0.0, 0.0, 0.0, 0.0, 0.0, 0.0, 0.0, 0.0, 0.0, 0.0, 0.0, 0.0, 0.0, 0.0]",5.895346813352222,29.682456409822866,23.787109596470643,23.787109596470646,0.005986156184784768
33,SAC-ICNN,85,test_id,id_actual,not_applicable,0,,1947.1857070978679,,,,0.40132909966632724,0.008361022909715151,0.013217800064012408,0,0,True,,100085,policy,0,48,False,,,,"[58.11668493636667, 47.208346748267026, 46.80977734770126, 35.740021952162195, 23.264130629829495, 15.661459325200708, 21.806124368408078, 14.336922208614352, 10.306908363067675, 14.039483649147725, 16.555972923908584, 14.657549479097979, 72.61081874096897, 52.895984466906945, 22.391584804702468, 29.378587076686184, 6.16615, 6.16615, 6.16615, 6.16615, 6.16615, 6.16615, 6.16615, 6.16615, 6.16615, 6.16615, 6.16615, 6.16615, 8.08718613428102, 31.90772631768749, 32.40338400724137, 53.9571578339463, 78.55328209887054, 88.58262596234452, 98.05809307321034, 90.22782769211179, 31.428849822656147, 40.735611399423796, 72.95521577371548, 62.221033498609316, 77.89275172345322, 73.77414692599469, 74.05835684763363, 104.58354628276916, 89.50833028953437, 80.55699617657605, 86.37772851566731, 101.54169970110505]","[0.006815599976107478, 0.006193700013682246, 0.006374200107529759, 0.008188400184735656, 0.007226400077342987, 0.00919779995456338, 0.00903770001605153, 0.008440200006589293, 0.008950100047513843, 0.008009499870240688, 0.007391899824142456, 0.007181799970567226, 0.009412799961864948, 0.009994199965149164, 0.00716489995829761, 0.008242499781772494, 0.00796369998715818, 0.006679600104689598, 0.008698699995875359, 0.007754300022497773, 0.008639500010758638, 0.009458200074732304, 0.007860899902880192, 0.007116700056940317, 0.007112300023436546, 0.011236999882385135, 0.007515000179409981, 0.00995350000448525, 0.0069142000284045935, 0.008978300029411912, 0.007071899948641658, 0.010131899965927005, 0.01083319983445108, 0.009038500022143126, 0.012966900132596493, 0.00971790007315576, 0.008368200156837702, 0.011218100087717175, 0.006990399910137057, 0.006244999822229147, 0.005902099888771772, 0.006011799909174442, 0.006810199934989214, 0.012252700049430132, 0.007357500027865171, 0.006240499904379249, 0.007250899914652109, 0.013217800064012408]",,,,,,,,,,,,,,,,,policy_baseline,formal/step7_33_policy_baselines_raw.csv,Oracle-H7,1615.3555148259572,20.54223910627271,experiment_assets\policies\33\sac_icnn,legacy_penalized_operating_cost,1947.1857070978679,283.07932344563176,1664.1063836522358,1664.1063836522362,"[1.1907728635421206, 2.386251687896915, 3.5840339351458823, 4.785012054235023, 5.9888029048117755, 6.16615, 6.16615, 6.16615, 6.16615, 6.16615, 6.16615, 6.16615, 6.16615, 6.16615, 6.16615, 6.16615, 6.16615, 6.16615, 6.16615, 6.16615, 6.16615, 6.16615, 6.16615, 6.16615, 6.16615, 6.16615, 6.16615, 6.16615, 6.16615, 6.16615, 6.16615, 6.16615, 6.16615, 6.16615, 6.16615, 6.16615, 6.16615, 6.16615, 6.16615, 6.16615, 6.16615, 6.16615, 6.16615, 6.16615, 6.16615, 6.16615, 6.16615, 6.16615]","[58.11668493636667, 47.208346748267026, 46.80977734770126, 35.740021952162195, 23.264130629829495, 15.661459325200708, 21.806124368408078, 14.336922208614352, 10.306908363067675, 14.039483649147725, 16.555972923908584, 14.657549479097979, 72.61081874096897, 52.895984466906945, 22.391584804702468, 29.378587076686184, 6.16615, 6.16615, 6.16615, 6.16615, 6.16615, 6.16615, 6.16615, 6.16615, 6.16615, 6.16615, 6.16615, 6.16615, 8.08718613428102, 31.90772631768749, 32.40338400724137, 53.9571578339463, 78.55328209887054, 88.58262596234452, 98.05809307321034, 90.22782769211179, 31.428849822656147, 40.735611399423796, 72.95521577371548, 62.221033498609316, 77.89275172345322, 73.77414692599469, 74.05835684763363, 104.58354628276916, 89.50833028953437, 80.55699617657605, 86.37772851566731, 101.54169970110505]","[56.925912072824545, 44.82209506037011, 43.225743412555374, 30.95500989792717, 17.275327725017718, 9.495309325200736, 15.639974368408076, 8.170772208614352, 4.140758363067675, 7.873333649147725, 10.389822923908568, 8.491399479097979, 66.44466874096896, 46.72983446690691, 16.225434804702438, 23.212437076686186, 0.0, 0.0, 0.0, 0.0, 0.0, 0.0, 0.0, 0.0, 0.0, 0.0, 0.0, 0.0, 1.92103613428102, 25.741576317687493, 26.237234007241288, 47.7910078339463, 72.38713209887062, 82.41647596234444, 91.89194307321034, 84.06167769211179, 25.26269982265615, 34.569461399423794, 66.7890657737155, 56.054883498609314, 71.72660172345319, 67.60799692599468, 67.89220684763364, 98.41739628276915, 83.34218028953437, 74.39084617657602, 80.21157851566728, 95.37554970110507]","[56.925912072824545, 44.82209506037011, 43.225743412555374, 30.955009897927173, 17.275327725017718, 9.495309325200708, 15.639974368408078, 8.170772208614352, 4.140758363067675, 7.873333649147725, 10.389822923908584, 8.491399479097979, 66.44466874096896, 46.729834466906944, 16.225434804702466, 23.212437076686186, 0.0, 0.0, 0.0, 0.0, 0.0, 0.0, 0.0, 0.0, 0.0, 0.0, 0.0, 0.0, 1.9210361342810192, 25.74157631768749, 26.23723400724137, 47.791007833946296, 72.38713209887054, 82.41647596234452, 91.89194307321034, 84.06167769211179, 25.262699822656145, 34.569461399423794, 66.78906577371548, 56.054883498609314, 71.72660172345321, 67.60799692599468, 67.89220684763363, 98.41739628276916, 83.34218028953437, 74.39084617657605, 80.21157851566731, 95.37554970110504]","[1.778934752275767, 1.400690470636566, 1.3508044816423554, 0.967344059310224, 0.5398539914068037, 0.296728416412523, 0.4887491990127524, 0.2553366315191985, 0.12939869884586486, 0.2460416765358664, 0.32468196637214275, 0.26535623372181183, 1.0804011177393327, 0.7598347067789741, 0.26382820820654374, 0.37743800124692983, -0.03109957163277377, -0.2633264038646761, -0.4048711334653725, -0.7085519242892451, -0.8388926991648371, -1.0694048223895805, -1.2203217453769422, -1.4646125676306991, -0.39647535845999293, -0.0553550047953264, -0.10081740174767706, -0.0061026117247235945, 0.02076795820844346, 0.2782873115425675, 0.28364577305125716, 0.5166595441507709, 0.7825635902580608, 0.8909889293226425, 0.993426411602274, 0.9087748939687761, 0.41077560687245773, 0.5621050634052649, 1.0860010694913091, 0.9114615203025904, 1.1662862068854176, 1.0993170231869054, 1.1039383227257504, 1.60028286638649, 1.3551574030818596, 1.2096072549036752, 1.304253309197842, 1.5508219463594322]","[0.0, 0.0, 0.0, 0.0, 0.0, 0.0, 0.0, 0.0, 0.0, 0.0, 0.0, 0.0, 0.0, 0.0, 0.0, 0.0, 0.0, 0.018310617243713523, 0.03319409508261906, 0.08778373711435283, 0.11088001144237647, 0.15357036403525703, 0.154025885031563, 0.20262107365002557, 0.03261449595337251, 0.013592907830157541, 0.02007510001375179, 0.015245447558172476, 0.031880091150383816, 0.05334868702301332, 0.07159170831919193, 0.03917176544622358, 0.015805725819266536, 0.0, 0.0, 0.0, 0.0026542892400609475, 0.0, 0.0, 0.0, 0.0, 0.0, 0.0, 0.0, 0.0, 0.0, 0.0, 0.0]",5.897485905117328,40.566368897872245,34.66888299275491,34.668882992754924,0.02200762504069796
33,SACLag,85,test_id,id_actual,not_applicable,0,,1434.4319423970794,,,,0.4031160003505647,0.008398250007303432,0.014945799950510263,0,0,True,,100085,policy,0,48,False,,,,"[22.56441761220808, 13.206082952273896, 11.677701709067206, 4.7600509378639755, 5.954198313900727, 12.392602514507102, 15.582941706276356, 18.39160111175613, 9.227567279340105, 12.857242997189317, 11.123244848383179, 11.104103908992512, 38.94992983677003, 44.276673348451794, 14.607627352053266, 21.699078307048204, 6.16615, 6.16615, 6.16615, 6.16615, 6.16615, 6.16615, 6.16615, 6.16615, 6.16615, 21.34049876476537, 22.69545709536571, 13.28059654342173, 13.946487649521067, 21.16530724786346, 21.14001208460318, 40.690486610273226, 64.89292609713242, 78.01477996560358, 87.83115228197316, 82.27848558992117, 21.41523949120772, 24.703156957627655, 59.12683131879069, 52.86314110741549, 67.56369043598852, 64.03401927627922, 64.75351834500974, 70.92193229237488, 54.74380043523568, 52.14267795174351, 50.48679226057431, 60.53053785830589]","[0.007284699939191341, 0.00674699991941452, 0.007051199907436967, 0.008476899936795235, 0.010340300155803561, 0.008118900004774332, 0.005998100154101849, 0.00813400000333786, 0.007033000001683831, 0.006582000060006976, 0.00788009981624782, 0.006958900019526482, 0.0072055000346153975, 0.006707499967887998, 0.007273399969562888, 0.007332500070333481, 0.007660600123926997, 0.00865069986321032, 0.007601300021633506, 0.006438700016587973, 0.012433200143277645, 0.008672900032252073, 0.008089600130915642, 0.006680399877950549, 0.0065882999915629625, 0.006358099868521094, 0.006747100036591291, 0.009166099829599261, 0.007993499981239438, 0.007887099869549274, 0.008032500045374036, 0.0070482001174241304, 0.0070592002011835575, 0.007030799984931946, 0.007194100180640817, 0.007683799834921956, 0.007052999921143055, 0.014945799950510263, 0.009001099970191717, 0.009390800027176738, 0.013080900069326162, 0.008370300056412816, 0.008422299986705184, 0.0100552998483181, 0.013303600018844008, 0.009831300005316734, 0.013005500193685293, 0.012515900190919638]",,,,,,,,,,,,,,,,,policy_baseline,formal/step7_33_policy_baselines_raw.csv,Oracle-H7,1615.3555148259572,-11.200232442229352,experiment_assets\policies\33\saclag,legacy_penalized_operating_cost,1434.4319423970794,283.00240254325394,1151.4295398538252,1151.4295398538254,"[1.2013178411807008, 2.3786449373198826, 3.563740512988615, 4.7600509378639755, 5.954198313900727, 6.16615, 6.16615, 6.16615, 6.16615, 6.16615, 6.16615, 6.16615, 6.16615, 6.16615, 6.16615, 6.16615, 6.16615, 6.16615, 6.16615, 6.16615, 6.16615, 6.16615, 6.16615, 6.16615, 6.16615, 6.16615, 6.16615, 6.16615, 6.16615, 6.16615, 6.16615, 6.16615, 6.16615, 6.16615, 6.16615, 6.16615, 6.16615, 6.16615, 6.16615, 6.16615, 6.16615, 6.16615, 6.16615, 6.16615, 6.16615, 6.16615, 6.16615, 6.16615]","[22.56441761220808, 13.206082952273896, 11.677701709067206, 4.7600509378639755, 5.954198313900727, 12.392602514507102, 15.582941706276356, 18.39160111175613, 9.227567279340105, 12.857242997189317, 11.123244848383179, 11.104103908992512, 38.94992983677003, 44.276673348451794, 14.607627352053266, 21.699078307048204, 6.16615, 6.16615, 6.16615, 6.16615, 6.16615, 6.16615, 6.16615, 6.16615, 6.16615, 21.34049876476537, 22.69545709536571, 13.28059654342173, 13.946487649521067, 21.16530724786346, 21.14001208460318, 40.690486610273226, 64.89292609713242, 78.01477996560358, 87.83115228197316, 82.27848558992117, 21.41523949120772, 24.703156957627655, 59.12683131879069, 52.86314110741549, 67.56369043598852, 64.03401927627922, 64.75351834500974, 70.92193229237488, 54.74380043523568, 52.14267795174351, 50.48679226057431, 60.53053785830589]","[21.36309977102738, 10.827438014954012, 8.113961196078591, 0.0, 0.0, 6.226452514507116, 9.416791706276356, 12.22545111175613, 3.0614172793401053, 6.691092997189315, 4.957094848383164, 4.937953908992512, 32.78377983677003, 38.110523348451764, 8.441477352053237, 15.532928307048206, 0.0, 0.0, 0.0, 0.0, 0.0, 0.0, 0.0, 0.0, 0.0, 15.17434876476537, 16.529307095365795, 7.114446543421813, 7.780337649521067, 14.999157247863462, 14.973862084603095, 34.524336610273224, 58.7267760971325, 71.8486299656035, 81.66500228197316, 76.11233558992117, 15.249089491207723, 18.537006957627657, 52.960681318790726, 46.696991107415485, 61.39754043598849, 57.86786927627922, 58.58736834500977, 64.75578229237485, 48.577650435235675, 45.976527951743456, 44.32064226057428, 54.36438785830591]","[21.36309977102738, 10.827438014954012, 8.113961196078591, 0.0, 0.0, 6.226452514507102, 9.416791706276356, 12.225451111756131, 3.0614172793401053, 6.691092997189317, 4.9570948483831785, 4.937953908992512, 32.78377983677003, 38.11052334845179, 8.441477352053266, 15.532928307048204, 0.0, 0.0, 0.0, 0.0, 0.0, 0.0, 0.0, 0.0, 0.0, 15.174348764765371, 16.52930709536571, 7.11444654342173, 7.780337649521067, 14.99915724786346, 14.973862084603178, 34.524336610273224, 58.726776097132415, 71.84862996560358, 81.66500228197316, 76.11233558992117, 15.249089491207721, 18.537006957627653, 52.96068131879069, 46.696991107415485, 61.39754043598852, 57.86786927627922, 58.587368345009736, 64.75578229237487, 48.577650435235675, 45.976527951743506, 44.32064226057431, 54.36438785830589]","[0.6675968678446056, 0.3383574379673129, 0.253561287377456, -0.05909409440805691, -0.0486793261385734, 0.19457664107834738, 0.29427474082113614, 0.38204534724237904, 0.09566928997937829, 0.2090966561621661, 0.15490921401197388, 0.154311059656016, 0.5330695908417891, 0.6196833064788905, 0.13725979434232904, 0.25256793995200333, -0.14544353394009235, -0.1204144473187232, -0.043637528771136136, -0.2846949484844381, -0.3916378238510654, -0.5824984974719545, -0.7278298182410681, -0.9373507283044042, -0.004829335437210425, 0.16404701367313912, 0.17869521184179238, 0.07691293560456014, 0.08411175837320073, 0.16215305132825364, 0.16187959010381725, 0.3732360714624132, 0.634884065914946, 0.7767419455740918, 0.882864889534845, 0.8228360604315803, 0.24795267465378412, 0.3014147472784985, 0.8611492897364346, 0.7593006684132599, 0.9983339908290811, 0.9409409638419386, 0.9526401356912158, 1.0529395494695097, 0.789880494881881, 0.7475858203535521, 0.7206608497654354, 0.8839737863139172]","[0.0, 0.0, 0.0, 0.0, 0.0, 0.0, 0.0, 0.0, 0.0, 0.0, 0.0, 0.0, 0.0, 0.0, 0.0, 0.0, 0.0, 0.0, 0.0, 0.0, 0.0, 0.0, 0.0, 0.0, 0.0, 0.0, 0.0, 0.0, 0.0, 0.0, 0.0, 0.0, 0.0, 0.0, 0.0, 0.0, 0.0, 0.0, 0.0, 0.0, 0.0, 0.0, 0.0, 0.0, 0.0, 0.0, 0.0, 0.0]",5.895883386317791,29.883998799939153,23.988115413621358,23.98811541362136,0.0
33,SAC,86,test_id,id_actual,not_applicable,0,,1412.5888593569232,,,,0.3890593994874507,0.008105404155988557,0.012985100038349628,0,0,True,,100086,policy,0,48,False,,,,"[9.731304644347054, 12.590642618508289, 10.732051686629207, 4.731848118598421, 5.898966474641816, 9.714067931913943, 12.98362975604509, 14.129334946983446, 11.775965868338913, 11.499521652426877, 11.507880365268376, 10.602439066691103, 40.61663640101185, 52.54283082509241, 23.266766742221556, 6.16615, 6.16615, 6.388539377200074, 6.16615, 6.16615, 6.16615, 6.16615, 6.16615, 6.16615, 6.16615, 7.468140739509802, 7.250859896882556, 8.756226205181209, 6.16615, 6.16615, 28.17576056114695, 40.38372932270813, 54.5116709075042, 69.27988819748883, 76.66008956135455, 110.29901188009454, 30.436663252641623, 24.985897438464555, 61.51955653824841, 72.5782577170884, 64.26740935112971, 70.44280757692836, 58.9795245249143, 61.802057361413546, 56.22397154194826, 70.97443967204437, 67.1852047943326, 53.86761583997991]","[0.012985100038349628, 0.008210700005292892, 0.012378500076010823, 0.011727100005373359, 0.010806600097566843, 0.008125099819153547, 0.006257300032302737, 0.006603799993172288, 0.008146399864926934, 0.006820400012657046, 0.007708299905061722, 0.0075685998890548944, 0.007345000049099326, 0.006335000041872263, 0.007022099802270532, 0.008287400007247925, 0.006198300048708916, 0.006848199991509318, 0.007424100069329143, 0.00810170010663569, 0.010040200082585216, 0.0069241998717188835, 0.007123599993065, 0.007253000047057867, 0.01121689984574914, 0.0072153001092374325, 0.007652999833226204, 0.008880799869075418, 0.006881900131702423, 0.006427999818697572, 0.007171199889853597, 0.007308700121939182, 0.00853529991582036, 0.0072414998430758715, 0.007200299995020032, 0.006995500065386295, 0.006656100042164326, 0.006463500205427408, 0.00767589989118278, 0.007840999867767096, 0.007489599986001849, 0.006468300009146333, 0.008867600001394749, 0.007718200096860528, 0.008509799838066101, 0.01214670017361641, 0.011026200139895082, 0.00922739994712174]",,,,,,,,,,,,,,,,,policy_baseline,formal/step7_33_policy_baselines_raw.csv,Oracle-H7,1582.3127158413124,-10.72631565083185,experiment_assets\policies\33\sac,legacy_penalized_operating_cost,1412.5888593569232,282.9429672740466,1129.6458920828763,1129.6458920828763,"[1.2010977896498278, 2.394260944776184, 3.572343946380387, 4.731848118598421, 5.898966474641816, 6.16615, 6.16615, 6.16615, 6.16615, 6.16615, 6.16615, 6.16615, 6.16615, 6.16615, 6.16615, 6.16615, 6.16615, 6.16615, 6.16615, 6.16615, 6.16615, 6.16615, 6.16615, 6.16615, 6.16615, 6.16615, 6.16615, 6.16615, 6.16615, 6.16615, 6.16615, 6.16615, 6.16615, 6.16615, 6.16615, 6.16615, 6.16615, 6.16615, 6.16615, 6.16615, 6.16615, 6.16615, 6.16615, 6.16615, 6.16615, 6.16615, 6.16615, 6.16615]","[9.731304644347054, 12.590642618508289, 10.732051686629207, 4.731848118598421, 5.898966474641816, 9.714067931913943, 12.98362975604509, 14.129334946983446, 11.775965868338913, 11.499521652426877, 11.507880365268376, 10.602439066691103, 40.61663640101185, 52.54283082509241, 23.266766742221556, 6.16615, 6.16615, 6.388539377200074, 6.16615, 6.16615, 6.16615, 6.16615, 6.16615, 6.16615, 6.16615, 7.468140739509802, 7.250859896882556, 8.756226205181209, 6.16615, 6.16615, 28.17576056114695, 40.38372932270813, 54.5116709075042, 69.27988819748883, 76.66008956135455, 110.29901188009454, 30.436663252641623, 24.985897438464555, 61.51955653824841, 72.5782577170884, 64.26740935112971, 70.44280757692836, 58.9795245249143, 61.802057361413546, 56.22397154194826, 70.97443967204437, 67.1852047943326, 53.86761583997991]","[8.530206854697227, 10.196381673732105, 7.15970774024882, 0.0, 0.0, 3.5479179319139433, 6.817479756045074, 7.963184946983446, 5.609815868338913, 5.333371652426891, 5.341730365268376, 4.436289066691089, 34.45048640101185, 46.376680825092414, 17.100616742221558, 0.0, 0.0, 0.22238937720004648, 0.0, 0.0, 0.0, 0.0, 0.0, 0.0, 0.0, 1.3019907395098018, 1.0847098968825564, 2.5900762051812087, 0.0, 0.0, 22.009610561146953, 34.217579322708126, 48.345520907504195, 63.11373819748874, 70.49393956135448, 104.13286188009454, 24.27051325264165, 18.819747438464553, 55.35340653824841, 66.41210771708843, 58.10125935112972, 64.27665757692836, 52.81337452491432, 55.63590736141351, 50.05782154194823, 64.80828967204437, 61.01905479433261, 47.7014658399799]","[8.530206854697227, 10.196381673732105, 7.15970774024882, 0.0, 0.0, 3.5479179319139433, 6.81747975604509, 7.963184946983446, 5.609815868338913, 5.333371652426877, 5.341730365268376, 4.436289066691103, 34.45048640101185, 46.37668082509241, 17.100616742221554, 0.0, 0.0, 0.22238937720007357, 0.0, 0.0, 0.0, 0.0, 0.0, 0.0, 0.0, 1.3019907395098018, 1.084709896882556, 2.5900762051812087, 0.0, 0.0, 22.00961056114695, 34.217579322708126, 48.345520907504195, 63.11373819748883, 70.49393956135455, 104.13286188009454, 24.27051325264162, 18.819747438464553, 55.35340653824841, 66.4121077170884, 58.10125935112971, 64.27665757692836, 52.813374524914295, 55.635907361413544, 50.05782154194826, 64.80828967204437, 61.019054794332604, 47.70146583997991]","[0.26656896420928833, 0.3186369273041283, 0.2237408668827756, -0.045351001529560175, -0.01366150337490657, 0.11087243537231073, 0.21304624237640857, 0.2488495295932327, 0.17530674588559103, 0.16666786413834034, 0.16692907391463674, 0.13863403333409652, 0.5601705105855586, 0.7540923711397141, 0.2780588088166107, -0.010959699517782084, -0.0008902604328433483, 0.003616087434147097, -0.24959508134056918, -0.11307933631253553, -0.26827541018769807, -0.8987456894898562, -1.1566295162873574, -0.9960431382162289, -0.10816496133935694, 0.014075575562268128, 0.01172659347981142, 0.02800082383979685, -0.09515303552851062, -0.1312201119159413, 0.23794173579618327, 0.3699197764617095, 0.5226542800811265, 0.6823106832160946, 0.7620966439065349, 1.125760668973995, 0.3946424919128724, 0.30601215347096833, 0.9000553908658278, 1.0798716701965598, 0.9447359244086133, 1.045148903689892, 0.85875405731568, 0.9046489001855855, 0.8139483177552558, 1.0537933280007215, 0.9921797527533758, 0.7756335908939822]","[0.0, 0.0, 0.0, 0.0, 0.0, 0.0, 0.0, 0.0, 0.0, 0.0, 0.0, 0.0, 0.0, 0.0, 0.0, 0.0, 0.0, 0.0, 0.0, 0.0, 0.01720970485638129, 0.08721185217959593, 0.05610275871912118, 0.08416545068017345, 0.0, 0.0, 0.0, 0.0, 0.0, 0.0, 0.0, 0.0, 0.0, 0.0, 0.0, 0.0, 0.0, 0.0, 0.0, 0.0, 0.0, 0.0, 0.0, 0.0, 0.0, 0.0, 0.0, 0.0]",5.894645151542638,29.4289345699359,23.534289418393257,23.534289418393257,0.005097703467401497
33,SAC-ICNN,86,test_id,id_actual,not_applicable,0,,1950.0480763064552,,,,0.43421149998903275,0.009046072916438183,0.01803399994969368,0,0,True,,100086,policy,0,48,False,,,,"[45.58359592599406, 48.40504711071958, 46.05780170439938, 33.697503579474834, 23.451332565933207, 16.212203822486714, 14.898944355776578, 16.265258095773092, 12.489014384319658, 14.023821700247794, 14.95573193087175, 13.408412660502588, 73.56113421658002, 60.558123832022595, 30.578971891042283, 12.574323762507067, 13.150120904551915, 6.16615, 6.16615, 6.16615, 6.16615, 6.16615, 6.16615, 6.16615, 6.16615, 6.16615, 6.16615, 6.16615, 6.16615, 6.16615, 38.3408364950449, 51.613213353571254, 67.15726993295785, 80.83646953090108, 87.25030439822758, 120.54882151444968, 37.904528331004386, 41.693348455348854, 71.12063218451895, 83.10362056784747, 74.50175126909075, 79.99191258356501, 67.76928700447863, 77.6453427412829, 90.68892467177679, 111.46633506377151, 105.89510208994966, 92.48908367546484]","[0.007478299783542752, 0.007447100011631846, 0.0063021001406013966, 0.006751199951395392, 0.007849599933251739, 0.006523099960759282, 0.0082523999735713, 0.007298599928617477, 0.007799900136888027, 0.01156359980814159, 0.0068391000386327505, 0.008031100034713745, 0.01803399994969368, 0.008336500031873584, 0.008393199881538749, 0.008554400177672505, 0.0074413002002984285, 0.007873200112953782, 0.008969100192189217, 0.007221300154924393, 0.0065593000035732985, 0.00669509987346828, 0.008271500002592802, 0.009271200047805905, 0.006931800162419677, 0.007999699795618653, 0.007497899932786822, 0.008131299866363406, 0.009626399958506227, 0.008604099974036217, 0.006602899869903922, 0.0068876000586897135, 0.00868379999883473, 0.010009100195020437, 0.008361200103536248, 0.008614700054749846, 0.007197099970653653, 0.010592600097879767, 0.007854399969801307, 0.010014399886131287, 0.011139599839225411, 0.013947400031611323, 0.013430600054562092, 0.012745599960908294, 0.013565500034019351, 0.012915999861434102, 0.012400900013744831, 0.012700699968263507]",,,,,,,,,,,,,,,,,policy_baseline,formal/step7_33_policy_baselines_raw.csv,Oracle-H7,1582.3127158413124,23.24037194314138,experiment_assets\policies\33\sac_icnn,legacy_penalized_operating_cost,1950.0480763064552,283.0975167346693,1666.9505595717858,1666.950559571786,"[1.1951200182207176, 2.3898953792410156, 3.5863942952418624, 4.788519266920253, 5.993137775045432, 6.16615, 6.16615, 6.16615, 6.16615, 6.16615, 6.16615, 6.16615, 6.16615, 6.16615, 6.16615, 6.16615, 6.16615, 6.16615, 6.16615, 6.16615, 6.16615, 6.16615, 6.16615, 6.16615, 6.16615, 6.16615, 6.16615, 6.16615, 6.16615, 6.16615, 6.16615, 6.16615, 6.16615, 6.16615, 6.16615, 6.16615, 6.16615, 6.16615, 6.16615, 6.16615, 6.16615, 6.16615, 6.16615, 6.16615, 6.16615, 6.16615, 6.16615, 6.16615]","[45.58359592599406, 48.40504711071958, 46.05780170439938, 33.697503579474834, 23.451332565933207, 16.212203822486714, 14.898944355776578, 16.265258095773092, 12.489014384319658, 14.023821700247794, 14.95573193087175, 13.408412660502588, 73.56113421658002, 60.558123832022595, 30.578971891042283, 12.574323762507067, 13.150120904551915, 6.16615, 6.16615, 6.16615, 6.16615, 6.16615, 6.16615, 6.16615, 6.16615, 6.16615, 6.16615, 6.16615, 6.16615, 6.16615, 38.3408364950449, 51.613213353571254, 67.15726993295785, 80.83646953090108, 87.25030439822758, 120.54882151444968, 37.904528331004386, 41.693348455348854, 71.12063218451895, 83.10362056784747, 74.50175126909075, 79.99191258356501, 67.76928700447863, 77.6453427412829, 90.68892467177679, 111.46633506377151, 105.89510208994966, 92.48908367546484]","[44.38847590777334, 46.01515173147856, 42.47140740915752, 28.90898431255458, 17.458194790887774, 10.046053822486712, 8.732794355776562, 10.09910809577309, 6.322864384319658, 7.857671700247806, 8.789581930871748, 7.2422626605025755, 67.39498421658001, 54.39197383202259, 24.412821891042285, 6.408173762507067, 6.983970904551916, 0.0, 0.0, 0.0, 0.0, 0.0, 0.0, 0.0, 0.0, 0.0, 0.0, 0.0, 0.0, 0.0, 32.174686495044895, 45.44706335357125, 60.99111993295785, 74.670319530901, 81.0841543982275, 114.38267151444967, 31.738378331004387, 35.52719845534885, 64.95448218451895, 76.9374705678475, 68.33560126909074, 73.82576258356501, 61.603137004478675, 71.47919274128287, 84.52277467177676, 105.3001850637715, 99.72895208994966, 86.32293367546484]","[44.38847590777334, 46.01515173147856, 42.47140740915752, 28.90898431255458, 17.458194790887774, 10.046053822486714, 8.732794355776578, 10.099108095773092, 6.322864384319658, 7.857671700247794, 8.78958193087175, 7.242262660502588, 67.39498421658001, 54.39197383202259, 24.412821891042285, 6.408173762507067, 6.983970904551915, 0.0, 0.0, 0.0, 0.0, 0.0, 0.0, 0.0, 0.0, 0.0, 0.0, 0.0, 0.0, 0.0, 32.174686495044895, 45.44706335357125, 60.991119932957844, 74.67031953090108, 81.08415439822758, 114.38267151444968, 31.738378331004384, 35.52719845534885, 64.95448218451895, 76.93747056784747, 68.33560126909074, 73.82576258356501, 61.603137004478626, 71.4791927412829, 84.52277467177679, 105.30018506377151, 99.72895208994966, 86.32293367546484]","[1.387139872117917, 1.437973491608705, 1.3272314815361725, 0.9034057597673306, 0.5455685872152429, 0.31393918195270976, 0.27289982361801757, 0.31559712799290907, 0.1975895120099893, 0.24555224063274395, 0.2746744353397421, 0.22632070814070548, 1.09585340189561, 0.8844223387320747, 0.39695645351288267, 0.1041979473578385, 0.11356050251303929, -0.1740653251104587, -0.6907678555885894, -0.5113157538430015, -0.705392757765023, -1.3605882395501236, -1.6111582665552793, -1.4554791834264127, -0.47444345723674974, -0.16578203489804189, -0.1824230218516485, -0.15893345107111667, -0.03522998481758588, -0.10897652381037659, 0.34783444859507995, 0.4913196038223919, 0.6593634587346795, 0.8072466976313621, 0.8765854529538109, 1.2365694217778342, 0.5160711923740551, 0.577678023664209, 1.0561704420246985, 1.2510157815910161, 1.1111479881152966, 1.200418903797805, 1.001677024463068, 1.1622632966062256, 1.3743540597036872, 1.7121981311182357, 1.621608977072352, 1.4036249378124364]","[0.0, 0.0, 0.0, 0.0, 0.0, 0.0, 0.0, 0.0, 0.0, 0.0, 0.0, 0.0, 0.0, 0.0, 0.0, 0.0, 0.0, 0.007940479868738137, 0.08524926502332186, 0.05564236038835024, 0.08309856822089423, 0.17122767420143759, 0.15344709631032694, 0.17919664059013884, 0.032799361138932115, 0.013946217302486241, 0.02235438378765342, 0.022067107198380453, 0.055153550863670686, 0.09618802143192418, 0.06395308883228479, 0.030136207716933594, 0.017350031043760872, 0.0, 0.0, 0.0, 0.0014089572237165893, 0.0, 0.0, 0.0, 0.0, 0.0, 0.0, 0.0, 0.0, 0.0, 0.0, 0.0]",5.8978649319722765,40.626001589717816,34.72813665774554,34.728136657745544,0.022732479398811473
33,SACLag,86,test_id,id_actual,not_applicable,0,,1429.5449922310129,,,,0.48870210023596883,0.010181293754916018,0.013512200210243464,0,0,True,,100086,policy,0,48,False,,,,"[10.696791252772393, 14.454094152945581, 11.12827736520699, 4.7510989178748275, 5.947330191805362, 14.995565055480425, 15.591001739928101, 14.768595002417726, 9.091284358224199, 8.643497965894055, 9.628282628093968, 11.59585618982963, 43.651798207648305, 51.77791787352093, 22.677109317139568, 6.16615, 6.16615, 6.16615, 6.16615, 6.16615, 6.16615, 6.16615, 6.16615, 6.16615, 6.16615, 20.747420073421644, 20.52923409143805, 6.16615, 6.16615, 6.16615, 26.7544783562194, 38.79401736645458, 53.472995727249426, 69.04174216218043, 77.6802681025974, 111.94284592887239, 27.71233650127021, 20.412728221634552, 59.67385713443768, 72.26829297394043, 64.03093089171021, 70.12907583947866, 58.64415722249606, 61.52675033639796, 55.8461334087844, 70.54028146270926, 66.92159750171778, 53.317398709220306]","[0.009280099999159575, 0.009645399870350957, 0.012248100014403462, 0.008946100017055869, 0.012966200010851026, 0.012053400045260787, 0.008259499911218882, 0.01256860001012683, 0.012298300163820386, 0.011728399898856878, 0.013512200210243464, 0.009244700195267797, 0.01083629997447133, 0.007369600003585219, 0.010122200008481741, 0.012189599918201566, 0.011289899935945868, 0.007925699930638075, 0.00781519990414381, 0.01310169999487698, 0.012519699987024069, 0.011764799943193793, 0.01242469996213913, 0.008269899990409613, 0.009383700089529157, 0.010856900131329894, 0.00961249996908009, 0.009201499866321683, 0.012091899989172816, 0.00799899990670383, 0.007855100091546774, 0.00863769999705255, 0.00808240007609129, 0.007521300110965967, 0.008634400088340044, 0.012089000083506107, 0.012176299933344126, 0.010587400058284402, 0.008278599940240383, 0.012089900206774473, 0.012979600112885237, 0.009207400027662516, 0.010494699934497476, 0.008337199920788407, 0.006869599921628833, 0.007270500063896179, 0.009985999902710319, 0.01007919991388917]",,,,,,,,,,,,,,,,,policy_baseline,formal/step7_33_policy_baselines_raw.csv,Oracle-H7,1582.3127158413124,-9.65471123886363,experiment_assets\policies\33\saclag,legacy_penalized_operating_cost,1429.5449922310129,282.9557748406595,1146.5892173903533,1146.5892173903533,"[1.1896729006406657, 2.3687837085758843, 3.5544391217627043, 4.7510989178748275, 5.947330191805362, 6.16615, 6.16615, 6.16615, 6.16615, 6.16615, 6.16615, 6.16615, 6.16615, 6.16615, 6.16615, 6.16615, 6.16615, 6.16615, 6.16615, 6.16615, 6.16615, 6.16615, 6.16615, 6.16615, 6.16615, 6.16615, 6.16615, 6.16615, 6.16615, 6.16615, 6.16615, 6.16615, 6.16615, 6.16615, 6.16615, 6.16615, 6.16615, 6.16615, 6.16615, 6.16615, 6.16615, 6.16615, 6.16615, 6.16615, 6.16615, 6.16615, 6.16615, 6.16615]","[10.696791252772393, 14.454094152945581, 11.12827736520699, 4.7510989178748275, 5.947330191805362, 14.995565055480425, 15.591001739928101, 14.768595002417726, 9.091284358224199, 8.643497965894055, 9.628282628093968, 11.59585618982963, 43.651798207648305, 51.77791787352093, 22.677109317139568, 6.16615, 6.16615, 6.16615, 6.16615, 6.16615, 6.16615, 6.16615, 6.16615, 6.16615, 6.16615, 20.747420073421644, 20.52923409143805, 6.16615, 6.16615, 6.16615, 26.7544783562194, 38.79401736645458, 53.472995727249426, 69.04174216218043, 77.6802681025974, 111.94284592887239, 27.71233650127021, 20.412728221634552, 59.67385713443768, 72.26829297394043, 64.03093089171021, 70.12907583947866, 58.64415722249606, 61.52675033639796, 55.8461334087844, 70.54028146270926, 66.92159750171778, 53.317398709220306]","[9.507118352131727, 12.085310444369696, 7.5738382434442855, 0.0, 0.0, 8.829415055480425, 9.424851739928087, 8.602445002417724, 2.9251343582241986, 2.4773479658940687, 3.4621326280939684, 5.429706189829616, 37.4856482076483, 45.61176787352093, 16.510959317139566, 0.0, 0.0, 0.0, 0.0, 0.0, 0.0, 0.0, 0.0, 0.0, 0.0, 14.581270073421642, 14.363084091438047, 0.0, 0.0, 0.0, 20.5883283562194, 32.62786736645458, 47.30684572724943, 62.87559216218035, 71.51411810259731, 105.77669592887239, 21.546186501270242, 14.24657822163455, 53.50770713443768, 66.10214297394046, 57.86478089171022, 63.96292583947866, 52.47800722249609, 55.36060033639794, 49.67998340878436, 64.37413146270926, 60.75544750171778, 47.15124870922031]","[9.507118352131727, 12.085310444369696, 7.573838243444286, 0.0, 0.0, 8.829415055480425, 9.424851739928101, 8.602445002417726, 2.9251343582241986, 2.4773479658940545, 3.4621326280939684, 5.429706189829631, 37.4856482076483, 45.611767873520925, 16.510959317139566, 0.0, 0.0, 0.0, 0.0, 0.0, 0.0, 0.0, 0.0, 0.0, 0.0, 14.581270073421644, 14.363084091438049, 0.0, 0.0, 0.0, 20.5883283562194, 32.62786736645458, 47.306845727249424, 62.875592162180425, 71.5141181025974, 105.77669592887239, 21.546186501270213, 14.246578221634552, 53.50770713443768, 66.10214297394043, 57.86478089171021, 63.96292583947866, 52.47800722249606, 55.36060033639796, 49.679983408784395, 64.37413146270926, 60.75544750171778, 47.151248709220305]","[0.29709744850411646, 0.377665951386553, 0.23668244510763392, -0.08759457030898155, -0.09129402299825617, 0.2759192204837633, 0.2945266168727527, 0.2688264063255539, 0.09141044869450621, 0.07741712393418965, 0.10819164462793651, 0.1696783184321755, 0.6095227350837122, 0.7416547621710721, 0.26847088320552137, -0.015654804440973447, -0.0021786027947934272, -0.22411827671609297, -0.2841308375951348, -0.11225360758306024, -0.2691714705877648, -0.8640236244991395, -1.1351567749491456, -0.9558785884123555, -0.0737113663316622, 0.15763535214509883, 0.15527658477230322, -0.08567138116307937, -0.05718148047814253, -0.07586926590858045, 0.22257652276993944, 0.3527337012589684, 0.5114253592135074, 0.6797361314830308, 0.7731256011091601, 1.1435318478797014, 0.3503444959556137, 0.23165167840056178, 0.8700440184461411, 1.0748315930722026, 0.9408907462066702, 1.0400475746256692, 0.8533009304470909, 0.9001723631934624, 0.8078046082729164, 1.0467338449221018, 0.9878934553124843, 0.7666869708816311]","[0.0, 0.0, 0.0, 0.0, 0.0, 0.0, 0.0, 0.0, 0.0, 0.0, 0.0, 0.0, 0.0, 0.0, 0.0, 0.0, 0.0, 0.0, 0.0, 0.0, 0.0, 0.0, 0.0, 0.0, 0.0, 0.0, 0.0, 0.0, 0.0, 0.0, 0.0, 0.0, 0.0, 0.0, 0.0, 0.0, 0.0, 0.0, 0.0, 0.0, 0.0, 0.0, 0.0, 0.0, 0.0, 0.0, 0.0, 0.0]",5.894911975847073,29.7821873381461,23.887275362299025,23.887275362299025,0.0
33,SAC,87,test_id,id_actual,not_applicable,0,,1429.9186457937822,,,,0.3564950008876622,0.007426979185159628,0.01246060011908412,0,0,True,,100087,policy,0,48,False,,,,"[16.00481770452664, 13.61434329866972, 3.5609115398630085, 4.725585398272571, 5.892871652181832, 11.626884090825085, 13.478057245366598, 11.746992776119368, 12.583478054502024, 12.831055921744364, 13.564009710972213, 14.729467581730828, 44.76355649489084, 51.341125107479726, 20.28552245414294, 12.279528494562264, 6.16615, 6.16615, 6.16615, 6.16615, 6.16615, 6.16615, 6.16615, 6.16615, 6.16615, 6.16615, 7.550621846064655, 6.16615, 6.16615, 6.16615, 31.25616860533662, 53.69969472171785, 71.8673982747266, 64.20856754251302, 93.70184825021006, 78.45915148945618, 33.8387644465938, 42.177858808331024, 70.38867188354854, 60.8532457043309, 68.70381325115316, 56.844389418026445, 49.660577651968104, 67.61765558861751, 54.6061358504041, 56.98346574882515, 59.57678627629267, 64.73567290981576]","[0.006680099992081523, 0.007692599901929498, 0.0075708001386374235, 0.009207500144839287, 0.008191299857571721, 0.009813300101086497, 0.007777499966323376, 0.008302800124511123, 0.00737829995341599, 0.007180199958384037, 0.011203099973499775, 0.006862899987027049, 0.006012000143527985, 0.005916699999943376, 0.006167100043967366, 0.01032260013744235, 0.007113599916920066, 0.008245500037446618, 0.0062108999118208885, 0.00962010002695024, 0.00710600009188056, 0.006777400150895119, 0.006427000043913722, 0.00955520011484623, 0.00655180006287992, 0.006450100103393197, 0.008290300145745277, 0.0068652997724711895, 0.007055100053548813, 0.009224699810147285, 0.0067229000851511955, 0.007961200084537268, 0.01246060011908412, 0.0069154000375419855, 0.006539599969983101, 0.006012700032442808, 0.008725699968636036, 0.006790099898353219, 0.007171600125730038, 0.00581840006634593, 0.00566849997267127, 0.006597799947485328, 0.0069235998671501875, 0.00617980002425611, 0.0066831998992711306, 0.0059263999573886395, 0.006071900017559528, 0.005553800147026777]",,,,,,,,,,,,,,,,,policy_baseline,formal/step7_33_policy_baselines_raw.csv,Oracle-H7,1620.4315238522377,-11.756922477387437,experiment_assets\policies\33\sac,legacy_penalized_operating_cost,1429.9186457937822,282.9262836660907,1146.9923621276916,1146.9923621276914,"[1.2041180963996918, 2.3983469793735117, 3.5609115398630085, 4.725585398272571, 5.892871652181832, 6.16615, 6.16615, 6.16615, 6.16615, 6.16615, 6.16615, 6.16615, 6.16615, 6.16615, 6.16615, 6.16615, 6.16615, 6.16615, 6.16615, 6.16615, 6.16615, 6.16615, 6.16615, 6.16615, 6.16615, 6.16615, 6.16615, 6.16615, 6.16615, 6.16615, 6.16615, 6.16615, 6.16615, 6.16615, 6.16615, 6.16615, 6.16615, 6.16615, 6.16615, 6.16615, 6.16615, 6.16615, 6.16615, 6.16615, 6.16615, 6.16615, 6.16615, 6.16615]","[16.00481770452664, 13.61434329866972, 3.5609115398630085, 4.725585398272571, 5.892871652181832, 11.626884090825085, 13.478057245366598, 11.746992776119368, 12.583478054502024, 12.831055921744364, 13.564009710972213, 14.729467581730828, 44.76355649489084, 51.341125107479726, 20.28552245414294, 12.279528494562264, 6.16615, 6.16615, 6.16615, 6.16615, 6.16615, 6.16615, 6.16615, 6.16615, 6.16615, 6.16615, 7.550621846064655, 6.16615, 6.16615, 6.16615, 31.25616860533662, 53.69969472171785, 71.8673982747266, 64.20856754251302, 93.70184825021006, 78.45915148945618, 33.8387644465938, 42.177858808331024, 70.38867188354854, 60.8532457043309, 68.70381325115316, 56.844389418026445, 49.660577651968104, 67.61765558861751, 54.6061358504041, 56.98346574882515, 59.57678627629267, 64.73567290981576]","[14.800699608126948, 11.21599631929621, 0.0, 0.0, 0.0, 5.4607340908250706, 7.311907245366598, 5.580842776119368, 6.417328054502022, 6.664905921744349, 7.397859710972213, 8.563317581730814, 38.59740649489084, 45.174975107479725, 14.119372454142965, 6.113378494562264, 0.0, 0.0, 0.0, 0.0, 0.0, 0.0, 0.0, 0.0, 0.0, 0.0, 1.3844718460646543, 0.0, 0.0, 0.0, 25.09001860533662, 47.53354472171793, 65.7012482747266, 58.04241754251303, 87.53569825021015, 72.29300148945617, 27.672614446593798, 36.01170880833102, 64.22252188354854, 54.68709570433093, 62.537663251153134, 50.67823941802644, 43.49442765196813, 61.45150558861751, 48.439985850404106, 50.817315748825145, 53.41063627629267, 58.56952290981576]","[14.80069960812695, 11.215996319296208, 0.0, 0.0, 0.0, 5.460734090825085, 7.311907245366598, 5.580842776119368, 6.417328054502024, 6.664905921744364, 7.397859710972213, 8.563317581730828, 38.59740649489084, 45.174975107479725, 14.119372454142939, 6.113378494562264, 0.0, 0.0, 0.0, 0.0, 0.0, 0.0, 0.0, 0.0, 0.0, 0.0, 1.3844718460646552, 0.0, 0.0, 0.0, 25.090018605336617, 47.533544721717846, 65.7012482747266, 58.04241754251302, 87.53569825021006, 72.29300148945617, 27.672614446593798, 36.01170880833102, 64.22252188354854, 54.6870957043309, 62.53766325115316, 50.67823941802644, 43.4944276519681, 61.45150558861751, 48.4399858504041, 50.817315748825145, 53.41063627629267, 58.56952290981576]","[0.4625218627539671, 0.35049988497800655, -0.08263511668818602, -0.09995425370335909, -0.02216007347032134, 0.17064794033828345, 0.22849710141770618, 0.17440133675373026, 0.20054150170318819, 0.20827831005451092, 0.23118311596788166, 0.26760367442908795, 0.6276001056079812, 0.7345524407720281, 0.229583291937284, 0.09940452836686609, -0.08118244163972177, -0.005502471759238237, -0.01896211879103138, -0.10717721756770082, -0.46891714426506503, -0.5120677365960971, -0.6776591049911764, -0.6653776431717979, -0.2855529481070258, -0.065557135266471, 0.014967263200698966, -0.09841472024809583, -0.1214520458891899, -0.014149149578571496, 0.27124344438201753, 0.5138761591537073, 0.7102837651321794, 0.6274855950541949, 0.9463318729752448, 0.7815459620481748, 0.4499612105137203, 0.5855562407858703, 1.0442686485129844, 0.8892210683631045, 1.0168725731894819, 0.824036413301243, 0.7072264658856606, 0.9992114729856505, 0.7876420463480343, 0.8262978170540674, 0.8684656305088239, 0.9523499660132644]","[0.0, 0.0, 0.0, 0.0, 0.0, 0.0, 0.0, 0.0, 0.0, 0.0, 0.0, 0.0, 0.0, 0.0, 0.0, 0.0, 0.0, 0.0, 0.0, 0.0, 0.043314711602305156, 0.048722493995678295, 0.07297931665458668, 0.05923993594711985, 0.003272300223470692, 0.0, 0.0, 0.0, 0.0, 0.0, 0.0, 0.0, 0.0, 0.0, 0.0, 0.0, 0.0, 0.0, 0.0, 0.0, 0.0, 0.0, 0.0, 0.0, 0.0, 0.0, 0.0, 0.0]",5.894297576376889,29.78997178737046,23.895674210993576,23.895674210993572,0.00474018246714918
33,SAC-ICNN,87,test_id,id_actual,not_applicable,0,,1966.9136319906224,,,,0.3286620997823775,0.006847127078799531,0.011882299790158868,0,0,True,,100087,policy,0,48,False,,,,"[51.462611534284044, 49.556229117145456, 35.769102725869644, 32.290978660231794, 22.517456590272886, 18.138835316995355, 13.215432856470668, 14.411022534486973, 17.56543384009028, 13.586520240283859, 20.09410598529516, 16.82468984723039, 72.81827808418747, 59.17515745664515, 27.650264387549583, 19.537504868587547, 6.16615, 6.16615, 6.16615, 6.16615, 6.16615, 6.16615, 6.16615, 6.16615, 6.16615, 6.16615, 6.16615, 6.16615, 6.16615, 13.82200395773198, 41.7292563969644, 66.07161232999474, 84.79888419454025, 76.55315615269181, 105.16563058018356, 88.14812592943785, 39.529953879903466, 55.61775120519036, 80.65948305801004, 71.00530509117789, 78.78752789240967, 65.90739895672164, 58.385570443969684, 97.37549216840064, 81.71035835388528, 91.97061987969825, 99.46295857977883, 105.4389688943058]","[0.0059467998798936605, 0.00600660010240972, 0.007000199984759092, 0.009430200094357133, 0.005870599998161197, 0.006585099967196584, 0.007248100126162171, 0.006610099924728274, 0.008057599887251854, 0.006474300054833293, 0.005910699954256415, 0.006882200017571449, 0.011882299790158868, 0.007005700143054128, 0.006421099882572889, 0.006059200037270784, 0.009185400092974305, 0.006727499887347221, 0.0071702999994158745, 0.006273400038480759, 0.006363000022247434, 0.007098100148141384, 0.006344200111925602, 0.006071100011467934, 0.006491699954494834, 0.007463600020855665, 0.006684599909931421, 0.005998400039970875, 0.007070599822327495, 0.0064344999846071005, 0.008324500173330307, 0.006566100055351853, 0.006492499960586429, 0.005893999943509698, 0.005966000026091933, 0.007004099898040295, 0.007137099979445338, 0.006176199996843934, 0.006927999900653958, 0.006520499940961599, 0.006771699991077185, 0.006512500112876296, 0.006832800107076764, 0.006900500040501356, 0.006735099945217371, 0.006026299903169274, 0.00598559994250536, 0.007121399976313114]",,,,,,,,,,,,,,,,,policy_baseline,formal/step7_33_policy_baselines_raw.csv,Oracle-H7,1620.4315238522377,21.382088847216195,experiment_assets\policies\33\sac_icnn,legacy_penalized_operating_cost,1966.9136319906224,283.09827418289717,1683.8153578077251,1683.8153578077251,"[1.1928946617668823, 2.387916384023891, 3.5874866326709562, 4.790830478454061, 5.994696025981371, 6.16615, 6.16615, 6.16615, 6.16615, 6.16615, 6.16615, 6.16615, 6.16615, 6.16615, 6.16615, 6.16615, 6.16615, 6.16615, 6.16615, 6.16615, 6.16615, 6.16615, 6.16615, 6.16615, 6.16615, 6.16615, 6.16615, 6.16615, 6.16615, 6.16615, 6.16615, 6.16615, 6.16615, 6.16615, 6.16615, 6.16615, 6.16615, 6.16615, 6.16615, 6.16615, 6.16615, 6.16615, 6.16615, 6.16615, 6.16615, 6.16615, 6.16615, 6.16615]","[51.462611534284044, 49.556229117145456, 35.769102725869644, 32.290978660231794, 22.517456590272886, 18.138835316995355, 13.215432856470668, 14.411022534486973, 17.56543384009028, 13.586520240283859, 20.09410598529516, 16.82468984723039, 72.81827808418747, 59.17515745664515, 27.650264387549583, 19.537504868587547, 6.16615, 6.16615, 6.16615, 6.16615, 6.16615, 6.16615, 6.16615, 6.16615, 6.16615, 6.16615, 6.16615, 6.16615, 6.16615, 13.82200395773198, 41.7292563969644, 66.07161232999474, 84.79888419454025, 76.55315615269181, 105.16563058018356, 88.14812592943785, 39.529953879903466, 55.61775120519036, 80.65948305801004, 71.00530509117789, 78.78752789240967, 65.90739895672164, 58.385570443969684, 97.37549216840064, 81.71035835388528, 91.97061987969825, 99.46295857977883, 105.4389688943058]","[50.26971687251715, 47.16831273312157, 32.181616093198684, 27.500148181777746, 16.52276056429153, 11.972685316995339, 7.049282856470668, 8.244872534486973, 11.399283840090277, 7.4203702402838445, 13.927955985295156, 10.658539847230372, 66.65212808418747, 53.00900745664515, 21.48411438754961, 13.371354868587545, 0.0, 0.0, 0.0, 0.0, 0.0, 0.0, 0.0, 0.0, 0.0, 0.0, 0.0, 0.0, 0.0, 7.655853957731898, 35.5631063969644, 59.90546232999481, 78.63273419454025, 70.38700615269181, 98.99948058018363, 81.98197592943785, 33.363803879903465, 49.45160120519036, 74.49333305801004, 64.83915509117791, 72.62137789240964, 59.741248956721634, 52.219420443969724, 91.20934216840064, 75.54420835388528, 85.80446987969825, 93.29680857977883, 99.2728188943058]","[50.26971687251716, 47.16831273312157, 32.181616093198684, 27.500148181777732, 16.522760564291517, 11.972685316995355, 7.049282856470668, 8.244872534486973, 11.399283840090279, 7.420370240283859, 13.927955985295158, 10.658539847230388, 66.65212808418747, 53.00900745664515, 21.48411438754958, 13.371354868587547, 0.0, 0.0, 0.0, 0.0, 0.0, 0.0, 0.0, 0.0, 0.0, 0.0, 0.0, 0.0, 0.0, 7.6558539577319795, 35.5631063969644, 59.905462329994734, 78.63273419454025, 70.38700615269181, 98.99948058018356, 81.98197592943785, 33.363803879903465, 49.45160120519036, 74.49333305801004, 64.83915509117789, 72.62137789240967, 59.741248956721634, 52.21942044396968, 91.20934216840064, 75.54420835388528, 85.80446987969825, 93.29680857977883, 99.2728188943058]","[1.570928652266161, 1.474009772910049, 1.0056755029124589, 0.8593796306805546, 0.5163362676341103, 0.37414641615610433, 0.2202900892647084, 0.2576522667027179, 0.35622762000282115, 0.23188657000887014, 0.43524862454047364, 0.33307937022594913, 1.083774440393292, 0.8619350805958561, 0.3493351932934896, 0.21742040436727716, -0.03263979576302356, -0.2737623623770209, -0.360000177765738, -0.5118104434903379, -0.9286396824555738, -0.9732435820135112, -1.1354888011936812, -1.1178097970293628, -0.6912995628910288, -0.38310601456614535, -0.1787707957164839, -0.04589800363232932, -0.013433074532453126, 0.08276598873223673, 0.3844660151023178, 0.6476266197837277, 0.8500836129139486, 0.7609406070561278, 1.070264654920904, 0.8862916316695983, 0.5425008760959913, 0.8040910765071603, 1.2112737082603258, 1.0542952047346001, 1.1808354128847096, 0.9714024220605144, 0.8490962673816216, 1.483078734445539, 1.228361111445289, 1.3951946321902153, 1.517021277719981, 1.6141921771431837]","[0.0, 0.0, 0.0, 0.0, 0.0, 0.0, 0.0, 0.0, 0.0, 0.0, 0.0, 0.0, 0.0, 0.0, 0.0, 0.0, 0.0008067369349571418, 0.015516283109854534, 0.02867399288872252, 0.04907166950660158, 0.12716406600814345, 0.13703287598481473, 0.1503256217128841, 0.1339175397593888, 0.030706907411502726, 0.028971928883278375, 0.018358871794449616, 0.02752993245397417, 0.05389277100402956, 0.08454261367430305, 0.06483700652616431, 0.03252200070344613, 0.009887546376378564, 0.0015913708441317453, 0.0, 0.0, 0.0014878376057081422, 0.0, 0.0, 0.0, 0.0, 0.0, 0.0, 0.0, 0.0, 0.0, 0.0, 0.0]",5.897880712143691,40.97736733313797,35.079486620994274,35.079486620994274,0.020767449441306943
33,SACLag,87,test_id,id_actual,not_applicable,0,,1427.1162111738295,,,,0.31256760004907846,0.006511825001022468,0.00995950005017221,0,0,True,,100087,policy,0,48,False,,,,"[16.268240847087842, 15.827417550041693, 3.5610129080221458, 4.755658255353338, 5.949752366296786, 20.010236725139762, 14.157772025017975, 9.417037986678976, 13.201339283899681, 10.519791119858395, 15.301718467272718, 13.968332826985613, 40.58688089265871, 50.61052385512227, 19.79077816879918, 12.012643126052586, 6.16615, 6.16615, 6.16615, 6.16615, 6.16615, 6.16615, 6.16615, 6.16615, 6.16615, 6.52265967168924, 11.011936278824356, 6.16615, 6.16615, 6.16615, 30.224999934659895, 52.66330790131145, 71.02946744337085, 63.705376835281335, 94.42778698181158, 79.24062531840883, 29.5835086892742, 42.269648080130295, 70.05000567431061, 60.60624504601191, 68.28275886630155, 56.42429750879955, 49.368473070050825, 67.30127787877524, 54.28101585057895, 56.700957195250865, 59.1697887041439, 64.31913784055638]","[0.00694409990683198, 0.006055200006812811, 0.006447100080549717, 0.005913999862968922, 0.006102900020778179, 0.0056911001447588205, 0.0058287999127060175, 0.008251999970525503, 0.006026399787515402, 0.005710900062695146, 0.006646099966019392, 0.006074200151488185, 0.0073176000732928514, 0.0059263999573886395, 0.00621100002899766, 0.00571269984357059, 0.005765900015830994, 0.007962499978020787, 0.006484299898147583, 0.0074708000756800175, 0.006196000147610903, 0.005723800044506788, 0.008015999803319573, 0.00734569993801415, 0.006105700042098761, 0.006775300018489361, 0.005766299786046147, 0.006231900071725249, 0.005751000018790364, 0.0062414000276476145, 0.006206900114193559, 0.006257300032302737, 0.00995950005017221, 0.006851100130006671, 0.006136999931186438, 0.006777100032195449, 0.006255599902942777, 0.006207200000062585, 0.006024700123816729, 0.006192400120198727, 0.0064570000395178795, 0.006199200171977282, 0.006711999885737896, 0.005785399815067649, 0.00563559983856976, 0.006168600171804428, 0.006633500102907419, 0.009410399943590164]",,,,,,,,,,,,,,,,,policy_baseline,formal/step7_33_policy_baselines_raw.csv,Oracle-H7,1620.4315238522377,-11.929866201247515,experiment_assets\policies\33\saclag,legacy_penalized_operating_cost,1427.1162111738295,282.97659633872064,1144.1396148351091,1144.139614835109,"[1.192715548441486, 2.3730072606068573, 3.5610129080221458, 4.755658255353338, 5.949752366296786, 6.16615, 6.16615, 6.16615, 6.16615, 6.16615, 6.16615, 6.16615, 6.16615, 6.16615, 6.16615, 6.16615, 6.16615, 6.16615, 6.16615, 6.16615, 6.16615, 6.16615, 6.16615, 6.16615, 6.16615, 6.16615, 6.16615, 6.16615, 6.16615, 6.16615, 6.16615, 6.16615, 6.16615, 6.16615, 6.16615, 6.16615, 6.16615, 6.16615, 6.16615, 6.16615, 6.16615, 6.16615, 6.16615, 6.16615, 6.16615, 6.16615, 6.16615, 6.16615]","[16.268240847087842, 15.827417550041693, 3.5610129080221458, 4.755658255353338, 5.949752366296786, 20.010236725139762, 14.157772025017975, 9.417037986678976, 13.201339283899681, 10.519791119858395, 15.301718467272718, 13.968332826985613, 40.58688089265871, 50.61052385512227, 19.79077816879918, 12.012643126052586, 6.16615, 6.16615, 6.16615, 6.16615, 6.16615, 6.16615, 6.16615, 6.16615, 6.16615, 6.52265967168924, 11.011936278824356, 6.16615, 6.16615, 6.16615, 30.224999934659895, 52.66330790131145, 71.02946744337085, 63.705376835281335, 94.42778698181158, 79.24062531840883, 29.5835086892742, 42.269648080130295, 70.05000567431061, 60.60624504601191, 68.28275886630155, 56.42429750879955, 49.368473070050825, 67.30127787877524, 54.28101585057895, 56.700957195250865, 59.1697887041439, 64.31913784055638]","[15.075525298646355, 13.454410289434833, 0.0, 0.0, 0.0, 13.844086725139746, 7.991622025017975, 3.2508879866789755, 7.035189283899683, 4.353641119858381, 9.13556846727272, 7.8021828269856, 34.42073089265871, 44.444373855122265, 13.624628168799209, 5.846493126052586, 0.0, 0.0, 0.0, 0.0, 0.0, 0.0, 0.0, 0.0, 0.0, 0.35650967168915804, 4.845786278824356, 0.0, 0.0, 0.0, 24.058849934659897, 46.49715790131154, 64.86331744337085, 57.53922683528133, 88.26163698181166, 73.07447531840883, 23.417358689274206, 36.103498080130294, 63.88385567431061, 54.44009504601193, 62.11660886630152, 50.258147508799546, 43.20232307005085, 61.13512787877524, 48.11486585057895, 50.53480719525087, 53.003638704143896, 58.15298784055638]","[15.075525298646356, 13.454410289434836, 0.0, 0.0, 0.0, 13.844086725139762, 7.991622025017975, 3.2508879866789755, 7.0351892838996815, 4.353641119858395, 9.135568467272718, 7.802182826985613, 34.42073089265871, 44.444373855122265, 13.624628168799179, 5.846493126052586, 0.0, 0.0, 0.0, 0.0, 0.0, 0.0, 0.0, 0.0, 0.0, 0.3565096716892402, 4.845786278824356, 0.0, 0.0, 0.0, 24.058849934659897, 46.497157901311446, 64.86331744337085, 57.53922683528133, 88.26163698181158, 73.07447531840883, 23.417358689274202, 36.103498080130294, 63.88385567431061, 54.440095046011905, 62.11660886630155, 50.258147508799546, 43.202323070050824, 61.135127878775236, 48.11486585057895, 50.53480719525086, 53.003638704143896, 58.15298784055638]","[0.4711101655826986, 0.4204503215448385, -0.07866696442545251, -0.165316291321568, -0.08564427633173066, 0.4326277101606171, 0.2497381882818117, 0.10159024958371798, 0.2198496651218651, 0.1360512849955744, 0.2854865146022725, 0.2438182133433, 0.5596866811814425, 0.7226727456117441, 0.22153866941136924, 0.09506492887890383, -0.14507042206951537, -0.081409052593858, -0.013947418908374143, -0.10604161184497096, -0.4717638554309955, -0.501353506011851, -0.6468379551446231, -0.6331607319614081, -0.2820459407869116, 0.0038541586128557626, 0.05238687868999303, -0.12503164043592996, -0.08450705770682276, -0.02122397112993024, 0.2600956749692962, 0.5026719773114761, 0.7012250534418469, 0.622045695516555, 0.9541798592628288, 0.789994327766582, 0.38077005998819846, 0.5870487492704113, 1.0387618808830994, 0.885204797496129, 1.010026160427667, 0.8172056505495862, 0.7024767978870057, 0.9940671199800852, 0.7823555422858366, 0.8217041820365996, 0.8618477838072178, 0.9455770380578272]","[0.0, 0.0, 0.0, 0.0, 0.0, 0.0, 0.0, 0.0, 0.0, 0.0, 0.0, 0.0, 0.0, 0.0, 0.0, 0.0, 0.0, 0.0, 0.0, 0.0, 0.0, 0.0, 0.0, 0.0, 0.0, 0.0, 0.0, 0.0, 0.0, 0.0, 0.0, 0.0, 0.0, 0.0, 0.0, 0.0, 0.0, 0.0, 0.0, 0.0, 0.0, 0.0, 0.0, 0.0, 0.0, 0.0, 0.0, 0.0]",5.89534575705668,29.731587732788114,23.83624197573144,23.836241975731436,0.0
33,SAC,88,test_id,id_actual,not_applicable,0,,1423.8395396777992,,,,0.3360198007430881,0.007000412515481003,0.011795700062066317,0,0,True,,100088,policy,0,48,False,,,,"[19.493944847602744, 3.8468021512090638, 6.541529709388408, 5.28029951035491, 8.173057348868074, 12.564570330308698, 15.08290984324884, 15.26849554910572, 14.54072656208791, 12.32021848759612, 12.541389459637625, 14.452669229852699, 40.32977631966371, 52.390441984311806, 22.768699613575414, 11.558932051699593, 6.16615, 6.16615, 6.16615, 6.16615, 6.16615, 6.16615, 6.16615, 6.16615, 6.16615, 6.16615, 8.972107111660382, 14.008838152216473, 6.16615, 11.73375254212888, 6.16615, 47.44776269727262, 61.36243086446026, 69.45946776763502, 77.54091674020276, 80.38704180381843, 28.8643029722498, 44.491281543350894, 63.68353940765522, 59.03806854503527, 77.41041041448048, 72.03583883952409, 69.10406250908969, 50.980519746393085, 53.23107334110194, 62.886830427318465, 67.58305990447097, 62.469971349223044]","[0.006362699903547764, 0.006006500218063593, 0.00690750009380281, 0.008188700070604682, 0.006243400042876601, 0.005872099893167615, 0.006225300021469593, 0.006249499972909689, 0.007165599847212434, 0.005908899940550327, 0.006052899872884154, 0.007007200038060546, 0.007045999867841601, 0.008526100078597665, 0.005971699953079224, 0.006130099995061755, 0.0071409998927265406, 0.008901500143110752, 0.006517599802464247, 0.006536000175401568, 0.006417999975383282, 0.006444100057706237, 0.006896199891343713, 0.006329100113362074, 0.007189899915829301, 0.006688300054520369, 0.005935100140050054, 0.006523800082504749, 0.006168300053104758, 0.006420799996703863, 0.008003300055861473, 0.005986399948596954, 0.009591100038960576, 0.006103399908170104, 0.0061957999132573605, 0.0068332001101225615, 0.008186800172552466, 0.009570300113409758, 0.011795700062066317, 0.007663500029593706, 0.006867400137707591, 0.008286699885502458, 0.006986200110986829, 0.007578100077807903, 0.006232299841940403, 0.0059871000703424215, 0.0063361001666635275, 0.007842499995604157]",,,,,,,,,,,,,,,,,policy_baseline,formal/step7_33_policy_baselines_raw.csv,Oracle-H7,1567.2800929463942,-9.152196465338577,experiment_assets\policies\33\sac,legacy_penalized_operating_cost,1423.8395396777992,282.9176075857979,1140.921932092001,1140.921932092001,"[1.201996737656439, 2.3857200406763353, 3.561074802141386, 4.725731249767778, 5.898634755555922, 6.16615, 6.16615, 6.16615, 6.16615, 6.16615, 6.16615, 6.16615, 6.16615, 6.16615, 6.16615, 6.16615, 6.16615, 6.16615, 6.16615, 6.16615, 6.16615, 6.16615, 6.16615, 6.16615, 6.16615, 6.16615, 6.16615, 6.16615, 6.16615, 6.16615, 6.16615, 6.16615, 6.16615, 6.16615, 6.16615, 6.16615, 6.16615, 6.16615, 6.16615, 6.16615, 6.16615, 6.16615, 6.16615, 6.16615, 6.16615, 6.16615, 6.16615, 6.16615]","[19.493944847602744, 3.8468021512090638, 6.541529709388408, 5.28029951035491, 8.173057348868074, 12.564570330308698, 15.08290984324884, 15.26849554910572, 14.54072656208791, 12.32021848759612, 12.541389459637625, 14.452669229852699, 40.32977631966371, 52.390441984311806, 22.768699613575414, 11.558932051699593, 6.16615, 6.16615, 6.16615, 6.16615, 6.16615, 6.16615, 6.16615, 6.16615, 6.16615, 6.16615, 8.972107111660382, 14.008838152216473, 6.16615, 11.73375254212888, 6.16615, 47.44776269727262, 61.36243086446026, 69.45946776763502, 77.54091674020276, 80.38704180381843, 28.8643029722498, 44.491281543350894, 63.68353940765522, 59.03806854503527, 77.41041041448048, 72.03583883952409, 69.10406250908969, 50.980519746393085, 53.23107334110194, 62.886830427318465, 67.58305990447097, 62.469971349223044]","[18.29194810994629, 1.4610821105327432, 2.9804549072470223, 0.554568260587132, 2.2744225933121527, 6.398420330308696, 8.916759843248826, 9.10234554910572, 8.37457656208791, 6.1540684875961205, 6.375239459637626, 8.2865192298527, 34.163626319663706, 46.224291984311826, 16.602549613575412, 5.392782051699564, 0.0, 0.0, 0.0, 0.0, 0.0, 0.0, 0.0, 0.0, 0.0, 0.0, 2.8059571116604642, 7.842688152216475, 0.0, 5.5676025421288795, 0.0, 41.28161269727262, 55.19628086446026, 63.29331776763502, 71.37476674020276, 74.22089180381835, 22.698152972249833, 38.32513154335089, 57.51738940765525, 52.87191854503527, 71.24426041448051, 65.86968883952409, 62.937912509089685, 44.81436974639308, 47.06492334110191, 56.720680427318435, 61.41690990447097, 56.303821349223014]","[18.291948109946304, 1.4610821105327285, 2.9804549072470223, 0.554568260587132, 2.274422593312152, 6.3984203303086975, 8.91675984324884, 9.10234554910572, 8.37457656208791, 6.1540684875961205, 6.3752394596376245, 8.286519229852699, 34.163626319663706, 46.224291984311805, 16.602549613575412, 5.392782051699593, 0.0, 0.0, 0.0, 0.0, 0.0, 0.0, 0.0, 0.0, 0.0, 0.0, 2.8059571116603816, 7.842688152216473, 0.0, 5.5676025421288795, 0.0, 41.28161269727262, 55.196280864460256, 63.29331776763502, 71.37476674020276, 74.22089180381843, 22.6981529722498, 38.32513154335089, 57.517389407655216, 52.87191854503527, 71.24426041448048, 65.86968883952409, 62.937912509089685, 44.81436974639308, 47.06492334110194, 56.72068042731846, 61.41690990447097, 56.30382134922304]","[0.5716233784358216, 0.045658815954148224, 0.09313921585146945, 0.017330258143347876, 0.07107570604100477, 0.19995063532214674, 0.2786487451015258, 0.28444829840955377, 0.2617055175652472, 0.19231464023737876, 0.19922623311367582, 0.2589537259328969, 0.5555061190189221, 0.7516145038099484, 0.2699601563182994, 0.08768751303576527, -0.003312998361281405, -0.023923705961322206, -0.11787546448170438, -0.4189641085998792, -0.4178596233805809, -0.6540199626834817, -0.7642584791579918, -1.086434105395409, -0.007068096805801005, -0.055654544875026524, 0.030334671477410424, 0.08478581786179973, -0.08489652912028056, 0.06019029775274465, -0.04783952960507065, 0.4462877048353797, 0.5967165498860569, 0.6842520839744326, 0.771619099894084, 0.8023880195007389, 0.36907565808536313, 0.6231728706235917, 0.9352421041895163, 0.8597059926021995, 1.1584432587720408, 1.0710518510491722, 1.0233806912047103, 0.7286889389657412, 0.7652833063593807, 0.9222874866230639, 0.9986489415361133, 0.9155092902312685]","[0.0, 0.0, 0.0, 0.0, 0.0, 0.0, 0.0, 0.0, 0.0, 0.0, 0.0, 0.0, 0.0, 0.0, 0.0, 0.0, 0.0, 0.0, 0.0, 0.03443941155911978, 0.035921969973983225, 0.06831197708919601, 0.055889287896838, 0.0779939192889938, 0.0, 0.0, 0.0, 0.0, 0.0, 0.0, 0.0, 0.0, 0.0, 0.0, 0.0, 0.0, 0.0, 0.0, 0.0, 0.0, 0.0, 0.0, 0.0, 0.0, 0.0, 0.0, 0.0, 0.0]",5.894116824704123,29.66332374328748,23.769206918583354,23.769206918583354,0.005678261787669392
33,SAC-ICNN,88,test_id,id_actual,not_applicable,0,,1940.706972657138,,,,0.32381209917366505,0.006746085399451355,0.009963100077584386,0,0,True,,100088,policy,0,48,False,,,,"[55.04859017697347, 39.437683803898906, 41.78950902514155, 37.90599751461869, 29.12162086574862, 15.682282353209926, 18.97129603501432, 19.390550891036398, 13.895746253476956, 10.79664784823879, 17.426544827636718, 16.835836986944585, 70.26532902812691, 60.42923806062952, 30.059863003509818, 18.747443615296625, 13.045663825785592, 6.16615, 6.16615, 6.16615, 6.16615, 6.16615, 6.16615, 6.16615, 6.16615, 6.16615, 6.16615, 6.16615, 6.16615, 21.031840839573633, 9.271799039937177, 59.685578448987165, 73.8825244344229, 80.78480064233668, 87.88380166787142, 90.09669009796023, 35.76465654448474, 50.25645224163361, 73.60590245002723, 68.75357102327084, 87.90564936128013, 81.74684662825604, 78.18334691683546, 59.41387940781517, 86.46405009105484, 103.55802224211233, 108.6333285563188, 100.94058790767252]","[0.006175199989229441, 0.006272900151088834, 0.006419399986043572, 0.006159599870443344, 0.00683770002797246, 0.006097299978137016, 0.006090800045058131, 0.007821300067007542, 0.006253700004890561, 0.0060901998076587915, 0.0063575999811291695, 0.007442399859428406, 0.006310499971732497, 0.00630880007520318, 0.006310199853032827, 0.006078499834984541, 0.007335199974477291, 0.006585999857634306, 0.0065095999743789434, 0.00763630005531013, 0.007066499907523394, 0.0068506000097841024, 0.006153900176286697, 0.007234199903905392, 0.006780900061130524, 0.00658869999460876, 0.009383799973875284, 0.00715589988976717, 0.006052500102669001, 0.009963100077584386, 0.007119599962607026, 0.006407199893146753, 0.006686499807983637, 0.006763100158423185, 0.006378199905157089, 0.007809600094333291, 0.006409300025552511, 0.006124499952420592, 0.007334500085562468, 0.00635170005261898, 0.006055899895727634, 0.005953100044280291, 0.006394400028511882, 0.0077794999815523624, 0.006789800012484193, 0.005816799821332097, 0.005940600065514445, 0.007374499924480915]",,,,,,,,,,,,,,,,,policy_baseline,formal/step7_33_policy_baselines_raw.csv,Oracle-H7,1567.2800929463942,23.82642907233788,experiment_assets\policies\33\sac_icnn,legacy_penalized_operating_cost,1940.706972657138,283.08294957115095,1657.6240230859871,1657.6240230859876,"[1.1889634297545753, 2.3868041364862433, 3.585879367697942, 4.787075669620335, 5.989776967591805, 6.16615, 6.16615, 6.16615, 6.16615, 6.16615, 6.16615, 6.16615, 6.16615, 6.16615, 6.16615, 6.16615, 6.16615, 6.16615, 6.16615, 6.16615, 6.16615, 6.16615, 6.16615, 6.16615, 6.16615, 6.16615, 6.16615, 6.16615, 6.16615, 6.16615, 6.16615, 6.16615, 6.16615, 6.16615, 6.16615, 6.16615, 6.16615, 6.16615, 6.16615, 6.16615, 6.16615, 6.16615, 6.16615, 6.16615, 6.16615, 6.16615, 6.16615, 6.16615]","[55.04859017697347, 39.437683803898906, 41.78950902514155, 37.90599751461869, 29.12162086574862, 15.682282353209926, 18.97129603501432, 19.390550891036398, 13.895746253476956, 10.79664784823879, 17.426544827636718, 16.835836986944585, 70.26532902812691, 60.42923806062952, 30.059863003509818, 18.747443615296625, 13.045663825785592, 6.16615, 6.16615, 6.16615, 6.16615, 6.16615, 6.16615, 6.16615, 6.16615, 6.16615, 6.16615, 6.16615, 6.16615, 21.031840839573633, 9.271799039937177, 59.685578448987165, 73.8825244344229, 80.78480064233668, 87.88380166787142, 90.09669009796023, 35.76465654448474, 50.25645224163361, 73.60590245002723, 68.75357102327084, 87.90564936128013, 81.74684662825604, 78.18334691683546, 59.41387940781517, 86.46405009105484, 103.55802224211233, 108.6333285563188, 100.94058790767252]","[53.85962674721888, 37.05087966741268, 38.20362965744361, 33.118921844998354, 23.131843898156816, 9.516132353209926, 12.805146035014303, 13.224400891036396, 7.729596253476956, 4.6304978482387895, 11.260394827636716, 10.669686986944583, 64.09917902812691, 54.26308806062954, 23.893713003509816, 12.5812936152966, 6.87951382578559, 0.0, 0.0, 0.0, 0.0, 0.0, 0.0, 0.0, 0.0, 0.0, 0.0, 0.0, 0.0, 14.865690839573631, 3.1056490399371772, 53.51942844898716, 67.7163744344229, 74.61865064233668, 81.71765166787142, 83.93054009796015, 29.598506544484767, 44.09030224163361, 67.43975245002726, 62.587421023270835, 81.73949936128015, 75.58069662825604, 72.01719691683546, 53.24772940781517, 80.29790009105481, 97.39187224211229, 102.46717855631879, 94.77443790767249]","[53.8596267472189, 37.050879667412666, 38.20362965744361, 33.118921844998354, 23.131843898156816, 9.516132353209926, 12.80514603501432, 13.224400891036398, 7.729596253476956, 4.6304978482387895, 11.260394827636718, 10.669686986944585, 64.09917902812691, 54.26308806062952, 23.893713003509816, 12.581293615296625, 6.879513825785592, 0.0, 0.0, 0.0, 0.0, 0.0, 0.0, 0.0, 0.0, 0.0, 0.0, 0.0, 0.0, 14.865690839573633, 3.105649039937177, 53.51942844898716, 67.7163744344229, 74.61865064233668, 81.71765166787142, 83.93054009796023, 29.598506544484735, 44.09030224163361, 67.43975245002723, 62.587421023270835, 81.73949936128012, 75.58069662825604, 72.01719691683546, 53.24772940781517, 80.29790009105484, 97.39187224211233, 102.4671785563188, 94.77443790767252]","[1.68311333585059, 1.1578399896066462, 1.1938634267951127, 1.0349663076561986, 0.7228701218174005, 0.2973791360378102, 0.400160813594197, 0.4132625278448874, 0.24154988292115487, 0.14470305775746217, 0.3518873383636474, 0.33342771834201823, 1.0422630736280798, 0.8823266351321877, 0.38851565859365556, 0.20457387992352194, 0.11186201342740798, -0.0052749785411752015, -0.5224042377487823, -0.8755073373477704, -0.8739343605873828, -1.1060490867845587, -1.2135410145836905, -1.5450388721990778, -0.17699881122377992, -0.4100203669953011, -0.1482601006971782, -0.04423591007516592, -0.14412495612859644, 0.16071017123863385, 0.03357458421553705, 0.5785884156647261, 0.7320689128045719, 0.8066881150522884, 0.8834340720850964, 0.9073571902482178, 0.4812765291786141, 0.7169154836037985, 1.0965813406508498, 1.0176816426548103, 1.3290975505899212, 1.2289544167196103, 1.1710113319810644, 0.8658167383384581, 1.3056569120496717, 1.5836076787335331, 1.66613298465559, 1.5410477708564634]","[0.0, 0.0, 0.0, 0.0, 0.0, 0.0, 0.0, 0.0, 0.0, 0.0, 0.0, 0.0, 0.0, 0.0, 0.0, 0.0, 0.0, 0.00019125417690979418, 0.056121726272026606, 0.11900680159088894, 0.11317123023712816, 0.13462330002923273, 0.128614695328934, 0.1759739265700626, 0.015515349668019152, 0.040469902597738194, 0.023393415153863284, 0.019796326966113442, 0.06859741427907551, 0.07048975226537979, 0.10015330311846582, 0.03974781952854922, 0.01364858700605498, 0.0, 0.0, 0.0, 0.0022565019091478344, 0.0, 0.0, 0.0, 0.0, 0.0, 0.0, 0.0, 0.0, 0.0, 0.0, 0.0]",5.897561449398978,40.431395263690376,34.5338338142914,34.533833814291405,0.023370235556199794
33,SACLag,88,test_id,id_actual,not_applicable,0,,1425.3552061920905,,,,0.575364597607404,0.01198676245015425,0.013719499809667468,0,0,True,,100088,policy,0,48,False,,,,"[19.526055127689194, 4.604004165134332, 6.854183163831315, 4.791257760351102, 7.6119176915297, 16.0645934944353, 13.266236640346149, 15.490554431210555, 15.680257326962446, 9.46767232662293, 11.984771238360365, 14.030639057391125, 41.745328118482014, 51.72253894683338, 22.1276736452391, 11.213805442940549, 6.16615, 6.16615, 6.16615, 6.16615, 6.16615, 6.16615, 6.16615, 6.16615, 20.821728199723083, 6.16615, 20.831226285524487, 17.687268406182753, 6.758856622657122, 10.875432467540286, 6.16615, 46.27584408166249, 60.46974817963214, 69.70954632894001, 78.96610306856923, 81.80409552925072, 25.576700397089276, 26.020395288852622, 59.84768547683201, 58.81822881531457, 77.092904749543, 71.73494257764372, 68.80101862070958, 50.60704591433027, 52.88321568477563, 62.541188549157525, 67.30553347696649, 62.08350889383374]","[0.006593199912458658, 0.00929089984856546, 0.00614290009252727, 0.00750000006519258, 0.012690499890595675, 0.012478099903091788, 0.012814899906516075, 0.012941200053319335, 0.012040199944749475, 0.011689999839290977, 0.013719499809667468, 0.01272420003078878, 0.012454699957743287, 0.011869800044223666, 0.012414199998602271, 0.012198199983686209, 0.012638399843126535, 0.01195960002951324, 0.012457699980586767, 0.01172959990799427, 0.012595700100064278, 0.011744600022211671, 0.011531800031661987, 0.012675900012254715, 0.012474199989810586, 0.012611599871888757, 0.013444900047034025, 0.012320799985900521, 0.012891599908471107, 0.012346299830824137, 0.012230499880388379, 0.012517599854618311, 0.011944199912250042, 0.013241099892184138, 0.01210350007750094, 0.01211220002733171, 0.012639400083571672, 0.011919500073418021, 0.012189699802547693, 0.012403599917888641, 0.012115499936044216, 0.01226149988360703, 0.012143399799242616, 0.011865400010719895, 0.013276999816298485, 0.012279999908059835, 0.012773700058460236, 0.012361599830910563]",,,,,,,,,,,,,,,,,policy_baseline,formal/step7_33_policy_baselines_raw.csv,Oracle-H7,1567.2800929463942,-9.05548965963661,experiment_assets\policies\33\saclag,legacy_penalized_operating_cost,1425.3552061920905,282.9949179784254,1142.360288213665,1142.360288213665,"[1.1982344006195011, 2.377532102409508, 3.561104793591177, 4.757266815217634, 5.956329866587555, 6.16615, 6.16615, 6.16615, 6.16615, 6.16615, 6.16615, 6.16615, 6.16615, 6.16615, 6.16615, 6.16615, 6.16615, 6.16615, 6.16615, 6.16615, 6.16615, 6.16615, 6.16615, 6.16615, 6.16615, 6.16615, 6.16615, 6.16615, 6.16615, 6.16615, 6.16615, 6.16615, 6.16615, 6.16615, 6.16615, 6.16615, 6.16615, 6.16615, 6.16615, 6.16615, 6.16615, 6.16615, 6.16615, 6.16615, 6.16615, 6.16615, 6.16615, 6.16615]","[19.526055127689194, 4.604004165134332, 6.854183163831315, 4.791257760351102, 7.6119176915297, 16.0645934944353, 13.266236640346149, 15.490554431210555, 15.680257326962446, 9.46767232662293, 11.984771238360365, 14.030639057391125, 41.745328118482014, 51.72253894683338, 22.1276736452391, 11.213805442940549, 6.16615, 6.16615, 6.16615, 6.16615, 6.16615, 6.16615, 6.16615, 6.16615, 20.821728199723083, 6.16615, 20.831226285524487, 17.687268406182753, 6.758856622657122, 10.875432467540286, 6.16615, 46.27584408166249, 60.46974817963214, 69.70954632894001, 78.96610306856923, 81.80409552925072, 25.576700397089276, 26.020395288852622, 59.84768547683201, 58.81822881531457, 77.092904749543, 71.73494257764372, 68.80101862070958, 50.60704591433027, 52.88321568477563, 62.541188549157525, 67.30553347696649, 62.08350889383374]","[18.32782072706968, 2.226472062724838, 3.2930783702401385, 0.033990945133467676, 1.6555878249421454, 9.898443494435298, 7.1000866403461345, 9.324404431210553, 9.514107326962446, 3.30152232662293, 5.818621238360365, 7.8644890573911255, 35.57917811848201, 45.5563889468334, 15.9615236452391, 5.047655442940521, 0.0, 0.0, 0.0, 0.0, 0.0, 0.0, 0.0, 0.0, 14.655578199723166, 0.0, 14.66507628552457, 11.521118406182755, 0.592706622657122, 4.709282467540286, 0.0, 40.10969408166249, 54.30359817963214, 63.54339632894001, 72.79995306856922, 75.63794552925063, 19.410550397089303, 19.854245288852617, 53.68153547683203, 52.65207881531456, 70.92675474954302, 65.56879257764372, 62.63486862070959, 44.44089591433027, 46.717065684775605, 56.3750385491575, 61.139383476966486, 55.91735889383371]","[18.327820727069692, 2.226472062724824, 3.2930783702401376, 0.033990945133467676, 1.6555878249421454, 9.8984434944353, 7.100086640346149, 9.324404431210555, 9.514107326962446, 3.30152232662293, 5.818621238360365, 7.8644890573911255, 35.57917811848201, 45.55638894683338, 15.9615236452391, 5.047655442940549, 0.0, 0.0, 0.0, 0.0, 0.0, 0.0, 0.0, 0.0, 14.655578199723083, 0.0, 14.665076285524487, 11.521118406182753, 0.592706622657122, 4.709282467540286, 0.0, 40.10969408166249, 54.30359817963214, 63.543396328940005, 72.79995306856922, 75.63794552925071, 19.410550397089274, 19.854245288852624, 53.68153547683201, 52.65207881531457, 70.926754749543, 65.56879257764372, 62.63486862070958, 44.44089591433027, 46.717065684775626, 56.37503854915752, 61.139383476966486, 55.917358893833736]","[0.5727443977209274, 0.06957725196015119, 0.10290869907000433, 0.0010622170354208649, 0.051737119529442044, 0.3093263592011031, 0.2218777075108167, 0.2913876384753298, 0.2973158539675764, 0.10317257270696656, 0.1818319136987614, 0.24576528304347267, 0.5785232214387319, 0.7407542918184293, 0.25953696984128616, 0.08207569825919547, -0.005412363168102896, -0.11628502610289093, -0.1483727497631655, -0.4311696717394362, -0.42123234439913837, -0.6324528025514549, -0.7410094162743475, -1.0492384772676453, 0.15843868324025046, -0.014781256330597792, 0.15854136524891427, 0.12455263141819195, 0.006407639163860779, 0.05091116181124633, -0.05393216966967973, 0.43361831439635123, 0.5870659262662934, 0.6869556359885407, 0.7870265196602078, 0.817707519235142, 0.3156187056437285, 0.32283325672931085, 0.8728704955582445, 0.8561313628506433, 1.1532805650332199, 1.0661592289047759, 1.018453148304221, 0.7226161937289475, 0.7596270843052944, 0.9166672934822357, 0.9941363166986421, 0.9092253478672148]","[0.0, 0.0, 0.0, 0.0, 0.0, 0.0, 0.0, 0.0, 0.0, 0.0, 0.0, 0.0, 0.0, 0.0, 0.0, 0.0, 0.0, 0.0, 0.0, 0.0, 0.0, 0.0, 0.0, 0.0, 0.0, 0.0, 0.0, 0.0, 0.0, 0.0, 0.0, 0.0, 0.0, 0.0, 0.0, 0.0, 0.0, 0.0, 0.0, 0.0, 0.0, 0.0, 0.0, 0.0, 0.0, 0.0, 0.0, 0.0]",5.895727457883862,29.694900129001883,23.79917267111802,23.79917267111802,0.0
33,SAC,89,test_id,id_actual,not_applicable,0,,1490.9377445636978,,,,0.4610284997615963,0.009604760411699923,0.013349199900403619,0,0,True,,100089,policy,0,48,False,,,,"[24.160650859174552, 11.449909346191628, 8.97488152193149, 4.756918285323213, 5.925761489037594, 8.781747770962424, 10.280857771339852, 13.86413483541682, 13.028935411215285, 12.564640052090791, 13.232103152198277, 12.724036216556811, 40.11397536316437, 45.50588369713777, 19.247423198739096, 6.16615, 6.16615, 6.16615, 6.16615, 8.996002099998632, 6.16615, 6.16615, 6.16615, 6.16615, 6.16615, 6.16615, 8.00561331559513, 10.794381877307409, 6.16615, 13.861967655749845, 13.987012601348937, 72.3815843699092, 42.026558338668536, 80.7506109072244, 98.75632527507797, 106.69240496298626, 33.13644685814944, 41.23856969355323, 63.96955048719948, 69.76846872202202, 66.5611601314466, 63.44499865266391, 69.49932052936835, 75.2175867688365, 63.271505055679356, 63.03413238505624, 61.248451649143156, 51.85558325623318]","[0.012301400071009994, 0.012256799964234233, 0.01189279998652637, 0.012255800189450383, 0.012243700213730335, 0.01158190006390214, 0.012599499896168709, 0.012377299834042788, 0.012435200158506632, 0.011761900037527084, 0.01212410000152886, 0.013349199900403619, 0.01232669991441071, 0.012021999806165695, 0.012791899964213371, 0.01201720000244677, 0.012179099954664707, 0.011946500046178699, 0.01231530006043613, 0.010164099978283048, 0.0110470000654459, 0.012538200011476874, 0.012849800055846572, 0.008209899999201298, 0.0094628999941051, 0.010931800119578838, 0.00834170007146895, 0.011243399931117892, 0.006300500128418207, 0.006884499918669462, 0.0066877999342978, 0.006749499822035432, 0.0073957000859081745, 0.008188399951905012, 0.009220900014042854, 0.006618499988690019, 0.0060159999411553144, 0.005784699926152825, 0.006677399855107069, 0.006701600039377809, 0.007023100042715669, 0.00592779996804893, 0.00589250004850328, 0.006099099991843104, 0.007264399901032448, 0.00615749997086823, 0.005962499883025885, 0.0059090000577270985]",,,,,,,,,,,,,,,,,policy_baseline,formal/step7_33_policy_baselines_raw.csv,Oracle-H7,1646.5247662795084,-9.449418854924083,experiment_assets\policies\33\sac,legacy_penalized_operating_cost,1490.9377445636978,283.0320824958666,1207.9056620678311,1207.9056620678311,"[1.2089673899353948, 2.405702138317065, 3.590283193253239, 4.756918285323213, 5.925761489037594, 6.16615, 6.16615, 6.16615, 6.16615, 6.16615, 6.16615, 6.16615, 6.16615, 6.16615, 6.16615, 6.16615, 6.16615, 6.16615, 6.16615, 6.16615, 6.16615, 6.16615, 6.16615, 6.16615, 6.16615, 6.16615, 6.16615, 6.16615, 6.16615, 6.16615, 6.16615, 6.16615, 6.16615, 6.16615, 6.16615, 6.16615, 6.16615, 6.16615, 6.16615, 6.16615, 6.16615, 6.16615, 6.16615, 6.16615, 6.16615, 6.16615, 6.16615, 6.16615]","[24.160650859174552, 11.449909346191628, 8.97488152193149, 4.756918285323213, 5.925761489037594, 8.781747770962424, 10.280857771339852, 13.86413483541682, 13.028935411215285, 12.564640052090791, 13.232103152198277, 12.724036216556811, 40.11397536316437, 45.50588369713777, 19.247423198739096, 6.16615, 6.16615, 6.16615, 6.16615, 8.996002099998632, 6.16615, 6.16615, 6.16615, 6.16615, 6.16615, 6.16615, 8.00561331559513, 10.794381877307409, 6.16615, 13.861967655749845, 13.987012601348937, 72.3815843699092, 42.026558338668536, 80.7506109072244, 98.75632527507797, 106.69240496298626, 33.13644685814944, 41.23856969355323, 63.96955048719948, 69.76846872202202, 66.5611601314466, 63.44499865266391, 69.49932052936835, 75.2175867688365, 63.271505055679356, 63.03413238505624, 61.248451649143156, 51.85558325623318]","[22.95168346923917, 9.04420720787455, 5.3845983286782655, 0.0, 0.0, 2.615597770962424, 4.114707771339852, 7.697984835416818, 6.862785411215285, 6.398490052090793, 7.065953152198276, 6.55788621655681, 33.94782536316437, 39.33973369713777, 13.081273198739096, 0.0, 0.0, 0.0, 0.0, 2.8298520999986327, 0.0, 0.0, 0.0, 0.0, 0.0, 0.0, 1.8394633155951312, 4.628231877307409, 0.0, 7.695817655749848, 7.820862601348937, 66.21543436990912, 35.860408338668535, 74.5844609072244, 92.59017527507788, 100.52625496298627, 26.970296858149414, 35.07241969355325, 57.803400487199475, 63.60231872202203, 60.39501013144657, 57.2788486526639, 63.333170529368374, 69.0514367688365, 57.105355055679354, 56.86798238505624, 55.08230164914315, 45.68943325623319]","[22.951683469239157, 9.044207207874564, 5.384598328678251, 0.0, 0.0, 2.615597770962424, 4.114707771339852, 7.69798483541682, 6.862785411215285, 6.398490052090791, 7.0659531521982775, 6.5578862165568115, 33.94782536316437, 39.33973369713777, 13.081273198739096, 0.0, 0.0, 0.0, 0.0, 2.8298520999986323, 0.0, 0.0, 0.0, 0.0, 0.0, 0.0, 1.8394633155951308, 4.6282318773074085, 0.0, 7.695817655749845, 7.820862601348937, 66.2154343699092, 35.860408338668535, 74.5844609072244, 92.59017527507797, 100.52625496298626, 26.97029685814944, 35.07241969355323, 57.803400487199475, 63.60231872202202, 60.3950101314466, 57.27884865266391, 63.333170529368346, 69.0514367688365, 57.105355055679354, 56.86798238505624, 55.082301649143155, 45.68943325623318]","[0.7172401084137241, 0.2826314752460797, 0.1682686977711958, -0.057312651685671234, -0.07017536515407397, 0.08173743034257575, 0.12858461785437036, 0.24056202610677557, 0.21446204410047764, 0.19995281412783728, 0.22081103600619612, 0.2049339442674003, 0.5519971603766565, 0.6396704666201263, 0.21270362924779018, -0.014516131521047804, -0.06711053823365098, -0.03537387905606382, -0.28804305456061075, 0.046013855284530614, -0.5174548749461207, -0.8770259305816865, -0.8840591584633439, -0.9123032246154112, -0.2965398159651649, -0.09772154190079974, 0.019886089898325743, 0.050034939214134155, -0.15453345407058983, 0.08319802871080917, 0.08454986596052905, 0.7158425337287473, 0.38768009014776794, 0.8063184962943177, 1.0009748678386798, 1.086770323924176, 0.4385414123276328, 0.5702832470496464, 0.9398926908487719, 1.0341840442605208, 0.9820326850641719, 0.9313633927262424, 1.0298076508840386, 1.1227875897371788, 0.9285423586289325, 0.9246826404074184, 0.8956471812868805, 0.7429176139224909]","[0.0, 0.0, 0.0, 0.0, 0.0, 0.0, 0.0, 0.0, 0.0, 0.0, 0.0, 0.0, 0.0, 0.0, 0.0, 0.0, 0.0, 0.0, 0.008169528658593439, 0.0, 0.053934288836345434, 0.09940181609274279, 0.08370784455153601, 0.0558267994588979, 0.0033713207433234693, 0.0, 0.0, 0.0, 0.0, 0.0, 0.0, 0.0, 0.0, 0.0, 0.0, 0.0, 0.0, 0.0, 0.0, 0.0, 0.0, 0.0, 0.0, 0.0, 0.0, 0.0, 0.0, 0.0]",5.896501718663887,31.061203011743704,25.164701293079816,25.164701293079816,0.00634190829877998
33,SAC-ICNN,89,test_id,id_actual,not_applicable,0,,2018.3370486531812,,,,0.3161612991243601,0.006586693731757502,0.009848299901932478,0,0,True,,100089,policy,0,48,False,,,,"[60.46643410109361, 47.308471080219114, 44.6706139479074, 34.53611319891915, 18.626452679026755, 13.987644214945744, 14.690002314098773, 19.4533918084706, 13.810003918827531, 16.221623295522875, 14.140252045145571, 16.355949655605855, 69.68430184810244, 53.21309880506991, 26.492749156690397, 12.362349422920596, 6.16615, 6.16615, 6.16615, 6.16615, 6.16615, 6.16615, 6.16615, 6.16615, 6.16615, 6.16615, 6.16615, 7.144085387970835, 6.16615, 23.368164367244333, 23.721474784342597, 85.42649587978683, 53.742273718222265, 93.06989118331701, 110.27013438366427, 117.49581725484157, 39.38547139506631, 49.99667764779655, 74.09753435092412, 80.04008208622363, 76.39192585872874, 73.00802186044449, 78.6640519324732, 102.78996644511021, 87.02749147549922, 102.18921907481435, 100.18610260633807, 90.30891546780627]","[0.008213399909436703, 0.0064558000303804874, 0.005826799897477031, 0.006554899970069528, 0.006298899883404374, 0.007324400125071406, 0.006047000177204609, 0.006152299931272864, 0.006118099903687835, 0.006132500013336539, 0.00671040010638535, 0.0058726000133901834, 0.00595739996060729, 0.006495199864730239, 0.006723100086674094, 0.007320799864828587, 0.005960499867796898, 0.005708400160074234, 0.006770699983462691, 0.007082900032401085, 0.006711400113999844, 0.0061888000927865505, 0.007401099894195795, 0.006434799870476127, 0.006535300053656101, 0.006136499810963869, 0.006021099863573909, 0.006359900115057826, 0.005849999841302633, 0.007190600037574768, 0.006619299994781613, 0.006189499981701374, 0.006293300073593855, 0.006428000051528215, 0.007254800060763955, 0.006419099867343903, 0.007420599926263094, 0.006408399902284145, 0.0059263999573886395, 0.006566199939697981, 0.006524399854242802, 0.009848299901932478, 0.006659799953922629, 0.0065339000429958105, 0.006493299966678023, 0.007205399917438626, 0.006524400087073445, 0.006290600169450045]",,,,,,,,,,,,,,,,,policy_baseline,formal/step7_33_policy_baselines_raw.csv,Oracle-H7,1646.5247662795084,22.581639219057774,experiment_assets\policies\33\sac_icnn,legacy_penalized_operating_cost,2018.3370486531812,283.09806564437037,1735.2389830088105,1735.238983008811,"[1.192348355106137, 2.3881354965040034, 3.5874728130583273, 4.789959776757102, 5.995699202944763, 6.16615, 6.16615, 6.16615, 6.16615, 6.16615, 6.16615, 6.16615, 6.16615, 6.16615, 6.16615, 6.16615, 6.16615, 6.16615, 6.16615, 6.16615, 6.16615, 6.16615, 6.16615, 6.16615, 6.16615, 6.16615, 6.16615, 6.16615, 6.16615, 6.16615, 6.16615, 6.16615, 6.16615, 6.16615, 6.16615, 6.16615, 6.16615, 6.16615, 6.16615, 6.16615, 6.16615, 6.16615, 6.16615, 6.16615, 6.16615, 6.16615, 6.16615, 6.16615]","[60.46643410109361, 47.308471080219114, 44.6706139479074, 34.53611319891915, 18.626452679026755, 13.987644214945744, 14.690002314098773, 19.4533918084706, 13.810003918827531, 16.221623295522875, 14.140252045145571, 16.355949655605855, 69.68430184810244, 53.21309880506991, 26.492749156690397, 12.362349422920596, 6.16615, 6.16615, 6.16615, 6.16615, 6.16615, 6.16615, 6.16615, 6.16615, 6.16615, 6.16615, 6.16615, 7.144085387970835, 6.16615, 23.368164367244333, 23.721474784342597, 85.42649587978683, 53.742273718222265, 93.06989118331701, 110.27013438366427, 117.49581725484157, 39.38547139506631, 49.99667764779655, 74.09753435092412, 80.04008208622363, 76.39192585872874, 73.00802186044449, 78.6640519324732, 102.78996644511021, 87.02749147549922, 102.18921907481435, 100.18610260633807, 90.30891546780627]","[59.27408574598749, 44.920335583715094, 41.083141134849086, 29.746153422162052, 12.630753476081978, 7.821494214945744, 8.523852314098775, 13.287241808470597, 7.643853918827531, 10.055473295522873, 7.974102045145571, 10.189799655605853, 63.518151848102434, 47.04694880506991, 20.326599156690403, 6.196199422920569, 0.0, 0.0, 0.0, 0.0, 0.0, 0.0, 0.0, 0.0, 0.0, 0.0, 0.0, 0.9779353879708341, 0.0, 17.20201436724433, 17.555324784342595, 79.26034587978675, 47.57612371822227, 86.90374118331701, 104.10398438366418, 111.32966725484157, 33.21932139506628, 43.83052764779658, 67.93138435092412, 73.87393208622363, 70.22577585872874, 66.84187186044448, 72.49790193247321, 96.6238164451102, 80.86134147549922, 96.02306907481436, 94.01995260633807, 84.14276546780627]","[59.27408574598748, 44.92033558371511, 41.08314113484907, 29.746153422162052, 12.630753476081992, 7.821494214945744, 8.523852314098773, 13.287241808470599, 7.643853918827531, 10.055473295522875, 7.974102045145571, 10.189799655605855, 63.518151848102434, 47.04694880506991, 20.3265991566904, 6.196199422920596, 0.0, 0.0, 0.0, 0.0, 0.0, 0.0, 0.0, 0.0, 0.0, 0.0, 0.0, 0.9779353879708346, 0.0, 17.20201436724433, 17.555324784342595, 79.26034587978683, 47.57612371822226, 86.90374118331701, 104.10398438366427, 111.32966725484157, 33.21932139506631, 43.83052764779655, 67.93138435092412, 73.87393208622363, 70.22577585872874, 66.84187186044448, 72.4979019324732, 96.62381644511021, 80.86134147549922, 96.02306907481434, 94.01995260633807, 84.14276546780627]","[1.8523151795621091, 1.4037604869910967, 1.283848160464034, 0.9295672944425641, 0.3947110461275618, 0.2444216942170545, 0.2663703848155867, 0.41522630651470616, 0.23887043496336036, 0.3142335404850898, 0.2491906889107991, 0.3184312392376829, 1.0328154772049176, 0.7649910374808115, 0.33051380742586023, 0.10075121012878974, -0.17842776546719152, -0.05196818158329952, -0.733894275563129, -0.2671385955719785, -0.9691465322073696, -1.342179322972743, -1.3440949030952964, -1.3666466029019317, -0.6946086848261999, -0.47085443031073115, -0.0180756757392313, 0.010572274464549558, -0.06767140849521436, 0.18596772288912788, 0.18978729496586588, 0.8568686041058027, 0.5143364726294299, 0.9394999046845083, 1.1254484798233966, 1.2035639703226115, 0.5401515673994517, 0.7126915064682371, 1.1045753552995792, 1.2012021477434738, 1.1418825342882721, 1.0868597050478779, 1.1788276736987515, 1.5711189665871577, 1.3148185605772231, 1.561350716663648, 1.5287797171762287, 1.3681750482570125]","[0.0, 0.0, 0.0, 0.0, 0.0, 0.0, 0.0, 0.0, 0.0, 0.0, 0.0, 0.0, 0.0, 0.0, 0.0, 0.0, 0.009297595320356455, 0.00043144910970083217, 0.08931409094279608, 0.025324111482916356, 0.11990623315391491, 0.1855699146983869, 0.1700349210371872, 0.1411762300340349, 0.020674314127282045, 0.028581604845624664, 0.014110906768968867, 0.017917471232397952, 0.06830567166658064, 0.06787508627736227, 0.07529690681637691, 0.01463561667828106, 0.0212211519010721, 0.0, 0.0, 0.0, 0.00028491288776488766, 0.0, 0.0, 0.0, 0.0, 0.0, 0.0, 0.0, 0.0, 0.0, 0.0, 0.0]",5.897876367591049,42.04868851360794,36.15081214601688,36.1508121460169,0.022290795603770938
33,SACLag,89,test_id,id_actual,not_applicable,0,,1514.3387132695611,,,,0.30342889949679375,0.006321435406183203,0.010187899926677346,0,0,True,,100089,policy,0,48,False,,,,"[24.746428135291513, 13.350471189536488, 9.414062354186392, 4.76297040033105, 5.958009862321145, 15.189830189883208, 11.516259659544955, 13.879041164006095, 11.491387560090969, 10.482675479977258, 13.412039781346577, 12.545976380926488, 40.277141322039334, 44.56082757934273, 18.6418079564258, 6.16615, 6.16615, 6.16615, 6.16615, 10.564804925456755, 6.16615, 6.16615, 6.16615, 6.16615, 6.16615, 6.16615, 23.409065978024728, 18.812843652148892, 6.16615, 12.871020896123769, 12.905206300554491, 71.48587929564445, 41.15298906923565, 80.62675458884715, 99.21809671818508, 107.29952422070335, 30.16029200103074, 43.18026494056534, 63.67696787646696, 69.52486603432015, 66.16464371728968, 63.180040224305465, 69.25257446134876, 74.91013447736975, 63.0198800035458, 62.61336904767874, 60.981230167870116, 51.2716856575952]","[0.005971899954602122, 0.006143700098618865, 0.006255200132727623, 0.005441499873995781, 0.0060097998939454556, 0.006790700135752559, 0.006117100128903985, 0.0064715000335127115, 0.005955400178208947, 0.006191199878230691, 0.005903800018131733, 0.008422699989750981, 0.005893600173294544, 0.005673399893566966, 0.005615800153464079, 0.005566299892961979, 0.005866300081834197, 0.008795199915766716, 0.0062027000822126865, 0.006055600009858608, 0.005895399954169989, 0.00550689990632236, 0.009134700056165457, 0.006085400003939867, 0.006240700138732791, 0.005675500025972724, 0.006361200008541346, 0.0058593000285327435, 0.0065166999120265245, 0.006329699885100126, 0.0063548998441547155, 0.005692000035196543, 0.0060900000389665365, 0.006711999885737896, 0.006507199956104159, 0.007057399954646826, 0.006423299899324775, 0.005902099888771772, 0.006335299927741289, 0.00541680003516376, 0.0056548998691141605, 0.006088099908083677, 0.010187899926677346, 0.005681599956005812, 0.005860000150278211, 0.005594099871814251, 0.005570299923419952, 0.007352099986746907]",,,,,,,,,,,,,,,,,policy_baseline,formal/step7_33_policy_baselines_raw.csv,Oracle-H7,1646.5247662795084,-8.028184921180094,experiment_assets\policies\33\saclag,legacy_penalized_operating_cost,1514.3387132695611,283.01610858165805,1231.322604687903,1231.322604687903,"[1.2022824959738634, 2.3812479716751187, 3.567147851356801, 4.76297040033105, 5.958009862321145, 6.16615, 6.16615, 6.16615, 6.16615, 6.16615, 6.16615, 6.16615, 6.16615, 6.16615, 6.16615, 6.16615, 6.16615, 6.16615, 6.16615, 6.16615, 6.16615, 6.16615, 6.16615, 6.16615, 6.16615, 6.16615, 6.16615, 6.16615, 6.16615, 6.16615, 6.16615, 6.16615, 6.16615, 6.16615, 6.16615, 6.16615, 6.16615, 6.16615, 6.16615, 6.16615, 6.16615, 6.16615, 6.16615, 6.16615, 6.16615, 6.16615, 6.16615, 6.16615]","[24.746428135291513, 13.350471189536488, 9.414062354186392, 4.76297040033105, 5.958009862321145, 15.189830189883208, 11.516259659544955, 13.879041164006095, 11.491387560090969, 10.482675479977258, 13.412039781346577, 12.545976380926488, 40.277141322039334, 44.56082757934273, 18.6418079564258, 6.16615, 6.16615, 6.16615, 6.16615, 10.564804925456755, 6.16615, 6.16615, 6.16615, 6.16615, 6.16615, 6.16615, 23.409065978024728, 18.812843652148892, 6.16615, 12.871020896123769, 12.905206300554491, 71.48587929564445, 41.15298906923565, 80.62675458884715, 99.21809671818508, 107.29952422070335, 30.16029200103074, 43.18026494056534, 63.67696787646696, 69.52486603432015, 66.16464371728968, 63.180040224305465, 69.25257446134876, 74.91013447736975, 63.0198800035458, 62.61336904767874, 60.981230167870116, 51.2716856575952]","[23.544145639317662, 10.969223217861355, 5.8469145028296055, 0.0, 0.0, 9.023680189883208, 5.350109659544955, 7.712891164006095, 5.325237560090969, 4.316525479977258, 7.245889781346577, 6.379826380926488, 34.11099132203933, 38.394677579342726, 12.475657956425799, 0.0, 0.0, 0.0, 0.0, 4.398654925456756, 0.0, 0.0, 0.0, 0.0, 0.0, 0.0, 17.24291597802473, 12.646693652148892, 0.0, 6.704870896123771, 6.739056300554493, 65.31972929564436, 34.98683906923565, 74.46060458884715, 93.051946718185, 101.13337422070335, 23.994142001030713, 37.014114940565364, 57.51081787646696, 63.35871603432016, 59.998493717289655, 57.01389022430547, 63.08642446134879, 68.74398447736975, 56.8537300035458, 56.44721904767873, 54.815080167870114, 45.1055356575952]","[23.544145639317648, 10.96922321786137, 5.846914502829591, 0.0, 0.0, 9.023680189883208, 5.350109659544955, 7.712891164006095, 5.325237560090969, 4.316525479977258, 7.245889781346577, 6.379826380926488, 34.11099132203933, 38.394677579342726, 12.4756579564258, 0.0, 0.0, 0.0, 0.0, 4.398654925456755, 0.0, 0.0, 0.0, 0.0, 0.0, 0.0, 17.242915978024726, 12.646693652148892, 0.0, 6.704870896123769, 6.739056300554491, 65.31972929564445, 34.98683906923565, 74.46060458884715, 93.05194671818508, 101.13337422070335, 23.99414200103074, 37.014114940565335, 57.51081787646696, 63.35871603432015, 59.998493717289676, 57.01389022430546, 63.086424461348756, 68.74398447736975, 56.8537300035458, 56.447219047678736, 54.815080167870114, 45.1055356575952]","[0.735754551228677, 0.34278822555816735, 0.18271607821342517, -0.10414237925194492, -0.14334021744964742, 0.28199000593385026, 0.16719092686077985, 0.24102784887519046, 0.16641367375284277, 0.13489142124928932, 0.22643405566708052, 0.19936957440395275, 0.5546502653990135, 0.6243037004771175, 0.20285622693375283, -0.01820207533957685, -0.28722521402100254, -0.1630706548863019, -0.3166927680108689, 0.07152284431637002, -0.5122179105621583, -0.8420973315295717, -0.8484283268061121, -0.8822162247114482, -0.2920740086625342, -0.06824180063974694, 0.18640990246513223, 0.1367210124556637, -0.14563426735189378, 0.07248509076890564, 0.07285466270869723, 0.7061592356285877, 0.37823609804579084, 0.8049795090686178, 1.0059669915479459, 1.0933337753589552, 0.39014865042326363, 0.6018555274888677, 0.935135250023853, 1.0302230249482953, 0.9755852636957667, 0.9270551255984629, 1.0257955196967283, 1.117788365485687, 0.9244508943665983, 0.9178409601248574, 0.8913021165507335, 0.7334233440259381]","[0.0, 0.0, 0.0, 0.0, 0.0, 0.0, 0.0, 0.0, 0.0, 0.0, 0.0, 0.0, 0.0, 0.0, 0.0, 0.0, 0.0, 0.0, 0.0, 0.0, 0.0, 0.0, 0.0, 0.0, 0.0, 0.0, 0.0, 0.0, 0.0, 0.0, 0.0, 0.0, 0.0, 0.0, 0.0, 0.0, 0.0, 0.0, 0.0, 0.0, 0.0, 0.0, 0.0, 0.0, 0.0, 0.0, 0.0, 0.0]",5.896168928784543,31.54872319311586,25.652554264331314,25.652554264331314,0.0
33,SAC,90,test_id,id_actual,not_applicable,0,,1425.2170432604967,,,,0.3105648998171091,0.006470102079523106,0.009459499968215823,0,0,True,,100090,policy,0,48,False,,,,"[17.488474980869068, 9.955876238240602, 3.566158059657707, 4.730709976637843, 7.923195376216487, 9.347670164501492, 10.45399172669917, 10.736549962051297, 14.279854231052594, 13.166561020203075, 13.559450097572679, 14.3736309740012, 26.930450253884906, 33.68302354076893, 23.215722715596698, 13.607932817995568, 6.16615, 6.16615, 6.16615, 6.16615, 6.16615, 6.16615, 6.16615, 6.16615, 6.16615, 6.16615, 7.442883709736779, 7.928566287561117, 6.16615, 14.975362574144341, 6.685118616717971, 50.55464418968141, 52.73352398995199, 77.23854257244219, 87.0763903615793, 99.36452640463247, 20.574094073289455, 53.80456654525033, 68.76431567186334, 60.284295379758255, 69.88942103794815, 53.22700744461273, 62.38324712195059, 70.73291140185196, 67.29429342088632, 64.3684161426826, 69.10888749831096, 65.93912667969501]","[0.0062465001828968525, 0.005869999993592501, 0.006610500160604715, 0.005985199939459562, 0.006222199881449342, 0.006099299993366003, 0.00622129999101162, 0.006231899838894606, 0.005662900162860751, 0.005949600134044886, 0.005932800006121397, 0.006753700086846948, 0.006729800021275878, 0.006324699847027659, 0.005978100001811981, 0.0056727000046521425, 0.005709799937903881, 0.006795200053602457, 0.006752199959009886, 0.007011299952864647, 0.007255000062286854, 0.006254300009459257, 0.006038899999111891, 0.0066426999401301146, 0.007686699973419309, 0.006200599949806929, 0.005778799997642636, 0.005690499907359481, 0.006168499821797013, 0.006495400099083781, 0.006439700024202466, 0.006223199889063835, 0.005912199849262834, 0.006194599904119968, 0.006197100039571524, 0.007326500024646521, 0.006050599971786141, 0.0067298999056220055, 0.006158200092613697, 0.007898000068962574, 0.009459499968215823, 0.006364000029861927, 0.006953200092539191, 0.007318299962207675, 0.007104299962520599, 0.007179599953815341, 0.006094200070947409, 0.005990700097754598]",,,,,,,,,,,,,,,,,policy_baseline,formal/step7_33_policy_baselines_raw.csv,Oracle-H7,1590.5274101131722,-10.393430870890372,experiment_assets\policies\33\sac,legacy_penalized_operating_cost,1425.2170432604967,282.94166504293474,1142.2753782175619,1142.2753782175619,"[1.206375278860602, 2.398923684395439, 3.5661580596577074, 4.730709976637843, 5.895048043383116, 6.16615, 6.16615, 6.16615, 6.16615, 6.16615, 6.16615, 6.16615, 6.16615, 6.16615, 6.16615, 6.16615, 6.16615, 6.16615, 6.16615, 6.16615, 6.16615, 6.16615, 6.16615, 6.16615, 6.16615, 6.16615, 6.16615, 6.16615, 6.16615, 6.16615, 6.16615, 6.16615, 6.16615, 6.16615, 6.16615, 6.16615, 6.16615, 6.16615, 6.16615, 6.16615, 6.16615, 6.16615, 6.16615, 6.16615, 6.16615, 6.16615, 6.16615, 6.16615]","[17.488474980869068, 9.955876238240602, 3.566158059657707, 4.730709976637843, 7.923195376216487, 9.347670164501492, 10.45399172669917, 10.736549962051297, 14.279854231052594, 13.166561020203075, 13.559450097572679, 14.3736309740012, 26.930450253884906, 33.68302354076893, 23.215722715596698, 13.607932817995568, 6.16615, 6.16615, 6.16615, 6.16615, 6.16615, 6.16615, 6.16615, 6.16615, 6.16615, 6.16615, 7.442883709736779, 7.928566287561117, 6.16615, 14.975362574144341, 6.685118616717971, 50.55464418968141, 52.73352398995199, 77.23854257244219, 87.0763903615793, 99.36452640463247, 20.574094073289455, 53.80456654525033, 68.76431567186334, 60.284295379758255, 69.88942103794815, 53.22700744461273, 62.38324712195059, 70.73291140185196, 67.29429342088632, 64.3684161426826, 69.10888749831096, 65.93912667969501]","[16.282099702008466, 7.5569525538451785, 0.0, 0.0, 2.0281473328333846, 3.1815201645014923, 4.28784172669917, 4.570399962051283, 8.113704231052594, 7.0004110202030745, 7.393300097572677, 8.2074809740012, 20.764300253884908, 27.51687354076893, 17.0495727155967, 7.441782817995597, 0.0, 0.0, 0.0, 0.0, 0.0, 0.0, 0.0, 0.0, 0.0, 0.0, 1.276733709736697, 1.7624162875611171, 0.0, 8.809212574144258, 0.5189686167179697, 44.3884941896814, 46.56737398995199, 71.07239257244218, 80.9102403615793, 93.19837640463247, 14.407944073289455, 47.63841654525033, 62.59816567186335, 54.11814537975825, 63.72327103794816, 47.060857444612694, 56.217097121950566, 64.56676140185196, 61.12814342088632, 58.20226614268264, 62.94273749831097, 59.772976679695006]","[16.282099702008466, 7.556952553845163, -4.440892098500626e-16, 0.0, 2.0281473328333712, 3.1815201645014923, 4.28784172669917, 4.570399962051297, 8.113704231052594, 7.0004110202030745, 7.393300097572679, 8.2074809740012, 20.764300253884905, 27.516873540768927, 17.049572715596696, 7.441782817995568, 0.0, 0.0, 0.0, 0.0, 0.0, 0.0, 0.0, 0.0, 0.0, 0.0, 1.2767337097367788, 1.7624162875611171, 0.0, 8.809212574144341, 0.518968616717971, 44.38849418968141, 46.56737398995199, 71.07239257244218, 80.9102403615793, 93.19837640463247, 14.407944073289455, 47.63841654525033, 62.59816567186334, 54.11814537975825, 63.72327103794815, 47.06085744461273, 56.21709712195059, 64.56676140185196, 61.12814342088632, 58.2022661426826, 62.94273749831096, 59.772976679695006]","[0.5088156156877646, 0.23615476730766183, -0.05386027293958806, -0.028655625632984183, 0.06337960415104327, 0.09942250514067164, 0.13399505395934908, 0.1428249988141026, 0.25355325722039357, 0.21876284438134608, 0.23104062804914616, 0.2564837804375375, 0.337630898437153, 0.4474288380612834, 0.2772288246438488, 0.12100459866659508, -0.07718003754448022, -0.01320713483386804, -0.07885252671565413, -0.12789688220375472, -0.41932376685438477, -0.6936755646670685, -1.1427809898468855, -0.9867021144783874, -0.02459435360151474, -0.19632193000575882, 0.013802526591748077, 0.01905314905471478, -0.08870778523891154, 0.09523473053128928, 0.005610471532086159, 0.47987561286142055, 0.5034310701616431, 0.7683501899723479, 0.8747053012062627, 1.007550015185216, 0.2342755133868204, 0.7746083991097614, 1.017856352388022, 0.879969843573305, 1.036150748584523, 0.7652171942213446, 0.9140991401943181, 1.0498660390545034, 0.9939535515591271, 0.9463783112631323, 1.0234591463139995, 0.9719183199950407]","[0.0, 0.0, 0.0, 0.0, 0.0, 0.0, 0.0, 0.0, 0.0, 0.0, 0.0, 0.0, 0.0, 0.0, 0.0, 0.0, 0.0, 0.0, 0.0, 0.0, 0.03742609631595717, 0.08807581825728272, 0.0770082838990207, 0.0914491297539608, 0.0, 0.00023583536617444167, 0.0, 0.0, 0.0, 0.0, 0.0, 0.0, 0.0, 0.0, 0.0, 0.0, 0.0, 0.0, 0.0, 0.0, 0.0, 0.0, 0.0, 0.0, 0.0, 0.0, 0.0, 0.0]",5.8946180217278075,29.69202173459368,23.797403712865872,23.797403712865872,0.006129065908174913
33,SAC-ICNN,90,test_id,id_actual,not_applicable,0,,1951.5221124869556,,,,0.31325359898619354,0.006526116645545699,0.008530799997970462,0,0,True,,100090,policy,0,48,False,,,,"[53.42907000433998, 45.69227173421073, 36.77517917101789, 35.78796489899692, 23.450098510107303, 12.552000414428278, 14.779858819955747, 14.385197141065149, 18.751836878939883, 16.369949857597646, 14.523218735927143, 17.388795733541656, 55.736414276842424, 41.35102857584643, 30.551325115533395, 20.773323201955137, 6.16615, 9.902172564915105, 6.16615, 6.16615, 6.16615, 6.16615, 6.16615, 6.16615, 6.16615, 6.16615, 6.16615, 6.16615, 6.16615, 24.469430377870303, 11.92809271071689, 63.155509800673535, 65.43456090281802, 89.61701527143865, 98.03331091645309, 109.94488784166208, 24.357452382652852, 53.35612891462386, 79.06613910490344, 70.24816037574534, 80.13275997216705, 62.271729585020154, 71.20709414788402, 92.33112839247069, 98.7067018713564, 104.29806080880863, 109.9989077719494, 106.77153570252051]","[0.0064477999694645405, 0.007307899883016944, 0.0074905999936163425, 0.006049399962648749, 0.0063190998043864965, 0.006409300025552511, 0.008206400088965893, 0.005850599845871329, 0.006154500180855393, 0.005782799795269966, 0.005811600014567375, 0.008530799997970462, 0.0063223999459296465, 0.005671799881383777, 0.00623729988001287, 0.006010800134390593, 0.006959500024095178, 0.006972900126129389, 0.0070315999910235405, 0.0062998998910188675, 0.005839900113642216, 0.005634799832478166, 0.005841400008648634, 0.005974099971354008, 0.0063674000557512045, 0.006178500130772591, 0.007331300061196089, 0.0059634000062942505, 0.00644510006532073, 0.006499700015410781, 0.006879399996250868, 0.006753999972715974, 0.006050399970263243, 0.006414799951016903, 0.007815299788489938, 0.006576099898666143, 0.007941700052469969, 0.0060449999291449785, 0.006089900154620409, 0.005760599859058857, 0.006917400052770972, 0.008341799955815077, 0.005706599913537502, 0.005979300010949373, 0.005917599890381098, 0.005804599961265922, 0.007580099860206246, 0.006736400071531534]",,,,,,,,,,,,,,,,,policy_baseline,formal/step7_33_policy_baselines_raw.csv,Oracle-H7,1590.5274101131722,22.696540787567894,experiment_assets\policies\33\sac_icnn,legacy_penalized_operating_cost,1951.5221124869556,283.11317464152546,1668.40893784543,1668.4089378454303,"[1.1947689207767331, 2.3914770908315504, 3.591536441267672, 4.793750608219654, 5.997191580429792, 6.16615, 6.16615, 6.16615, 6.16615, 6.16615, 6.16615, 6.16615, 6.16615, 6.16615, 6.16615, 6.16615, 6.16615, 6.16615, 6.16615, 6.16615, 6.16615, 6.16615, 6.16615, 6.16615, 6.16615, 6.16615, 6.16615, 6.16615, 6.16615, 6.16615, 6.16615, 6.16615, 6.16615, 6.16615, 6.16615, 6.16615, 6.16615, 6.16615, 6.16615, 6.16615, 6.16615, 6.16615, 6.16615, 6.16615, 6.16615, 6.16615, 6.16615, 6.16615]","[53.42907000433998, 45.69227173421073, 36.77517917101789, 35.78796489899692, 23.450098510107303, 12.552000414428278, 14.779858819955747, 14.385197141065149, 18.751836878939883, 16.369949857597646, 14.523218735927143, 17.388795733541656, 55.736414276842424, 41.35102857584643, 30.551325115533395, 20.773323201955137, 6.16615, 9.902172564915105, 6.16615, 6.16615, 6.16615, 6.16615, 6.16615, 6.16615, 6.16615, 6.16615, 6.16615, 6.16615, 6.16615, 24.469430377870303, 11.92809271071689, 63.155509800673535, 65.43456090281802, 89.61701527143865, 98.03331091645309, 109.94488784166208, 24.357452382652852, 53.35612891462386, 79.06613910490344, 70.24816037574534, 80.13275997216705, 62.271729585020154, 71.20709414788402, 92.33112839247069, 98.7067018713564, 104.29806080880863, 109.9989077719494, 106.77153570252051]","[52.234301083563246, 43.30079464337919, 33.18364272975022, 30.994214290777265, 17.452906929677525, 6.385850414428276, 8.613708819955747, 8.219047141065133, 12.585686878939882, 10.203799857597645, 8.357068735927143, 11.222645733541654, 49.57026427684243, 35.184878575846426, 24.385175115533393, 14.607173201955161, 0.0, 3.736022564915106, 0.0, 0.0, 0.0, 0.0, 0.0, 0.0, 0.0, 0.0, 0.0, 0.0, 0.0, 18.303280377870223, 5.761942710716889, 56.98935980067353, 59.268410902818026, 83.45086527143864, 91.86716091645309, 103.77873784166206, 18.191302382652854, 47.18997891462386, 72.89998910490344, 64.08201037574534, 73.96660997216705, 56.10557958502012, 65.04094414788399, 86.16497839247069, 92.5405518713564, 98.13191080880867, 103.8327577719494, 100.60538570252052]","[52.234301083563246, 43.30079464337918, 33.18364272975022, 30.994214290777265, 17.45290692967751, 6.385850414428278, 8.613708819955747, 8.219047141065149, 12.585686878939883, 10.203799857597646, 8.357068735927143, 11.222645733541656, 49.57026427684242, 35.184878575846426, 24.385175115533393, 14.607173201955137, 0.0, 3.736022564915105, 0.0, 0.0, 0.0, 0.0, 0.0, 0.0, 0.0, 0.0, 0.0, 0.0, 0.0, 18.3032803778703, 5.761942710716889, 56.98935980067353, 59.26841090281802, 83.45086527143864, 91.86716091645309, 103.77873784166208, 18.19130238265285, 47.18997891462386, 72.89998910490344, 64.08201037574534, 73.96660997216705, 56.10557958502015, 65.04094414788402, 86.16497839247069, 92.5405518713564, 98.13191080880863, 103.8327577719494, 100.60538570252051]","[1.6323219088613514, 1.3531498326055997, 1.0369888353046943, 0.9685691965867895, 0.5454033415524226, 0.19955782545088363, 0.2691784006236171, 0.2568452231582854, 0.3933027149668713, 0.3188687455499264, 0.2611583979977232, 0.3507076791731767, 0.8060205573470314, 0.5721118467617305, 0.3965069124476974, 0.23751501141390507, -0.03514343813441645, 0.06074833438886351, -0.47656887942845705, -0.5430848378631232, -0.8808967956585891, -1.1638981846481014, -1.5990762388010609, -1.44828701654802, -0.23025806015082395, -0.6018922911883093, -0.020615528847239162, -0.12057826675655026, -0.03589720475527791, 0.1978733013823808, 0.0622912725482907, 0.6161011870343085, 0.6407395773277624, 0.9021715164479853, 0.9931584963940874, 1.1219323009909412, 0.2957935346772822, 0.7673167303190871, 1.185365676502495, 1.0419839085487048, 1.2027091052384886, 0.9122858469108963, 1.0575763276078698, 1.4010565592271655, 1.5047244206724617, 1.5956408261594905, 1.6883375247471448, 1.635859930122285]","[0.0, 0.0, 0.0, 0.0, 0.0, 0.0, 0.0, 0.0, 0.0, 0.0, 0.0, 0.0, 0.0, 0.0, 0.0, 0.0, 0.0002431385761187954, 0.0, 0.04212011434853569, 0.059287077142994526, 0.1300766236084967, 0.1741153309431236, 0.1753463798275421, 0.18507119996594223, 0.02119877384159441, 0.03856247971877602, 0.016387910542037032, 0.029588663529753756, 0.05188926452929743, 0.06617178639162602, 0.11208219509581152, 0.03397574359934841, 0.017980962725820504, 0.0, 0.0, 0.0, 0.0034680226474432807, 0.0, 0.0, 0.0, 0.0, 0.0, 0.0, 0.0, 0.0, 0.0, 0.0, 0.0]",5.898191138365114,40.65671067681158,34.75851953844646,34.758519538446464,0.024115951396547125
33,SACLag,90,test_id,id_actual,not_applicable,0,,1437.1505231601107,,,,0.31618160009384155,0.006587116668621699,0.012089400086551905,0,0,True,,100090,policy,0,48,False,,,,"[18.33672635578519, 11.570023843896925, 3.5608158318554834, 4.758061060548813, 7.759017099394656, 14.081087540033762, 8.221602968791883, 9.99361121980776, 17.199828932469373, 10.36925598887275, 12.761339421122825, 14.997135333378054, 24.72761722374721, 32.90852266176221, 22.63717740678915, 13.282251283272945, 6.16615, 6.16615, 6.16615, 6.16615, 6.16615, 6.16615, 6.16615, 6.16615, 16.617107291254804, 6.16615, 21.262962051871916, 20.405262654330507, 6.16615, 14.028291714974744, 6.16615, 49.49613663261284, 52.025868817823365, 77.12048987719513, 87.99833771330646, 100.32897875516392, 15.340543108472248, 38.70360820949547, 68.50952923478943, 60.03996542448339, 69.56998366055129, 52.91994402634819, 62.015997757494645, 70.45022240666736, 67.06081349973363, 64.02411879028261, 68.6975493328423, 65.54308802888734]","[0.005804200191050768, 0.005314400186762214, 0.005781900137662888, 0.007596799870952964, 0.0069148000329732895, 0.005922500044107437, 0.0055015000980347395, 0.006020999979227781, 0.007530299946665764, 0.005725699942559004, 0.006074199918657541, 0.008033099817112088, 0.006412999937310815, 0.005912400083616376, 0.006284100003540516, 0.005786200053989887, 0.0059739998541772366, 0.0061824999283999205, 0.006472099805250764, 0.005850800080224872, 0.006559799890965223, 0.005852899979799986, 0.005965299904346466, 0.006466099992394447, 0.006454200018197298, 0.006091100163757801, 0.005612500011920929, 0.005798399914056063, 0.006141600199043751, 0.008701399900019169, 0.005974699975922704, 0.005660800030454993, 0.0064073000103235245, 0.007592699956148863, 0.0062188999727368355, 0.005615200148895383, 0.005397200118750334, 0.005328899947926402, 0.005544499959796667, 0.005789699964225292, 0.012089400086551905, 0.006084599997848272, 0.011604300001636147, 0.006623700028285384, 0.011201699962839484, 0.007163600064814091, 0.0069639000575989485, 0.006181699922308326]",,,,,,,,,,,,,,,,,policy_baseline,formal/step7_33_policy_baselines_raw.csv,Oracle-H7,1590.5274101131722,-9.643146416580661,experiment_assets\policies\33\saclag,legacy_penalized_operating_cost,1437.1505231601107,282.98465196660015,1154.1658711935102,1154.1658711935104,"[1.1956252398860285, 2.3735970482305557, 3.560815831855484, 4.758061060548813, 5.952102786079182, 6.16615, 6.16615, 6.16615, 6.16615, 6.16615, 6.16615, 6.16615, 6.16615, 6.16615, 6.16615, 6.16615, 6.16615, 6.16615, 6.16615, 6.16615, 6.16615, 6.16615, 6.16615, 6.16615, 6.16615, 6.16615, 6.16615, 6.16615, 6.16615, 6.16615, 6.16615, 6.16615, 6.16615, 6.16615, 6.16615, 6.16615, 6.16615, 6.16615, 6.16615, 6.16615, 6.16615, 6.16615, 6.16615, 6.16615, 6.16615, 6.16615, 6.16615, 6.16615]","[18.33672635578519, 11.570023843896925, 3.5608158318554834, 4.758061060548813, 7.759017099394656, 14.081087540033762, 8.221602968791883, 9.99361121980776, 17.199828932469373, 10.36925598887275, 12.761339421122825, 14.997135333378054, 24.72761722374721, 32.90852266176221, 22.63717740678915, 13.282251283272945, 6.16615, 6.16615, 6.16615, 6.16615, 6.16615, 6.16615, 6.16615, 6.16615, 16.617107291254804, 6.16615, 21.262962051871916, 20.405262654330507, 6.16615, 14.028291714974744, 6.16615, 49.49613663261284, 52.025868817823365, 77.12048987719513, 87.99833771330646, 100.32897875516392, 15.340543108472248, 38.70360820949547, 68.50952923478943, 60.03996542448339, 69.56998366055129, 52.91994402634819, 62.015997757494645, 70.45022240666736, 67.06081349973363, 64.02411879028261, 68.6975493328423, 65.54308802888734]","[17.14110111589916, 9.196426795666383, 0.0, 0.0, 1.8069143133154881, 7.914937540033762, 2.055452968791883, 3.827461219807745, 11.033678932469371, 4.20310598887275, 6.595189421122825, 8.830985333378052, 18.561467223747208, 26.742372661762214, 16.471027406789148, 7.1161012832729735, 0.0, 0.0, 0.0, 0.0, 0.0, 0.0, 0.0, 0.0, 10.450957291254806, 0.0, 15.096812051871835, 14.239112654330505, 0.0, 7.862141714974664, 0.0, 43.32998663261284, 45.859718817823364, 70.95433987719512, 81.83218771330645, 94.1628287551639, 9.174393108472248, 32.53745820949547, 62.343379234789424, 53.87381542448338, 63.40383366055129, 46.75379402634815, 55.849847757494615, 64.28407240666736, 60.89466349973363, 57.85796879028265, 62.531399332842305, 59.37693802888734]","[17.14110111589916, 9.196426795666369, -4.440892098500626e-16, 0.0, 1.806914313315474, 7.914937540033762, 2.055452968791883, 3.827461219807759, 11.033678932469373, 4.20310598887275, 6.595189421122825, 8.830985333378054, 18.561467223747208, 26.74237266176221, 16.471027406789148, 7.116101283272945, 0.0, 0.0, 0.0, 0.0, 0.0, 0.0, 0.0, 0.0, 10.450957291254804, 0.0, 15.096812051871916, 14.239112654330507, 0.0, 7.862141714974744, 0.0, 43.32998663261284, 45.859718817823364, 70.95433987719512, 81.83218771330645, 94.16282875516391, 9.174393108472248, 32.53745820949547, 62.343379234789424, 53.87381542448339, 63.403833660551285, 46.75379402634819, 55.84984775749464, 64.28407240666736, 60.894663499733625, 57.85796879028261, 62.5313993328423, 59.37693802888734]","[0.5356594098718488, 0.2873883373645745, -0.0475427491664, -0.05134445414214328, 0.056466072291109004, 0.24734179812605506, 0.06423290527474634, 0.11960816311899203, 0.34480246663966785, 0.13134706215227343, 0.20609966941008828, 0.27596829166806414, 0.30181247518288146, 0.43483532783353196, 0.26782158385023, 0.1157089639556581, -0.1481995453394238, -0.05286889155631025, -0.11484305428875796, -0.14070162672186903, -0.4267044565787468, -0.6685938259857318, -1.1106847530974755, -0.942706719282179, 0.11298332206761952, -0.18812636805020055, 0.16320877893915497, 0.15393635301978925, -0.10957748279949708, 0.08499612664837475, -0.010936587693373134, 0.4684322879201388, 0.49578074397646876, 0.7670739446183257, 0.884672299603313, 1.017976527082853, 0.14917712371499592, 0.5290643611300077, 1.013713483492511, 0.8759969987720875, 1.0309566448870129, 0.7602242931113521, 0.9081276058129206, 1.0452694700271117, 0.9901571300769696, 0.9407799803297991, 1.0167707208592245, 0.9654786671363795]","[0.0, 0.0, 0.0, 0.0, 0.0, 0.0, 0.0, 0.0, 0.0, 0.0, 0.0, 0.0, 0.0, 0.0, 0.0, 0.0, 0.0, 0.0, 0.0, 0.0, 0.0, 0.0, 0.0, 0.0, 0.0, 0.0, 0.0, 0.0, 0.0, 0.0, 0.0, 0.0, 0.0, 0.0, 0.0, 0.0, 0.0, 0.0, 0.0, 0.0, 0.0, 0.0, 0.0, 0.0, 0.0, 0.0, 0.0, 0.0]",5.895513582637503,29.94063589916897,24.04512231653146,24.045122316531465,0.0
33,SAC,91,test_id,id_actual,not_applicable,0,,1441.388703672229,,,,0.39667180040851235,0.008263995841844007,0.012875699903815985,0,0,True,,100091,policy,0,48,False,,,,"[24.545100432272918, 14.326378275404576, 3.562106566853561, 7.482354504992111, 6.388556259611041, 11.504187277019822, 15.353893217824533, 15.521671756508807, 12.77771563757122, 13.054239608000398, 10.711537969358387, 14.524300773040322, 54.08786716841711, 44.654163656407775, 21.566308142316597, 6.16615, 6.16615, 6.16615, 6.16615, 6.16615, 6.16615, 6.16615, 6.16615, 6.16615, 6.420422077764163, 6.16615, 6.16615, 11.41024651774666, 6.16615, 14.184831392663341, 27.478851436693297, 34.52773549798545, 66.4543575794977, 64.47948669299416, 99.29971014662928, 72.06841080775763, 35.81853474435673, 52.93224113267312, 59.90714396314283, 59.69497010740659, 55.40853257454636, 67.9639076459996, 63.855642250148726, 53.67567213173295, 68.75400408276157, 67.44419624766016, 59.357815519294846, 56.19780987717468]","[0.005780300125479698, 0.00597229995764792, 0.006464600097388029, 0.00614450010471046, 0.005749100120738149, 0.005895999958738685, 0.0055402000434696674, 0.005624900106340647, 0.0058189998380839825, 0.005813899915665388, 0.009181699948385358, 0.006212900159880519, 0.006017500068992376, 0.005931900115683675, 0.006335600046440959, 0.007256099954247475, 0.0059766999911516905, 0.005609199870377779, 0.005960900103673339, 0.005905700149014592, 0.006480599986389279, 0.0069658998399972916, 0.006116099888458848, 0.005841000005602837, 0.00581110012717545, 0.006017499836161733, 0.01027500000782311, 0.006698899902403355, 0.0057789001148194075, 0.005584399914368987, 0.006082100095227361, 0.006993900053203106, 0.012268600054085255, 0.012523700017482042, 0.011991200037300587, 0.011623400030657649, 0.011775299906730652, 0.012662400025874376, 0.01192110008560121, 0.012447499902918935, 0.012603799812495708, 0.011360300006344914, 0.012446299893781543, 0.011612300062552094, 0.012875699903815985, 0.012299500172957778, 0.011821500025689602, 0.012600800022482872]",,,,,,,,,,,,,,,,,policy_baseline,formal/step7_33_policy_baselines_raw.csv,Oracle-H7,1629.7194731368231,-11.55602375555482,experiment_assets\policies\33\sac,legacy_penalized_operating_cost,1441.388703672229,282.9519768901296,1158.4367267820994,1158.4367267820994,"[1.2074018923828702, 2.402199642749745, 3.562106566853561, 4.732445933540315, 5.903372854603039, 6.16615, 6.16615, 6.16615, 6.16615, 6.16615, 6.16615, 6.16615, 6.16615, 6.16615, 6.16615, 6.16615, 6.16615, 6.16615, 6.16615, 6.16615, 6.16615, 6.16615, 6.16615, 6.16615, 6.16615, 6.16615, 6.16615, 6.16615, 6.16615, 6.16615, 6.16615, 6.16615, 6.16615, 6.16615, 6.16615, 6.16615, 6.16615, 6.16615, 6.16615, 6.16615, 6.16615, 6.16615, 6.16615, 6.16615, 6.16615, 6.16615, 6.16615, 6.16615]","[24.545100432272918, 14.326378275404576, 3.562106566853561, 7.482354504992111, 6.388556259611041, 11.504187277019822, 15.353893217824533, 15.521671756508807, 12.77771563757122, 13.054239608000398, 10.711537969358387, 14.524300773040322, 54.08786716841711, 44.654163656407775, 21.566308142316597, 6.16615, 6.16615, 6.16615, 6.16615, 6.16615, 6.16615, 6.16615, 6.16615, 6.16615, 6.420422077764163, 6.16615, 6.16615, 11.41024651774666, 6.16615, 14.184831392663341, 27.478851436693297, 34.52773549798545, 66.4543575794977, 64.47948669299416, 99.29971014662928, 72.06841080775763, 35.81853474435673, 52.93224113267312, 59.90714396314283, 59.69497010740659, 55.40853257454636, 67.9639076459996, 63.855642250148726, 53.67567213173295, 68.75400408276157, 67.44419624766016, 59.357815519294846, 56.19780987717468]","[23.33769853989005, 11.92417863265483, 0.0, 2.7499085714517975, 0.4851834050080015, 5.338037277019822, 9.187743217824533, 9.355521756508807, 6.611565637571232, 6.888089608000385, 4.545387969358373, 8.358150773040322, 47.92171716841712, 38.48801365640777, 15.400158142316597, 0.0, 0.0, 0.0, 0.0, 0.0, 0.0, 0.0, 0.0, 0.0, 0.25427207776408167, 0.0, 0.0, 5.244096517746661, 0.0, 8.018681392663423, 21.3127014366933, 28.361585497985445, 60.288207579497616, 58.313336692994156, 93.13356014662928, 65.90226080775763, 29.65238474435673, 46.76609113267312, 53.74099396314283, 53.52882010740661, 49.24238257454636, 61.797757645999575, 57.689492250148696, 47.50952213173296, 62.587854082761574, 61.278046247660164, 53.191665519294844, 50.031659877174675]","[23.33769853989005, 11.924178632654831, 0.0, 2.7499085714517966, 0.4851834050080015, 5.338037277019822, 9.187743217824533, 9.355521756508807, 6.6115656375712195, 6.8880896080003975, 4.545387969358387, 8.358150773040322, 47.92171716841711, 38.48801365640777, 15.400158142316597, 0.0, 0.0, 0.0, 0.0, 0.0, 0.0, 0.0, 0.0, 0.0, 0.2542720777641634, 0.0, 0.0, 5.2440965177466605, 0.0, 8.018681392663341, 21.312701436693295, 28.361585497985445, 60.288207579497694, 58.313336692994156, 93.13356014662928, 65.90226080775763, 29.65238474435673, 46.76609113267312, 53.74099396314283, 53.52882010740659, 49.24238257454636, 61.797757645999596, 57.689492250148724, 47.50952213173295, 62.58785408276157, 61.27804624766016, 53.191665519294844, 50.031659877174675]","[0.729303079371564, 0.3726305822704634, -0.012385474147153186, 0.08593464285786867, 0.015161981406500047, 0.16681366490686944, 0.28711697555701665, 0.2923600548909002, 0.206611426174101, 0.21525280025001203, 0.14204337404244916, 0.26119221165751005, 0.7792149133075954, 0.625821360266793, 0.2504090754848227, -0.02422419121337116, -0.0715198352022961, -0.01705125514534478, -0.07661126970632015, -0.2522850024682768, -0.2961897504394799, -0.5058245036110454, -0.7662634737234812, -0.8755793813564265, 0.0027488873271792613, -0.027312525016834677, -0.010371318534932783, 0.056692935326990934, -0.032720666291123024, 0.08668844748825322, 0.23040758309938703, 0.30661173511335615, 0.6517644062648391, 0.630414450735072, 1.0068492988824786, 0.7124568735973797, 0.4821525974692151, 0.7604242460597255, 0.8738373002137045, 0.8703873188196196, 0.8006891475535993, 1.0048415877398305, 0.9380405243926617, 0.7725125549875278, 1.0176886842725459, 0.9963909958969133, 0.8649051303950381, 0.8135229248321085]","[0.0, 0.0, 0.0, 0.0, 0.0, 0.0, 0.0, 0.0, 0.0, 0.0, 0.0, 0.0, 0.0, 0.0, 0.0, 0.0, 0.0, 0.0, 0.0, 0.0015986974995501058, 0.015872069319051274, 0.05634234137274796, 0.08448002386472186, 0.08117297363492693, 0.0, 0.0, 0.0, 0.0, 0.0, 0.0, 0.0, 0.0, 0.0, 0.0, 0.0, 0.0, 0.0, 0.0, 0.0, 0.0, 0.0, 0.0, 0.0, 0.0, 0.0, 0.0, 0.0, 0.0]",5.894832851877699,30.02893132650477,24.13409847462707,24.13409847462707,0.004988877201895794
33,SAC-ICNN,91,test_id,id_actual,not_applicable,0,,1977.8964891113355,,,,0.4275038009509444,0.00890632918647801,0.014984000008553267,0,0,True,,100091,policy,0,48,False,,,,"[60.677054478888145, 50.203560479612676, 37.93595969478043, 41.21659248801768, 23.032352813945025, 18.090124882590914, 18.92298027011087, 13.991293065447321, 15.375364455929756, 13.57261748967495, 12.73452229140477, 22.131282658950653, 81.8484660651195, 52.412446042615635, 28.91308151021243, 11.816569892395414, 6.16615, 6.16615, 6.16615, 6.16615, 6.16615, 6.16615, 6.16615, 6.16615, 6.16615, 6.16615, 6.16615, 24.644445951379993, 6.16615, 23.679306328835438, 37.62808603163502, 46.149958392231085, 79.40619498599789, 75.67071869933704, 111.13166739175462, 80.86521658228213, 41.05828976551623, 49.94177898701486, 69.74659051175045, 69.58962988802391, 64.98135436161138, 77.65366568691361, 72.76981038760565, 81.98187999486908, 105.11170983366675, 101.74240492103446, 93.11834919814318, 94.1573626320367]","[0.012415400007739663, 0.00934040010906756, 0.008460500044748187, 0.008328600088134408, 0.008438499877229333, 0.008269099984318018, 0.009990299819037318, 0.010264000156894326, 0.00931029999628663, 0.00866320007480681, 0.012719700112938881, 0.013642200035974383, 0.012748399982228875, 0.007490399992093444, 0.0067824001889675856, 0.006633599987253547, 0.007458599982783198, 0.006442399928346276, 0.006687900051474571, 0.006840699817985296, 0.01494510006159544, 0.006489100167527795, 0.006518299924209714, 0.011951299849897623, 0.009477599989622831, 0.009188299998641014, 0.013030600035563111, 0.012369700009003282, 0.006324399961158633, 0.007942999945953488, 0.006661399966105819, 0.00823180004954338, 0.0071558000054210424, 0.008629899937659502, 0.006859099958091974, 0.0063934000208973885, 0.0073333000764250755, 0.009191200137138367, 0.014984000008553267, 0.007379700196906924, 0.006856800056993961, 0.00898470007814467, 0.012558900052681565, 0.010902399895712733, 0.006294900085777044, 0.0064674001187086105, 0.006607200019061565, 0.006847900105640292]",,,,,,,,,,,,,,,,,policy_baseline,formal/step7_33_policy_baselines_raw.csv,Oracle-H7,1629.7194731368231,21.364229961881374,experiment_assets\policies\33\sac_icnn,legacy_penalized_operating_cost,1977.8964891113355,283.0799417395834,1694.8165473717522,1694.8165473717522,"[1.1912284742838661, 2.386965549089955, 3.5851517063764016, 4.7837565063929635, 5.9883895034401755, 6.16615, 6.16615, 6.16615, 6.16615, 6.16615, 6.16615, 6.16615, 6.16615, 6.16615, 6.16615, 6.16615, 6.16615, 6.16615, 6.16615, 6.16615, 6.16615, 6.16615, 6.16615, 6.16615, 6.16615, 6.16615, 6.16615, 6.16615, 6.16615, 6.16615, 6.16615, 6.16615, 6.16615, 6.16615, 6.16615, 6.16615, 6.16615, 6.16615, 6.16615, 6.16615, 6.16615, 6.16615, 6.16615, 6.16615, 6.16615, 6.16615, 6.16615, 6.16615]","[60.677054478888145, 50.203560479612676, 37.93595969478043, 41.21659248801768, 23.032352813945025, 18.090124882590914, 18.92298027011087, 13.991293065447321, 15.375364455929756, 13.57261748967495, 12.73452229140477, 22.131282658950653, 81.8484660651195, 52.412446042615635, 28.91308151021243, 11.816569892395414, 6.16615, 6.16615, 6.16615, 6.16615, 6.16615, 6.16615, 6.16615, 6.16615, 6.16615, 6.16615, 6.16615, 24.644445951379993, 6.16615, 23.679306328835438, 37.62808603163502, 46.149958392231085, 79.40619498599789, 75.67071869933704, 111.13166739175462, 80.86521658228213, 41.05828976551623, 49.94177898701486, 69.74659051175045, 69.58962988802391, 64.98135436161138, 77.65366568691361, 72.76981038760565, 81.98187999486908, 105.11170983366675, 101.74240492103446, 93.11834919814318, 94.1573626320367]","[59.48582600460428, 47.81659493052271, 34.350807988404014, 36.43283598162472, 17.04396331050485, 11.923974882590912, 12.756830270110868, 7.825143065447321, 9.209214455929768, 7.406467489674938, 6.568372291404756, 15.965132658950651, 75.6823160651195, 46.24629604261563, 22.74693151021243, 5.650419892395414, 0.0, 0.0, 0.0, 0.0, 0.0, 0.0, 0.0, 0.0, 0.0, 0.0, 0.0, 18.47829595137999, 0.0, 17.51315632883552, 31.461936031635023, 39.98380839223108, 73.2400449859978, 69.50456869933704, 104.96551739175462, 74.69906658228213, 34.89213976551623, 43.775628987014855, 63.58044051175046, 63.42347988802393, 58.815204361611386, 71.48751568691358, 66.60366038760561, 75.81572999486907, 98.94555983366675, 95.57625492103445, 86.95219919814318, 87.99121263203669]","[59.48582600460428, 47.81659493052272, 34.35080798840403, 36.43283598162472, 17.04396331050485, 11.923974882590914, 12.75683027011087, 7.825143065447321, 9.209214455929756, 7.4064674896749505, 6.568372291404771, 15.965132658950653, 75.6823160651195, 46.24629604261563, 22.746931510212427, 5.650419892395414, 0.0, 0.0, 0.0, 0.0, 0.0, 0.0, 0.0, 0.0, 0.0, 0.0, 0.0, 18.47829595137999, 0.0, 17.513156328835436, 31.46193603163502, 39.98380839223108, 73.24004498599788, 69.50456869933704, 104.96551739175462, 74.69906658228213, 34.89213976551623, 43.775628987014855, 63.58044051175045, 63.423479888023905, 58.81520436161138, 71.48751568691361, 66.60366038760564, 75.81572999486907, 98.94555983366675, 95.57625492103446, 86.95219919814318, 87.99121263203669]","[1.8589320626438837, 1.4942685915788347, 1.0734627496376254, 1.1385261244257725, 0.5326238534532766, 0.372624215080966, 0.3986509459409646, 0.24453572079522878, 0.28778795174780525, 0.23145210905234181, 0.20526163410639864, 0.49891039559220784, 1.2306067652864958, 0.7519722933758639, 0.3698688050441046, 0.09187674621781161, -0.1592040265762691, -0.0684569684144658, -0.47784583656554824, -0.6900785336353845, -0.7359720768590492, -0.9602302208614057, -1.2369536747319838, -1.3354860972417923, -0.19133288026907103, -0.3199384876585549, -0.17049992884037124, 0.19976536163654046, -0.01154104394230071, 0.18933141977119483, 0.3401290381798381, 0.43225738802411984, 0.7917842701188951, 0.7514007426955356, 1.134762350181131, 0.8075574765652123, 0.5673518661059549, 0.7117988453173147, 1.0338283010040725, 1.0312760957402265, 0.9563447863676648, 1.1623986290555055, 1.082986347765945, 1.232776097477546, 1.6088708916043373, 1.554085445870479, 1.4138568975307835, 1.4307514249111657]","[0.0, 0.0, 0.0, 0.0, 0.0, 0.0, 0.0, 0.0, 0.0, 0.0, 0.0, 0.0, 0.0, 0.0, 0.0, 0.0, 0.004230460905034539, 0.0018011240670543494, 0.055077092352170176, 0.08265953670045723, 0.09013961370861523, 0.12739244334457434, 0.17575263501334004, 0.1685963720632906, 0.015344636713467086, 0.02643788494475774, 0.02096057636320192, 0.007196708885224057, 0.05653835070631752, 0.07073278471771616, 0.07903477584767571, 0.03965431377386763, 0.010187347852349538, 0.0, 0.0, 0.0, 0.00014727416709670038, 0.0, 0.0, 0.0, 0.0, 0.0, 0.0, 0.0, 0.0, 0.0, 0.0, 0.0]",5.897498786241321,41.20617685648616,35.30867807024484,35.30867807024484,0.021497581919296054
33,SACLag,91,test_id,id_actual,not_applicable,0,,1469.3578109387217,,,,0.36276719998568296,0.007557649999701728,0.012788299936801195,0,0,True,,100091,policy,0,48,False,,,,"[25.335117433426298, 16.362453460915393, 3.571181997443598, 7.783885534493075, 5.962727099554108, 13.188835770502164, 18.982326136699868, 15.839149908021948, 10.988673399076957, 11.972884145503171, 10.93399295133207, 16.01513946644073, 49.5852225942293, 43.77778985274706, 20.965294056257108, 6.16615, 6.16615, 6.16615, 6.16615, 6.16615, 6.16615, 6.16615, 6.16615, 6.16615, 19.422003790028974, 11.181136030757177, 19.614628181874103, 18.03372879302276, 6.16615, 13.501040898311572, 26.377626185600146, 33.35852482974807, 65.71924542449315, 64.43927110893294, 99.51544167511963, 72.6946157431885, 31.754981916504267, 52.03767152012077, 59.61008362882087, 59.2792217357725, 55.08435383160163, 67.70764767327557, 63.612701146967346, 53.287265566743294, 68.35383003645138, 67.03563034458317, 59.03307828584602, 55.77790878431511]","[0.0065731999929994345, 0.008152900030836463, 0.007232900010421872, 0.006573500111699104, 0.005924199940636754, 0.005722700152546167, 0.005835700081661344, 0.006664399988949299, 0.00741420011036098, 0.007229700218886137, 0.006414500065147877, 0.006705200066789985, 0.006648099981248379, 0.007803600048646331, 0.008450199849903584, 0.008255500113591552, 0.006734699942171574, 0.006840899819508195, 0.007481300039216876, 0.00685400003567338, 0.008922899840399623, 0.006551300175487995, 0.006691299844533205, 0.0063096999656409025, 0.0083255001809448, 0.00738460011780262, 0.006343799876049161, 0.007357999915257096, 0.008562000002712011, 0.012788299936801195, 0.011555099859833717, 0.012554599903523922, 0.01155960001051426, 0.008370599942281842, 0.006367899943143129, 0.006234499858692288, 0.006986799882724881, 0.006911899894475937, 0.007705900119617581, 0.006144299870356917, 0.007319600088521838, 0.0063056000508368015, 0.006055600009858608, 0.006800600094720721, 0.006955400109291077, 0.010159899946302176, 0.008660699939355254, 0.007369800005108118]",,,,,,,,,,,,,,,,,policy_baseline,formal/step7_33_policy_baselines_raw.csv,Oracle-H7,1629.7194731368231,-9.839832243609587,experiment_assets\policies\33\saclag,legacy_penalized_operating_cost,1469.3578109387217,283.03169466235687,1186.3261162763647,1186.326116276365,"[1.2027136323750849, 2.3828916454214992, 3.571181997443598, 4.7677302875625225, 5.962727099554108, 6.16615, 6.16615, 6.16615, 6.16615, 6.16615, 6.16615, 6.16615, 6.16615, 6.16615, 6.16615, 6.16615, 6.16615, 6.16615, 6.16615, 6.16615, 6.16615, 6.16615, 6.16615, 6.16615, 6.16615, 6.16615, 6.16615, 6.16615, 6.16615, 6.16615, 6.16615, 6.16615, 6.16615, 6.16615, 6.16615, 6.16615, 6.16615, 6.16615, 6.16615, 6.16615, 6.16615, 6.16615, 6.16615, 6.16615, 6.16615, 6.16615, 6.16615, 6.16615]","[25.335117433426298, 16.362453460915393, 3.571181997443598, 7.783885534493075, 5.962727099554108, 13.188835770502164, 18.982326136699868, 15.839149908021948, 10.988673399076957, 11.972884145503171, 10.93399295133207, 16.01513946644073, 49.5852225942293, 43.77778985274706, 20.965294056257108, 6.16615, 6.16615, 6.16615, 6.16615, 6.16615, 6.16615, 6.16615, 6.16615, 6.16615, 19.422003790028974, 11.181136030757177, 19.614628181874103, 18.03372879302276, 6.16615, 13.501040898311572, 26.377626185600146, 33.35852482974807, 65.71924542449315, 64.43927110893294, 99.51544167511963, 72.6946157431885, 31.754981916504267, 52.03767152012077, 59.61008362882087, 59.2792217357725, 55.08435383160163, 67.70764767327557, 63.612701146967346, 53.287265566743294, 68.35383003645138, 67.03563034458317, 59.03307828584602, 55.77790878431511]","[24.13240380105121, 13.979561815493895, 0.0, 3.016155246930552, 0.0, 7.022685770502164, 12.816176136699866, 9.67299990802195, 4.822523399076971, 5.806734145503157, 4.767842951332057, 9.848989466440727, 43.4190725942293, 37.61163985274706, 14.799144056257106, 0.0, 0.0, 0.0, 0.0, 0.0, 0.0, 0.0, 0.0, 0.0, 13.25585379002889, 5.014986030757176, 13.44847818187402, 11.867578793022762, 0.0, 7.334890898311654, 20.211476185600144, 27.192374829748072, 59.55309542449308, 58.27312110893294, 93.34929167511963, 66.5284657431885, 25.58883191650426, 45.87152152012076, 53.443933628820865, 53.11307173577252, 48.91820383160163, 61.54149767327554, 57.44655114696734, 47.12111556674329, 62.18768003645139, 60.869480344583174, 52.866928285846015, 49.611758784315114]","[24.13240380105121, 13.979561815493895, 0.0, 3.016155246930553, 0.0, 7.022685770502164, 12.816176136699868, 9.672999908021948, 4.822523399076957, 5.806734145503171, 4.767842951332071, 9.84898946644073, 43.4190725942293, 37.61163985274706, 14.799144056257107, 0.0, 0.0, 0.0, 0.0, 0.0, 0.0, 0.0, 0.0, 0.0, 13.255853790028974, 5.014986030757177, 13.448478181874103, 11.86757879302276, 0.0, 7.334890898311572, 20.211476185600148, 27.19237482974807, 59.55309542449315, 58.27312110893294, 93.34929167511963, 66.5284657431885, 25.58883191650427, 45.871521520120766, 53.443933628820865, 53.1130717357725, 48.91820383160163, 61.54149767327557, 57.446551146967344, 47.12111556674329, 62.18768003645138, 60.86948034458317, 52.866928285846015, 49.61175878431511]","[0.7541376187828503, 0.4368613067341842, -0.011651807623012989, 0.09425485146657975, -0.06827731238726864, 0.21945893032819264, 0.4005055042718708, 0.30228124712568594, 0.15070385622115534, 0.18146044204697365, 0.14899509222912677, 0.30778092082627273, 0.7060011803939723, 0.6115713797194644, 0.24063648871962773, -0.026772905427888904, -0.26894963474731126, -0.17693598235779406, -0.10706367858370269, -0.2721858159632671, -0.2994560584472423, -0.49386129724243855, -0.7305003760964062, -0.8339367377218374, 0.1433065274597718, 0.054216065197374874, 0.14538895331755697, 0.12829814911375959, -0.07200086125439054, 0.07929611781958545, 0.21850244524973128, 0.29397161978106023, 0.6438172478323576, 0.6299796876641399, 1.009181531622915, 0.7192266566831189, 0.41607856774803675, 0.7458783987011506, 0.869007050875136, 0.8636271826954882, 0.7954179484813273, 1.0006747589150495, 0.9340902625523144, 0.7661970010852568, 1.0111817892105917, 0.9897476478794012, 0.8596248501763579, 0.8066952647856116]","[0.0, 0.0, 0.0, 0.0, 0.0, 0.0, 0.0, 0.0, 0.0, 0.0, 0.0, 0.0, 0.0, 0.0, 0.0, 0.0, 0.0, 0.0, 0.0, 0.0, 0.0, 0.0, 0.0, 0.0, 0.0, 0.0, 0.0, 0.0, 0.0, 0.0, 0.0, 0.0, 0.0, 0.0, 0.0, 0.0, 0.0, 0.0, 0.0, 0.0, 0.0, 0.0, 0.0, 0.0, 0.0, 0.0, 0.0, 0.0]",5.896493638799101,30.61162106122337,24.715127422424263,24.71512742242427,0.0
33,SAC,92,test_id,id_actual,not_applicable,0,,1303.1331756083682,,,,0.42801189911551774,0.00891691456490662,0.012976099969819188,0,0,True,,100092,policy,0,48,False,,,,"[6.282247671788264, 17.261337806773323, 10.21656264287536, 7.253699237930893, 6.693723789057943, 9.222045162212181, 11.019764921764688, 9.616629926331724, 11.863428869022924, 15.23868325399931, 9.275686355662982, 8.193576220851112, 42.732762495466474, 43.95659141934171, 12.44813130903344, 11.657034404075405, 6.16615, 6.16615, 6.16615, 6.16615, 6.16615, 6.16615, 6.16615, 6.16615, 6.16615, 6.16615, 6.16615, 6.16615, 8.156282697729786, 6.16615, 22.28458121910606, 28.837592698033276, 63.29869490264283, 79.92653326513008, 61.0242820204425, 104.43502444443583, 23.511704975139082, 28.21467568172622, 43.942070153601755, 64.43629664787092, 56.1939520270163, 55.92274973860757, 53.919675488560216, 65.94750208262575, 50.054642386162044, 64.93168884673209, 61.745160885618425, 53.25820996099952]","[0.007120799971744418, 0.011207300005480647, 0.006856600055471063, 0.006659199949353933, 0.006227100035175681, 0.012266899924725294, 0.008078499929979444, 0.006943500135093927, 0.008900899905711412, 0.00753089995123446, 0.009215699974447489, 0.009547499939799309, 0.012719700112938881, 0.012377999955788255, 0.011991000035777688, 0.012452299939468503, 0.011641899822279811, 0.011193400016054511, 0.00832349993288517, 0.00717519992031157, 0.0062513998709619045, 0.006445300066843629, 0.007061199983581901, 0.009453400038182735, 0.008197099901735783, 0.00669809989631176, 0.007382499985396862, 0.006259699817746878, 0.008459100034087896, 0.009688099846243858, 0.006814099848270416, 0.0085552001837641, 0.010100899962708354, 0.006579200038686395, 0.011447600089013577, 0.007930699968710542, 0.007588099921122193, 0.008825199911370873, 0.011176800122484565, 0.0070015001110732555, 0.007711600046604872, 0.009057300165295601, 0.008373899850994349, 0.00782150006853044, 0.0092913000844419, 0.010670699877664447, 0.012976099969819188, 0.011764399940147996]",,,,,,,,,,,,,,,,,policy_baseline,formal/step7_33_policy_baselines_raw.csv,Oracle-H7,1484.1085918578876,-12.194216598595698,experiment_assets\policies\33\sac,legacy_penalized_operating_cost,1303.1331756083682,282.94153158503957,1020.1916440233284,1020.1916440233284,"[1.1952960446792344, 2.3871860581140774, 3.566174158014591, 4.739026604280629, 5.909398719951044, 6.16615, 6.16615, 6.16615, 6.16615, 6.16615, 6.16615, 6.16615, 6.16615, 6.16615, 6.16615, 6.16615, 6.16615, 6.16615, 6.16615, 6.16615, 6.16615, 6.16615, 6.16615, 6.16615, 6.16615, 6.16615, 6.16615, 6.16615, 6.16615, 6.16615, 6.16615, 6.16615, 6.16615, 6.16615, 6.16615, 6.16615, 6.16615, 6.16615, 6.16615, 6.16615, 6.16615, 6.16615, 6.16615, 6.16615, 6.16615, 6.16615, 6.16615, 6.16615]","[6.282247671788264, 17.261337806773323, 10.21656264287536, 7.253699237930893, 6.693723789057943, 9.222045162212181, 11.019764921764688, 9.616629926331724, 11.863428869022924, 15.23868325399931, 9.275686355662982, 8.193576220851112, 42.732762495466474, 43.95659141934171, 12.44813130903344, 11.657034404075405, 6.16615, 6.16615, 6.16615, 6.16615, 6.16615, 6.16615, 6.16615, 6.16615, 6.16615, 6.16615, 6.16615, 6.16615, 8.156282697729786, 6.16615, 22.28458121910606, 28.837592698033276, 63.29869490264283, 79.92653326513008, 61.0242820204425, 104.43502444443583, 23.511704975139082, 28.21467568172622, 43.942070153601755, 64.43629664787092, 56.1939520270163, 55.92274973860757, 53.919675488560216, 65.94750208262575, 50.054642386162044, 64.93168884673209, 61.745160885618425, 53.25820996099952]","[5.086951627109045, 14.874151748659244, 6.650388484860784, 2.514672633650264, 0.7843250691068846, 3.055895162212181, 4.853614921764688, 3.450479926331738, 5.697278869022924, 9.07253325399931, 3.109536355662982, 2.027426220851112, 36.566612495466494, 37.79044141934171, 6.281981309033441, 5.4908844040754055, 0.0, 0.0, 0.0, 0.0, 0.0, 0.0, 0.0, 0.0, 0.0, 0.0, 0.0, 0.0, 1.990132697729785, 0.0, 16.118431219106057, 22.671442698033275, 57.13254490264274, 73.76038326513007, 54.8581320204425, 98.26887444443588, 17.34555497513908, 22.048525681726193, 37.77592015360175, 58.27014664787092, 50.02780202701627, 49.756599738607534, 47.753525488560214, 59.78135208262577, 43.888492386162014, 58.76553884673209, 55.57901088561845, 47.092059960999556]","[5.08695162710903, 14.874151748659246, 6.650388484860769, 2.514672633650264, 0.7843250691068988, 3.055895162212181, 4.853614921764688, 3.450479926331724, 5.697278869022924, 9.07253325399931, 3.109536355662982, 2.027426220851112, 36.56661249546647, 37.79044141934171, 6.281981309033441, 5.4908844040754055, 0.0, 0.0, 0.0, 0.0, 0.0, 0.0, 0.0, 0.0, 0.0, 0.0, 0.0, 0.0, 1.990132697729786, 0.0, 16.118431219106057, 22.671442698033275, 57.13254490264283, 73.76038326513007, 54.8581320204425, 98.26887444443582, 17.34555497513908, 22.04852568172622, 37.77592015360175, 58.27014664787092, 50.0278020270163, 49.75659973860757, 47.753525488560214, 59.781352082625745, 43.88849238616204, 58.765538846732085, 55.57901088561842, 47.09205996099952]","[0.15896723834715765, 0.4648172421456014, 0.2078246401518995, 0.07858351980157074, 0.024510158409590144, 0.09549672381913066, 0.1516754663051465, 0.10782749769786681, 0.17803996465696637, 0.28351666418747845, 0.09717301111446819, 0.06335706940159724, 0.5945790649669349, 0.6144787222657189, 0.1021460375452592, 0.08928267323699846, -0.09047929277496003, -0.026540603097423343, -0.2367245813281076, -0.33480979871609096, -0.6288847082501716, -0.5219020899176088, -0.6745533113122049, -1.0247351990943518, -0.038474665151374765, -0.18970549807761383, -0.1429832853684827, -0.2353918391921539, 0.021514948083565244, -0.1568673485321268, 0.17425331047682224, 0.24509667781657596, 0.6176491340826242, 0.797409548812217, 0.5930608867074865, 1.0623662102101177, 0.28204154431120454, 0.358512612710995, 0.6142426041236058, 0.9474820593149742, 0.8134601955612402, 0.809050402253781, 0.7764800892448815, 0.9720545054085492, 0.7136340225392197, 0.955537217020034, 0.9037237542376984, 0.7657245522113749]","[0.0, 0.0, 0.0, 0.0, 0.0, 0.0, 0.0, 0.0, 0.0, 0.0, 0.0, 0.0, 0.0, 0.0, 0.0, 0.0, 0.0, 0.0, 0.0005193947986850134, 0.020721772642199765, 0.0717284803888445, 0.05689286180315589, 0.05591396265195914, 0.08308672851728871, 0.0, 0.0, 0.0, 0.0, 0.0, 0.0, 0.0, 0.0, 0.0, 0.0, 0.0, 0.0, 0.0, 0.0, 0.0, 0.0, 0.0, 0.0, 0.0, 0.0, 0.0, 0.0, 0.0, 0.0]",5.894615241354991,27.148607825174338,21.253992583819343,21.253992583819343,0.006017983350044438
33,SAC-ICNN,92,test_id,id_actual,not_applicable,0,,1848.3193833649495,,,,0.41168510052375495,0.008576772927578228,0.014371700119227171,0,0,True,,100092,policy,0,48,False,,,,"[41.88744203070028, 53.06049438769942, 45.686237096905415, 41.00571745993506, 23.555793527203573, 10.538072970818474, 8.772300042461977, 15.984642233623545, 20.902241338422982, 13.885260584709751, 7.764655695093252, 12.046839514238526, 79.02373177132533, 51.654241079860654, 19.55058257675637, 18.906739832863394, 6.16615, 6.16615, 6.16615, 6.16615, 6.16615, 6.16615, 6.16615, 6.16615, 6.16615, 6.16615, 6.16615, 6.16615, 15.250380454564002, 6.16615, 32.27743990196392, 39.851298559008434, 75.42941005419432, 91.89860430550887, 70.81286722006404, 115.4342543037381, 30.6398157317903, 40.50817491621743, 58.15092132663261, 74.5181478561794, 65.60611177252113, 65.36957037721947, 62.68238325884658, 82.79680799782328, 84.92653505350435, 103.40294481093318, 102.09827832403573, 92.28049499758649]","[0.006844900082796812, 0.008674300042912364, 0.008071399992331862, 0.0059088000562042, 0.007365799974650145, 0.006930700037628412, 0.007741600042209029, 0.00879899994470179, 0.006858999840915203, 0.006341299973428249, 0.007020500022917986, 0.008814499946311116, 0.01104540005326271, 0.008034500060603023, 0.0070692000444978476, 0.010611299891024828, 0.014371700119227171, 0.009580499958246946, 0.008388799848034978, 0.010330500081181526, 0.008897100109606981, 0.008846200071275234, 0.011634199880063534, 0.010299799963831902, 0.01296069985255599, 0.006962600164115429, 0.006263399962335825, 0.006410999922081828, 0.0071136001497507095, 0.00783469993621111, 0.007040000054985285, 0.009073700057342649, 0.006966500077396631, 0.0068870000541210175, 0.008541400078684092, 0.007515799952670932, 0.006326100090518594, 0.007008299930021167, 0.007278200006112456, 0.006559799890965223, 0.0065052998252213, 0.009012300055474043, 0.011464500101283193, 0.013327399967238307, 0.012323500122874975, 0.011258699931204319, 0.008496300084516406, 0.010073300218209624]",,,,,,,,,,,,,,,,,policy_baseline,formal/step7_33_policy_baselines_raw.csv,Oracle-H7,1484.1085918578876,24.540710397149788,experiment_assets\policies\33\sac_icnn,legacy_penalized_operating_cost,1848.3193833649495,283.0989564538487,1565.2204269111007,1565.2204269111007,"[1.195301997974943, 2.3891967330406385, 3.5879360641222644, 4.788974246001805, 5.993097412709001, 6.16615, 6.16615, 6.16615, 6.16615, 6.16615, 6.16615, 6.16615, 6.16615, 6.16615, 6.16615, 6.16615, 6.16615, 6.16615, 6.16615, 6.16615, 6.16615, 6.16615, 6.16615, 6.16615, 6.16615, 6.16615, 6.16615, 6.16615, 6.16615, 6.16615, 6.16615, 6.16615, 6.16615, 6.16615, 6.16615, 6.16615, 6.16615, 6.16615, 6.16615, 6.16615, 6.16615, 6.16615, 6.16615, 6.16615, 6.16615, 6.16615, 6.16615, 6.16615]","[41.88744203070028, 53.06049438769942, 45.686237096905415, 41.00571745993506, 23.555793527203573, 10.538072970818474, 8.772300042461977, 15.984642233623545, 20.902241338422982, 13.885260584709751, 7.764655695093252, 12.046839514238526, 79.02373177132533, 51.654241079860654, 19.55058257675637, 18.906739832863394, 6.16615, 6.16615, 6.16615, 6.16615, 6.16615, 6.16615, 6.16615, 6.16615, 6.16615, 6.16615, 6.16615, 6.16615, 15.250380454564002, 6.16615, 32.27743990196392, 39.851298559008434, 75.42941005419432, 91.89860430550887, 70.81286722006404, 115.4342543037381, 30.6398157317903, 40.50817491621743, 58.15092132663261, 74.5181478561794, 65.60611177252113, 65.36957037721947, 62.68238325884658, 82.79680799782328, 84.92653505350435, 103.40294481093318, 102.09827832403573, 92.28049499758649]","[40.69214003272535, 50.67129765465878, 42.09830103278316, 36.216743213933256, 17.562696114494557, 4.371922970818474, 2.6061500424619766, 9.818492233623559, 14.73609133842298, 7.719110584709753, 1.5985056950932517, 5.880689514238526, 72.85758177132536, 45.488091079860645, 13.384432576756367, 12.740589832863394, 0.0, 0.0, 0.0, 0.0, 0.0, 0.0, 0.0, 0.0, 0.0, 0.0, 0.0, 0.0, 9.084230454564002, 0.0, 26.11128990196392, 33.68514855900843, 69.26326005419425, 85.73245430550887, 64.64671722006403, 109.26810430373818, 24.4736657317903, 34.3420249162174, 51.98477132663261, 68.3519978561794, 59.4399617725211, 59.20342037721945, 56.516233258846576, 76.6306579978233, 78.76038505350432, 97.23679481093316, 95.93212832403576, 86.1143449975865]","[40.692140032725334, 50.67129765465878, 42.09830103278315, 36.216743213933256, 17.56269611449457, 4.371922970818474, 2.6061500424619766, 9.818492233623545, 14.736091338422982, 7.719110584709751, 1.5985056950932517, 5.880689514238526, 72.85758177132533, 45.48809107986065, 13.38443257675637, 12.740589832863394, 0.0, 0.0, 0.0, 0.0, 0.0, 0.0, 0.0, 0.0, 0.0, 0.0, 0.0, 0.0, 9.084230454564002, 0.0, 26.11128990196392, 33.68514855900843, 69.26326005419432, 85.73245430550887, 64.64671722006403, 109.2681043037381, 24.473665731790298, 34.342024916217426, 51.98477132663261, 68.3519978561794, 59.43996177252113, 59.20342037721947, 56.516233258846576, 76.63065799782328, 78.76038505350435, 97.23679481093318, 95.93212832403573, 86.11434499758649]","[1.2716293760226671, 1.5834780517080869, 1.3155719072744738, 1.1317732254354143, 0.5488342535779549, 0.13662259283807732, 0.08144218882693677, 0.3068278823007362, 0.46050285432571814, 0.2412222057721798, 0.049953302971664115, 0.18377154731995393, 1.184676126363014, 0.7396437573961081, 0.21763305002855882, 0.207164062322982, -0.0996271154605397, -0.3397184877545314, -0.6705739648932267, -0.7849399498101897, -1.0959852952201903, -0.9805770241820011, -1.125437726290012, -1.4862400522706376, -0.27499782843384146, -0.585249601559517, -0.2845681197322518, -0.16503385402716653, 0.09820789680609732, -0.1442657883492, 0.2822842151563667, 0.36416376820549656, 0.7487920005858837, 0.926837343843339, 0.6988834294060977, 1.181276803283656, 0.39794578425675287, 0.5584069092067869, 0.8452808345793921, 1.1114145992874698, 0.9665034434556277, 0.9626572419060073, 0.9189631424202696, 1.2460269593142002, 1.2806566675366557, 1.581086094486718, 1.5598720052688742, 1.4002332519932765]","[0.0, 0.0, 0.0, 0.0, 0.0, 0.0, 0.0, 0.0, 0.0, 0.0, 0.0, 0.0, 0.0, 0.0, 0.0, 0.0, 0.0022721435645454147, 0.02444176759872363, 0.08229543674710116, 0.09921405138917172, 0.15482422587778122, 0.14003106467380988, 0.1269898215975751, 0.17989411306823944, 0.024996941621077795, 0.039884094880247245, 0.029748926157464828, 0.027864488299985224, 0.02515728035614062, 0.10629703593460404, 0.06524470858255915, 0.06984083684307385, 0.009448072611416558, 0.0, 0.0, 0.0, 0.006057052799960383, 0.0, 0.0, 0.0, 0.0, 0.0, 0.0, 0.0, 0.0, 0.0, 0.0, 0.0]",5.897894926121848,38.50665382010312,32.60875889398127,32.60875889398127,0.02530212630423911
33,SACLag,92,test_id,id_actual,not_applicable,0,,1306.472359494303,,,,0.3887284006923437,0.00809850834775716,0.015111099928617477,0,0,True,,100092,policy,0,48,False,,,,"[6.809831333676986, 19.280342469309854, 10.662748257726788, 7.09778198913624, 5.948563040786198, 12.56159575162202, 12.790779296278826, 8.540370158179924, 10.710211749435727, 17.047883216857286, 10.407750868668328, 6.16615, 45.896624325052564, 43.051208746211834, 11.874348080487534, 11.393786539492723, 6.16615, 6.16615, 6.16615, 6.16615, 6.16615, 6.16615, 6.16615, 6.16615, 13.979815486052866, 6.16615, 6.16615, 6.16615, 11.708572631003065, 6.16615, 20.83033646579471, 27.64570696245267, 62.272443517980456, 79.77766836637322, 61.33887980740012, 105.88874485079923, 20.30528201984408, 27.20855111281495, 38.02008856835403, 64.10290614133397, 55.908568297939546, 55.63489326686555, 53.59292649220575, 65.70567956630956, 49.68011604551863, 64.59630289588976, 61.3503237759771, 52.69077740047068]","[0.011560500133782625, 0.0092291000764817, 0.013137399917468429, 0.00958689977414906, 0.006472199922427535, 0.007172200130298734, 0.005967999808490276, 0.00587920006364584, 0.006153400056064129, 0.006056400015950203, 0.006983800092712045, 0.007927299942821264, 0.008829800179228187, 0.00726129999384284, 0.006895300000905991, 0.006340100197121501, 0.006688699824735522, 0.010521499905735254, 0.006680899998173118, 0.0071257001254707575, 0.006251699989661574, 0.006256700027734041, 0.007809799863025546, 0.008289500139653683, 0.012036300031468272, 0.015111099928617477, 0.008057900005951524, 0.008515600115060806, 0.008416200056672096, 0.00832220003940165, 0.00858020014129579, 0.007572399917989969, 0.007173500023782253, 0.008795800153166056, 0.013633200200274587, 0.012001900002360344, 0.006209900137037039, 0.007070799823850393, 0.006651999894529581, 0.006823000032454729, 0.007591600064188242, 0.00814869999885559, 0.00683009997010231, 0.007917199982330203, 0.006707799853757024, 0.00639490014873445, 0.006937700090929866, 0.008150999899953604]",,,,,,,,,,,,,,,,,policy_baseline,formal/step7_33_policy_baselines_raw.csv,Oracle-H7,1484.1085918578876,-11.969220671461109,experiment_assets\policies\33\saclag,legacy_penalized_operating_cost,1306.472359494303,282.9685363464006,1023.5038231479023,1023.5038231479023,"[1.1920432671352228, 2.372774917806492, 3.5573095524914735, 4.753395568181122, 5.948563040786198, 6.16615, 6.16615, 6.16615, 6.16615, 6.16615, 6.16615, 6.16615, 6.16615, 6.16615, 6.16615, 6.16615, 6.16615, 6.16615, 6.16615, 6.16615, 6.16615, 6.16615, 6.16615, 6.16615, 6.16615, 6.16615, 6.16615, 6.16615, 6.16615, 6.16615, 6.16615, 6.16615, 6.16615, 6.16615, 6.16615, 6.16615, 6.16615, 6.16615, 6.16615, 6.16615, 6.16615, 6.16615, 6.16615, 6.16615, 6.16615, 6.16615, 6.16615, 6.16615]","[6.809831333676986, 19.280342469309854, 10.662748257726788, 7.09778198913624, 5.948563040786198, 12.56159575162202, 12.790779296278826, 8.540370158179924, 10.710211749435727, 17.047883216857286, 10.407750868668328, 6.16615, 45.896624325052564, 43.051208746211834, 11.874348080487534, 11.393786539492723, 6.16615, 6.16615, 6.16615, 6.16615, 6.16615, 6.16615, 6.16615, 6.16615, 13.979815486052866, 6.16615, 6.16615, 6.16615, 11.708572631003065, 6.16615, 20.83033646579471, 27.64570696245267, 62.272443517980456, 79.77766836637322, 61.33887980740012, 105.88874485079923, 20.30528201984408, 27.20855111281495, 38.02008856835403, 64.10290614133397, 55.908568297939546, 55.63489326686555, 53.59292649220575, 65.70567956630956, 49.68011604551863, 64.59630289588976, 61.3503237759771, 52.69077740047068]","[5.617788066541777, 16.907567551503362, 7.105438705235329, 2.344386420955118, 0.0, 6.39544575162202, 6.624629296278826, 2.374220158179938, 4.544061749435727, 10.881733216857285, 4.241600868668328, 0.0, 39.73047432505259, 36.88505874621183, 5.708198080487534, 5.227636539492723, 0.0, 0.0, 0.0, 0.0, 0.0, 0.0, 0.0, 0.0, 7.813665486052866, 0.0, 0.0, 0.0, 5.542422631003065, 0.0, 14.664186465794709, 21.47955696245267, 56.106293517980376, 73.61151836637322, 55.17272980740012, 99.7225948507993, 14.139132019844077, 21.04240111281495, 31.85393856835403, 57.93675614133398, 49.74241829793951, 49.468743266865516, 47.426776492205754, 59.539529566309604, 43.5139660455186, 58.43015289588977, 55.184173775977115, 46.524627400470706]","[5.617788066541763, 16.907567551503362, 7.105438705235315, 2.344386420955118, 0.0, 6.39544575162202, 6.624629296278826, 2.3742201581799236, 4.544061749435727, 10.881733216857286, 4.241600868668328, 0.0, 39.73047432505256, 36.88505874621183, 5.708198080487534, 5.227636539492723, 0.0, 0.0, 0.0, 0.0, 0.0, 0.0, 0.0, 0.0, 7.813665486052866, 0.0, 0.0, 0.0, 5.542422631003065, 0.0, 14.664186465794709, 21.47955696245267, 56.106293517980454, 73.61151836637322, 55.17272980740012, 99.72259485079923, 14.139132019844078, 21.04240111281495, 31.85393856835403, 57.93675614133397, 49.742418297939544, 49.468743266865545, 47.42677649220575, 59.539529566309554, 43.51396604551863, 58.43015289588976, 55.1841737759771, 46.52462740047068]","[0.17555587707943054, 0.5283614859844801, 0.22204495953860404, 0.07326207565484744, -0.06374882197482723, 0.19985767973818813, 0.2070196655087133, 0.07419437994312306, 0.14200192966986647, 0.34005416302679015, 0.13255002714588526, -0.06631372503345068, 0.6460239727650827, 0.5997570527839322, 0.09281622895101682, 0.08500222015435321, -0.2110729604060242, -0.049056605671668585, -0.25758420208393673, -0.3434453384712448, -0.6156449621117974, -0.5024525501239272, -0.6431714937452453, -0.9795722660931578, 0.08447205930867963, -0.17213795945309318, -0.15747668227215694, -0.24095773412388244, 0.05991808249733044, -0.07635613079042347, 0.158531745576159, 0.23221142662110994, 0.6065545245187067, 0.7958001985553862, 0.596461943863785, 1.0780821064951276, 0.22990458568852157, 0.34215286362300734, 0.5179502206236428, 0.9420610754688452, 0.8088198097225936, 0.8043698092173255, 0.77116709743424, 0.9681224319725139, 0.7075441633417658, 0.9500837869250369, 0.8973036386337743, 0.7564980065117188]","[0.0, 0.0, 0.0, 0.0, 0.0, 0.0, 0.0, 0.0, 0.0, 0.0, 0.0, 0.0, 0.0, 0.0, 0.0, 0.0, 0.0, 0.0, 0.0, 0.0, 0.0, 0.0, 0.0, 0.0, 0.0, 0.0, 0.0, 0.0, 0.0, 0.0, 0.0, 0.0, 0.0, 0.0, 0.0, 0.0, 0.0, 0.0, 0.0, 0.0, 0.0, 0.0, 0.0, 0.0, 0.0, 0.0, 0.0, 0.0]",5.895177840550012,27.21817415613131,21.322996315581296,21.322996315581296,0.0
33,SAC,93,test_id,id_actual,not_applicable,0,,1347.6862948400858,,,,0.3990446000825614,0.008313429168386696,0.014022600138559937,0,0,True,,100093,policy,0,48,False,,,,"[16.992381274209556, 12.933119547490431, 9.842920088945434, 4.740275973408651, 8.030683933558189, 9.656565286868753, 13.365556593672451, 12.79972373402252, 13.608245051159585, 13.242213526444303, 15.111864866633141, 12.135711338833458, 30.01458632515331, 41.83038154999075, 26.6065028147392, 6.16615, 6.16615, 6.443969857548567, 6.16615, 6.16615, 6.16615, 6.16615, 6.16615, 6.16615, 6.16615, 6.16615, 6.16615, 6.16615, 6.16615, 10.162180956709374, 22.36515766433898, 33.4379894884875, 40.827997840357305, 73.37161131599883, 91.49418257295761, 95.14551340153804, 15.331786482958124, 36.457006113621254, 52.28756427396829, 60.16629015152296, 70.39632885284671, 63.018241513884696, 66.9559074425247, 61.77010741725667, 67.575957063299, 55.229217102919215, 49.09556994793227, 55.08303347428587]","[0.007167099975049496, 0.006731800036504865, 0.006139500066637993, 0.008762800134718418, 0.008578200126066804, 0.007194700185209513, 0.006636499892920256, 0.006816000211983919, 0.007899499963968992, 0.010543799959123135, 0.008571599842980504, 0.00973109994083643, 0.008693400071933866, 0.01332969986833632, 0.013159399852156639, 0.01033119997009635, 0.0063408000860363245, 0.006410500034689903, 0.0061039000283926725, 0.006194599904119968, 0.008726899977773428, 0.00729249999858439, 0.009603900136426091, 0.006451199995353818, 0.0066396999172866344, 0.006169700063765049, 0.006958099780604243, 0.007135499967262149, 0.006777399918064475, 0.011488000163808465, 0.006615700200200081, 0.00652159983292222, 0.006386199966073036, 0.010081599932163954, 0.007507400121539831, 0.006450399989262223, 0.006518099922686815, 0.009396699955686927, 0.008252300089225173, 0.007556400028988719, 0.008411699905991554, 0.011896499898284674, 0.007931299973279238, 0.013178300112485886, 0.014022600138559937, 0.011328900000080466, 0.006321499822661281, 0.00808840012177825]",,,,,,,,,,,,,,,,,policy_baseline,formal/step7_33_policy_baselines_raw.csv,Oracle-H7,1568.8845145223945,-14.099075976261178,experiment_assets\policies\33\sac,legacy_penalized_operating_cost,1347.6862948400858,282.96962148969715,1064.7166733503886,1064.7166733503886,"[1.204357624815294, 2.397508382980289, 3.57411483993559, 4.740275973408651, 5.9089146685572675, 6.16615, 6.16615, 6.16615, 6.16615, 6.16615, 6.16615, 6.16615, 6.16615, 6.16615, 6.16615, 6.16615, 6.16615, 6.16615, 6.16615, 6.16615, 6.16615, 6.16615, 6.16615, 6.16615, 6.16615, 6.16615, 6.16615, 6.16615, 6.16615, 6.16615, 6.16615, 6.16615, 6.16615, 6.16615, 6.16615, 6.16615, 6.16615, 6.16615, 6.16615, 6.16615, 6.16615, 6.16615, 6.16615, 6.16615, 6.16615, 6.16615, 6.16615, 6.16615]","[16.992381274209556, 12.933119547490431, 9.842920088945434, 4.740275973408651, 8.030683933558189, 9.656565286868753, 13.365556593672451, 12.79972373402252, 13.608245051159585, 13.242213526444303, 15.111864866633141, 12.135711338833458, 30.01458632515331, 41.83038154999075, 26.6065028147392, 6.16615, 6.16615, 6.443969857548567, 6.16615, 6.16615, 6.16615, 6.16615, 6.16615, 6.16615, 6.16615, 6.16615, 6.16615, 6.16615, 6.16615, 10.162180956709374, 22.36515766433898, 33.4379894884875, 40.827997840357305, 73.37161131599883, 91.49418257295761, 95.14551340153804, 15.331786482958124, 36.457006113621254, 52.28756427396829, 60.16629015152296, 70.39632885284671, 63.018241513884696, 66.9559074425247, 61.77010741725667, 67.575957063299, 55.229217102919215, 49.09556994793227, 55.08303347428587]","[15.788023649394262, 10.535611164510158, 6.268805249009844, 0.0, 2.1217692650009212, 3.4904152868687532, 7.19940659367245, 6.633573734022505, 7.442095051159583, 7.076063526444315, 8.945714866633125, 5.969561338833458, 23.84843632515331, 35.664231549990745, 20.4403528147392, 0.0, 0.0, 0.2778198575485955, 0.0, 0.0, 0.0, 0.0, 0.0, 0.0, 0.0, 0.0, 0.0, 0.0, 0.0, 3.9960309567093732, 16.19900766433898, 27.2718394884875, 34.661847840357304, 67.20546131599883, 85.32803257295754, 88.97936340153804, 9.165636482958122, 30.290856113621253, 46.12141427396826, 54.00014015152296, 64.2301788528467, 56.852091513884695, 60.78975744252471, 55.6039574172567, 61.409807063299, 49.063067102919184, 42.929419947932296, 48.91688347428587]","[15.788023649394262, 10.535611164510142, 6.268805249009843, 0.0, 2.1217692650009212, 3.4904152868687532, 7.199406593672451, 6.633573734022519, 7.442095051159585, 7.076063526444303, 8.945714866633141, 5.969561338833458, 23.84843632515331, 35.664231549990745, 20.4403528147392, 0.0, 0.0, 0.2778198575485673, 0.0, 0.0, 0.0, 0.0, 0.0, 0.0, 0.0, 0.0, 0.0, 0.0, 0.0, 3.996030956709374, 16.19900766433898, 27.2718394884875, 34.661847840357304, 67.20546131599883, 85.32803257295761, 88.97936340153804, 9.165636482958124, 30.290856113621253, 46.12141427396829, 54.000140151522956, 64.2301788528467, 56.852091513884695, 60.7897574425247, 55.603957417256666, 61.409807063299, 49.06306710291921, 42.92941994793227, 48.91688347428587]","[0.4933757390435707, 0.32923784889094243, 0.19590016403155763, -0.03366661793468495, 0.06630528953127879, 0.10907547771464854, 0.22498145605226405, 0.2072991791882033, 0.23256547034873698, 0.22112698520138485, 0.27955358958228516, 0.18654879183854556, 0.38777945244151724, 0.5799062040648901, 0.3323634604022634, -0.10524347606136919, -0.04239999563972452, 0.00451739605770074, -0.10229864915371856, -0.16677969792115643, -0.3501550123062316, -0.4789912492157389, -0.7679643978914825, -0.9736604119823671, -0.07101534268434229, -0.03363618192829243, -0.09488990150182719, -0.08080823039321228, -0.011277546914171488, 0.04320033466712836, 0.17512440718204303, 0.29483069717283783, 0.3747226793552141, 0.7265455277405279, 0.9224652170049463, 0.9619390638004113, 0.14903473956029467, 0.4925342457499391, 0.7499416955116791, 0.8780510593743571, 1.0443931520788081, 0.9244242522582877, 0.9884513405288571, 0.9041293888984829, 0.9985334481837236, 0.7977734488279542, 0.6980393487468666, 0.7953964792566808]","[0.0, 0.0, 0.0, 0.0, 0.0, 0.0, 0.0, 0.0, 0.0, 0.0, 0.0, 0.0, 0.0, 0.0, 0.0, 0.0, 0.0, 0.0, 0.0, 0.0, 0.021874367636921743, 0.0524458148276683, 0.059785196798880724, 0.053790993298021395, 0.0, 0.0, 0.0, 0.0, 0.0, 0.0, 0.0, 0.0, 0.0, 0.0, 0.0, 0.0, 0.0, 0.0, 0.0, 0.0, 0.0, 0.0, 0.0, 0.0, 0.0, 0.0, 0.0, 0.0]",5.895200447702024,28.076797809168454,22.18159736146643,22.18159736146643,0.003914507761697754
33,SAC-ICNN,93,test_id,id_actual,not_applicable,0,,1881.386896763691,,,,0.4118406001944095,0.008580012504050197,0.01317310007289052,0,0,True,,100093,policy,0,48,False,,,,"[52.7440828929602, 48.76210257453713, 45.18450810797307, 35.79483637925653, 24.410849332732642, 12.930425804118197, 20.855752204380494, 11.751716400536493, 14.68202003763035, 17.760124785896963, 18.185937207064214, 14.672910022604354, 60.91143973914811, 49.55325127545302, 33.97589207762815, 6.16615, 6.16615, 6.16615, 6.16615, 6.16615, 6.16615, 6.16615, 6.16615, 6.16615, 6.16615, 6.16615, 6.16615, 6.16615, 8.986759476378746, 19.759531776445154, 31.931589508590395, 44.302876771163554, 51.947273454361934, 84.84792135572903, 103.08406709029745, 104.99618595785402, 22.881754900529295, 45.50158601636912, 66.71504162230123, 69.81592937907975, 80.49576905799, 72.42701175412515, 75.98950226026234, 89.91598655916964, 101.0053070894519, 82.67322772023984, 87.23752500572355, 94.53625116570896]","[0.007829800015315413, 0.007838099962100387, 0.008472800021991134, 0.008627900155261159, 0.00643149996176362, 0.0065252999775111675, 0.006587000098079443, 0.006633999990299344, 0.00845550000667572, 0.008708800189197063, 0.007045899983495474, 0.007405400043353438, 0.011996099958196282, 0.007061999989673495, 0.007817900041118264, 0.008119299774989486, 0.01317310007289052, 0.011451199883595109, 0.008687500143423676, 0.009384799981489778, 0.009386599995195866, 0.009278700221329927, 0.009375599911436439, 0.012851099949330091, 0.012357400031760335, 0.011893699876964092, 0.007542199920862913, 0.007079200120642781, 0.0069997000973671675, 0.006745300022885203, 0.007046000100672245, 0.009463099995628, 0.006809400161728263, 0.009541099891066551, 0.0072218000423163176, 0.012563599972054362, 0.01135950000025332, 0.00721539999358356, 0.007678800029680133, 0.0072453999891877174, 0.008708999957889318, 0.006460699951276183, 0.007652599830180407, 0.0073599000461399555, 0.010047399904578924, 0.007506900001317263, 0.006839900044724345, 0.009356699883937836]",,,,,,,,,,,,,,,,,policy_baseline,formal/step7_33_policy_baselines_raw.csv,Oracle-H7,1568.8845145223945,19.91876262074202,experiment_assets\policies\33\sac_icnn,legacy_penalized_operating_cost,1881.386896763691,283.0809827242888,1598.305914039402,1598.305914039402,"[1.1903612777889463, 2.386501892125245, 3.5844290436706108, 4.785923482492547, 5.9893170282114205, 6.16615, 6.16615, 6.16615, 6.16615, 6.16615, 6.16615, 6.16615, 6.16615, 6.16615, 6.16615, 6.16615, 6.16615, 6.16615, 6.16615, 6.16615, 6.16615, 6.16615, 6.16615, 6.16615, 6.16615, 6.16615, 6.16615, 6.16615, 6.16615, 6.16615, 6.16615, 6.16615, 6.16615, 6.16615, 6.16615, 6.16615, 6.16615, 6.16615, 6.16615, 6.16615, 6.16615, 6.16615, 6.16615, 6.16615, 6.16615, 6.16615, 6.16615, 6.16615]","[52.7440828929602, 48.76210257453713, 45.18450810797307, 35.79483637925653, 24.410849332732642, 12.930425804118197, 20.855752204380494, 11.751716400536493, 14.68202003763035, 17.760124785896963, 18.185937207064214, 14.672910022604354, 60.91143973914811, 49.55325127545302, 33.97589207762815, 6.16615, 6.16615, 6.16615, 6.16615, 6.16615, 6.16615, 6.16615, 6.16615, 6.16615, 6.16615, 6.16615, 6.16615, 6.16615, 8.986759476378746, 19.759531776445154, 31.931589508590395, 44.302876771163554, 51.947273454361934, 84.84792135572903, 103.08406709029745, 104.99618595785402, 22.881754900529295, 45.50158601636912, 66.71504162230123, 69.81592937907975, 80.49576905799, 72.42701175412515, 75.98950226026234, 89.91598655916964, 101.0053070894519, 82.67322772023984, 87.23752500572355, 94.53625116570896]","[51.55372161517125, 46.3756006824119, 41.60007906430246, 31.00891289676398, 18.42153230452122, 6.764275804118199, 14.689602204380492, 5.585566400536479, 8.51587003763035, 11.593974785896975, 12.019787207064198, 8.506760022604354, 54.745289739148106, 43.38710127545302, 27.80974207762815, 0.0, 0.0, 0.0, 0.0, 0.0, 0.0, 0.0, 0.0, 0.0, 0.0, 0.0, 0.0, 0.0, 2.820609476378746, 13.593381776445154, 25.7654395085904, 38.13672677116355, 45.78112345436193, 78.68177135572903, 96.91791709029737, 98.83003595785402, 16.715604900529293, 39.335436016369115, 60.548891622301205, 63.64977937907975, 74.32961905799, 66.26086175412514, 69.82335226026234, 83.74983655916967, 94.8391570894519, 76.5070777202398, 81.07137500572358, 88.37010116570896]","[51.553721615171256, 46.375600682411886, 41.60007906430246, 31.008912896763984, 18.42153230452122, 6.764275804118197, 14.689602204380494, 5.585566400536493, 8.51587003763035, 11.593974785896963, 12.019787207064214, 8.506760022604354, 54.745289739148106, 43.38710127545302, 27.80974207762815, 0.0, 0.0, 0.0, 0.0, 0.0, 0.0, 0.0, 0.0, 0.0, 0.0, 0.0, 0.0, 0.0, 2.8206094763787455, 13.593381776445154, 25.765439508590397, 38.13672677116355, 45.78112345436193, 78.68177135572903, 96.91791709029745, 98.83003595785402, 16.715604900529293, 39.335436016369115, 60.54889162230123, 63.649779379079746, 74.32961905799, 66.26086175412514, 69.82335226026234, 83.74983655916964, 94.8391570894519, 76.50707772023983, 81.07137500572355, 88.37010116570896]","[1.6110538004741015, 1.4492375213253719, 1.300002470759452, 0.9690285280238744, 0.5756728845162882, 0.21138361887869372, 0.4590500688868904, 0.17454895001676496, 0.26612093867594844, 0.3623117120592805, 0.3756183502207562, 0.26583625070638606, 0.8901673128316765, 0.7054813215520817, 0.4521909280915146, -0.032400788996501895, -0.25868496484252157, -0.20480440813673528, -0.48585873225434106, -0.5835142439558334, -0.7954663509109761, -0.9245022399740268, -1.2213412526566434, -1.4286697030819742, -0.40442471217704323, -0.34655332510586767, -0.1137401642254563, -0.0027490436625594583, 0.030493075420310767, 0.14695547866427194, 0.2785452919847611, 0.412288938066633, 0.4949310643714804, 0.8506137443862598, 1.0477612658410527, 1.0684328211659895, 0.27179845366714295, 0.6396005856320182, 0.9845348231268489, 1.0349557622614594, 1.2086116919998373, 1.0774123862459373, 1.135339061142477, 1.361785960311702, 1.5421001152756406, 1.2440175239063382, 1.3182337399304647, 1.4369122140765684]","[0.0, 0.0, 0.0, 0.0, 0.0, 0.0, 0.0, 0.0, 0.0, 0.0, 0.0, 0.0, 0.0, 0.0, 0.0, 0.0, 0.015035216446160016, 0.011693475399990882, 0.04050008486220724, 0.07120452409328948, 0.09613027604231816, 0.11596235359770923, 0.13550893798307073, 0.14532747153933157, 0.02804779850570749, 0.029251925763301045, 0.0253693505085959, 0.016839245708554218, 0.020844844928815, 0.06667027137526715, 0.06939707181593113, 0.03621084662027507, 0.020410265589255294, 0.0, 0.0, 0.0, 0.005883469045187439, 0.0, 0.0, 0.0, 0.0, 0.0, 0.0, 0.0, 0.0, 0.0, 0.0, 0.0]",5.897520473422683,39.195560349243564,33.298039875820876,33.298039875820876,0.019797654788020147
33,SACLag,93,test_id,id_actual,not_applicable,0,,1357.7480722150003,,,,0.37447760067880154,0.007801616680808365,0.013932399917393923,0,0,True,,100093,policy,0,48,False,,,,"[17.60554946072699, 14.790135360459953, 10.193398483394057, 4.754672432675474, 6.858837757637202, 14.600922969762479, 14.288736153078913, 11.046758149628245, 13.081343495803422, 15.052145291364283, 14.118175839479546, 11.400339266966652, 25.978382613060074, 40.85937289006608, 26.044014383846736, 6.16615, 6.16615, 6.16615, 6.16615, 6.16615, 6.16615, 6.16615, 6.16615, 6.16615, 6.16615, 9.736167633001408, 19.51685747884278, 7.106106248837173, 6.16615, 9.277571796930655, 21.48565006835925, 31.642436477216457, 39.3942017780422, 73.41466073848537, 92.55972270032468, 96.94791424341676, 13.135194555897927, 35.494314753579125, 53.60953158672637, 59.70567173489984, 70.02388893209012, 62.733837023186254, 66.64193236655832, 61.443583252028525, 67.25739870158579, 55.00758860215454, 48.50223283622667, 54.611174158660205]","[0.011608000146225095, 0.012540000025182962, 0.006668300135061145, 0.007152299862354994, 0.0059652000200003386, 0.007432099897414446, 0.00662229978479445, 0.006188100203871727, 0.00735470000654459, 0.010236000176519156, 0.00784209999255836, 0.0069009000435471535, 0.006474900059401989, 0.006737799849361181, 0.007559499936178327, 0.006864099996164441, 0.005853999871760607, 0.0056396001018583775, 0.006989100016653538, 0.009192100027576089, 0.008250900078564882, 0.006673699943348765, 0.006577099906280637, 0.006980499951168895, 0.008383600041270256, 0.007060500094667077, 0.006536700064316392, 0.007037899922579527, 0.01083980011753738, 0.00955060007981956, 0.007294900016859174, 0.012166400207206607, 0.006229800172150135, 0.006103200139477849, 0.006163300015032291, 0.008043400011956692, 0.006608200026676059, 0.007823199965059757, 0.009434999898076057, 0.006687199929729104, 0.006308400072157383, 0.008121300023049116, 0.012399300001561642, 0.006668000016361475, 0.006658599944785237, 0.007462400011718273, 0.013932399917393923, 0.006660199956968427]",,,,,,,,,,,,,,,,,policy_baseline,formal/step7_33_policy_baselines_raw.csv,Oracle-H7,1568.8845145223945,-13.45774276901886,experiment_assets\policies\33\saclag,legacy_penalized_operating_cost,1357.7480722150003,282.9767245817611,1074.7713476332392,1074.7713476332392,"[1.1963419873213172, 2.3747300961759334, 3.5583693236751035, 4.754672432675474, 5.9481607419132825, 6.16615, 6.16615, 6.16615, 6.16615, 6.16615, 6.16615, 6.16615, 6.16615, 6.16615, 6.16615, 6.16615, 6.16615, 6.16615, 6.16615, 6.16615, 6.16615, 6.16615, 6.16615, 6.16615, 6.16615, 6.16615, 6.16615, 6.16615, 6.16615, 6.16615, 6.16615, 6.16615, 6.16615, 6.16615, 6.16615, 6.16615, 6.16615, 6.16615, 6.16615, 6.16615, 6.16615, 6.16615, 6.16615, 6.16615, 6.16615, 6.16615, 6.16615, 6.16615]","[17.60554946072699, 14.790135360459953, 10.193398483394057, 4.754672432675474, 6.858837757637202, 14.600922969762479, 14.288736153078913, 11.046758149628245, 13.081343495803422, 15.052145291364283, 14.118175839479546, 11.400339266966652, 25.978382613060074, 40.85937289006608, 26.044014383846736, 6.16615, 6.16615, 6.16615, 6.16615, 6.16615, 6.16615, 6.16615, 6.16615, 6.16615, 6.16615, 9.736167633001408, 19.51685747884278, 7.106106248837173, 6.16615, 9.277571796930655, 21.48565006835925, 31.642436477216457, 39.3942017780422, 73.41466073848537, 92.55972270032468, 96.94791424341676, 13.135194555897927, 35.494314753579125, 53.60953158672637, 59.70567173489984, 70.02388893209012, 62.733837023186254, 66.64193236655832, 61.443583252028525, 67.25739870158579, 55.00758860215454, 48.50223283622667, 54.611174158660205]","[16.409207473405672, 12.415405264284018, 6.635029159718954, 0.0, 0.9106770157239197, 8.434772969762477, 8.122586153078913, 4.88060814962823, 6.915193495803422, 8.885995291364296, 7.952025839479532, 5.234189266966652, 19.812232613060075, 34.69322289006608, 19.877864383846735, 0.0, 0.0, 0.0, 0.0, 0.0, 0.0, 0.0, 0.0, 0.0, 0.0, 3.5700176330014077, 13.350707478842779, 0.9399562488371727, 0.0, 3.1114217969306557, 15.319500068359247, 25.476286477216455, 33.2280517780422, 67.24851073848536, 86.3935727003246, 90.78176424341676, 6.969044555897929, 29.328164753579127, 47.44338158672633, 53.53952173489983, 63.857738932090115, 56.56768702318626, 60.47578236655832, 55.277433252028544, 61.09124870158579, 48.84143860215452, 42.33608283622669, 48.4450241586602]","[16.409207473405672, 12.415405264284018, 6.635029159718954, 0.0, 0.9106770157239197, 8.434772969762479, 8.122586153078913, 4.8806081496282445, 6.915193495803422, 8.885995291364283, 7.952025839479546, 5.234189266966652, 19.812232613060075, 34.69322289006608, 19.877864383846735, 0.0, 0.0, 0.0, 0.0, 0.0, 0.0, 0.0, 0.0, 0.0, 0.0, 3.5700176330014077, 13.35070747884278, 0.9399562488371727, 0.0, 3.111421796930655, 15.319500068359249, 25.476286477216455, 33.2280517780422, 67.24851073848536, 86.39357270032468, 90.78176424341676, 6.969044555897927, 29.328164753579124, 47.44338158672637, 53.539521734899836, 63.857738932090115, 56.56768702318625, 60.47578236655832, 55.27743325202852, 61.09124870158578, 48.84143860215454, 42.336082836226666, 48.4450241586602]","[0.5127877335439273, 0.3879814145088756, 0.2073446612412173, -0.0585903991958423, 0.02845865674137249, 0.2635866553050774, 0.25383081728371604, 0.1525190046758822, 0.21609979674385693, 0.27768735285513424, 0.24850080748373538, 0.16356841459270788, 0.32215012378959473, 0.5641174453669282, 0.3232173070544184, -0.14759750465334598, -0.2938295518414553, -0.20811051527360735, -0.11369800937288055, -0.16979216932433872, -0.35232693230886625, -0.45829377851585695, -0.7388514667045563, -0.9457532309920222, -0.014588784072473437, 0.03859478522163684, 0.14433197274424625, 0.010161689176618083, -0.014763401248033325, 0.03363699239925033, 0.1656162169552351, 0.2754193132672049, 0.35922218138424, 0.7270109269025444, 0.933984569733239, 0.9814244783072081, 0.11331779765687688, 0.47688072770047363, 0.7714370989711599, 0.8705613290227614, 1.0383372184079693, 0.9197997889948986, 0.9833460547407857, 0.8988200528785129, 0.9933536374241592, 0.7941697333683662, 0.6883915908329543, 0.7877239700595156]","[0.0, 0.0, 0.0, 0.0, 0.0, 0.0, 0.0, 0.0, 0.0, 0.0, 0.0, 0.0, 0.0, 0.0, 0.0, 0.0, 0.0, 0.0, 0.0, 0.0, 0.0, 0.0, 0.0, 0.0, 0.0, 0.0, 0.0, 0.0, 0.0, 0.0, 0.0, 0.0, 0.0, 0.0, 0.0, 0.0, 0.0, 0.0, 0.0, 0.0, 0.0, 0.0, 0.0, 0.0, 0.0, 0.0, 0.0, 0.0]",5.89534842878669,28.28641817114584,22.39106974235915,22.39106974235915,0.0
33,SAC,94,test_id,id_actual,not_applicable,0,,1403.440742973847,,,,0.3951437999494374,0.008232162498946613,0.012885999865829945,0,0,True,,100094,policy,0,48,False,,,,"[22.265236581544837, 6.057341976030947, 3.5534798368518734, 7.242777790275216, 6.738510837511378, 11.985944238142748, 11.115646298990326, 11.801000846853865, 12.621408633640268, 14.60630148443711, 15.69144013663272, 13.849299703082094, 51.38648376945564, 46.43176155209295, 17.998156846008243, 17.228209982243982, 6.16615, 6.16615, 6.16615, 6.16615, 6.16615, 6.16615, 6.16615, 6.16615, 6.16615, 6.877023789230879, 6.16615, 10.703110829651152, 6.16615, 6.16615, 26.088057523270507, 44.51078489230329, 60.76501634947973, 76.08269160128695, 81.07653427954894, 84.35461426677846, 26.868972840630263, 31.601259514746367, 43.328176840647686, 53.54667698873673, 68.5359459063094, 61.819164868636975, 68.95347050271876, 56.24372045955411, 61.62262524162, 54.344114208864355, 72.46639810661807, 69.08558344942011]","[0.006866200128570199, 0.007069300161674619, 0.00902839982882142, 0.007174300029873848, 0.006954499986022711, 0.00820209993980825, 0.011083600111305714, 0.008374199969694018, 0.012579699978232384, 0.008296399842947721, 0.0065826999489218, 0.00661560008302331, 0.008648399962112308, 0.006909999996423721, 0.006288300035521388, 0.007230000104755163, 0.006926200119778514, 0.008294400060549378, 0.006890799850225449, 0.006673099938780069, 0.006680000107735395, 0.011489399941638112, 0.010081399930641055, 0.006629299838095903, 0.007094800006598234, 0.010568400146439672, 0.00983060011640191, 0.008085199864581227, 0.007011099951341748, 0.006330200005322695, 0.00971289980225265, 0.012583400122821331, 0.00830559991300106, 0.00971980020403862, 0.00993450009264052, 0.012885999865829945, 0.007709600031375885, 0.0074344000313431025, 0.006915099918842316, 0.006102400133386254, 0.008074299897998571, 0.012457699980586767, 0.0063767998944967985, 0.005969200050458312, 0.006892000092193484, 0.009901999961584806, 0.0069560999982059, 0.00672339997254312]",,,,,,,,,,,,,,,,,policy_baseline,formal/step7_33_policy_baselines_raw.csv,Oracle-H7,1550.0581163453178,-9.458830725467319,experiment_assets\policies\33\sac,legacy_penalized_operating_cost,1403.440742973847,282.91909517539864,1120.5216477984482,1120.5216477984484,"[1.2041840236741987, 2.388564754105494, 3.553479836851874, 4.727591591588027, 5.900824969178993, 6.16615, 6.16615, 6.16615, 6.16615, 6.16615, 6.16615, 6.16615, 6.16615, 6.16615, 6.16615, 6.16615, 6.16615, 6.16615, 6.16615, 6.16615, 6.16615, 6.16615, 6.16615, 6.16615, 6.16615, 6.16615, 6.16615, 6.16615, 6.16615, 6.16615, 6.16615, 6.16615, 6.16615, 6.16615, 6.16615, 6.16615, 6.16615, 6.16615, 6.16615, 6.16615, 6.16615, 6.16615, 6.16615, 6.16615, 6.16615, 6.16615, 6.16615, 6.16615]","[22.265236581544837, 6.057341976030947, 3.5534798368518734, 7.242777790275216, 6.738510837511378, 11.985944238142748, 11.115646298990326, 11.801000846853865, 12.621408633640268, 14.60630148443711, 15.69144013663272, 13.849299703082094, 51.38648376945564, 46.43176155209295, 17.998156846008243, 17.228209982243982, 6.16615, 6.16615, 6.16615, 6.16615, 6.16615, 6.16615, 6.16615, 6.16615, 6.16615, 6.877023789230879, 6.16615, 10.703110829651152, 6.16615, 6.16615, 26.088057523270507, 44.51078489230329, 60.76501634947973, 76.08269160128695, 81.07653427954894, 84.35461426677846, 26.868972840630263, 31.601259514746367, 43.328176840647686, 53.54667698873673, 68.5359459063094, 61.819164868636975, 68.95347050271876, 56.24372045955411, 61.62262524162, 54.344114208864355, 72.46639810661807, 69.08558344942011]","[21.06105255787064, 3.6687772219254384, 0.0, 2.5151861986871893, 0.837685868332386, 5.819794238142748, 4.94949629899034, 5.634850846853865, 6.45525863364027, 8.44015148443711, 9.52529013663272, 7.683149703082094, 45.220333769455664, 40.26561155209295, 11.832006846008241, 11.062059982243957, 0.0, 0.0, 0.0, 0.0, 0.0, 0.0, 0.0, 0.0, 0.0, 0.7108737892308792, 0.0, 4.536960829651151, 0.0, 0.0, 19.92190752327051, 38.34463489230329, 54.59886634947972, 69.91654160128695, 74.91038427954885, 78.18846426677845, 20.70282284063026, 25.435109514746365, 37.162026840647684, 47.38052698873673, 62.36979590630939, 55.65301486863698, 62.787320502718735, 50.07757045955411, 55.45647524162, 48.17796420886436, 66.30024810661807, 62.9194334494201]","[21.06105255787064, 3.6687772219254526, -4.440892098500626e-16, 2.5151861986871893, 0.8376858683323851, 5.819794238142748, 4.949496298990326, 5.634850846853865, 6.455258633640268, 8.44015148443711, 9.52529013663272, 7.683149703082094, 45.220333769455635, 40.26561155209295, 11.832006846008243, 11.062059982243982, 0.0, 0.0, 0.0, 0.0, 0.0, 0.0, 0.0, 0.0, 0.0, 0.7108737892308792, 0.0, 4.536960829651152, 0.0, 0.0, 19.921907523270505, 38.34463489230329, 54.59886634947973, 69.91654160128695, 74.91038427954894, 78.18846426677845, 20.70282284063026, 25.435109514746365, 37.162026840647684, 47.380526988736726, 62.36979590630939, 55.65301486863697, 62.78732050271876, 50.07757045955411, 55.45647524162, 48.17796420886435, 66.30024810661807, 62.91943344942011]","[0.6581578924334575, 0.11464928818516995, -0.05317981070025102, 0.07859956870897467, 0.026177683385387063, 0.18186856994196088, 0.15467175934344812, 0.1760890889641833, 0.20172683230125843, 0.26375473388865966, 0.2976653167697725, 0.24009842822131544, 0.735289979991149, 0.6547253910909423, 0.1923903552196462, 0.17987089402022693, -0.06007761667052369, -0.032853352147808934, -0.16154226349940437, -0.4370156023328007, -0.38744829162105754, -0.5455262204030848, -1.2070525640850436, -0.8256378161196793, -0.04560296556980692, 0.007685122045739234, -0.004183424260542523, 0.04904822518541785, -0.03070647596067211, -0.12253123403468358, 0.21537197322454604, 0.4145365934303058, 0.59025801458897, 0.7558545037976967, 0.8098419922113389, 0.8452806947759832, 0.3366312657013051, 0.4135790164999409, 0.6042605990349217, 0.7704150729875892, 1.0141430228668193, 0.9049270710347477, 1.0209320406946136, 0.8142694383667335, 0.9017313047417885, 0.783381531851453, 1.0780528147417572, 1.0230802186897576]","[0.0, 0.0, 0.0, 0.0, 0.0, 0.0, 0.0, 0.0, 0.0, 0.0, 0.0, 0.0, 0.0, 0.0, 0.0, 0.0, 0.0, 0.0, 0.0, 0.03117212939873326, 0.02705633622146153, 0.059677713103904795, 0.08302930657188834, 0.054913694999361606, 0.0, 0.0, 0.0, 0.0, 0.0, 0.0, 0.0, 0.0, 0.0, 0.0, 0.0, 0.0, 0.0, 0.0, 0.0, 0.0, 0.0, 0.0, 0.0, 0.0, 0.0, 0.0, 0.0, 0.0]",5.894147816154138,29.238348811955145,23.344200995801003,23.344200995801007,0.005330191256153115
33,SAC-ICNN,94,test_id,id_actual,not_applicable,0,,1941.9224439715858,,,,0.4070081003010273,0.00847933542293807,0.013652299996465445,0,0,True,,100094,policy,0,48,False,,,,"[58.62422830960525, 41.70897500768762, 36.713857926671345, 41.166229767947414, 25.790934231161167, 10.702785961197334, 12.399530623068484, 16.72403843368849, 18.478942258129933, 17.751175814579526, 18.850266092240958, 14.021478452338426, 81.1927552330876, 54.324182576067614, 25.26935301306515, 24.60281220938684, 6.16615, 6.16615, 6.16615, 6.16615, 6.16615, 6.16615, 6.16615, 6.16615, 6.16615, 6.16615, 6.16615, 9.81063057989267, 6.16615, 6.16615, 36.313222339104925, 56.02529957087985, 73.10375523399432, 88.110450778414, 91.96689005755479, 94.30644709345236, 34.49258608541752, 47.19763635398486, 60.33889922083793, 62.78729799700905, 78.76162708851199, 71.10118157452298, 78.04592613239353, 68.06074259526464, 95.9661397702059, 92.91337540758087, 112.7696961988985, 111.36914398374196]","[0.006757800001651049, 0.008282000198960304, 0.008175000082701445, 0.007334700087085366, 0.006996900076046586, 0.011301800142973661, 0.008945100009441376, 0.007032100111246109, 0.008772199973464012, 0.012253599939867854, 0.010244200006127357, 0.012846400029957294, 0.012864999938756227, 0.00842149998061359, 0.008855199906975031, 0.006342099979519844, 0.006821500137448311, 0.007010800065472722, 0.0074044999200850725, 0.006715599913150072, 0.006523999851197004, 0.007318899966776371, 0.006922899978235364, 0.008225400000810623, 0.011690799845382571, 0.006419099867343903, 0.00644510006532073, 0.007028199965134263, 0.010490500135347247, 0.007151500089094043, 0.007637399947270751, 0.008881499990820885, 0.00939009990543127, 0.006189000094309449, 0.008326600072905421, 0.007324300007894635, 0.011856799945235252, 0.009656199952587485, 0.013652299996465445, 0.01245760009624064, 0.008851000107824802, 0.008498900104314089, 0.00646839989349246, 0.006103600142523646, 0.006387999979779124, 0.0072813997976481915, 0.009294399991631508, 0.00715620000846684]",,,,,,,,,,,,,,,,,policy_baseline,formal/step7_33_policy_baselines_raw.csv,Oracle-H7,1550.0581163453178,25.280621642122327,experiment_assets\policies\33\sac_icnn,legacy_penalized_operating_cost,1941.9224439715858,283.0995445326717,1658.8228994389137,1658.8228994389142,"[1.1931722617011356, 2.3893203651171993, 3.5886687976639347, 4.789900083261899, 5.9940330249274805, 6.16615, 6.16615, 6.16615, 6.16615, 6.16615, 6.16615, 6.16615, 6.16615, 6.16615, 6.16615, 6.16615, 6.16615, 6.16615, 6.16615, 6.16615, 6.16615, 6.16615, 6.16615, 6.16615, 6.16615, 6.16615, 6.16615, 6.16615, 6.16615, 6.16615, 6.16615, 6.16615, 6.16615, 6.16615, 6.16615, 6.16615, 6.16615, 6.16615, 6.16615, 6.16615, 6.16615, 6.16615, 6.16615, 6.16615, 6.16615, 6.16615, 6.16615, 6.16615]","[58.62422830960525, 41.70897500768762, 36.713857926671345, 41.166229767947414, 25.790934231161167, 10.702785961197334, 12.399530623068484, 16.72403843368849, 18.478942258129933, 17.751175814579526, 18.850266092240958, 14.021478452338426, 81.1927552330876, 54.324182576067614, 25.26935301306515, 24.60281220938684, 6.16615, 6.16615, 6.16615, 6.16615, 6.16615, 6.16615, 6.16615, 6.16615, 6.16615, 6.16615, 6.16615, 9.81063057989267, 6.16615, 6.16615, 36.313222339104925, 56.02529957087985, 73.10375523399432, 88.110450778414, 91.96689005755479, 94.30644709345236, 34.49258608541752, 47.19763635398486, 60.33889922083793, 62.78729799700905, 78.76162708851199, 71.10118157452298, 78.04592613239353, 68.06074259526464, 95.9661397702059, 92.91337540758087, 112.7696961988985, 111.36914398374196]","[57.43105604790412, 39.319654642570406, 33.12518912900741, 36.376329684685516, 19.796901206233684, 4.536635961197334, 6.2333806230684985, 10.55788843368849, 12.312792258129932, 11.585025814579524, 12.684116092240956, 7.855328452338426, 75.0266052330876, 48.15803257606761, 19.10320301306515, 18.436662209386814, 0.0, 0.0, 0.0, 0.0, 0.0, 0.0, 0.0, 0.0, 0.0, 0.0, 0.0, 3.6444805798926705, 0.0, 0.0, 30.147072339104927, 49.85914957087984, 66.93760523399432, 81.944300778414, 85.80074005755462, 88.14029709345236, 28.32643608541752, 41.03148635398486, 54.17274922083792, 56.62114799700905, 72.59547708851198, 64.93503157452298, 71.87977613239352, 61.89459259526465, 89.7999897702059, 86.74722540758087, 106.60354619889848, 105.20299398374192]","[57.431056047904114, 39.31965464257042, 33.12518912900741, 36.376329684685516, 19.796901206233684, 4.536635961197334, 6.233380623068484, 10.557888433688492, 12.312792258129933, 11.585025814579526, 12.684116092240957, 7.855328452338426, 75.0266052330876, 48.15803257606761, 19.103203013065148, 18.43666220938684, 0.0, 0.0, 0.0, 0.0, 0.0, 0.0, 0.0, 0.0, 0.0, 0.0, 0.0, 3.6444805798926705, 0.0, 0.0, 30.147072339104923, 49.85914957087985, 66.93760523399432, 81.944300778414, 85.80074005755479, 88.14029709345236, 28.32643608541752, 41.03148635398486, 54.17274922083793, 56.62114799700905, 72.59547708851198, 64.93503157452298, 71.87977613239353, 61.89459259526464, 89.7999897702059, 86.74722540758087, 106.6035461988985, 105.20299398374196]","[1.7947205014970038, 1.2287392075803252, 1.0351621602814816, 1.1367603026464224, 0.6186531626948026, 0.14176987378741668, 0.19479314447089058, 0.3299340135527653, 0.38477475806656036, 0.3620320567056101, 0.39637862788252987, 0.24547901413557582, 1.2199448005380096, 0.783057440261262, 0.3106211872043114, 0.29978312535588314, -0.09479979765198676, -0.04393816342008394, -0.574088856865997, -0.8999478826474183, -0.8412978794902091, -1.0075545395709957, -1.6650221396617475, -1.2778792315789582, -0.354314620984038, -0.2865127488672794, -0.27709633147902224, 0.039399790052893735, -0.1726327167889412, -0.03296218517537142, 0.3259142955578911, 0.539017833198701, 0.7236497863134521, 0.8858843327396109, 0.9275755681897797, 0.9528680766859714, 0.4605924566734556, 0.6671786399021928, 0.8808577109079336, 0.9206690731220983, 1.180414261601821, 1.055854171943463, 1.1687768476811953, 1.0064161397604008, 1.4601624352879008, 1.4105239903671687, 1.7333909951040405, 1.7106177883535272]","[0.0, 0.0, 0.0, 0.0, 0.0, 0.0, 0.0, 0.0, 0.0, 0.0, 0.0, 0.0, 0.0, 0.0, 0.0, 0.0, 0.0008021298920830588, 0.0014245696451371526, 0.05954957394971405, 0.12977687988907327, 0.10200120656456835, 0.1382761056759274, 0.18362264152804397, 0.13640020165131417, 0.024934468757145334, 0.017948549429752658, 0.024892015638021903, 0.017890540490436813, 0.05903167830951239, 0.08222923083013334, 0.05712642029292736, 0.03265940062399664, 0.019760192876375537, 0.0, 0.0, 0.0, 0.003543647817092044, 0.0, 0.0, 0.0, 0.0, 0.0, 0.0, 0.0, 0.0, 0.0, 0.0, 0.0]",5.897907177763994,40.45671758274137,34.55881040497737,34.55881040497738,0.022747280288776154
33,SACLag,94,test_id,id_actual,not_applicable,0,,1417.9197164815937,,,,0.38487179996445775,0.008018162499259537,0.012774299830198288,0,0,True,,100094,policy,0,48,False,,,,"[23.41439774089864, 7.379762754414079, 3.56194565683525, 7.025432084691106, 5.956532045400384, 16.76443679569735, 10.474135360145352, 11.398283341202342, 11.671765814507067, 16.46892531820633, 14.513857458667587, 13.174362436528863, 48.674470707471244, 45.552513706503426, 17.49491301863589, 17.040517758215856, 6.16615, 6.16615, 6.16615, 6.16615, 6.16615, 6.16615, 6.16615, 6.16615, 8.48667689674745, 14.556748921425179, 14.364454039114266, 16.115595438057497, 6.16615, 6.16615, 24.658865337441974, 42.894985823626854, 59.548420607985705, 75.83711571456766, 81.97783276862721, 85.77478094734471, 24.03706055652492, 30.47828916005128, 43.16338880454159, 53.36537779655798, 68.26877328374107, 61.45034381410252, 68.67471555396808, 55.9604545504935, 61.399851028950046, 53.88944229898014, 72.08972539322959, 68.69906574749359]","[0.00621969997882843, 0.006367799825966358, 0.008239499991759658, 0.008533200016245246, 0.007307699881494045, 0.008469699881970882, 0.007525299908593297, 0.009763199836015701, 0.007872099988162518, 0.009618600131943822, 0.007583200000226498, 0.006884699920192361, 0.010154000017791986, 0.009729899931699038, 0.012188500026240945, 0.00665059988386929, 0.005953399930149317, 0.006109100067988038, 0.006005600094795227, 0.006385700078681111, 0.009711200138553977, 0.007238700054585934, 0.006149799795821309, 0.006704600062221289, 0.007270999951288104, 0.009531199932098389, 0.007281300146132708, 0.008207899983972311, 0.007528499932959676, 0.012344399932771921, 0.006804600125178695, 0.011421900009736419, 0.009700699942186475, 0.008542099967598915, 0.00948540004901588, 0.008830000180751085, 0.012774299830198288, 0.008761600125581026, 0.006434299983084202, 0.006059699924662709, 0.005980700021609664, 0.006143999984487891, 0.007277800003066659, 0.0068518000189214945, 0.008690500166267157, 0.008350800024345517, 0.006926200119778514, 0.006305300164967775]",,,,,,,,,,,,,,,,,policy_baseline,formal/step7_33_policy_baselines_raw.csv,Oracle-H7,1550.0581163453178,-8.524738425632465,experiment_assets\policies\33\saclag,legacy_penalized_operating_cost,1417.9197164815937,282.9936767036842,1134.9260397779094,1134.9260397779094,"[1.1997244888323424, 2.3729686715619547, 3.5619456568352494, 4.758055841054189, 5.956532045400384, 6.16615, 6.16615, 6.16615, 6.16615, 6.16615, 6.16615, 6.16615, 6.16615, 6.16615, 6.16615, 6.16615, 6.16615, 6.16615, 6.16615, 6.16615, 6.16615, 6.16615, 6.16615, 6.16615, 6.16615, 6.16615, 6.16615, 6.16615, 6.16615, 6.16615, 6.16615, 6.16615, 6.16615, 6.16615, 6.16615, 6.16615, 6.16615, 6.16615, 6.16615, 6.16615, 6.16615, 6.16615, 6.16615, 6.16615, 6.16615, 6.16615, 6.16615, 6.16615]","[23.41439774089864, 7.379762754414079, 3.56194565683525, 7.025432084691106, 5.956532045400384, 16.76443679569735, 10.474135360145352, 11.398283341202342, 11.671765814507067, 16.46892531820633, 14.513857458667587, 13.174362436528863, 48.674470707471244, 45.552513706503426, 17.49491301863589, 17.040517758215856, 6.16615, 6.16615, 6.16615, 6.16615, 6.16615, 6.16615, 6.16615, 6.16615, 8.48667689674745, 14.556748921425179, 14.364454039114266, 16.115595438057497, 6.16615, 6.16615, 24.658865337441974, 42.894985823626854, 59.548420607985705, 75.83711571456766, 81.97783276862721, 85.77478094734471, 24.03706055652492, 30.47828916005128, 43.16338880454159, 53.36537779655798, 68.26877328374107, 61.45034381410252, 68.67471555396808, 55.9604545504935, 61.399851028950046, 53.88944229898014, 72.08972539322959, 68.69906574749359]","[22.214673252066298, 5.00679408285211, 0.0, 2.2673762436369174, 0.0, 10.598286795697348, 4.307985360145366, 5.232133341202342, 5.505615814507067, 10.30277531820633, 8.347707458667585, 7.008212436528865, 42.50832070747127, 39.386363706503424, 11.32876301863589, 10.874367758215827, 0.0, 0.0, 0.0, 0.0, 0.0, 0.0, 0.0, 0.0, 2.32052689674745, 8.390598921425177, 8.198304039114266, 9.949445438057499, 0.0, 0.0, 18.49271533744197, 36.72883582362685, 53.3822706079857, 69.67096571456766, 75.81168276862712, 79.60863094734471, 17.87091055652492, 24.31213916005128, 36.99723880454159, 47.19922779655798, 62.10262328374107, 55.284193814102515, 62.508565553968054, 49.79430455049349, 55.23370102895005, 47.723292298980134, 65.92357539322958, 62.53291574749356]","[22.214673252066298, 5.0067940828521245, 4.440892098500626e-16, 2.2673762436369174, 0.0, 10.59828679569735, 4.307985360145352, 5.232133341202342, 5.505615814507067, 10.302775318206331, 8.347707458667587, 7.008212436528863, 42.50832070747124, 39.386363706503424, 11.328763018635891, 10.874367758215856, 0.0, 0.0, 0.0, 0.0, 0.0, 0.0, 0.0, 0.0, 2.3205268967474506, 8.390598921425179, 8.198304039114266, 9.949445438057497, 0.0, 0.0, 18.49271533744197, 36.72883582362685, 53.3822706079857, 69.67096571456766, 75.81168276862721, 79.60863094734471, 17.87091055652492, 24.31213916005128, 36.99723880454159, 47.19922779655798, 62.10262328374107, 55.284193814102515, 62.50856555396808, 49.7943045504935, 55.233701028950044, 47.72329229898014, 65.92357539322958, 62.53291574749359]","[0.6942085391270718, 0.15646231508912845, -0.05150815916375384, 0.07085550761365367, -0.025556818532194825, 0.3311964623655421, 0.1346245425045427, 0.1635041669125732, 0.17205049420334584, 0.3219617286939478, 0.26086585808336205, 0.21900663864152703, 0.6911922066255491, 0.6404286781545272, 0.18420752875830715, 0.17681898793846873, -0.20625917163960317, -0.15448632766010428, -0.1929587054467481, -0.45875794083094235, -0.3954232758352618, -0.5337888795541086, -1.1684694593995486, -0.7977506490344073, 0.025086777262134596, 0.09070917752892083, 0.08863031393637044, 0.1075615723033243, -0.08636529407108373, -0.09286893886617698, 0.19992124689126456, 0.39706849539056055, 0.57710562819444, 0.7531996293466774, 0.8195857596608338, 0.8606338480794022, 0.29058391148821006, 0.39531933593579316, 0.601581118773034, 0.7674671186432191, 1.0097987525811556, 0.898929980717114, 1.0163994399019196, 0.8096634886259104, 0.898108959820326, 0.7759884926663436, 1.0719280551744648, 1.0167953780080254]","[0.0, 0.0, 0.0, 0.0, 0.0, 0.0, 0.0, 0.0, 0.0, 0.0, 0.0, 0.0, 0.0, 0.0, 0.0, 0.0, 0.0, 0.0, 0.0, 0.0, 0.0, 0.0, 0.0, 0.0, 0.0, 0.0, 0.0, 0.0, 0.0, 0.0, 0.0, 0.0, 0.0, 0.0, 0.0, 0.0, 0.0, 0.0, 0.0, 0.0, 0.0, 0.0, 0.0, 0.0, 0.0, 0.0, 0.0, 0.0]",5.89570159799342,29.539994093366534,23.64429249537311,23.64429249537311,0.0
33,SAC,95,test_id,id_actual,not_applicable,0,,1356.3855379883928,,,,0.4188997989986092,0.008727079145804359,0.013276900164783001,0,0,True,,100095,policy,0,48,False,,,,"[15.924273134020561, 4.2647667285433855, 5.685337814253531, 4.724275454888642, 5.889524761130859, 6.957546191523802, 8.215086627397978, 8.598811252813091, 9.333879842384617, 12.894283548383667, 12.03992148610085, 13.49188790935814, 38.73149560146705, 53.373065898277304, 15.37289025926617, 16.269824064572887, 6.16615, 6.16615, 6.16615, 6.418287265006711, 6.16615, 6.16615, 6.16615, 6.16615, 6.16615, 6.16615, 6.16615, 6.16615, 6.16615, 11.949325885242063, 20.762380792289747, 38.42274911650031, 54.07992692416305, 65.44960635445918, 66.41898997033407, 108.11547462574063, 37.949574669121304, 36.024197490224246, 47.14240484527835, 65.19555001395565, 60.09835226002886, 62.0790690518406, 51.26842163380266, 65.02716104957247, 50.750594074218725, 69.96708084596428, 65.80870661390156, 67.69701393236562]","[0.008739900076761842, 0.00953430007211864, 0.009626799961552024, 0.006431299960240722, 0.007134899962693453, 0.007937799906358123, 0.012328699929639697, 0.007867399835959077, 0.00848810002207756, 0.010145199950784445, 0.008853900013491511, 0.010447900043800473, 0.009619600139558315, 0.01293170009739697, 0.008476899936795235, 0.006375000113621354, 0.01014930009841919, 0.006674399832263589, 0.009150199824944139, 0.007873799884691834, 0.006728299893438816, 0.00901000015437603, 0.010336800012737513, 0.008267899975180626, 0.008630200056359172, 0.009889299981296062, 0.006788299884647131, 0.006567399948835373, 0.006667699897661805, 0.010904800146818161, 0.006490899948403239, 0.007519999984651804, 0.009992999956011772, 0.008560999995097518, 0.013276900164783001, 0.008754199836403131, 0.007592499954625964, 0.007122899871319532, 0.007809999864548445, 0.011112499982118607, 0.007565299980342388, 0.006949899950996041, 0.008318400010466576, 0.009420700138434768, 0.007692699786275625, 0.009938200004398823, 0.008296799845993519, 0.009906100109219551]",,,,,,,,,,,,,,,,,policy_baseline,formal/step7_33_policy_baselines_raw.csv,Oracle-H7,1516.0005440884506,-10.52869055505729,experiment_assets\policies\33\sac,legacy_penalized_operating_cost,1356.3855379883928,282.91936258162485,1073.4661754067683,1073.466175406768,"[1.2055880468440374, 2.3909691849130112, 3.564555133848247, 4.724275454888642, 5.889524761130859, 6.16615, 6.16615, 6.16615, 6.16615, 6.16615, 6.16615, 6.16615, 6.16615, 6.16615, 6.16615, 6.16615, 6.16615, 6.16615, 6.16615, 6.16615, 6.16615, 6.16615, 6.16615, 6.16615, 6.16615, 6.16615, 6.16615, 6.16615, 6.16615, 6.16615, 6.16615, 6.16615, 6.16615, 6.16615, 6.16615, 6.16615, 6.16615, 6.16615, 6.16615, 6.16615, 6.16615, 6.16615, 6.16615, 6.16615, 6.16615, 6.16615, 6.16615, 6.16615]","[15.924273134020561, 4.2647667285433855, 5.685337814253531, 4.724275454888642, 5.889524761130859, 6.957546191523802, 8.215086627397978, 8.598811252813091, 9.333879842384617, 12.894283548383667, 12.03992148610085, 13.49188790935814, 38.73149560146705, 53.373065898277304, 15.37289025926617, 16.269824064572887, 6.16615, 6.16615, 6.16615, 6.418287265006711, 6.16615, 6.16615, 6.16615, 6.16615, 6.16615, 6.16615, 6.16615, 6.16615, 6.16615, 11.949325885242063, 20.762380792289747, 38.42274911650031, 54.07992692416305, 65.44960635445918, 66.41898997033407, 108.11547462574063, 37.949574669121304, 36.024197490224246, 47.14240484527835, 65.19555001395565, 60.09835226002886, 62.0790690518406, 51.26842163380266, 65.02716104957247, 50.750594074218725, 69.96708084596428, 65.80870661390156, 67.69701393236562]","[14.718685087176553, 1.8737975436303742, 2.1207826804052843, 0.0, 0.0, 0.7913961915237877, 2.0489366273979783, 2.432661252813105, 3.167729842384631, 6.728133548383667, 5.87377148610085, 7.325737909358139, 32.56534560146705, 47.20691589827734, 9.206740259266198, 10.103674064572886, 0.0, 0.0, 0.0, 0.25213726500671196, 0.0, 0.0, 0.0, 0.0, 0.0, 0.0, 0.0, 0.0, 0.0, 5.783175885242144, 14.596230792289745, 32.25659911650031, 47.913776924163045, 59.28345635445918, 60.25283997033414, 101.94932462574063, 31.783424669121274, 29.858047490224216, 40.97625484527835, 59.02940001395566, 53.93220226002886, 55.91291905184059, 45.102271633802694, 58.861011049572475, 44.58444407421875, 63.800930845964274, 59.64255661390159, 61.53086393236562]","[14.718685087176524, 1.8737975436303742, 2.120782680405284, 0.0, 0.0, 0.7913961915238019, 2.0489366273979783, 2.432661252813091, 3.1677298423846167, 6.728133548383667, 5.87377148610085, 7.325737909358139, 32.56534560146705, 47.2069158982773, 9.20674025926617, 10.103674064572887, 0.0, 0.0, 0.0, 0.2521372650067111, 0.0, 0.0, 0.0, 0.0, 0.0, 0.0, 0.0, 0.0, 0.0, 5.783175885242063, 14.596230792289747, 32.25659911650031, 47.913776924163045, 59.283456354459176, 60.252839970334065, 101.94932462574063, 31.783424669121302, 29.858047490224244, 40.97625484527835, 59.02940001395565, 53.93220226002886, 55.912919051840596, 45.10227163380266, 58.86101104957247, 44.58444407421872, 63.800930845964274, 59.64255661390156, 61.53086393236562]","[0.4599589089742673, 0.058556173238449194, 0.06627445876266513, -0.032406359809159735, -0.023585505067665657, 0.024731130985118366, 0.06402926960618682, 0.07602066415040953, 0.09899155757451972, 0.2102541733869896, 0.18355535894065156, 0.22892930966744185, 0.5295178146580009, 0.7675921284272738, 0.14970309364660483, 0.16428738316378677, -0.05070934747924083, -0.0021548012798833227, -0.06351653018445047, 0.004099792926938406, -0.334590162268559, -0.9744813160346242, -0.9528278278819822, -0.7306442278931473, -0.14652132827375652, -0.13640947732241315, -0.20572321805144878, -0.17642977340608024, -0.2018280104945287, 0.06252082038099616, 0.15779708964637562, 0.348719990448652, 0.5179867775585194, 0.6409022308590182, 0.6513820537333421, 1.1021548608188176, 0.5168036531564435, 0.4854967071581173, 0.6662805665898919, 0.9598276425033441, 0.8769463782118514, 0.9091531553144812, 0.7333702704683365, 0.957089610562154, 0.7249503101498984, 1.037413509690476, 0.9697976685187251, 1.0005018525587905]","[0.0, 0.0, 0.0, 0.0, 0.0, 0.0, 0.0, 0.0, 0.0, 0.0, 0.0, 0.0, 0.0, 0.0, 0.0, 0.0, 0.0, 0.0, 0.0, 0.0, 0.018099936877006728, 0.09897351710794378, 0.09198156882059849, 0.07262104775748357, 0.0, 0.0, 0.0, 0.0, 0.0, 0.0, 0.0, 0.0, 0.0, 0.0, 0.0, 0.0, 0.0, 0.0, 0.0, 0.0, 0.0, 0.0, 0.0, 0.0, 0.0, 0.0, 0.0, 0.0]",5.894153387117185,28.25803204142485,22.363878654307673,22.363878654307666,0.005868251470063178
33,SAC-ICNN,95,test_id,id_actual,not_applicable,0,,1900.553208350459,,,,0.4734390985686332,0.009863314553513192,0.0269334998447448,0,0,True,,100095,policy,0,48,False,,,,"[51.99671637389163, 39.743293703729286, 40.87263071704231, 34.058404844100934, 19.026741588827214, 12.360336081646095, 7.880524973558861, 12.309165512657044, 14.601046010883534, 19.45628562484069, 14.860735808024824, 16.987881762763124, 66.34531616153659, 61.34421215164924, 22.652280411214768, 23.526500602802713, 6.16615, 6.16615, 6.16615, 6.16615, 6.16615, 6.16615, 6.16615, 6.16615, 6.16615, 6.16615, 6.16615, 6.16615, 6.16615, 21.27453576981874, 30.839242692432123, 50.75867663250841, 66.22082450978894, 76.16501236406494, 76.71258596178612, 118.68703455074446, 45.780489287384, 50.3382441486131, 55.97550315757799, 75.14461369436252, 69.92881422040605, 71.5043166386718, 59.782946074013054, 99.80912207360701, 69.08515517126511, 107.95518033411302, 107.72788161863313, 108.68100712149979]","[0.011009600013494492, 0.009218299994245172, 0.01123179984278977, 0.013422300107777119, 0.012995700119063258, 0.007937199901789427, 0.0064270999282598495, 0.0074587000999599695, 0.007015999872237444, 0.009363299934193492, 0.010555499931797385, 0.013215800048783422, 0.0269334998447448, 0.009217799874022603, 0.01333300000987947, 0.00992990005761385, 0.009510800009593368, 0.014737799996510148, 0.01450169994495809, 0.009044799953699112, 0.01379240001551807, 0.011589299887418747, 0.006421499885618687, 0.007951599778607488, 0.00838600005954504, 0.011656499933451414, 0.006966499844565988, 0.007543999934569001, 0.006629299838095903, 0.00960870017297566, 0.008862100075930357, 0.006520899944007397, 0.0063322000205516815, 0.00768619985319674, 0.007586600026115775, 0.014531500171869993, 0.008510999847203493, 0.009921899996697903, 0.009530700044706464, 0.007047199876978993, 0.009110299870371819, 0.010128599824383855, 0.013290900038555264, 0.008256300119683146, 0.006906399969011545, 0.006724399980157614, 0.007628499995917082, 0.0072570000775158405]",,,,,,,,,,,,,,,,,policy_baseline,formal/step7_33_policy_baselines_raw.csv,Oracle-H7,1516.0005440884506,25.36626162579872,experiment_assets\policies\33\sac_icnn,legacy_penalized_operating_cost,1900.553208350459,283.1146555633675,1617.4385527870918,1617.4385527870916,"[1.1935759098006076, 2.392067467167169, 3.591893546034141, 4.793919470279101, 5.998749170086435, 6.16615, 6.16615, 6.16615, 6.16615, 6.16615, 6.16615, 6.16615, 6.16615, 6.16615, 6.16615, 6.16615, 6.16615, 6.16615, 6.16615, 6.16615, 6.16615, 6.16615, 6.16615, 6.16615, 6.16615, 6.16615, 6.16615, 6.16615, 6.16615, 6.16615, 6.16615, 6.16615, 6.16615, 6.16615, 6.16615, 6.16615, 6.16615, 6.16615, 6.16615, 6.16615, 6.16615, 6.16615, 6.16615, 6.16615, 6.16615, 6.16615, 6.16615, 6.16615]","[51.99671637389163, 39.743293703729286, 40.87263071704231, 34.058404844100934, 19.026741588827214, 12.360336081646095, 7.880524973558861, 12.309165512657044, 14.601046010883534, 19.45628562484069, 14.860735808024824, 16.987881762763124, 66.34531616153659, 61.34421215164924, 22.652280411214768, 23.526500602802713, 6.16615, 6.16615, 6.16615, 6.16615, 6.16615, 6.16615, 6.16615, 6.16615, 6.16615, 6.16615, 6.16615, 6.16615, 6.16615, 21.27453576981874, 30.839242692432123, 50.75867663250841, 66.22082450978894, 76.16501236406494, 76.71258596178612, 118.68703455074446, 45.780489287384, 50.3382441486131, 55.97550315757799, 75.14461369436252, 69.92881422040605, 71.5043166386718, 59.782946074013054, 99.80912207360701, 69.08515517126511, 107.95518033411302, 107.72788161863313, 108.68100712149979]","[50.80314046409103, 37.35122623656212, 37.28073717100817, 29.264485373821834, 13.02799241874078, 6.19418608164608, 1.7143749735588614, 6.143015512657058, 8.434896010883548, 13.290135624840687, 8.694585808024826, 10.821731762763122, 60.179166161536614, 55.17806215164929, 16.486130411214795, 17.360350602802715, 0.0, 0.0, 0.0, 0.0, 0.0, 0.0, 0.0, 0.0, 0.0, 0.0, 0.0, 0.0, 0.0, 15.108385769818822, 24.67309269243212, 44.59252663250841, 60.05467450978894, 69.99886236406493, 70.5464359617862, 112.52088455074444, 39.61433928738397, 44.172094148613034, 49.80935315757799, 68.97846369436252, 63.76266422040606, 65.3381666386718, 53.61679607401308, 93.64297207360701, 62.91900517126514, 101.78903033411302, 101.56173161863316, 102.51485712149979]","[50.80314046409102, 37.35122623656212, 37.28073717100817, 29.264485373821834, 13.02799241874078, 6.1941860816460945, 1.7143749735588614, 6.143015512657044, 8.434896010883534, 13.290135624840689, 8.694585808024824, 10.821731762763124, 60.179166161536585, 55.178062151649236, 16.486130411214766, 17.36035060280271, 0.0, 0.0, 0.0, 0.0, 0.0, 0.0, 0.0, 0.0, 0.0, 0.0, 0.0, 0.0, 0.0, 15.10838576981874, 24.67309269243212, 44.59252663250841, 60.05467450978894, 69.99886236406493, 70.54643596178612, 112.52088455074446, 39.614339287384, 44.1720941486131, 49.80935315757799, 68.97846369436252, 63.76266422040605, 65.3381666386718, 53.61679607401305, 93.64297207360701, 62.91900517126511, 101.78903033411302, 101.56173161863313, 102.51485712149979]","[1.5875981395028447, 1.1672258198925662, 1.1650230365940053, 0.9145151679319323, 0.4071247630856494, 0.19356831505144, 0.05357421792371442, 0.19196923477053307, 0.2635905003401109, 0.41531673827627147, 0.2717058065007758, 0.33817911758634756, 0.9785230270168555, 0.8972042626284438, 0.26806716115796414, 0.28228212362280836, -0.06866831515846217, -0.25449161394684117, -0.4391318497301513, -0.3613510555819639, -0.7806416099699125, -1.4389441577687259, -1.4152805844652674, -1.1920714136973531, -0.5339531027806999, -0.523154649897597, -0.32657683017218897, -0.1013272475515592, -0.14856318056943785, 0.16333390021425753, 0.2667361372154824, 0.4820813690000909, 0.6492397244301507, 0.7567444579898912, 0.7626641725598509, 1.216441995143183, 0.644135598168845, 0.7182454333107811, 0.8099081814240323, 1.1216010356806914, 1.0367912881366839, 1.0624092136369399, 0.8718178223416762, 1.5226499524163741, 1.0230732548173194, 1.6551061842945207, 1.6514102702216773, 1.6669082458780453]","[0.0, 0.0, 0.0, 0.0, 0.0, 0.0, 0.0, 0.0, 0.0, 0.0, 0.0, 0.0, 0.0, 0.0, 0.0, 0.0, 0.0014420207400713814, 0.014036106259573966, 0.036166529706267436, 0.03239279648114679, 0.09625778434400356, 0.18823316757148878, 0.18021461460087562, 0.1564144968047847, 0.03962377357292701, 0.023849302162146868, 0.038928793553868024, 0.02444787833950235, 0.08286088265219504, 0.07904372611458932, 0.07504661041659522, 0.05168489786791808, 0.017122927567061685, 0.0, 0.0, 0.0, 0.0, 0.0, 0.0, 0.0, 0.0, 0.0, 0.0, 0.0, 0.0, 0.0, 0.0, 0.0]",5.898221990903489,39.59485850730123,33.696636516397746,33.69663651639774,0.023703464765729498
33,SACLag,95,test_id,id_actual,not_applicable,0,,1351.255055969607,,,,0.4526919999625534,0.009431083332553195,0.0146635000128299,0,0,True,,100095,policy,0,48,False,,,,"[16.807041952856714, 5.210594244097489, 5.987312678968273, 4.749895861695064, 5.944915443155139, 10.679020897413862, 7.86253293369458, 6.9901766990620455, 11.003090697190741, 12.927788942960007, 10.937347311356602, 13.688973407285898, 40.058115620373776, 52.63608372279249, 14.777652618855416, 16.09394996058011, 6.16615, 6.16615, 6.16615, 7.878144167174048, 6.16615, 6.16615, 6.16615, 6.16615, 6.16615, 6.16615, 6.16615, 6.16615, 6.16615, 11.418933262665659, 19.586313978073953, 37.39595217306652, 53.14864889854295, 65.56219402449331, 66.93350443216836, 109.14568894233308, 35.427302273379155, 32.50067651772294, 46.83076710188828, 64.95305898794112, 59.85192069414208, 61.86026035677039, 50.84941191261089, 64.68874874304203, 50.44312959878936, 69.67718646112841, 65.3756649792971, 67.37925547203919]","[0.0076864000875502825, 0.014111200114712119, 0.0065725999884307384, 0.008305399911478162, 0.012525300029665232, 0.008203400066122413, 0.00831650011241436, 0.011042699916288257, 0.009809300070628524, 0.00963070010766387, 0.012663800036534667, 0.009826400084421039, 0.009551800088956952, 0.011352399829775095, 0.012941900175064802, 0.010597700020298362, 0.00748039991594851, 0.007321899989619851, 0.006386399967595935, 0.009677199879661202, 0.008729900000616908, 0.006513300118967891, 0.0071835999842733145, 0.00946259987540543, 0.008470699889585376, 0.008081099949777126, 0.008758199866861105, 0.011733199935406446, 0.007608999963849783, 0.007643499877303839, 0.009392800042405725, 0.008341300068423152, 0.0146635000128299, 0.007882799953222275, 0.00916370004415512, 0.014196300180628896, 0.01208229991607368, 0.011740499874576926, 0.012363800080493093, 0.008925699861720204, 0.006327499868348241, 0.006145100109279156, 0.009731399826705456, 0.011409400030970573, 0.010096099926158786, 0.008642800152301788, 0.005838700104504824, 0.0075598000548779964]",,,,,,,,,,,,,,,,,policy_baseline,formal/step7_33_policy_baselines_raw.csv,Oracle-H7,1516.0005440884506,-10.867112730352138,experiment_assets\policies\33\saclag,legacy_penalized_operating_cost,1351.255055969607,282.95800875267236,1068.297047216935,1068.2970472169345,"[1.1942103399733728, 2.3704768485014505, 3.554060259347303, 4.749895861695064, 5.944915443155139, 6.16615, 6.16615, 6.16615, 6.16615, 6.16615, 6.16615, 6.16615, 6.16615, 6.16615, 6.16615, 6.16615, 6.16615, 6.16615, 6.16615, 6.16615, 6.16615, 6.16615, 6.16615, 6.16615, 6.16615, 6.16615, 6.16615, 6.16615, 6.16615, 6.16615, 6.16615, 6.16615, 6.16615, 6.16615, 6.16615, 6.16615, 6.16615, 6.16615, 6.16615, 6.16615, 6.16615, 6.16615, 6.16615, 6.16615, 6.16615, 6.16615, 6.16615, 6.16615]","[16.807041952856714, 5.210594244097489, 5.987312678968273, 4.749895861695064, 5.944915443155139, 10.679020897413862, 7.86253293369458, 6.9901766990620455, 11.003090697190741, 12.927788942960007, 10.937347311356602, 13.688973407285898, 40.058115620373776, 52.63608372279249, 14.777652618855416, 16.09394996058011, 6.16615, 6.16615, 6.16615, 7.878144167174048, 6.16615, 6.16615, 6.16615, 6.16615, 6.16615, 6.16615, 6.16615, 6.16615, 6.16615, 11.418933262665659, 19.586313978073953, 37.39595217306652, 53.14864889854295, 65.56219402449331, 66.93350443216836, 109.14568894233308, 35.427302273379155, 32.50067651772294, 46.83076710188828, 64.95305898794112, 59.85192069414208, 61.86026035677039, 50.84941191261089, 64.68874874304203, 50.44312959878936, 69.67718646112841, 65.3756649792971, 67.37925547203919]","[15.612831612883355, 2.840117395596039, 2.4332524196209704, 0.0, 0.0, 4.512870897413848, 1.6963829336945793, 0.8240266990620597, 4.836940697190755, 6.761638942960005, 4.771197311356602, 7.522823407285898, 33.8919656203738, 46.46993372279252, 8.611502618855443, 9.927799960580112, 0.0, 0.0, 0.0, 1.7119941671740477, 0.0, 0.0, 0.0, 0.0, 0.0, 0.0, 0.0, 0.0, 0.0, 5.252783262665741, 13.420163978073951, 31.229802173066517, 46.98249889854294, 59.39604402449331, 60.767354432168446, 102.97953894233306, 29.261152273379132, 26.33452651772291, 40.664617101888275, 58.78690898794112, 53.68577069414208, 55.694110356770395, 44.68326191261092, 58.522598743042025, 44.27697959878938, 63.51103646112842, 59.209514979297126, 61.21310547203919]","[15.612831612883342, 2.840117395596039, 2.43325241962097, 0.0, 0.0, 4.512870897413862, 1.6963829336945802, 0.8240266990620455, 4.836940697190741, 6.761638942960007, 4.771197311356602, 7.522823407285898, 33.891965620373774, 46.46993372279249, 8.611502618855416, 9.927799960580112, 0.0, 0.0, 0.0, 1.7119941671740477, 0.0, 0.0, 0.0, 0.0, 0.0, 0.0, 0.0, 0.0, 0.0, 5.252783262665659, 13.420163978073953, 31.229802173066517, 46.98249889854295, 59.39604402449331, 60.76735443216836, 102.97953894233308, 29.261152273379153, 26.334526517722935, 40.664617101888275, 58.78690898794112, 53.68577069414208, 55.69411035677039, 44.68326191261089, 58.522598743042025, 44.27697959878936, 63.51103646112841, 59.2095149792971, 61.21310547203919]","[0.48790098790260483, 0.08875366861237621, 0.07603913811315532, -0.08957139768036937, -0.0635830541982485, 0.14102721554418274, 0.0530119666779556, 0.025750834345689366, 0.1511543967872111, 0.21130121696750015, 0.1490999159798938, 0.23508823147768432, 0.5510888718759968, 0.7556086784193905, 0.1400244328269178, 0.16142764163544898, -0.17967514881529256, -0.12745392617611406, -0.07585976793971971, 0.02783730353128533, -0.3413290305023202, -0.9315534550976778, -0.9130185013864276, -0.6918316228814612, -0.12720928297112, -0.11629370410315776, -0.04667982750971955, -0.18212553970776835, -0.1366756559236899, 0.05678684608287288, 0.1450828538170157, 0.33761948295207045, 0.5079189070112751, 0.6421193948593871, 0.6569443722396588, 1.1132923128900871, 0.4757910938760834, 0.4282036832150067, 0.6612132862095654, 0.9558846989909124, 0.8729393608803591, 0.9055952903539901, 0.7265571042700962, 0.9515869714315777, 0.7199508877851932, 1.0326997798557467, 0.9627563411267825, 0.9953350483258405]","[0.0, 0.0, 0.0, 0.0, 0.0, 0.0, 0.0, 0.0, 0.0, 0.0, 0.0, 0.0, 0.0, 0.0, 0.0, 0.0, 0.0, 0.0, 0.0, 0.0, 0.0, 0.0, 0.0, 0.0, 0.0, 0.0, 0.0, 0.0, 0.0, 0.0, 0.0, 0.0, 0.0, 0.0, 0.0, 0.0, 0.0, 0.0, 0.0, 0.0, 0.0, 0.0, 0.0, 0.0, 0.0, 0.0, 0.0, 0.0]",5.894958515680674,28.151146999366812,22.256188483686145,22.256188483686135,0.0
33,SAC,96,test_id,id_actual,not_applicable,0,,1399.5260353640965,,,,0.5416351002641022,0.011284064588835463,0.02727179997600615,0,0,True,,100096,policy,0,48,False,,,,"[16.166327829818734, 15.465718955204977, 7.824427427762365, 5.192915120791249, 5.9416648680683215, 9.647907523703223, 11.434738132671269, 10.678639412212801, 11.017600501623262, 11.14243010386262, 9.623835060533763, 8.205701382258736, 37.48699917932711, 33.39043823165443, 26.233669739832976, 6.16615, 6.16615, 6.16615, 6.16615, 6.16615, 6.16615, 6.16615, 6.16615, 6.16615, 6.16615, 6.16615, 7.672646875235727, 11.25305994437041, 7.874898833169988, 10.381430076033787, 35.857843469890405, 49.570724319530065, 58.05136915460031, 62.68371055231958, 80.57127280615131, 80.65833692234047, 16.825291564078015, 37.66874136631879, 58.7506571653432, 62.76670610992603, 67.52266051724864, 67.1473150325825, 61.089649377467914, 74.16834980221422, 75.53579490765472, 65.78825892811301, 53.000132241245666, 67.40652192893582]","[0.014679500134661794, 0.007096300134435296, 0.007939700037240982, 0.009785499889403582, 0.021967299981042743, 0.013884000014513731, 0.02727179997600615, 0.013938700081780553, 0.022015299880877137, 0.013741800095885992, 0.01650350005365908, 0.015437799971550703, 0.009100399911403656, 0.01800599996931851, 0.009666500147432089, 0.010006099939346313, 0.01625790004618466, 0.01289849984459579, 0.014267700025811791, 0.013248999835923314, 0.013687099795788527, 0.012754400027915835, 0.012299699941650033, 0.012668299954384565, 0.012941899942234159, 0.011957300128415227, 0.011933400062844157, 0.011927499901503325, 0.009654500056058168, 0.006525699980556965, 0.006564100040122867, 0.006643300177529454, 0.0076096998527646065, 0.0066200001165270805, 0.008767500054091215, 0.008906099945306778, 0.007612199988216162, 0.007279900135472417, 0.006120000034570694, 0.00698600010946393, 0.00942760007455945, 0.0068663000129163265, 0.007643100107088685, 0.0077899000607430935, 0.008280799956992269, 0.006832599872723222, 0.007715099956840277, 0.009907800005748868]",,,,,,,,,,,,,,,,,policy_baseline,formal/step7_33_policy_baselines_raw.csv,Oracle-H7,1607.662541834314,-12.946529576582499,experiment_assets\policies\33\sac,legacy_penalized_operating_cost,1399.5260353640965,282.9848190548686,1116.541216309228,1116.5412163092278,"[1.202421406268918, 2.3989369149467876, 3.5748559528092354, 4.746160764300819, 5.91799401654277, 6.16615, 6.16615, 6.16615, 6.16615, 6.16615, 6.16615, 6.16615, 6.16615, 6.16615, 6.16615, 6.16615, 6.16615, 6.16615, 6.16615, 6.16615, 6.16615, 6.16615, 6.16615, 6.16615, 6.16615, 6.16615, 6.16615, 6.16615, 6.16615, 6.16615, 6.16615, 6.16615, 6.16615, 6.16615, 6.16615, 6.16615, 6.16615, 6.16615, 6.16615, 6.16615, 6.16615, 6.16615, 6.16615, 6.16615, 6.16615, 6.16615, 6.16615, 6.16615]","[16.166327829818734, 15.465718955204977, 7.824427427762365, 5.192915120791249, 5.9416648680683215, 9.647907523703223, 11.434738132671269, 10.678639412212801, 11.017600501623262, 11.14243010386262, 9.623835060533763, 8.205701382258736, 37.48699917932711, 33.39043823165443, 26.233669739832976, 6.16615, 6.16615, 6.16615, 6.16615, 6.16615, 6.16615, 6.16615, 6.16615, 6.16615, 6.16615, 6.16615, 7.672646875235727, 11.25305994437041, 7.874898833169988, 10.381430076033787, 35.857843469890405, 49.570724319530065, 58.05136915460031, 62.68371055231958, 80.57127280615131, 80.65833692234047, 16.825291564078015, 37.66874136631879, 58.7506571653432, 62.76670610992603, 67.52266051724864, 67.1473150325825, 61.089649377467914, 74.16834980221422, 75.53579490765472, 65.78825892811301, 53.000132241245666, 67.40652192893582]","[14.96390642354983, 13.066782040258175, 4.249571474953129, 0.4467543564904304, 0.023670851525551484, 3.481757523703209, 5.268588132671269, 4.512489412212801, 4.851450501623262, 4.976280103862621, 3.4576850605337626, 2.039551382258736, 31.320849179327105, 27.22428823165446, 20.067519739832978, 0.0, 0.0, 0.0, 0.0, 0.0, 0.0, 0.0, 0.0, 0.0, 0.0, 0.0, 1.5064968752356434, 5.08690994437041, 1.7087488331700706, 4.215280076033787, 29.691693469890403, 43.40457431953015, 51.885219154600385, 56.51756055231958, 74.4051228061514, 74.49218692234047, 10.659141564078013, 31.50259136631876, 52.58450716534323, 56.60055610992603, 61.356510517248644, 60.981165032582524, 54.92349937746791, 68.0021998022142, 69.36964490765472, 59.62210892811298, 46.83398224124567, 61.240371928935815]","[14.963906423549815, 13.06678204025819, 4.24957147495313, 0.4467543564904304, 0.023670851525551484, 3.481757523703223, 5.268588132671269, 4.512489412212801, 4.851450501623262, 4.976280103862621, 3.4576850605337626, 2.039551382258736, 31.320849179327105, 27.224288231654427, 20.067519739832974, 0.0, 0.0, 0.0, 0.0, 0.0, 0.0, 0.0, 0.0, 0.0, 0.0, 0.0, 1.5064968752357268, 5.08690994437041, 1.708748833169988, 4.215280076033787, 29.691693469890403, 43.40457431953006, 51.88521915460031, 56.51756055231958, 74.40512280615131, 74.49218692234047, 10.659141564078014, 31.50259136631879, 52.5845071653432, 56.600556109926025, 61.35651051724864, 60.981165032582496, 54.92349937746791, 68.00219980221422, 69.36964490765472, 59.62210892811301, 46.833982241245664, 61.240371928935815]","[0.4676220757359322, 0.408336938758068, 0.13279910859228528, 0.01396107364032595, 0.0007397141101734839, 0.10880492261572527, 0.16464337914597715, 0.14101529413165004, 0.15160782817572693, 0.1555087532457069, 0.10805265814168008, 0.0637359806955855, 0.5092821004768635, 0.4426713533602351, 0.326301133981024, -0.06897188659197306, -0.05749055924068491, -0.008417351794358208, -0.11001503740792717, -0.1175533490619225, -0.33072299839254304, -0.49163333678273613, -0.9683432906718861, -0.4797521119684194, -0.15637779567838805, -0.016309585750207134, 0.0162864527052502, 0.05499362102022065, 0.01847296035859536, 0.04557059541658148, 0.32099128075557193, 0.4692386412922178, 0.560921288157842, 0.6110006546196711, 0.8043797060124476, 0.805320939700978, 0.17331937502565875, 0.512237257988923, 0.8550326368348493, 0.9203342456898542, 0.9976668376788398, 0.9915636590663826, 0.8930650305279335, 1.1057268260522632, 1.1279617058155238, 0.9694651858229753, 0.7615281665243199, 0.9957784053485499]","[0.0, 0.0, 0.0, 0.0, 0.0, 0.0, 0.0, 0.0, 0.0, 0.0, 0.0, 0.0, 0.0, 0.0, 0.0, 0.0, 0.0, 0.0, 0.0, 0.0, 0.02711939821645193, 0.04739117816745986, 0.08542927262506428, 0.04727264619225413, 0.0, 0.0, 0.0, 0.0, 0.0, 0.0, 0.0, 0.0, 0.0, 0.0, 0.0, 0.0, 0.0, 0.0, 0.0, 0.0, 0.0, 0.0, 0.0, 0.0, 0.0, 0.0, 0.0, 0.0]",5.895517063643095,29.156792403418677,23.261275339775583,23.26127533977558,0.004316926983358962
33,SAC-ICNN,96,test_id,id_actual,not_applicable,0,,1934.4673024179356,,,,0.44443839881569147,0.009259133308660239,0.013512799981981516,0,0,True,,100096,policy,0,48,False,,,,"[51.863802024506924, 51.5630450815623, 43.13219143246071, 38.31817421754161, 22.64545330264195, 14.420939543133567, 9.225187663519689, 14.337161082479156, 13.703626378407446, 11.673904458561436, 13.579053598651653, 11.619385742447205, 74.00939372192116, 40.9821289350885, 33.64308208503785, 9.034648596666475, 6.16615, 6.16615, 6.16615, 6.16615, 6.16615, 6.16615, 6.16615, 6.16615, 6.16615, 6.16615, 6.16615, 6.16615, 6.16615, 19.81422585258604, 46.624271142362915, 60.93192299191039, 70.27585011163247, 72.71125736131073, 90.04273928075928, 89.73395544808434, 23.642200759102813, 53.965042717610224, 73.11626095127586, 72.79014344186017, 77.51238845565541, 76.88725665057214, 69.90072993552243, 100.46562249492655, 102.30486220419547, 104.8553456741359, 88.9080798192793, 106.07401926052557]","[0.009783299872651696, 0.007747099967673421, 0.008514999877661467, 0.009567199973389506, 0.007178599946200848, 0.011132699903100729, 0.010591799858957529, 0.008981199935078621, 0.009192900033667684, 0.013299399986863136, 0.012023200048133731, 0.013338499935343862, 0.012803399935364723, 0.012330400058999658, 0.00995779992081225, 0.006970700109377503, 0.006286700023338199, 0.0062951999716460705, 0.007032099878415465, 0.008629099931567907, 0.0066419001668691635, 0.011040099896490574, 0.009620399912819266, 0.006530199898406863, 0.006698899902403355, 0.008525400189682841, 0.009049100102856755, 0.006596700055524707, 0.00653519993647933, 0.011725099990144372, 0.009404900018125772, 0.00682470016181469, 0.010564099997282028, 0.011355499969795346, 0.0107744000852108, 0.008714500116184354, 0.006912200013175607, 0.009620499797165394, 0.011115000117570162, 0.011221399996429682, 0.01205729995854199, 0.013512799981981516, 0.013280399842187762, 0.007068299921229482, 0.006549600046128035, 0.006407799897715449, 0.007865199819207191, 0.0065704998560249805]",,,,,,,,,,,,,,,,,policy_baseline,formal/step7_33_policy_baselines_raw.csv,Oracle-H7,1607.662541834314,20.327945204890028,experiment_assets\policies\33\sac_icnn,legacy_penalized_operating_cost,1934.4673024179356,283.0958526478671,1651.371449770069,1651.3714497700685,"[1.1936635187849545, 2.3889957022880064, 3.588106530520035, 4.7883327615225255, 5.992304134751531, 6.16615, 6.16615, 6.16615, 6.16615, 6.16615, 6.16615, 6.16615, 6.16615, 6.16615, 6.16615, 6.16615, 6.16615, 6.16615, 6.16615, 6.16615, 6.16615, 6.16615, 6.16615, 6.16615, 6.16615, 6.16615, 6.16615, 6.16615, 6.16615, 6.16615, 6.16615, 6.16615, 6.16615, 6.16615, 6.16615, 6.16615, 6.16615, 6.16615, 6.16615, 6.16615, 6.16615, 6.16615, 6.16615, 6.16615, 6.16615, 6.16615, 6.16615, 6.16615]","[51.863802024506924, 51.5630450815623, 43.13219143246071, 38.31817421754161, 22.64545330264195, 14.420939543133567, 9.225187663519689, 14.337161082479156, 13.703626378407446, 11.673904458561436, 13.579053598651653, 11.619385742447205, 74.00939372192116, 40.9821289350885, 33.64308208503785, 9.034648596666475, 6.16615, 6.16615, 6.16615, 6.16615, 6.16615, 6.16615, 6.16615, 6.16615, 6.16615, 6.16615, 6.16615, 6.16615, 6.16615, 19.81422585258604, 46.624271142362915, 60.93192299191039, 70.27585011163247, 72.71125736131073, 90.04273928075928, 89.73395544808434, 23.642200759102813, 53.965042717610224, 73.11626095127586, 72.79014344186017, 77.51238845565541, 76.88725665057214, 69.90072993552243, 100.46562249492655, 102.30486220419547, 104.8553456741359, 88.9080798192793, 106.07401926052557]","[50.67013850572198, 49.17404937927428, 39.54408490194067, 33.529841456019085, 16.65314916789042, 8.254789543133555, 3.059037663519689, 8.171011082479154, 7.537476378407447, 5.507754458561436, 7.412903598651653, 5.453235742447205, 67.84324372192116, 34.81597893508852, 27.476932085037845, 2.868498596666476, 0.0, 0.0, 0.0, 0.0, 0.0, 0.0, 0.0, 0.0, 0.0, 0.0, 0.0, 0.0, 0.0, 13.648075852586041, 40.45812114236291, 54.76577299191048, 64.10970011163255, 66.54510736131073, 83.87658928075936, 83.56780544808434, 17.47605075910281, 47.7988927176102, 66.95011095127589, 66.62399344186016, 71.34623845565541, 70.72110665057217, 63.73457993552243, 94.2994724949265, 96.13871220419547, 98.68919567413587, 82.74192981927929, 99.90786926052557]","[50.67013850572197, 49.174049379274294, 39.54408490194067, 33.529841456019085, 16.65314916789042, 8.254789543133567, 3.059037663519689, 8.171011082479156, 7.537476378407446, 5.507754458561436, 7.412903598651653, 5.453235742447205, 67.84324372192116, 34.815978935088495, 27.476932085037845, 2.868498596666475, 0.0, 0.0, 0.0, 0.0, 0.0, 0.0, 0.0, 0.0, 0.0, 0.0, 0.0, 0.0, 0.0, 13.648075852586041, 40.45812114236291, 54.76577299191039, 64.10970011163246, 66.54510736131073, 83.87658928075928, 83.56780544808434, 17.47605075910281, 47.79889271761022, 66.95011095127586, 66.62399344186016, 71.34623845565541, 70.72110665057214, 63.73457993552243, 94.29947249492655, 96.13871220419547, 98.6891956741359, 82.74192981927929, 99.90786926052557]","[1.5834418283038119, 1.5366890431023212, 1.235752653185646, 1.0478075455005964, 0.5204109114965756, 0.2579621732229236, 0.09559492698499028, 0.25534409632747357, 0.23554613682523273, 0.17211732683004488, 0.23165323745786415, 0.17041361695147517, 1.1031421743401815, 0.5661134786193256, 0.44677938349655033, 0.04664225360433294, -0.03870228372320783, -0.22654221415872655, -0.5099486455823037, -0.5265503494513761, -0.7706645304493769, -0.9460597191757718, -1.428335256890679, -0.9369882858748406, -0.5395114293075673, -0.24275931271762108, -0.11213046249669834, -0.035310121509308345, -0.043438311088334736, 0.14754676597390315, 0.43738509343095044, 0.5920624107233565, 0.6930778390446761, 0.7194065660682241, 0.9067739381703714, 0.9034357345738848, 0.2841634269772815, 0.7772177677660195, 1.0886196902646486, 1.0833169665343116, 1.16010143830334, 1.1499366935052384, 1.0363346330979257, 1.5333247560150651, 1.563231092751146, 1.6047023686851363, 1.3453972328338097, 1.6245181993581395]","[0.0, 0.0, 0.0, 0.0, 0.0, 0.0, 0.0, 0.0, 0.0, 0.0, 0.0, 0.0, 0.0, 0.0, 0.0, 0.0, 0.00021640155544688788, 0.010588602631395272, 0.05186033044482041, 0.057398780387955206, 0.09219927334457734, 0.12230521166573816, 0.1747745544250705, 0.13547471156652668, 0.02846198108550957, 0.016330132869708525, 0.015549028693553124, 0.016376583329567485, 0.04126407147474187, 0.06522166726071998, 0.05383116127830401, 0.022809561574075543, 0.0164840608095429, 0.0, 0.0, 0.0, 0.005250713948520946, 0.0, 0.0, 0.0, 0.0, 0.0, 0.0, 0.0, 0.0, 0.0, 0.0, 0.0]",5.897830263497231,40.30140213370699,34.40357187020977,34.40357187020976,0.0192999339238703
33,SACLag,96,test_id,id_actual,not_applicable,0,,1418.6063056310106,,,,0.45215440005995333,0.00941988333458236,0.015785499941557646,0,0,True,,100096,policy,0,48,False,,,,"[17.110666977107375, 17.777215499508273, 8.175274171828713, 4.90156280669031, 5.949949545697103, 12.955179673734035, 10.673473722271082, 11.327269763788037, 10.720330886958989, 12.31754527257162, 6.337127751227794, 11.467110379931027, 35.30921697368012, 32.54780454367985, 25.71171722137579, 6.16615, 6.16615, 6.16615, 6.16615, 6.16615, 6.16615, 6.16615, 6.16615, 6.16615, 6.16615, 17.018768354869025, 23.86147493353988, 6.16615, 8.434286503906753, 9.808865529140544, 34.556904052664926, 48.05768646016911, 56.792272899745065, 62.68702271550356, 82.11748456545845, 82.0347316211657, 14.2347693190271, 36.68502894743308, 59.668856185874745, 62.50104421711586, 67.11958851145002, 66.91349319284245, 60.77696633053322, 73.86423341364285, 75.20819348752181, 65.41146544911348, 52.64607288171388, 67.098000868529]","[0.006075100041925907, 0.012454500189051032, 0.008669700007885695, 0.00619940017350018, 0.007718399865552783, 0.009115200024098158, 0.012687199981883168, 0.007885999977588654, 0.010206500068306923, 0.009698400041088462, 0.007985300151631236, 0.008529100101441145, 0.00879299989901483, 0.015785499941557646, 0.01021750015206635, 0.011815400095656514, 0.008843699935823679, 0.012904699891805649, 0.011924399994313717, 0.009980600094422698, 0.011910300003364682, 0.007330399937927723, 0.00792029988951981, 0.006749999942258, 0.00867759995162487, 0.009319400181993842, 0.007764499867334962, 0.006715899799019098, 0.0061744998674839735, 0.011151400161907077, 0.007696099812164903, 0.007574700051918626, 0.008515699999406934, 0.01206029998138547, 0.006974899908527732, 0.008004199946299195, 0.012181200087070465, 0.006935100071132183, 0.009340299991890788, 0.010703699896112084, 0.009991599945351481, 0.010150900110602379, 0.007591899950057268, 0.008503499906510115, 0.008959400001913309, 0.009480100125074387, 0.013091899920254946, 0.013195000123232603]",,,,,,,,,,,,,,,,,policy_baseline,formal/step7_33_policy_baselines_raw.csv,Oracle-H7,1607.662541834314,-11.759696533551972,experiment_assets\policies\33\saclag,legacy_penalized_operating_cost,1418.6063056310106,282.9725792379147,1135.6337263930964,1135.633726393096,"[1.1927825781305232, 2.3736750348559217, 3.557759350628936, 4.753962728602178, 5.949949545697103, 6.16615, 6.16615, 6.16615, 6.16615, 6.16615, 6.16615, 6.16615, 6.16615, 6.16615, 6.16615, 6.16615, 6.16615, 6.16615, 6.16615, 6.16615, 6.16615, 6.16615, 6.16615, 6.16615, 6.16615, 6.16615, 6.16615, 6.16615, 6.16615, 6.16615, 6.16615, 6.16615, 6.16615, 6.16615, 6.16615, 6.16615, 6.16615, 6.16615, 6.16615, 6.16615, 6.16615, 6.16615, 6.16615, 6.16615, 6.16615, 6.16615, 6.16615, 6.16615]","[17.110666977107375, 17.777215499508273, 8.175274171828713, 4.90156280669031, 5.949949545697103, 12.955179673734035, 10.673473722271082, 11.327269763788037, 10.720330886958989, 12.31754527257162, 6.337127751227794, 11.467110379931027, 35.30921697368012, 32.54780454367985, 25.71171722137579, 6.16615, 6.16615, 6.16615, 6.16615, 6.16615, 6.16615, 6.16615, 6.16615, 6.16615, 6.16615, 17.018768354869025, 23.86147493353988, 6.16615, 8.434286503906753, 9.808865529140544, 34.556904052664926, 48.05768646016911, 56.792272899745065, 62.68702271550356, 82.11748456545845, 82.0347316211657, 14.2347693190271, 36.68502894743308, 59.668856185874745, 62.50104421711586, 67.11958851145002, 66.91349319284245, 60.77696633053322, 73.86423341364285, 75.20819348752181, 65.41146544911348, 52.64607288171388, 67.098000868529]","[15.917884398976867, 15.403540464652338, 4.6175148211997765, 0.14760007808813214, 0.0, 6.789029673734021, 4.507323722271082, 5.161119763788037, 4.554180886958989, 6.151395272571619, 0.17097775122779524, 5.300960379931027, 29.14306697368012, 26.38165454367988, 19.54556722137579, 0.0, 0.0, 0.0, 0.0, 0.0, 0.0, 0.0, 0.0, 0.0, 0.0, 10.852618354869023, 17.695324933539798, 0.0, 2.2681365039068346, 3.6427155291405433, 28.390754052664924, 41.891536460169185, 50.626122899745155, 56.52087271550356, 75.95133456545852, 75.8685816211657, 8.0686193190271, 30.518878947433052, 53.50270618587477, 56.33489421711587, 60.95343851145002, 60.747343192842486, 54.610816330533225, 67.69808341364282, 69.04204348752181, 59.24531544911345, 46.479922881713875, 60.931850868529]","[15.917884398976852, 15.403540464652352, 4.6175148211997765, 0.14760007808813214, 0.0, 6.789029673734035, 4.507323722271082, 5.161119763788037, 4.554180886958989, 6.151395272571619, 0.17097775122779435, 5.300960379931027, 29.14306697368012, 26.38165454367985, 19.54556722137579, 0.0, 0.0, 0.0, 0.0, 0.0, 0.0, 0.0, 0.0, 0.0, 0.0, 10.852618354869024, 17.69532493353988, 0.0, 2.268136503906753, 3.6427155291405438, 28.390754052664924, 41.89153646016911, 50.62612289974506, 56.52087271550356, 75.95133456545845, 75.8685816211657, 8.0686193190271, 30.51887894743308, 53.50270618587474, 56.33489421711586, 60.95343851145002, 60.74734319284245, 54.61081633053322, 67.69808341364285, 69.04204348752181, 59.24531544911348, 46.479922881713875, 60.931850868529]","[0.4974338874680271, 0.48136063952038555, 0.14429733816249302, 0.004612502440254129, -0.06349301387586825, 0.21215717730418815, 0.1408538663209713, 0.16128499261837614, 0.1423181527174684, 0.1922311022678631, 0.005343054725868601, 0.1656550118728446, 0.47387100770211577, 0.42896999258016066, 0.31781410116058195, -0.07223560898488435, -0.15168507136130582, -0.15103846498060713, -0.1276699401853958, -0.12076069485059682, -0.3281234425551647, -0.4811668738921915, -0.928370101955363, -0.45094609977114564, -0.1335734404566873, 0.11732560383642188, 0.19130081009232214, -0.0683615936719244, 0.024520394636830645, 0.03938070842314101, 0.3069270708396208, 0.4528814752450723, 0.5473094367540017, 0.6110364617892277, 0.8210955088157679, 0.8202008823909805, 0.13119706209800164, 0.4962419341046025, 0.8699627022093459, 0.9160145401157052, 0.9911128213243905, 0.9877616779323981, 0.8879807533420037, 1.1007818441242736, 1.1226348534556392, 0.9633384625872106, 0.7557711037677053, 0.9907618027403089]","[0.0, 0.0, 0.0, 0.0, 0.0, 0.0, 0.0, 0.0, 0.0, 0.0, 0.0, 0.0, 0.0, 0.0, 0.0, 0.0, 0.0, 0.0, 0.0, 0.0, 0.0, 0.0, 0.0, 0.0, 0.0, 0.0, 0.0, 0.0, 0.0, 0.0, 0.0, 0.0, 0.0, 0.0, 0.0, 0.0, 0.0, 0.0, 0.0, 0.0, 0.0, 0.0, 0.0, 0.0, 0.0, 0.0, 0.0, 0.0]",5.895262067456557,29.55429803397939,23.65903596652284,23.659035966522833,0.0
33,SAC,97,test_id,id_actual,not_applicable,0,,1352.1130473764147,,,,0.4331655006390065,0.009024281263312636,0.014477699995040894,0,0,True,,100097,policy,0,48,False,,,,"[24.300086800365264, 9.39581839046127, 3.5684478489404174, 4.733517692578316, 5.902951074257405, 10.429609150651599, 9.509217268222868, 10.278569503777105, 11.115375697791633, 12.311006822052446, 14.61301706452917, 9.799008508686184, 43.64823770062672, 44.305362226103796, 19.463982675094506, 9.599575992797238, 6.16615, 6.33525560113802, 7.00454671531873, 6.16615, 6.16615, 6.16615, 6.16615, 6.16615, 6.16615, 6.16615, 7.190701493755701, 6.16615, 6.16615, 18.636740899114738, 15.35593799891268, 39.5579870007553, 47.7323770299553, 79.70994745798562, 88.91996792935012, 89.05488787557185, 17.446470111346365, 37.592506810908596, 46.90146642665631, 64.92873191666477, 59.59330035701896, 64.72443637419009, 68.62987579619187, 53.56908650564146, 65.27705976683737, 55.17102513971675, 56.11316864064548, 58.03228511180251]","[0.012744899839162827, 0.012179699959233403, 0.009294700110331178, 0.00616779993288219, 0.0072576000820845366, 0.008500299882143736, 0.00897440011613071, 0.00634699990041554, 0.01028240006417036, 0.014477699995040894, 0.010155400028452277, 0.012786499923095107, 0.008040399989113212, 0.008601299952715635, 0.013351300032809377, 0.007552800001576543, 0.007954400032758713, 0.009286799933761358, 0.008831500075757504, 0.009866199921816587, 0.008894700091332197, 0.007228499976918101, 0.0068072001449763775, 0.006400899961590767, 0.008631000062450767, 0.008759499993175268, 0.007724500028416514, 0.009639599826186895, 0.0079714001622051, 0.00829229992814362, 0.00787800014950335, 0.007972200168296695, 0.006488800048828125, 0.007990100188180804, 0.006619499996304512, 0.007514100056141615, 0.007804099936038256, 0.010016400134190917, 0.009196900064125657, 0.008351400028914213, 0.006459600059315562, 0.009091499960049987, 0.009229999966919422, 0.00843019993044436, 0.008166300132870674, 0.013286599889397621, 0.01335359993390739, 0.012313500046730042]",,,,,,,,,,,,,,,,,policy_baseline,formal/step7_33_policy_baselines_raw.csv,Oracle-H7,1483.8459365836006,-8.87780098724313,experiment_assets\policies\33\sac,legacy_penalized_operating_cost,1352.1130473764147,282.9540192256703,1069.1590281507442,1069.1590281507442,"[1.2069196015718102, 2.397733008322389, 3.568447848940418, 4.733517692578316, 5.902951074257405, 6.16615, 6.16615, 6.16615, 6.16615, 6.16615, 6.16615, 6.16615, 6.16615, 6.16615, 6.16615, 6.16615, 6.16615, 6.16615, 6.16615, 6.16615, 6.16615, 6.16615, 6.16615, 6.16615, 6.16615, 6.16615, 6.16615, 6.16615, 6.16615, 6.16615, 6.16615, 6.16615, 6.16615, 6.16615, 6.16615, 6.16615, 6.16615, 6.16615, 6.16615, 6.16615, 6.16615, 6.16615, 6.16615, 6.16615, 6.16615, 6.16615, 6.16615, 6.16615]","[24.300086800365264, 9.39581839046127, 3.5684478489404174, 4.733517692578316, 5.902951074257405, 10.429609150651599, 9.509217268222868, 10.278569503777105, 11.115375697791633, 12.311006822052446, 14.61301706452917, 9.799008508686184, 43.64823770062672, 44.305362226103796, 19.463982675094506, 9.599575992797238, 6.16615, 6.33525560113802, 7.00454671531873, 6.16615, 6.16615, 6.16615, 6.16615, 6.16615, 6.16615, 6.16615, 7.190701493755701, 6.16615, 6.16615, 18.636740899114738, 15.35593799891268, 39.5579870007553, 47.7323770299553, 79.70994745798562, 88.91996792935012, 89.05488787557185, 17.446470111346365, 37.592506810908596, 46.90146642665631, 64.92873191666477, 59.59330035701896, 64.72443637419009, 68.62987579619187, 53.56908650564146, 65.27705976683737, 55.17102513971675, 56.11316864064548, 58.03228511180251]","[23.093167198793452, 6.998085382138896, 0.0, 0.0, 0.0, 4.263459150651599, 3.3430672682228533, 4.1124195037771045, 4.949225697791633, 6.144856822052446, 8.446867064529172, 3.6328585086861835, 37.4820877006267, 38.139212226103766, 13.297832675094508, 3.4334259927972375, 0.0, 0.1691056011379941, 0.8383967153187573, 0.0, 0.0, 0.0, 0.0, 0.0, 0.0, 0.0, 1.024551493755701, 0.0, 0.0, 12.470590899114738, 9.189787998912681, 33.391837000755295, 41.5662270299553, 73.54379745798562, 82.7538179293502, 82.88873787557185, 11.28032011134639, 31.42635681090857, 40.73531642665631, 58.76258191666478, 53.42715035701897, 58.55828637419009, 62.46372579619187, 47.402936505641456, 59.11090976683734, 49.00487513971676, 49.94701864064548, 51.8661351118025]","[23.093167198793452, 6.998085382138882, -4.440892098500626e-16, 0.0, 0.0, 4.263459150651599, 3.3430672682228675, 4.1124195037771045, 4.949225697791633, 6.144856822052446, 8.44686706452917, 3.6328585086861835, 37.48208770062672, 38.139212226103794, 13.297832675094506, 3.433425992797238, 0.0, 0.1691056011380203, 0.83839671531873, 0.0, 0.0, 0.0, 0.0, 0.0, 0.0, 0.0, 1.024551493755701, 0.0, 0.0, 12.470590899114738, 9.18978799891268, 33.391837000755295, 41.5662270299553, 73.54379745798562, 82.75381792935012, 82.88873787557185, 11.280320111346365, 31.426356810908594, 40.73531642665631, 58.76258191666477, 53.42715035701896, 58.55828637419009, 62.463725796191866, 47.402936505641456, 59.110909766837366, 49.004875139716745, 49.94701864064548, 51.86613511180251]","[0.7216614749622954, 0.2186901681918405, -0.02048791757866031, -0.020159541076192333, -0.03621488896417224, 0.13323309845786246, 0.10447085213196416, 0.12851310949303452, 0.15466330305598852, 0.19202677568913895, 0.26396459576653664, 0.11352682839644324, 0.6094648406605967, 0.6201497922943702, 0.21622492154625217, 0.05582806492353232, -0.03227372973865217, 0.0027496845713494977, 0.01363246691575215, -0.40310696246828526, -0.6262048803414042, -0.7021448288178775, -0.8845834066564113, -0.9797634056938467, -0.25132681324610306, -0.07385034363025422, 0.011076232364926497, -0.05722773481075105, -0.19003911122641703, 0.1348171989093485, 0.09934905944770467, 0.36099283244059777, 0.4493646165400573, 0.7950680806268715, 0.8946358695064887, 0.8960944635196957, 0.18341983920888438, 0.5109976717220905, 0.6623628687261189, 0.9554891368563379, 0.8687341521466498, 0.952167258116912, 1.0156703381494614, 0.7707794553762839, 0.9611530043388186, 0.796827238044175, 0.8121466445633412, 0.843351790435813]","[0.0, 0.0, 0.0, 0.0, 0.0, 0.0, 0.0, 0.0, 0.0, 0.0, 0.0, 0.0, 0.0, 0.0, 0.0, 0.0, 0.0, 0.0, 0.0, 0.026901087899450005, 0.07388040717447697, 0.08251873850767799, 0.07031676637682316, 0.07318295837714639, 0.003004008357789134, 0.0, 0.0, 0.0, 0.0, 0.0, 0.0, 0.0, 0.0, 0.0, 0.0, 0.0, 0.0, 0.0, 0.0, 0.0, 0.0, 0.0, 0.0, 0.0, 0.0, 0.0, 0.0, 0.0]",5.894875400534798,28.16902182034197,22.27414641980717,22.27414641980717,0.006870915972778409
33,SAC-ICNN,97,test_id,id_actual,not_applicable,0,,1886.4348394240624,,,,0.4055804999079555,0.008449593748082407,0.01336590014398098,0,0,True,,100097,policy,0,48,False,,,,"[60.49028393222669, 45.22422873309699, 37.956376016091234, 36.12271016523114, 21.37945926706127, 13.387944797085039, 8.849708498289358, 17.007960786842233, 11.001217200429592, 19.131988548413958, 16.956380550762702, 11.740803346777055, 75.77182333720496, 51.96344080736412, 26.825061079974947, 16.79784042550101, 11.142179312512095, 6.16615, 6.16615, 6.16615, 6.16615, 6.16615, 6.16615, 6.16615, 6.16615, 6.16615, 6.16615, 6.16615, 6.16615, 28.264214924829744, 25.277461629927295, 51.106543167082165, 59.467497031296254, 92.12038533762232, 100.17631982829576, 98.86436088008428, 23.465223103763222, 49.09907578798605, 55.697282008114065, 74.66129141730757, 69.20856617354134, 74.3163395451699, 77.87604782735303, 61.97056794074396, 103.81563634825721, 95.13665754468734, 91.49566961346801, 98.67249250966846]","[0.007165299961343408, 0.009723300114274025, 0.007217500125989318, 0.00616479991003871, 0.006556899985298514, 0.011467099888250232, 0.008752800058573484, 0.006760099902749062, 0.007415900006890297, 0.0072351000271737576, 0.008860200177878141, 0.008117599878460169, 0.0066188001073896885, 0.010570099810138345, 0.007725800154730678, 0.007778200088068843, 0.006940399995073676, 0.009304100181907415, 0.01018600002862513, 0.007931599859148264, 0.008752899942919612, 0.012020299909636378, 0.009465200128033757, 0.007674099877476692, 0.009859099984169006, 0.008630499942228198, 0.009163800161331892, 0.009208799805492163, 0.009503599954769015, 0.008247600169852376, 0.009160000132396817, 0.0075743000488728285, 0.007637199945747852, 0.008196699898689985, 0.00983159989118576, 0.010891299927607179, 0.01134760002605617, 0.008364299777895212, 0.01336590014398098, 0.008233199827373028, 0.006129400106146932, 0.006817599991336465, 0.006241200026124716, 0.0067113998811692, 0.0060495000798255205, 0.007772399811074138, 0.007593700196594, 0.008645700057968497]",,,,,,,,,,,,,,,,,policy_baseline,formal/step7_33_policy_baselines_raw.csv,Oracle-H7,1483.8459365836006,27.1314489540188,experiment_assets\policies\33\sac_icnn,legacy_penalized_operating_cost,1886.4348394240624,283.0952022391856,1603.3396371848767,1603.3396371848767,"[1.1924993188983024, 2.3884410485318166, 3.587948854615177, 4.7888762516372, 5.9929867655030975, 6.16615, 6.16615, 6.16615, 6.16615, 6.16615, 6.16615, 6.16615, 6.16615, 6.16615, 6.16615, 6.16615, 6.16615, 6.16615, 6.16615, 6.16615, 6.16615, 6.16615, 6.16615, 6.16615, 6.16615, 6.16615, 6.16615, 6.16615, 6.16615, 6.16615, 6.16615, 6.16615, 6.16615, 6.16615, 6.16615, 6.16615, 6.16615, 6.16615, 6.16615, 6.16615, 6.16615, 6.16615, 6.16615, 6.16615, 6.16615, 6.16615, 6.16615, 6.16615]","[60.49028393222669, 45.22422873309699, 37.956376016091234, 36.12271016523114, 21.37945926706127, 13.387944797085039, 8.849708498289358, 17.007960786842233, 11.001217200429592, 19.131988548413958, 16.956380550762702, 11.740803346777055, 75.77182333720496, 51.96344080736412, 26.825061079974947, 16.79784042550101, 11.142179312512095, 6.16615, 6.16615, 6.16615, 6.16615, 6.16615, 6.16615, 6.16615, 6.16615, 6.16615, 6.16615, 6.16615, 6.16615, 28.264214924829744, 25.277461629927295, 51.106543167082165, 59.467497031296254, 92.12038533762232, 100.17631982829576, 98.86436088008428, 23.465223103763222, 49.09907578798605, 55.697282008114065, 74.66129141730757, 69.20856617354134, 74.3163395451699, 77.87604782735303, 61.97056794074396, 103.81563634825721, 95.13665754468734, 91.49566961346801, 98.67249250966846]","[59.29778461332838, 42.83578768456519, 34.368427161476056, 31.333833913593942, 15.386472501558174, 7.221794797085039, 2.6835584982893437, 10.841810786842231, 4.835067200429592, 12.965838548413956, 10.7902305507627, 5.574653346777055, 69.60567333720493, 45.79729080736409, 20.65891107997495, 10.631690425501011, 4.976029312512096, 0.0, 0.0, 0.0, 0.0, 0.0, 0.0, 0.0, 0.0, 0.0, 0.0, 0.0, 0.0, 22.098064924829742, 19.111311629927297, 44.940393167082156, 53.30134703129625, 85.95423533762232, 94.01016982829583, 92.69821088008428, 17.299073103763252, 42.93292578798602, 49.531132008114064, 68.49514141730756, 63.04241617354135, 68.1501895451699, 71.70989782735303, 55.80441794074395, 97.64948634825718, 88.97050754468736, 85.32951961346801, 92.50634250966846]","[59.29778461332839, 42.835787684565176, 34.368427161476056, 31.333833913593942, 15.386472501558174, 7.221794797085039, 2.683558498289358, 10.841810786842233, 4.835067200429592, 12.965838548413958, 10.790230550762702, 5.574653346777055, 69.60567333720496, 45.79729080736412, 20.65891107997495, 10.631690425501011, 4.976029312512095, 0.0, 0.0, 0.0, 0.0, 0.0, 0.0, 0.0, 0.0, 0.0, 0.0, 0.0, 0.0, 22.098064924829742, 19.111311629927293, 44.94039316708216, 53.30134703129625, 85.95423533762232, 94.01016982829576, 92.69821088008428, 17.29907310376322, 42.93292578798605, 49.531132008114064, 68.49514141730756, 63.04241617354134, 68.1501895451699, 71.70989782735303, 55.80441794074396, 97.64948634825721, 88.97050754468734, 85.32951961346801, 92.50634250966846]","[1.853055769166512, 1.3386183651426622, 1.0740133487961268, 0.9791823097998107, 0.48082726567369294, 0.22568108740890747, 0.08386120307154199, 0.3388065870888197, 0.15109585001342474, 0.4051824546379361, 0.3371947047113344, 0.17420791708678296, 1.131799566458617, 0.7446713952416926, 0.335917253332926, 0.17287301504879693, 0.080911045731904, -0.1288006724683024, -0.310630764243812, -0.8564450129666317, -1.0915764312831255, -1.1647414842598334, -1.3410376915058695, -1.4381984831346442, -0.660161694435331, -0.44063092739645615, -0.27904722656812186, -0.029846627426926453, -0.09160372158156882, 0.23889799918734855, 0.2066087743775924, 0.4858420882927801, 0.5762307787167162, 0.929234976622944, 1.0163261603059008, 1.0021428203252354, 0.2812857415246057, 0.6980963542761955, 0.8053842602945376, 1.1137421368667897, 1.0250799377811601, 1.1081331633360958, 1.1660145988187485, 0.9073889096055927, 1.5877965259879216, 1.4466749194258108, 1.387471863633626, 1.504168170888918]","[0.0, 0.0, 0.0, 0.0, 0.0, 0.0, 0.0, 0.0, 0.0, 0.0, 0.0, 0.0, 0.0, 0.0, 0.0, 0.0, 0.0, 0.0056078855330294886, 0.023419175641440138, 0.10192929135668338, 0.15068214338797192, 0.15735123236381132, 0.15143463835248583, 0.1654107303094452, 0.043284523163316546, 0.039768222351545646, 0.030613219874941144, 0.020265788637126247, 0.08228149010538788, 0.06460691855215472, 0.08291099672229096, 0.03163429453131483, 0.01425371054597413, 0.0, 0.0, 0.0, 0.004586555161529393, 0.0, 0.0, 0.0, 0.0, 0.0, 0.0, 0.0, 0.0, 0.0, 0.0, 0.0]",5.897816713316367,39.30072582133463,33.402909108018264,33.402909108018264,0.02437585034563435
33,SACLag,97,test_id,id_actual,not_applicable,0,,1357.587785444738,,,,0.39475459954701364,0.008224054157229451,0.013209800003096461,0,0,True,,100097,policy,0,48,False,,,,"[25.12465684689871, 10.945507339794768, 3.5632643986506873, 4.759269704413601, 5.954606347452571, 15.756633525334179, 8.040703216852831, 10.50232603790087, 8.804090527754068, 12.549633441109407, 15.25035132135926, 11.063747019237281, 41.04476098724193, 43.41608276659242, 18.921434135792193, 9.328827100602407, 6.16615, 6.16615, 6.16615, 6.16615, 6.16615, 6.16615, 6.16615, 6.16615, 6.16615, 6.16615, 14.254664508577196, 13.049997634528657, 6.16615, 17.76508606682355, 14.266017663749391, 38.09998727938018, 46.86637535250644, 79.55167242177312, 89.4479092654853, 90.03844151438976, 14.539711559279162, 37.09596973744988, 46.63890239875409, 64.66401072811952, 59.212299226605595, 64.56859909708685, 68.44202388075625, 53.244504617846744, 64.90456335280228, 54.77874693512672, 55.73136634664977, 57.57339114006032]","[0.006307299947366118, 0.007015799870714545, 0.00624029990285635, 0.007214599987491965, 0.007835200056433678, 0.008603000082075596, 0.00892059993930161, 0.007096700137481093, 0.0088447998277843, 0.008582900045439601, 0.008371499832719564, 0.011572499992325902, 0.007327199913561344, 0.007632900029420853, 0.009059299947693944, 0.0128732998855412, 0.007656099973246455, 0.008665000088512897, 0.010506300022825599, 0.007492600008845329, 0.007468000054359436, 0.006702299928292632, 0.012680700048804283, 0.007320400094613433, 0.007588000036776066, 0.008546900004148483, 0.010817899834364653, 0.008515200112015009, 0.009144000010564923, 0.00844520004466176, 0.013209800003096461, 0.012291299877688289, 0.011025400133803487, 0.006022699875757098, 0.005756499944254756, 0.006344699999317527, 0.006024100119248033, 0.007702300092205405, 0.006179200019687414, 0.0064894999377429485, 0.006561399903148413, 0.008313399972394109, 0.007813600124791265, 0.006313699996098876, 0.006561399903148413, 0.007450599921867251, 0.009056400042027235, 0.006592100020498037]",,,,,,,,,,,,,,,,,policy_baseline,formal/step7_33_policy_baselines_raw.csv,Oracle-H7,1483.8459365836006,-8.508845024002875,experiment_assets\policies\33\saclag,legacy_penalized_operating_cost,1357.587785444738,283.0013590901858,1074.5864263545523,1074.5864263545523,"[1.2015532536935671, 2.378215385975332, 3.5632643986506873, 4.759269704413601, 5.954606347452571, 6.16615, 6.16615, 6.16615, 6.16615, 6.16615, 6.16615, 6.16615, 6.16615, 6.16615, 6.16615, 6.16615, 6.16615, 6.16615, 6.16615, 6.16615, 6.16615, 6.16615, 6.16615, 6.16615, 6.16615, 6.16615, 6.16615, 6.16615, 6.16615, 6.16615, 6.16615, 6.16615, 6.16615, 6.16615, 6.16615, 6.16615, 6.16615, 6.16615, 6.16615, 6.16615, 6.16615, 6.16615, 6.16615, 6.16615, 6.16615, 6.16615, 6.16615, 6.16615]","[25.12465684689871, 10.945507339794768, 3.5632643986506873, 4.759269704413601, 5.954606347452571, 15.756633525334179, 8.040703216852831, 10.50232603790087, 8.804090527754068, 12.549633441109407, 15.25035132135926, 11.063747019237281, 41.04476098724193, 43.41608276659242, 18.921434135792193, 9.328827100602407, 6.16615, 6.16615, 6.16615, 6.16615, 6.16615, 6.16615, 6.16615, 6.16615, 6.16615, 6.16615, 14.254664508577196, 13.049997634528657, 6.16615, 17.76508606682355, 14.266017663749391, 38.09998727938018, 46.86637535250644, 79.55167242177312, 89.4479092654853, 90.03844151438976, 14.539711559279162, 37.09596973744988, 46.63890239875409, 64.66401072811952, 59.212299226605595, 64.56859909708685, 68.44202388075625, 53.244504617846744, 64.90456335280228, 54.77874693512672, 55.73136634664977, 57.57339114006032]","[23.92310359320514, 8.56729195381945, 0.0, 0.0, 0.0, 9.590483525334179, 1.8745532168528172, 4.33617603790087, 2.6379405277540684, 6.383483441109405, 9.08420132135926, 4.897597019237281, 34.8786109872419, 37.24993276659239, 12.755284135792193, 3.162677100602407, 0.0, 0.0, 0.0, 0.0, 0.0, 0.0, 0.0, 0.0, 0.0, 0.0, 8.088514508577196, 6.883847634528575, 0.0, 11.598936066823551, 8.099867663749391, 31.933837279380178, 40.700225352506436, 73.38552242177312, 83.28175926548538, 83.87229151438976, 8.37356155927919, 30.929819737449847, 40.47275239875409, 58.49786072811953, 53.04614922660559, 58.402449097086844, 62.27587388075625, 47.07835461784674, 58.738413352802255, 48.612596935126746, 49.56521634664976, 51.40724114006033]","[23.92310359320514, 8.567291953819435, 0.0, 0.0, 0.0, 9.590483525334179, 1.8745532168528314, 4.33617603790087, 2.6379405277540684, 6.383483441109407, 9.08420132135926, 4.897597019237281, 34.87861098724193, 37.249932766592416, 12.755284135792193, 3.162677100602407, 0.0, 0.0, 0.0, 0.0, 0.0, 0.0, 0.0, 0.0, 0.0, 0.0, 8.088514508577196, 6.883847634528657, 0.0, 11.59893606682355, 8.099867663749391, 31.933837279380178, 40.700225352506436, 73.38552242177312, 83.28175926548529, 83.87229151438976, 8.373561559279162, 30.929819737449876, 40.47275239875409, 58.49786072811952, 53.04614922660559, 58.402449097086844, 62.27587388075625, 47.07835461784674, 58.73841335280228, 48.61259693512672, 49.56521634664977, 51.40724114006032]","[0.7475969872876607, 0.2677278735568578, -0.008560202087267044, -0.051722027636158074, -0.09357825337624792, 0.2997026101666931, 0.05857978802665054, 0.1355055011844022, 0.08243564149231464, 0.1994838575346689, 0.28388129129247686, 0.15304990685116504, 0.567131885971413, 0.6056899636844291, 0.20740299407792184, 0.05142564391223425, -0.033684131657266025, -0.2358569053533337, -0.019292581959127197, -0.42087143056972476, -0.6160709198791445, -0.676669068115654, -0.8536462728720275, -0.9440184792652961, -0.24756786189301572, -0.03937626579074749, 0.08744340009272644, 0.07441997442733594, -0.15800914117362463, 0.12539390342511947, 0.08756613690539883, 0.34523067329059653, 0.4400024362433128, 0.7933569991543039, 0.9003433434106527, 0.9067274758312407, 0.1361554725086047, 0.5029238981699162, 0.6580935349390908, 0.9511847272864964, 0.8625390118147251, 0.9496333186518187, 1.0126158354594512, 0.765501701103199, 0.9550961520780854, 0.7904487306524675, 0.805938477181297, 0.8358900998383794]","[0.0, 0.0, 0.0, 0.0, 0.0, 0.0, 0.0, 0.0, 0.0, 0.0, 0.0, 0.0, 0.0, 0.0, 0.0, 0.0, 0.0, 0.0, 0.0, 0.0, 0.0, 0.0, 0.0, 0.0, 0.0, 0.0, 0.0, 0.0, 0.0, 0.0, 0.0, 0.0, 0.0, 0.0, 0.0, 0.0, 0.0, 0.0, 0.0, 0.0, 0.0, 0.0, 0.0, 0.0, 0.0, 0.0, 0.0, 0.0]",5.895861647712205,28.283078863432042,22.38721721571984,22.38721721571984,0.0
33,SAC,98,test_id,id_actual,not_applicable,0,,1392.6576761727902,,,,0.39624220016412437,0.008255045836752592,0.013096400070935488,0,0,True,,100098,policy,0,48,False,,,,"[19.88085164598149, 11.231300628578884, 7.351784098663202, 4.731276548135839, 5.901605009080924, 6.16615, 8.10041385230201, 9.210872927444056, 14.168873306535529, 15.315028712041551, 14.143177363845293, 12.562910807248684, 44.42841206594235, 37.91571051803125, 31.50027592663874, 11.63219654218694, 6.16615, 6.16615, 6.16615, 6.16615, 6.16615, 6.16615, 6.16615, 6.16615, 6.16615, 6.16615, 6.16615, 6.16615, 6.16615, 6.16615, 27.65361998376597, 38.95585769343647, 68.06858266738102, 73.73663322780428, 77.5877057169092, 90.1304224462138, 22.806240720736696, 29.788654074187036, 60.272657123284226, 67.01038998966314, 55.237073698733255, 65.15826897024085, 62.889044799645575, 58.36423649417626, 50.204546789904, 70.2830117108627, 67.90408677530515, 66.03970333788398]","[0.006968899862840772, 0.0073090000078082085, 0.012520999880507588, 0.0064107999205589294, 0.006614599842578173, 0.008260400034487247, 0.010061699897050858, 0.006447100080549717, 0.008101999992504716, 0.007372699910774827, 0.009563600178807974, 0.006610400043427944, 0.007790799951180816, 0.007993699982762337, 0.009927799925208092, 0.007408800069242716, 0.008047999814152718, 0.007759500062093139, 0.010663199936971068, 0.007561899954453111, 0.00651320000179112, 0.0072638001292943954, 0.009185800096020103, 0.006751200184226036, 0.006350599927827716, 0.007932000095024705, 0.010587899945676327, 0.008142400067299604, 0.011847199872136116, 0.010253800079226494, 0.013096400070935488, 0.011998099973425269, 0.012165200198069215, 0.011907300213351846, 0.010474200127646327, 0.006195999914780259, 0.006057000020518899, 0.006216299952939153, 0.005990399979054928, 0.00694709992967546, 0.006864200113341212, 0.006216599838808179, 0.006436800118535757, 0.009480000007897615, 0.006374299991875887, 0.00890429993160069, 0.006143399979919195, 0.006550800055265427]",,,,,,,,,,,,,,,,,policy_baseline,formal/step7_33_policy_baselines_raw.csv,Oracle-H7,1541.152952249162,-9.635336704228962,experiment_assets\policies\33\sac,legacy_penalized_operating_cost,1392.6576761727902,282.94517104045565,1109.7125051323344,1109.7125051323346,"[1.2024382371989308, 2.3944879221695934, 3.570913323870358, 4.731276548135839, 5.901605009080924, 6.16615, 6.16615, 6.16615, 6.16615, 6.16615, 6.16615, 6.16615, 6.16615, 6.16615, 6.16615, 6.16615, 6.16615, 6.16615, 6.16615, 6.16615, 6.16615, 6.16615, 6.16615, 6.16615, 6.16615, 6.16615, 6.16615, 6.16615, 6.16615, 6.16615, 6.16615, 6.16615, 6.16615, 6.16615, 6.16615, 6.16615, 6.16615, 6.16615, 6.16615, 6.16615, 6.16615, 6.16615, 6.16615, 6.16615, 6.16615, 6.16615, 6.16615, 6.16615]","[19.88085164598149, 11.231300628578884, 7.351784098663202, 4.731276548135839, 5.901605009080924, 6.16615, 8.10041385230201, 9.210872927444056, 14.168873306535529, 15.315028712041551, 14.143177363845293, 12.562910807248684, 44.42841206594235, 37.91571051803125, 31.50027592663874, 11.63219654218694, 6.16615, 6.16615, 6.16615, 6.16615, 6.16615, 6.16615, 6.16615, 6.16615, 6.16615, 6.16615, 6.16615, 6.16615, 6.16615, 6.16615, 27.65361998376597, 38.95585769343647, 68.06858266738102, 73.73663322780428, 77.5877057169092, 90.1304224462138, 22.806240720736696, 29.788654074187036, 60.272657123284226, 67.01038998966314, 55.237073698733255, 65.15826897024085, 62.889044799645575, 58.36423649417626, 50.204546789904, 70.2830117108627, 67.90408677530515, 66.03970333788398]","[18.67841340878256, 8.83681270640929, 3.780870774792845, 0.0, 0.0, 0.0, 1.93426385230201, 3.044722927444056, 8.002723306535515, 9.148878712041551, 7.977027363845295, 6.396760807248683, 38.26226206594237, 31.74956051803125, 25.334125926638738, 5.46604654218694, 0.0, 0.0, 0.0, 0.0, 0.0, 0.0, 0.0, 0.0, 0.0, 0.0, 0.0, 0.0, 0.0, 0.0, 21.48746998376589, 32.78970769343647, 61.90243266738094, 67.57048322780427, 71.4215557169092, 83.9642724462138, 16.640090720736698, 23.622504074187006, 54.106507123284246, 60.84423998966314, 49.07092369873322, 58.99211897024086, 56.72289479964556, 52.19808649417626, 44.03839678990398, 64.1168617108627, 61.73793677530518, 59.87355333788395]","[18.67841340878256, 8.83681270640929, 3.7808707747928443, 0.0, 0.0, 0.0, 1.93426385230201, 3.044722927444056, 8.002723306535529, 9.148878712041551, 7.977027363845293, 6.396760807248684, 38.262262065942345, 31.749560518031245, 25.33412592663874, 5.466046542186939, 0.0, 0.0, 0.0, 0.0, 0.0, 0.0, 0.0, 0.0, 0.0, 0.0, 0.0, 0.0, 0.0, 0.0, 21.48746998376597, 32.78970769343647, 61.90243266738102, 67.57048322780427, 71.4215557169092, 83.9642724462138, 16.640090720736694, 23.622504074187034, 54.106507123284224, 60.84423998966314, 49.07092369873325, 58.99211897024085, 56.72289479964557, 52.19808649417626, 44.038396789904, 64.1168617108627, 61.737936775305144, 59.873553337883976]","[0.583700419024455, 0.2761503970752903, 0.11815221171227641, -0.03067848036210874, -0.06636428713655818, -0.01970797444477501, 0.06044574538443781, 0.09514759148262675, 0.25008510332923484, 0.28590245975129847, 0.24928210512016546, 0.19989877522652133, 0.62215060269825, 0.5162530165533536, 0.41193700693721524, 0.08887880556401528, -0.09688356947191101, -0.11861413615822425, -0.2654409022714992, -0.32941069704290005, -0.4343531902528541, -0.7126582155730752, -0.8149818960857842, -0.5427827590241989, -0.12656483269075025, -0.09283167127367964, -0.19562159264767054, -0.260528730766068, -0.1375961214875323, -0.03218186499785958, 0.23229697279746908, 0.3544833264155294, 0.6692154882960102, 0.730491710570857, 0.7721249266692887, 0.9077218642833924, 0.270570580824987, 0.38410575730385377, 0.8797806036306381, 0.9893372356042787, 0.7979011983533857, 0.9592214466705831, 0.9223234926771635, 0.8487493738890448, 0.7160714925187639, 1.0425505969245967, 1.0038688906553688, 0.9735537128111211]","[0.0, 0.0, 0.0, 0.0, 0.0, 0.0, 0.0, 0.0, 0.0, 0.0, 0.0, 0.0, 0.0, 0.0, 0.0, 0.0, 0.0, 0.0, 0.0023998605043440424, 0.01712074915593953, 0.041668461834316606, 0.08010536540991042, 0.0708549446717186, 0.05160339598967023, 0.0, 0.0, 0.0, 0.0, 0.0, 0.0, 0.0, 0.0, 0.0, 0.0, 0.0, 0.0, 0.0, 0.0, 0.0, 0.0, 0.0, 0.0, 0.0, 0.0, 0.0, 0.0, 0.0, 0.0]",5.894691063342826,29.013701586933127,23.1190105235903,23.119010523590305,0.0054948495326229045
33,SAC-ICNN,98,test_id,id_actual,not_applicable,0,,1935.0763478852045,,,,0.44576890021562576,0.009286852087825537,0.01382909994572401,0,0,True,,100098,policy,0,48,False,,,,"[55.85303099858089, 47.12035943057639, 42.62040834899287, 34.178734385974785, 19.05001031278858, 8.42177992427409, 9.843533089333858, 15.13541501289829, 20.118170710090467, 18.436088960618648, 13.855078405961107, 17.152979327426266, 74.9407159832573, 45.68403455283936, 38.938980142772245, 18.825121992711562, 6.16615, 6.16615, 6.16615, 6.16615, 6.16615, 6.16615, 6.16615, 6.16615, 6.16615, 6.16615, 6.16615, 6.16615, 6.16615, 12.39431742567548, 37.653385841744594, 50.707996586038796, 80.88458141437586, 85.18978728938302, 88.18662606263537, 99.9391696491679, 29.275387395507018, 47.95949630363784, 69.87821094784404, 77.21494453530904, 64.87809778511073, 74.82326058597593, 71.83021350803767, 76.5662522973135, 78.68966876246749, 111.13241514166154, 109.12091746140393, 108.41722731281796]","[0.010341400047764182, 0.010219800053164363, 0.009191799908876419, 0.007916599977761507, 0.00924970000050962, 0.007446700008586049, 0.0066043001133948565, 0.00857740011997521, 0.008378200000151992, 0.00876939995214343, 0.010210999986156821, 0.00808049994520843, 0.010599400149658322, 0.007986899930983782, 0.008481600088998675, 0.006885699927806854, 0.009141799993813038, 0.008468299871310592, 0.007305900100618601, 0.010589899960905313, 0.008667999878525734, 0.009802399901673198, 0.008416800061240792, 0.010955299949273467, 0.009006100008264184, 0.011613099835813046, 0.010908299824222922, 0.01382909994572401, 0.01101140002720058, 0.012707800138741732, 0.010395199991762638, 0.006902699824422598, 0.007306300103664398, 0.0065837998408824205, 0.007882900070399046, 0.008700799895450473, 0.010084100067615509, 0.00849900022149086, 0.00811500009149313, 0.01030920003540814, 0.012090099975466728, 0.009076299844309688, 0.008322300156578422, 0.009739200118929148, 0.012710800161585212, 0.009088600054383278, 0.009865900035947561, 0.008732100017368793]",,,,,,,,,,,,,,,,,policy_baseline,formal/step7_33_policy_baselines_raw.csv,Oracle-H7,1541.152952249162,25.56030503404286,experiment_assets\policies\33\sac_icnn,legacy_penalized_operating_cost,1935.0763478852045,283.1057298087458,1651.9706180764583,1651.9706180764588,"[1.1934281798868251, 2.390821076316099, 3.5896489611443516, 4.791315524894647, 5.9960660665038485, 6.16615, 6.16615, 6.16615, 6.16615, 6.16615, 6.16615, 6.16615, 6.16615, 6.16615, 6.16615, 6.16615, 6.16615, 6.16615, 6.16615, 6.16615, 6.16615, 6.16615, 6.16615, 6.16615, 6.16615, 6.16615, 6.16615, 6.16615, 6.16615, 6.16615, 6.16615, 6.16615, 6.16615, 6.16615, 6.16615, 6.16615, 6.16615, 6.16615, 6.16615, 6.16615, 6.16615, 6.16615, 6.16615, 6.16615, 6.16615, 6.16615, 6.16615, 6.16615]","[55.85303099858089, 47.12035943057639, 42.62040834899287, 34.178734385974785, 19.05001031278858, 8.42177992427409, 9.843533089333858, 15.13541501289829, 20.118170710090467, 18.436088960618648, 13.855078405961107, 17.152979327426266, 74.9407159832573, 45.68403455283936, 38.938980142772245, 18.825121992711562, 6.16615, 6.16615, 6.16615, 6.16615, 6.16615, 6.16615, 6.16615, 6.16615, 6.16615, 6.16615, 6.16615, 6.16615, 6.16615, 12.39431742567548, 37.653385841744594, 50.707996586038796, 80.88458141437586, 85.18978728938302, 88.18662606263537, 99.9391696491679, 29.275387395507018, 47.95949630363784, 69.87821094784404, 77.21494453530904, 64.87809778511073, 74.82326058597593, 71.83021350803767, 76.5662522973135, 78.68966876246749, 111.13241514166154, 109.12091746140393, 108.41722731281796]","[54.65960281869407, 44.72953835426029, 39.03075938784852, 29.387418861080135, 13.053944246284729, 2.255629924274089, 3.6773830893338584, 8.96926501289829, 13.952020710090451, 12.269938960618646, 7.688928405961107, 10.986829327426264, 68.77456598325736, 39.517884552839355, 32.77283014277224, 12.658971992711562, 0.0, 0.0, 0.0, 0.0, 0.0, 0.0, 0.0, 0.0, 0.0, 0.0, 0.0, 0.0, 0.0, 6.22816742567548, 31.487235841744514, 44.541846586038794, 74.71843141437577, 79.02363728938302, 82.02047606263537, 93.77301964916789, 23.10923739550702, 41.79334630363781, 63.712060947844094, 71.04879453530904, 58.711947785110695, 68.65711058597593, 65.66406350803764, 70.4001022973135, 72.52351876246746, 104.96626514166154, 102.95476746140396, 102.25107731281793]","[54.65960281869407, 44.72953835426029, 39.03075938784852, 29.38741886108014, 13.05394424628473, 2.255629924274089, 3.6773830893338584, 8.96926501289829, 13.952020710090467, 12.269938960618648, 7.688928405961107, 10.986829327426266, 68.7745659832573, 39.517884552839355, 32.77283014277224, 12.658971992711562, 0.0, 0.0, 0.0, 0.0, 0.0, 0.0, 0.0, 0.0, 0.0, 0.0, 0.0, 0.0, 0.0, 6.22816742567548, 31.487235841744592, 44.541846586038794, 74.71843141437586, 79.02363728938302, 82.02047606263537, 93.77301964916789, 23.109237395507016, 41.79334630363784, 63.71206094784404, 71.04879453530904, 58.71194778511072, 68.65711058597593, 65.66406350803767, 70.4001022973135, 72.52351876246749, 104.96626514166154, 102.95476746140393, 102.25107731281796]","[1.7081125880841896, 1.3977980735706341, 1.2197112308702662, 0.9183568394087542, 0.4079357576963978, 0.07048843513356529, 0.11491822154168307, 0.2802895316530716, 0.4360006471903266, 0.3834355925193327, 0.2402790126862846, 0.34333841648207075, 1.1182856257440221, 0.642567228501453, 0.5328915470369471, 0.2058369429709197, -0.029715398436956253, -0.5073833108810688, -0.7063007386505151, -0.7774449217807011, -0.8834698860157117, -1.1801852682729335, -1.2725915181662546, -0.9951938684377426, -0.49396263808067076, -0.4607997226597611, -0.25504534610119745, -0.19049521407233172, -0.1433901542874203, 0.06733153973703221, 0.3404025496404812, 0.4815334766058248, 0.8077668261013597, 0.8543095923176542, 0.8867078493257878, 1.0137623745855988, 0.3757599576505206, 0.6795666065632164, 1.0359684706966519, 1.1552649517936429, 0.9546658176440763, 1.1163757818857873, 1.0677083497241893, 1.1447171105254226, 1.1792442075197962, 1.7067685388888054, 1.6740612595350237, 1.6626191432978525]","[0.0, 0.0, 0.0, 0.0, 0.0, 0.0, 0.0, 0.0, 0.0, 0.0, 0.0, 0.0, 0.0, 0.0, 0.0, 0.0, 0.0, 0.04156192022658445, 0.08430793716637108, 0.09801809158669905, 0.11477591319787894, 0.1646231673238796, 0.151723049994267, 0.1286961397719295, 0.027084236266095907, 0.03585684742421824, 0.03025402393915133, 0.026297982276203724, 0.07596053828141724, 0.08433944353259926, 0.07259120850477085, 0.06039893949503927, 0.011256803926441572, 0.0, 0.0, 0.0, 0.0047744956303097386, 0.0, 0.0, 0.0, 0.0, 0.0, 0.0, 0.0, 0.0, 0.0, 0.0, 0.0]",5.898036037682204,40.31409058094176,34.41605454325955,34.416054543259555,0.025260848719663682
33,SACLag,98,test_id,id_actual,not_applicable,0,,1382.33925006125,,,,0.4087829003110528,0.008516310423146933,0.013052900088950992,0,0,True,,100098,policy,0,48,False,,,,"[20.50473927486722, 13.016691382904616, 7.660963321561005, 4.753786147999694, 5.94761713851826, 8.899497645843068, 9.908860328496159, 9.100251473860594, 15.810833857769138, 14.24011615017642, 15.101091552324275, 11.178808307159256, 41.472222661795065, 37.01844223812975, 30.87509853929438, 11.351846483341973, 6.16615, 6.16615, 6.16615, 6.16615, 6.16615, 6.16615, 6.16615, 6.16615, 6.16615, 6.16615, 6.16615, 6.16615, 6.16615, 6.16615, 26.655931865312642, 37.957833598531266, 67.10340830726554, 73.83926952699807, 78.46773120890154, 91.51550077622954, 19.342245153595083, 23.723828226792307, 60.04851466019476, 66.81532407396799, 54.93961585041589, 64.93630393042139, 62.63057563502426, 58.08361416759919, 49.94390343023969, 69.94151769262446, 67.60426167372417, 65.62290377937128]","[0.011113399872556329, 0.009041700046509504, 0.010214699897915125, 0.011975399916991591, 0.009619399905204773, 0.007435999810695648, 0.013052900088950992, 0.007971500046551228, 0.010741099948063493, 0.010729099856689572, 0.01019220007583499, 0.011802899884060025, 0.012951400130987167, 0.012968400027602911, 0.012556799920275807, 0.011781400069594383, 0.011750100180506706, 0.01132089993916452, 0.011120000155642629, 0.005945899989455938, 0.0063344999216496944, 0.007572600152343512, 0.006561999907717109, 0.007264700019732118, 0.00689990003593266, 0.007002900121733546, 0.005839599994942546, 0.005703900009393692, 0.007929400075227022, 0.009070400148630142, 0.006222199881449342, 0.006138100055977702, 0.005989900091663003, 0.0059934998862445354, 0.007067000027745962, 0.00789590016938746, 0.00910010002553463, 0.006299500120803714, 0.00600029993802309, 0.006236699875444174, 0.006527699995785952, 0.006736600073054433, 0.0061691999435424805, 0.010797300143167377, 0.007953799795359373, 0.006611600052565336, 0.0063195000402629375, 0.006258900044485927]",,,,,,,,,,,,,,,,,policy_baseline,formal/step7_33_policy_baselines_raw.csv,Oracle-H7,1541.152952249162,-10.304863119273069,experiment_assets\policies\33\saclag,legacy_penalized_operating_cost,1382.33925006125,282.9742206769551,1099.3650293842948,1099.3650293842948,"[1.1961023855294552, 2.3740223362789177, 3.5582426686287576, 4.753786147999694, 5.94761713851826, 6.16615, 6.16615, 6.16615, 6.16615, 6.16615, 6.16615, 6.16615, 6.16615, 6.16615, 6.16615, 6.16615, 6.16615, 6.16615, 6.16615, 6.16615, 6.16615, 6.16615, 6.16615, 6.16615, 6.16615, 6.16615, 6.16615, 6.16615, 6.16615, 6.16615, 6.16615, 6.16615, 6.16615, 6.16615, 6.16615, 6.16615, 6.16615, 6.16615, 6.16615, 6.16615, 6.16615, 6.16615, 6.16615, 6.16615, 6.16615, 6.16615, 6.16615, 6.16615]","[20.50473927486722, 13.016691382904616, 7.660963321561005, 4.753786147999694, 5.94761713851826, 8.899497645843068, 9.908860328496159, 9.100251473860594, 15.810833857769138, 14.24011615017642, 15.101091552324275, 11.178808307159256, 41.472222661795065, 37.01844223812975, 30.87509853929438, 11.351846483341973, 6.16615, 6.16615, 6.16615, 6.16615, 6.16615, 6.16615, 6.16615, 6.16615, 6.16615, 6.16615, 6.16615, 6.16615, 6.16615, 6.16615, 26.655931865312642, 37.957833598531266, 67.10340830726554, 73.83926952699807, 78.46773120890154, 91.51550077622954, 19.342245153595083, 23.723828226792307, 60.04851466019476, 66.81532407396799, 54.93961585041589, 64.93630393042139, 62.63057563502426, 58.08361416759919, 49.94390343023969, 69.94151769262446, 67.60426167372417, 65.62290377937128]","[19.308636889337762, 10.642669046625699, 4.102720652932248, 0.0, 0.0, 2.733347645843068, 3.742710328496159, 2.9341014738605935, 9.644683857769124, 8.073966150176418, 8.934941552324275, 5.012658307159256, 35.30607266179509, 30.85229223812975, 24.708948539294386, 5.185696483341973, 0.0, 0.0, 0.0, 0.0, 0.0, 0.0, 0.0, 0.0, 0.0, 0.0, 0.0, 0.0, 0.0, 0.0, 20.489781865312562, 31.791683598531268, 60.93725830726546, 67.67311952699806, 72.30158120890154, 85.34935077622954, 13.176095153595083, 17.557678226792277, 53.88236466019479, 60.64917407396799, 48.77346585041586, 58.770153930421394, 56.46442563502423, 51.917464167599185, 43.77775343023966, 63.775367692624464, 61.43811167372419, 59.45675377937126]","[19.308636889337762, 10.642669046625699, 4.1027206529322475, 0.0, 0.0, 2.733347645843068, 3.742710328496159, 2.9341014738605935, 9.644683857769138, 8.07396615017642, 8.934941552324275, 5.012658307159256, 35.30607266179506, 30.85229223812975, 24.708948539294383, 5.185696483341973, 0.0, 0.0, 0.0, 0.0, 0.0, 0.0, 0.0, 0.0, 0.0, 0.0, 0.0, 0.0, 0.0, 0.0, 20.489781865312644, 31.791683598531264, 60.93725830726554, 67.67311952699806, 72.30158120890154, 85.34935077622954, 13.176095153595083, 17.557678226792305, 53.88236466019476, 60.649174073967984, 48.77346585041589, 58.77015393042139, 56.464425635024256, 51.917464167599185, 43.77775343023969, 63.77536769262446, 61.438111673724165, 59.45675377937128]","[0.6033949027918051, 0.3325834077070531, 0.12821002040413276, -0.09061765191828997, -0.12163513636555612, 0.08541711393259588, 0.11695969776550497, 0.09169067105814355, 0.3013963705552851, 0.25231144219301305, 0.2792169235101336, 0.15664557209872676, 0.5740824823056112, 0.501663288424874, 0.4017715209641364, 0.08432026802182069, -0.1447096097621028, -0.14709671202762742, -0.2894092505864867, -0.3406639449392519, -0.42619732177674763, -0.6787285965039791, -0.7796742168780035, -0.5109627939341426, -0.09120130968963291, -0.056268330561973556, -0.22871941832779275, -0.2640210445066966, -0.026235375934539285, -0.03570883220331478, 0.22151115530067633, 0.3436938767408786, 0.6587811708893563, 0.7316012921837629, 0.7816387157719085, 0.9226956840673464, 0.21424544965195258, 0.28549070287467115, 0.8761360107348746, 0.9861654320970406, 0.7930644853726156, 0.9556122590312421, 0.9181207420329143, 0.844186409229255, 0.711833389109588, 1.0369978486605604, 0.9989936857516128, 0.9667764842174189]","[0.0, 0.0, 0.0, 0.0, 0.0, 0.0, 0.0, 0.0, 0.0, 0.0, 0.0, 0.0, 0.0, 0.0, 0.0, 0.0, 0.0, 0.0, 0.0, 0.0, 0.0, 0.0, 0.0, 0.0, 0.0, 0.0, 0.0, 0.0, 0.0, 0.0, 0.0, 0.0, 0.0, 0.0, 0.0, 0.0, 0.0, 0.0, 0.0, 0.0, 0.0, 0.0, 0.0, 0.0, 0.0, 0.0, 0.0, 0.0]",5.895296264103231,28.79873437627604,22.903438112172807,22.903438112172807,0.0
33,SAC,99,test_id,id_actual,not_applicable,0,,1433.2368300714918,,,,0.4087309001479298,0.008515227086415203,0.015412400010973215,0,0,True,,100099,policy,0,48,False,,,,"[15.058296929612357, 13.021457099004063, 7.693664236730519, 4.735041341637978, 6.905972812721621, 9.52402185266851, 12.61854198444797, 14.220792896551188, 15.029021569662515, 16.434859736785484, 17.586796011617096, 16.246516197187546, 51.23423472354312, 46.04234542183537, 23.238409176852464, 6.16615, 6.16615, 6.16615, 6.16615, 6.16615, 6.16615, 6.16615, 6.16615, 6.16615, 6.16615, 6.16615, 8.436432041138659, 11.693496839215417, 6.16615, 6.16615, 19.3439042874294, 44.748676959366136, 40.90363069959147, 75.36805831503082, 94.65369167282842, 104.1219435325482, 19.0205841185578, 54.77214802814858, 57.382946350525934, 50.123900117667084, 58.6742636408061, 62.41709055652242, 62.354855872552186, 54.552587325320054, 65.67374174389677, 74.56640199418246, 68.53020710119128, 56.148346884114716]","[0.010717299999669194, 0.008008399978280067, 0.0063044000416994095, 0.0072997999377548695, 0.008620899869129062, 0.006215099943801761, 0.006672800052911043, 0.006617700215429068, 0.008315700106322765, 0.006144599989056587, 0.005971200065687299, 0.006153299938887358, 0.006097200093790889, 0.007165599847212434, 0.015412400010973215, 0.006777099799364805, 0.006413100054487586, 0.006586600095033646, 0.006424400024116039, 0.00998940016143024, 0.009785899892449379, 0.008644900051876903, 0.007471600081771612, 0.009065199876204133, 0.006809700047597289, 0.012167899869382381, 0.008937000064179301, 0.00799610000103712, 0.012632499914616346, 0.0085981001611799, 0.008780500153079629, 0.007676400011405349, 0.006373699987307191, 0.007783100008964539, 0.008183800149708986, 0.01222330005839467, 0.008295099949464202, 0.01301859994418919, 0.013747600140050054, 0.012989499839022756, 0.01069999998435378, 0.006912499899044633, 0.009783899877220392, 0.007810200098901987, 0.00646300008520484, 0.008847199846059084, 0.006978799821808934, 0.008147800108417869]",,,,,,,,,,,,,,,,,policy_baseline,formal/step7_33_policy_baselines_raw.csv,Oracle-H7,1625.0241635042553,-11.802121946247679,experiment_assets\policies\33\sac,legacy_penalized_operating_cost,1433.2368300714918,282.9583800596505,1150.2784500118414,1150.2784500118412,"[1.2023373251166336, 2.3972558264803427, 3.5764005873993256, 4.735041341637978, 5.902894979016188, 6.16615, 6.16615, 6.16615, 6.16615, 6.16615, 6.16615, 6.16615, 6.16615, 6.16615, 6.16615, 6.16615, 6.16615, 6.16615, 6.16615, 6.16615, 6.16615, 6.16615, 6.16615, 6.16615, 6.16615, 6.16615, 6.16615, 6.16615, 6.16615, 6.16615, 6.16615, 6.16615, 6.16615, 6.16615, 6.16615, 6.16615, 6.16615, 6.16615, 6.16615, 6.16615, 6.16615, 6.16615, 6.16615, 6.16615, 6.16615, 6.16615, 6.16615, 6.16615]","[15.058296929612357, 13.021457099004063, 7.693664236730519, 4.735041341637978, 6.905972812721621, 9.52402185266851, 12.61854198444797, 14.220792896551188, 15.029021569662515, 16.434859736785484, 17.586796011617096, 16.246516197187546, 51.23423472354312, 46.04234542183537, 23.238409176852464, 6.16615, 6.16615, 6.16615, 6.16615, 6.16615, 6.16615, 6.16615, 6.16615, 6.16615, 6.16615, 6.16615, 8.436432041138659, 11.693496839215417, 6.16615, 6.16615, 19.3439042874294, 44.748676959366136, 40.90363069959147, 75.36805831503082, 94.65369167282842, 104.1219435325482, 19.0205841185578, 54.77214802814858, 57.382946350525934, 50.123900117667084, 58.6742636408061, 62.41709055652242, 62.354855872552186, 54.552587325320054, 65.67374174389677, 74.56640199418246, 68.53020710119128, 56.148346884114716]","[13.855959604495723, 10.62420127252372, 4.117263649331207, 0.0, 1.003077833705433, 3.3578718526685094, 6.452391984447971, 8.0546428965512, 8.862871569662516, 10.268709736785482, 11.420646011617094, 10.080366197187544, 45.06808472354308, 39.8761954218354, 17.072259176852462, 0.0, 0.0, 0.0, 0.0, 0.0, 0.0, 0.0, 0.0, 0.0, 0.0, 0.0, 2.270282041138658, 5.527346839215417, 0.0, 0.0, 13.1777542874294, 38.582526959366135, 34.73748069959154, 69.20190831503082, 88.48754167282841, 97.9557935325482, 12.854434118557826, 48.605998028148576, 51.21679635052593, 43.95775011766709, 52.508113640806094, 56.250940556522416, 56.18870587255218, 48.38643732532003, 59.50759174389677, 68.40025199418245, 62.36405710119128, 49.982196884114714]","[13.855959604495723, 10.62420127252372, 4.117263649331193, 0.0, 1.003077833705433, 3.3578718526685094, 6.452391984447971, 8.054642896551188, 8.862871569662515, 10.268709736785484, 11.420646011617096, 10.080366197187546, 45.068084723543116, 39.87619542183537, 17.072259176852462, 0.0, 0.0, 0.0, 0.0, 0.0, 0.0, 0.0, 0.0, 0.0, 0.0, 0.0, 2.2702820411386586, 5.527346839215417, 0.0, 0.0, 13.1777542874294, 38.582526959366135, 34.737480699591465, 69.20190831503082, 88.48754167282841, 97.9557935325482, 12.8544341185578, 48.605998028148576, 51.21679635052593, 43.95775011766708, 52.5081136408061, 56.250940556522416, 56.188705872552184, 48.38643732532005, 59.50759174389677, 68.40025199418245, 62.36405710119128, 49.982196884114714]","[0.43299873764049135, 0.33200628976636626, 0.12866448904160022, -0.0666981962744666, 0.03134618230329478, 0.10493349539589092, 0.20163724951399908, 0.251707590517225, 0.27696473655195364, 0.3208971792745463, 0.3568951878630342, 0.31501144366211076, 0.732814385748668, 0.6483934214932585, 0.27759771019272295, -0.027371099606753546, -0.05834631200820306, -0.02104390330066863, -0.10639263255210718, -0.0909486372937236, -0.24808784193159727, -0.5855857282205981, -0.5532086766775497, -0.9617431065639761, -0.2375283758439375, -0.06175707844721412, 0.02454358963393144, 0.05975510096449099, -0.10894132917540844, -0.12786667525757345, 0.14246220851275027, 0.417108399560715, 0.37554033188747615, 0.7481287385408737, 0.9566220721386856, 1.0589815517032237, 0.20901518891963944, 0.7903414313520094, 0.8327934365939176, 0.714760164514912, 0.8537904657041642, 0.9146494399434539, 0.913637493862637, 0.7867713386230899, 0.9676031177869393, 1.112199219417601, 1.0140497089624598, 0.8127186485221904]","[0.0, 0.0, 0.0, 0.0, 0.0, 0.0, 0.0, 0.0, 0.0, 0.0, 0.0, 0.0, 0.0, 0.0, 0.0, 0.0, 0.0, 0.0, 0.0, 0.0, 0.013012002861920058, 0.05773251211397401, 0.05843896313613062, 0.07276276831922268, 0.0008834819147676143, 0.0, 0.0, 0.0, 0.0, 0.0, 0.0, 0.0, 0.0, 0.0, 0.0, 0.0, 0.0, 0.0, 0.0, 0.0, 0.0, 0.0, 0.0, 0.0, 0.0, 0.0, 0.0, 0.0]",5.894966251242718,29.85910062648941,23.964134375246697,23.96413437524669,0.004225619340541979
33,SAC-ICNN,99,test_id,id_actual,not_applicable,0,,1960.9469779534554,,,,0.413859500316903,0.008622072923268812,0.012465700041502714,0,0,True,,100099,policy,0,48,False,,,,"[51.14028608599291, 48.8085613943779, 43.06132752025469, 31.243166353334225, 27.565704037522014, 12.588398398182942, 16.440688741061862, 17.550143559279405, 20.356897392573032, 20.59856376761229, 19.416211393593983, 20.24594483214493, 72.88823036115394, 53.81187245093212, 30.645056887462484, 11.667002562413076, 6.16615, 7.309086668453083, 6.16615, 6.16615, 6.16615, 6.16615, 6.16615, 6.16615, 6.16615, 6.16615, 6.16615, 22.812442845847414, 6.16615, 6.16615, 28.69948144237695, 56.678457123838044, 52.20237148726189, 87.48398004700225, 105.65612073319085, 114.9466637500715, 24.69734872854059, 62.792134128965806, 67.16986645547547, 59.40768537210155, 68.27703339179932, 71.69746774932422, 71.47862100476048, 63.042382114262686, 104.25091335144327, 115.39835797047316, 108.51884005300889, 96.405867797366]","[0.006699400022625923, 0.006283299997448921, 0.008390399860218167, 0.008154399925842881, 0.007121700095012784, 0.00725100003182888, 0.008551399921998382, 0.007433600025251508, 0.006871000165119767, 0.0074789999052882195, 0.007929699961096048, 0.008931399788707495, 0.008410600014030933, 0.0076054001692682505, 0.011051300214603543, 0.00701720011420548, 0.00647170003503561, 0.007923700148239732, 0.012205200036987662, 0.007434300146996975, 0.006766099948436022, 0.007223600056022406, 0.011316000018268824, 0.007235900033265352, 0.007523800013586879, 0.007299699820578098, 0.009506599977612495, 0.010990299982950091, 0.0071136001497507095, 0.010058499872684479, 0.008401199942454696, 0.009051100118085742, 0.00893249991349876, 0.01087810005992651, 0.011396999936550856, 0.00875329994596541, 0.009909400017932057, 0.007716999854892492, 0.010414199903607368, 0.007946799974888563, 0.009243600070476532, 0.009579800069332123, 0.009634400019422174, 0.008069700095802546, 0.010546799981966615, 0.00801829993724823, 0.008650799980387092, 0.012465700041502714]",,,,,,,,,,,,,,,,,policy_baseline,formal/step7_33_policy_baselines_raw.csv,Oracle-H7,1625.0241635042553,20.671865809355424,experiment_assets\policies\33\sac_icnn,legacy_penalized_operating_cost,1960.9469779534554,283.09942286675255,1677.8475550867029,1677.8475550867029,"[1.1940754721113034, 2.390163150749234, 3.5883223517144973, 4.790151648707489, 5.992260243469966, 6.16615, 6.16615, 6.16615, 6.16615, 6.16615, 6.16615, 6.16615, 6.16615, 6.16615, 6.16615, 6.16615, 6.16615, 6.16615, 6.16615, 6.16615, 6.16615, 6.16615, 6.16615, 6.16615, 6.16615, 6.16615, 6.16615, 6.16615, 6.16615, 6.16615, 6.16615, 6.16615, 6.16615, 6.16615, 6.16615, 6.16615, 6.16615, 6.16615, 6.16615, 6.16615, 6.16615, 6.16615, 6.16615, 6.16615, 6.16615, 6.16615, 6.16615, 6.16615]","[51.14028608599291, 48.8085613943779, 43.06132752025469, 31.243166353334225, 27.565704037522014, 12.588398398182942, 16.440688741061862, 17.550143559279405, 20.356897392573032, 20.59856376761229, 19.416211393593983, 20.24594483214493, 72.88823036115394, 53.81187245093212, 30.645056887462484, 11.667002562413076, 6.16615, 7.309086668453083, 6.16615, 6.16615, 6.16615, 6.16615, 6.16615, 6.16615, 6.16615, 6.16615, 6.16615, 22.812442845847414, 6.16615, 6.16615, 28.69948144237695, 56.678457123838044, 52.20237148726189, 87.48398004700225, 105.65612073319085, 114.9466637500715, 24.69734872854059, 62.792134128965806, 67.16986645547547, 59.40768537210155, 68.27703339179932, 71.69746774932422, 71.47862100476048, 63.042382114262686, 104.25091335144327, 115.39835797047316, 108.51884005300889, 96.405867797366]","[49.94621061388162, 46.418398243628666, 39.47300516854021, 26.45301470462673, 21.573443794052054, 6.422248398182944, 10.27453874106186, 11.383993559279418, 14.19074739257303, 14.432413767612289, 13.250061393593981, 14.079794832144927, 66.72208036115391, 47.64572245093214, 24.478906887462486, 5.500852562413103, 0.0, 1.142936668453082, 0.0, 0.0, 0.0, 0.0, 0.0, 0.0, 0.0, 0.0, 0.0, 16.646292845847416, 0.0, 0.0, 22.533331442376948, 50.51230712383804, 46.03622148726197, 81.31783004700225, 99.48997073319084, 108.78051375007149, 18.531198728540616, 56.625984128965804, 61.00371645547548, 53.241535372101545, 62.11088339179932, 65.53131774932422, 65.31247100476048, 56.876232114262656, 98.08476335144327, 109.23220797047314, 102.3526900530089, 90.239717797366]","[49.94621061388161, 46.418398243628666, 39.4730051685402, 26.453014704626735, 21.573443794052046, 6.422248398182942, 10.274538741061862, 11.383993559279405, 14.190747392573032, 14.43241376761229, 13.250061393593983, 14.079794832144929, 66.72208036115394, 47.64572245093212, 24.478906887462486, 5.500852562413076, 0.0, 1.1429366684530828, 0.0, 0.0, 0.0, 0.0, 0.0, 0.0, 0.0, 0.0, 0.0, 16.646292845847412, 0.0, 0.0, 22.533331442376948, 50.51230712383804, 46.03622148726189, 81.31783004700225, 99.48997073319084, 108.78051375007149, 18.531198728540588, 56.625984128965804, 61.00371645547547, 53.241535372101545, 62.11088339179932, 65.53131774932422, 65.31247100476048, 56.876232114262685, 98.08476335144327, 109.23220797047316, 102.35269005300889, 90.239717797366]","[1.5608190816838006, 1.4505749451133958, 1.2335314115168816, 0.8266567095195854, 0.6741701185641267, 0.200695262443217, 0.32107933565818314, 0.3557497987274818, 0.4434608560179072, 0.451012930237884, 0.4140644185498119, 0.43999358850452897, 1.0849118757911205, 0.7747271943240999, 0.39803100630020305, 0.08944475711240818, -0.26500897755347985, 0.018584336072407837, -0.5117483929909499, -0.48800802156280376, -0.6841267262979498, -1.0392228946535043, -1.0064535331606805, -1.4199892953078574, -0.6441632414468925, -0.41647290962977834, -0.05692504792985176, 0.1799599226578099, -0.0016768178402690737, -0.10120066717479315, 0.24360358316083186, 0.5460789959333843, 0.4976888809433726, 0.879111676183808, 1.0755672511696308, 1.1760055540548269, 0.30132030452911573, 0.9207477094140781, 0.9919303488695199, 0.8657160223105942, 1.0099330632812897, 1.0655498821028329, 1.06199139845139, 0.9248167823457343, 1.594874200836476, 1.7761334629345227, 1.6642713829757545, 1.4673124845100163]","[0.0, 0.0, 0.0, 0.0, 0.0, 0.0, 0.0, 0.0, 0.0, 0.0, 0.0, 0.0, 0.0, 0.0, 0.0, 0.0, 0.010983502627734065, 0.0, 0.047412218721266, 0.05134897613300771, 0.08024294397458331, 0.12483444569604929, 0.13098392470227593, 0.16300696389719227, 0.04251428911745325, 0.028761784639768306, 0.01677441714107708, 0.008899954057287607, 0.061462956639248834, 0.09751434764410027, 0.09008573409505582, 0.029286501429780287, 0.02142289244646922, 0.0, 0.0, 0.0, 0.005676938267237253, 0.0, 0.0, 0.0, 0.0, 0.0, 0.0, 0.0, 0.0, 0.0, 0.0, 0.0]",5.897904643057345,40.85306204069699,34.955157397639645,34.955157397639645,0.021066933150616387
33,SACLag,99,test_id,id_actual,not_applicable,0,,1450.6665515568588,,,,0.659491598373279,0.013739408299443312,0.18097849981859326,0,0,True,,100099,policy,0,48,False,,,,"[15.943010681962141, 14.780270497028395, 8.079557831261724, 4.757690182378752, 5.955888969745395, 16.125298711283378, 15.6235967766771, 15.90088422620516, 14.904737596410042, 15.566578752213218, 17.64378156822613, 15.183586735021603, 42.911529357079964, 45.11301726033233, 22.72870934934503, 6.16615, 6.16615, 6.16615, 6.16615, 6.16615, 6.16615, 6.16615, 6.16615, 6.16615, 6.16615, 6.16615, 19.444131135576793, 22.18019007866893, 6.16615, 6.16615, 18.399945842580934, 43.35840263269078, 39.893743817115976, 75.17076195287132, 95.27204186590725, 104.69520134929444, 15.898138295386635, 58.1576623355309, 57.053734359303185, 49.68335606728423, 58.333394657385476, 62.045400631511974, 62.12416330494882, 54.207748867761865, 65.33536471625723, 74.22116831065392, 68.23446669601121, 55.57944614494674]","[0.010447500040754676, 0.009694800013676286, 0.011522599961608648, 0.009152699960395694, 0.18097849981859326, 0.01078330003656447, 0.009100499795749784, 0.013968199957162142, 0.014995199861004949, 0.008629800053313375, 0.013233300065621734, 0.011302599916234612, 0.008093199925497174, 0.007429499877616763, 0.010946599999442697, 0.00919190002605319, 0.009731899946928024, 0.010597700020298362, 0.007995299994945526, 0.009998800000175834, 0.010536900022998452, 0.020269199972972274, 0.007815599907189608, 0.008101599989458919, 0.015483899973332882, 0.007896200055256486, 0.0069859998766332865, 0.013504899805411696, 0.006563100032508373, 0.00746109988540411, 0.011146900011226535, 0.007674699882045388, 0.00652189995162189, 0.006818800000473857, 0.011092199943959713, 0.011392399901524186, 0.0067761000245809555, 0.008277100045233965, 0.013720500050112605, 0.0071154998149722815, 0.008305500028654933, 0.015368199907243252, 0.008746299892663956, 0.011220499873161316, 0.007943300064653158, 0.019133000168949366, 0.00816199998371303, 0.007664300035685301]",,,,,,,,,,,,,,,,,policy_baseline,formal/step7_33_policy_baselines_raw.csv,Oracle-H7,1625.0241635042553,-10.729539650130862,experiment_assets\policies\33\saclag,legacy_penalized_operating_cost,1450.6665515568588,282.9865295944747,1167.6800219623842,1167.6800219623842,"[1.1945609229226537, 2.375110547453614, 3.5588289719742647, 4.757690182378752, 5.955888969745395, 6.16615, 6.16615, 6.16615, 6.16615, 6.16615, 6.16615, 6.16615, 6.16615, 6.16615, 6.16615, 6.16615, 6.16615, 6.16615, 6.16615, 6.16615, 6.16615, 6.16615, 6.16615, 6.16615, 6.16615, 6.16615, 6.16615, 6.16615, 6.16615, 6.16615, 6.16615, 6.16615, 6.16615, 6.16615, 6.16615, 6.16615, 6.16615, 6.16615, 6.16615, 6.16615, 6.16615, 6.16615, 6.16615, 6.16615, 6.16615, 6.16615, 6.16615, 6.16615]","[15.943010681962141, 14.780270497028395, 8.079557831261724, 4.757690182378752, 5.955888969745395, 16.125298711283378, 15.6235967766771, 15.90088422620516, 14.904737596410042, 15.566578752213218, 17.64378156822613, 15.183586735021603, 42.911529357079964, 45.11301726033233, 22.72870934934503, 6.16615, 6.16615, 6.16615, 6.16615, 6.16615, 6.16615, 6.16615, 6.16615, 6.16615, 6.16615, 6.16615, 19.444131135576793, 22.18019007866893, 6.16615, 6.16615, 18.399945842580934, 43.35840263269078, 39.893743817115976, 75.17076195287132, 95.27204186590725, 104.69520134929444, 15.898138295386635, 58.1576623355309, 57.053734359303185, 49.68335606728423, 58.333394657385476, 62.045400631511974, 62.12416330494882, 54.207748867761865, 65.33536471625723, 74.22116831065392, 68.23446669601121, 55.57944614494674]","[14.748449759039488, 12.40515994957478, 4.520728859287473, 0.0, 0.0, 9.959148711283376, 9.457446776677102, 9.734734226205177, 8.738587596410042, 9.400428752213216, 11.47763156822613, 9.017436735021604, 36.74537935707993, 38.94686726033235, 16.562559349345033, 0.0, 0.0, 0.0, 0.0, 0.0, 0.0, 0.0, 0.0, 0.0, 0.0, 0.0, 13.277981135576793, 16.01404007866893, 0.0, 0.0, 12.233795842580932, 37.19225263269078, 33.72759381711605, 69.00461195287131, 89.10589186590725, 98.52905134929445, 9.731988295386664, 51.9915123355309, 50.88758435930318, 43.51720606728423, 52.167244657385474, 55.879250631511965, 55.95801330494882, 48.041598867761834, 59.16921471625724, 68.05501831065392, 62.06831669601121, 49.41329614494674]","[14.748449759039488, 12.40515994957478, 4.520728859287459, 0.0, 0.0, 9.959148711283378, 9.4574467766771, 9.73473422620516, 8.738587596410042, 9.400428752213218, 11.477631568226132, 9.017436735021603, 36.74537935707996, 38.946867260332326, 16.56255934934503, 0.0, 0.0, 0.0, 0.0, 0.0, 0.0, 0.0, 0.0, 0.0, 0.0, 0.0, 13.277981135576793, 16.014040078668927, 0.0, 0.0, 12.233795842580934, 37.19225263269078, 33.727593817115974, 69.00461195287131, 89.10589186590725, 98.52905134929443, 9.731988295386635, 51.9915123355309, 50.88758435930318, 43.51720606728423, 52.167244657385474, 55.87925063151197, 55.95801330494882, 48.04159886776186, 59.16921471625723, 68.05501831065392, 62.06831669601121, 49.41329614494674]","[0.460889054969984, 0.3876612484242119, 0.14127277685273354, -0.1675881217160189, -0.01922643488872744, 0.3112233972276055, 0.29554521177115944, 0.3042104445689118, 0.2730808623878138, 0.293763398506663, 0.35867598650706656, 0.28179489796942514, 0.5974858432045518, 0.6332823944769488, 0.26930990811943145, -0.03080263478450984, -0.3485436687773582, -0.11779598847802486, -0.13505097178876202, -0.09305545485797939, -0.2498165375623902, -0.5690108510609893, -0.5314571891463769, -0.9235736905266219, -0.23310698727138046, -0.01826880362462191, 0.1435457420062356, 0.17312475760723167, -0.10674564443303414, -0.1029792036434225, 0.1322572523522263, 0.40207840683990037, 0.3646226358607141, 0.7459958048959061, 0.9633069390908893, 1.0651789335058859, 0.15824371212010835, 0.8453904444801772, 0.8274403960862307, 0.7075968466225078, 0.8482478806078939, 0.9086057013253979, 0.9098863952024199, 0.7811642092318998, 0.9621010522968656, 1.1065856635878686, 1.0092409218863612, 0.803468229999134]","[0.0, 0.0, 0.0, 0.0, 0.0, 0.0, 0.0, 0.0, 0.0, 0.0, 0.0, 0.0, 0.0, 0.0, 0.0, 0.0, 0.0, 0.0, 0.0, 0.0, 0.0, 0.0, 0.0, 0.0, 0.0, 0.0, 0.0, 0.0, 0.0, 0.0, 0.0, 0.0, 0.0, 0.0, 0.0, 0.0, 0.0, 0.0, 0.0, 0.0, 0.0, 0.0, 0.0, 0.0, 0.0, 0.0, 0.0, 0.0]",5.895552699884889,30.222219824101227,24.32666712421634,24.32666712421634,0.0
