system,method,scenario_id,split,actual_case,forecast_case,horizon,gamma_Q,cost,perfect_cost,gap_percent,voltage_violation,solve_time_s,avg_step_time_s,max_step_time_s,solver_fail_count,timeout_count,completed,incomplete_reason,seed,solver_kind,solver_window,executed_steps,include_tail,cost_accounting,final_P_DG_29,final_P_DG_64,final_SOC_BSS_12,final_SOC_BSS_34,final_SOC_BSS_68,final_SOC_BSS_103,step_costs_json,step_times_json,certified_global,gurobi_status,mean_num_vars,mean_num_bin_vars,mean_num_constrs,mean_num_qconstrs,mean_num_genconstrs,mean_model_runtime_s,mean_mip_gap,max_mip_gap,mean_model_status,min_model_sol_count,failure_message,experiment_tag,perfect_screening_target_count,perfect_screening_candidate_order,perfect_screening_rule,scenario_selection_file,scenario_selection_rule,operable_screening_candidate_order,operable_screening_rule,operable_screening_role,max_steps,step_model_statuses_json,step_model_sol_counts_json,icnn_relax_on_infeasible,icnn_relax_count,icnn_relax_steps_json,step_icnn_relaxed_json,icnn_exogenous_clip_enabled,total_icnn_clip_count,max_icnn_clip_violation,step_icnn_clip_count_json,step_icnn_clip_max_violation_json,num_optimal_steps,num_timelimit_steps
119,Perfect-Global,800,test_id,id_actual,perfect_full_horizon,48,,1936.8185324363217,1936.8185324363217,0.0,,89.84400010108948,1.8717500021060307,89.84400010108948,0,0,True,,200800,perfect_global_clean,48,48,True,full_day_optimization_objective,0.9999997417004803,0.9999997415959734,0.12500011871100883,0.12500011815667422,0.12500011728548327,0.12500011784806644,"[23.34119797583674, 12.536514165736822, 7.444954095321904, 9.884033063607722, 12.34344291567758, 12.332633946957912, 12.332630213986974, 12.343884424137636, 12.332629694618973, 12.34298395774647, 12.344118785217768, 12.345521495924578, 23.295026630050124, 12.33229317007893, 12.332293173937229, 12.33197231114741, 9.86513532477045, 7.398492595688801, 4.93204627976057, 2.465804443630835, 3.1586756026498714e-05, 2.860591018736527e-05, 2.8605993327176408e-05, 2.860560335816488e-05, 2.860617316635411e-05, 8.015683632503513e-05, 2.466111680171294, 4.932362271491451, 7.398811448460944, 9.865456000000002, 12.332314859271815, 12.332318434943378, 12.332318467657691, 77.26628459687552, 161.98167527199257, 158.6799434701139, 101.62610588847471, 97.40615558717862, 109.18325659994579, 113.34706257555065, 95.29109606163671, 97.8384475596458, 95.31865795693184, 114.91444181093831, 103.35496924438861, 113.30087312564307, 100.89691253753806, 97.87512215636305]","[1.8717500021060307, 1.8717500021060307, 1.8717500021060307, 1.8717500021060307, 1.8717500021060307, 1.8717500021060307, 1.8717500021060307, 1.8717500021060307, 1.8717500021060307, 1.8717500021060307, 1.8717500021060307, 1.8717500021060307, 1.8717500021060307, 1.8717500021060307, 1.8717500021060307, 1.8717500021060307, 1.8717500021060307, 1.8717500021060307, 1.8717500021060307, 1.8717500021060307, 1.8717500021060307, 1.8717500021060307, 1.8717500021060307, 1.8717500021060307, 1.8717500021060307, 1.8717500021060307, 1.8717500021060307, 1.8717500021060307, 1.8717500021060307, 1.8717500021060307, 1.8717500021060307, 1.8717500021060307, 1.8717500021060307, 1.8717500021060307, 1.8717500021060307, 1.8717500021060307, 1.8717500021060307, 1.8717500021060307, 1.8717500021060307, 1.8717500021060307, 1.8717500021060307, 1.8717500021060307, 1.8717500021060307, 1.8717500021060307, 1.8717500021060307, 1.8717500021060307, 1.8717500021060307, 1.8717500021060307]",True,2,46850,0,28850,17472,48,89.84400010108948,0.000784141318416315,0.000784141318416315,2,2,,perfect_global_119,20,0,completed_and_certified_full_day_hard_opf,formal/selected_119_operable_20.json,operable_perfect_global_and_rolling_mpc3_subset,0,perfect_global_certified_and_rolling_mpc3_completed,perfect_global,,,,,,,,,,,,,,
119,MPC-3,800,test_id,id_actual,id_reliable,3,,3360.156986928133,,,,1985.579999923706,41.366249998410545,300.6799998283386,0,0,True,,200800,pure_mpc_clean,4,48,True,,0.9999937456135163,0.9999937422852689,0.1250028488752867,0.1250028356597339,0.1250028067494241,0.12500282963241424,"[2.8053071232382285, 1.7879909823011662, 1.6957277933674961, 4.098198364737269, 20.29639709748089, 8.969754214118922, 10.50567884486249, 11.901415258766171, 10.947708334731928, 16.833329469008845, 52.09111259263288, 90.87802159274, 35.505905194318444, 31.46562386585927, 48.83527614060678, 16.99715923623842, 9.865456000000002, 7.398804, 4.9323440000000005, 2.4660941355998776, 1.81341879581509e-05, 0.0, 0.0, 0.0, 0.0, 0.0, 0.0, 0.0, 0.0, 2.2152814938221947, 113.72878974715317, 162.81958766624038, 182.1362641041112, 235.67790776693, 257.9584108700864, 215.00079707895142, 122.2417565834184, 118.7748788139801, 162.21895935208602, 172.33247326424478, 148.16214966302735, 141.72977346893387, 144.7372472296723, 172.8077327770602, 156.59659137244304, 176.756301707491, 139.8304092584092, 144.15435233527472]","[300.21299982070923, 157.97399997711182, 300.5200002193451, 2.0979998111724854, 58.598999977111816, 24.960000038146973, 31.883000135421753, 2.2899999618530273, 26.765000104904175, 28.813999891281128, 26.125, 26.341000080108643, 163.9539999961853, 31.256999969482422, 25.16599988937378, 20.39800000190735, 2.2829999923706055, 2.0970001220703125, 2.1450002193450928, 2.5719997882843018, 7.150000095367432, 2.313000202178955, 1.6459999084472656, 1.9639999866485596, 1.6599998474121094, 2.378999948501587, 2.241000175476074, 2.121000051498413, 300.6799998283386, 48.401000022888184, 2.439000129699707, 34.58999991416931, 30.192999839782715, 31.61400008201599, 31.621999979019165, 29.361999988555908, 27.44000005722046, 28.842999935150146, 27.42300009727478, 27.551000118255615, 0.5069999694824219, 27.054999828338623, 27.60699987411499, 26.511000156402588, 24.58299994468689, 0.684999942779541, 0.37800002098083496, 0.1679999828338623]",,,2883.6875,0.0,1767.375,1068.25,2.9375,41.366249998410545,0.0004814718100273171,0.0022171061353010034,2.4375,2.0,,,,,,formal/selected_119_operable_20.json,operable_perfect_global_and_rolling_mpc3_subset,0,perfect_global_certified_and_rolling_mpc3_completed,rolling_mpc3,,"[9, 2, 9, 2, 2, 2, 2, 2, 2, 2, 2, 2, 2, 2, 2, 2, 2, 2, 2, 2, 2, 2, 2, 2, 2, 2, 2, 2, 9, 2, 2, 2, 2, 2, 2, 2, 2, 2, 2, 2, 2, 2, 2, 2, 2, 2, 2, 2]","[8, 4, 3, 2, 3, 2, 2, 2, 2, 2, 2, 2, 5, 2, 2, 2, 2, 2, 2, 2, 5, 3, 2, 2, 3, 2, 2, 2, 7, 3, 2, 4, 3, 2, 2, 2, 2, 2, 2, 2, 2, 2, 2, 2, 2, 2, 2, 2]",False,0,[],"[0, 0, 0, 0, 0, 0, 0, 0, 0, 0, 0, 0, 0, 0, 0, 0, 0, 0, 0, 0, 0, 0, 0, 0, 0, 0, 0, 0, 0, 0, 0, 0, 0, 0, 0, 0, 0, 0, 0, 0, 0, 0, 0, 0, 0, 0, 0, 0]",False,0,0.0,"[0, 0, 0, 0, 0, 0, 0, 0, 0, 0, 0, 0, 0, 0, 0, 0, 0, 0, 0, 0, 0, 0, 0, 0, 0, 0, 0, 0, 0, 0, 0, 0, 0, 0, 0, 0, 0, 0, 0, 0, 0, 0, 0, 0, 0, 0, 0, 0]","[0.0, 0.0, 0.0, 0.0, 0.0, 0.0, 0.0, 0.0, 0.0, 0.0, 0.0, 0.0, 0.0, 0.0, 0.0, 0.0, 0.0, 0.0, 0.0, 0.0, 0.0, 0.0, 0.0, 0.0, 0.0, 0.0, 0.0, 0.0, 0.0, 0.0, 0.0, 0.0, 0.0, 0.0, 0.0, 0.0, 0.0, 0.0, 0.0, 0.0, 0.0, 0.0, 0.0, 0.0, 0.0, 0.0, 0.0, 0.0]",45,3
119,Perfect-Global,801,test_id,id_actual,perfect_full_horizon,48,,1841.154270964483,1841.154270964483,0.0,,104.51699995994568,2.177437499165535,104.51699995994568,0,0,True,,200801,perfect_global_clean,48,48,True,full_day_optimization_objective,0.9999937438144042,0.9999937409685974,0.12500287590924822,0.12500286257212762,0.12500284205737,0.1250028549825505,"[2.465677956370506, 4.931305553875857, 7.397131357710764, 9.862969694892449, 12.32835842244893, 12.331234828721128, 12.331122471049088, 12.33112016188278, 12.33123041760933, 12.331209563130773, 12.331124068358813, 12.331239840146585, 37.313560797107, 12.331248778019356, 10.004924831658816, 7.539309686593428, 5.073364892777451, 2.607436893157056, 0.14205132368479662, 0.0006969704834287157, 0.0006936012203024674, 0.0006936749581323264, 0.000693597878558494, 0.0006935393036753496, 0.0006936321981676034, 0.000693757016894362, 0.47050602770195976, 2.9359241062904515, 5.401881243032009, 7.868145837002716, 10.334660234232544, 12.332743038320931, 12.33275577618092, 84.97150585959707, 113.99197222653288, 177.02675448641372, 103.13802206591235, 91.50021110278632, 111.29300946039999, 100.31182304743797, 91.41381078423774, 103.2655740506731, 104.76078865459543, 111.78840931815424, 101.77659962781166, 92.74521897918129, 104.85750722921563, 98.3159674965179]","[2.177437499165535, 2.177437499165535, 2.177437499165535, 2.177437499165535, 2.177437499165535, 2.177437499165535, 2.177437499165535, 2.177437499165535, 2.177437499165535, 2.177437499165535, 2.177437499165535, 2.177437499165535, 2.177437499165535, 2.177437499165535, 2.177437499165535, 2.177437499165535, 2.177437499165535, 2.177437499165535, 2.177437499165535, 2.177437499165535, 2.177437499165535, 2.177437499165535, 2.177437499165535, 2.177437499165535, 2.177437499165535, 2.177437499165535, 2.177437499165535, 2.177437499165535, 2.177437499165535, 2.177437499165535, 2.177437499165535, 2.177437499165535, 2.177437499165535, 2.177437499165535, 2.177437499165535, 2.177437499165535, 2.177437499165535, 2.177437499165535, 2.177437499165535, 2.177437499165535, 2.177437499165535, 2.177437499165535, 2.177437499165535, 2.177437499165535, 2.177437499165535, 2.177437499165535, 2.177437499165535, 2.177437499165535]",True,2,46850,0,28850,17472,48,104.51699995994568,0.0009175828897148244,0.0009175828897148244,2,2,,perfect_global_119,20,1,completed_and_certified_full_day_hard_opf,formal/selected_119_operable_20.json,operable_perfect_global_and_rolling_mpc3_subset,1,perfect_global_certified_and_rolling_mpc3_completed,perfect_global,,,,,,,,,,,,,,
119,MPC-3,801,test_id,id_actual,id_reliable,3,,3338.2795345438867,,,,1779.3299996852875,37.06937499344349,300.60000014305115,0,0,True,,200801,pure_mpc_clean,4,48,True,,0.999993747226167,0.99999374173445,0.1250028516479908,0.12500283088660252,0.12500281289906842,0.1250028304764832,"[0.0, 0.0, 0.0, 16.732527321901408, 17.820617049548826, 7.705477617233963, 9.771740012571554, 8.38531341676435, 13.191482300588788, 12.56175114312988, 40.07628281383051, 93.68534671103048, 51.51313579817831, 57.04101688346716, 48.91607025199795, 10.000214317344813, 7.713078865181899, 5.246594402796551, 2.780301940679053, 0.3142014792934681, 0.0, 0.0, 0.0, 0.0, 0.0, 0.0, 0.0, 0.0, 0.0, 16.41007525839311, 82.09660581241485, 132.28411984319587, 216.85094983556644, 243.96914382446855, 223.65645672045974, 232.8783869296604, 127.36521694627457, 118.18623727259228, 169.02676470531006, 142.28210938597053, 136.8897073055268, 153.49161365565968, 160.22904794795275, 170.4432586880079, 158.1441074498287, 139.8238765616695, 162.40973465919643, 148.38696941619912]","[1.8299999237060547, 2.4560000896453857, 2.8889999389648438, 300.2430000305176, 300.60000014305115, 74.03699994087219, 30.500999927520752, 29.039999961853027, 37.14300012588501, 27.12399983406067, 29.70300006866455, 28.7260000705719, 35.621999979019165, 33.51100015640259, 30.6489999294281, 33.84400010108948, 22.46400022506714, 2.0850000381469727, 1.8359999656677246, 2.2239999771118164, 1.934000015258789, 2.049999952316284, 2.2119998931884766, 2.677999973297119, 2.1029999256134033, 1.9850001335144043, 2.548999786376953, 2.496000051498413, 2.6449999809265137, 300.4979999065399, 33.7279999256134, 33.64400005340576, 28.09500002861023, 27.86299991607666, 27.015000104904175, 60.025999784469604, 26.74399995803833, 29.57099986076355, 24.598999977111816, 25.36899995803833, 0.5559999942779541, 0.5230000019073486, 27.058000087738037, 59.6029999256134, 26.118000030517578, 0.6009998321533203, 0.38000011444091797, 0.16000008583068848]",,,2883.6875,0.0,1767.375,1068.25,2.9375,37.06937499344349,0.0005113679915838567,0.003924963735713992,2.4375,2.0,,,,,,formal/selected_119_operable_20.json,operable_perfect_global_and_rolling_mpc3_subset,1,perfect_global_certified_and_rolling_mpc3_completed,rolling_mpc3,,"[2, 2, 2, 9, 9, 2, 2, 2, 2, 2, 2, 2, 2, 2, 2, 2, 2, 2, 2, 2, 2, 2, 2, 2, 2, 2, 2, 2, 2, 9, 2, 2, 2, 2, 2, 2, 2, 2, 2, 2, 2, 2, 2, 2, 2, 2, 2, 2]","[2, 2, 2, 4, 6, 4, 2, 2, 3, 2, 2, 2, 5, 2, 3, 10, 2, 2, 2, 2, 2, 2, 2, 3, 2, 2, 2, 2, 2, 4, 2, 4, 2, 2, 2, 4, 2, 2, 2, 2, 2, 2, 2, 4, 2, 2, 2, 2]",False,0,[],"[0, 0, 0, 0, 0, 0, 0, 0, 0, 0, 0, 0, 0, 0, 0, 0, 0, 0, 0, 0, 0, 0, 0, 0, 0, 0, 0, 0, 0, 0, 0, 0, 0, 0, 0, 0, 0, 0, 0, 0, 0, 0, 0, 0, 0, 0, 0, 0]",False,0,0.0,"[0, 0, 0, 0, 0, 0, 0, 0, 0, 0, 0, 0, 0, 0, 0, 0, 0, 0, 0, 0, 0, 0, 0, 0, 0, 0, 0, 0, 0, 0, 0, 0, 0, 0, 0, 0, 0, 0, 0, 0, 0, 0, 0, 0, 0, 0, 0, 0]","[0.0, 0.0, 0.0, 0.0, 0.0, 0.0, 0.0, 0.0, 0.0, 0.0, 0.0, 0.0, 0.0, 0.0, 0.0, 0.0, 0.0, 0.0, 0.0, 0.0, 0.0, 0.0, 0.0, 0.0, 0.0, 0.0, 0.0, 0.0, 0.0, 0.0, 0.0, 0.0, 0.0, 0.0, 0.0, 0.0, 0.0, 0.0, 0.0, 0.0, 0.0, 0.0, 0.0, 0.0, 0.0, 0.0, 0.0, 0.0]",45,3
119,Perfect-Global,802,test_id,id_actual,perfect_full_horizon,48,,,,,,59.23300004005432,59.23300004005432,59.23300004005432,1,0,False,solver_failure,200802,perfect_global_clean,48,0,True,full_day_optimization_objective,nan,nan,nan,nan,nan,nan,[],[],False,3,46850,0,28850,17472,48,59.23300004005432,nan,nan,3,0,"method=Perfect-Global, scenario=802, actual_case=id_actual: Gurobi produced no solution: status=3, sol_count=0",perfect_global_119,20,2,completed_and_certified_full_day_hard_opf,,operable_screening_candidate,2,perfect_global_certified_and_rolling_mpc3_completed,perfect_global,,,,,,,,,,,,,,
119,Perfect-Global,803,test_id,id_actual,perfect_full_horizon,48,,,,,,35.31699991226196,35.31699991226196,35.31699991226196,1,0,False,solver_failure,200803,perfect_global_clean,48,0,True,full_day_optimization_objective,nan,nan,nan,nan,nan,nan,[],[],False,3,46850,0,28850,17472,48,35.31699991226196,nan,nan,3,0,"method=Perfect-Global, scenario=803, actual_case=id_actual: Gurobi produced no solution: status=3, sol_count=0",perfect_global_119,20,3,completed_and_certified_full_day_hard_opf,,operable_screening_candidate,3,perfect_global_certified_and_rolling_mpc3_completed,perfect_global,,,,,,,,,,,,,,
119,Perfect-Global,804,test_id,id_actual,perfect_full_horizon,48,,1861.913026102147,1861.913026102147,0.0,,88.85899996757507,1.8512291659911473,88.85899996757507,0,0,True,,200804,perfect_global_clean,48,48,True,full_day_optimization_objective,0.9999997417262008,0.9999997416011739,0.12500011873121125,0.12500011809533823,0.12500011728047777,0.12500011785017037,"[2.466488936628872, 4.932719316214257, 7.39917248014577, 9.865815845448216, 12.332640180109282, 12.332656544644395, 12.332662002885122, 12.332659856439404, 12.33265570108061, 12.332468328556386, 12.332651992620445, 12.332467117740816, 27.569699430520828, 12.332292853362755, 12.33229283780336, 11.699540885258621, 9.232753286554624, 6.766160071004793, 4.299763622057846, 1.8335734724079955, 2.860794122599072e-05, 2.8606533482688435e-05, 2.8606180964671806e-05, 2.860643304832065e-05, 2.860639576677074e-05, 2.8606611430869114e-05, 8.020117750511662e-05, 2.46611173690816, 4.932362328050841, 7.398811504087474, 9.865455648054477, 12.332315175809685, 12.332318723621192, 43.84977423976981, 152.69301604045847, 178.7921281473336, 109.69107747953788, 111.34454358943248, 105.03186292947684, 107.09073893607787, 101.78653047082884, 104.26457420372623, 96.34536413058031, 94.36610301188581, 95.01977541411712, 103.23941256283481, 89.6789787455593, 110.00038448123783]","[1.8512291659911473, 1.8512291659911473, 1.8512291659911473, 1.8512291659911473, 1.8512291659911473, 1.8512291659911473, 1.8512291659911473, 1.8512291659911473, 1.8512291659911473, 1.8512291659911473, 1.8512291659911473, 1.8512291659911473, 1.8512291659911473, 1.8512291659911473, 1.8512291659911473, 1.8512291659911473, 1.8512291659911473, 1.8512291659911473, 1.8512291659911473, 1.8512291659911473, 1.8512291659911473, 1.8512291659911473, 1.8512291659911473, 1.8512291659911473, 1.8512291659911473, 1.8512291659911473, 1.8512291659911473, 1.8512291659911473, 1.8512291659911473, 1.8512291659911473, 1.8512291659911473, 1.8512291659911473, 1.8512291659911473, 1.8512291659911473, 1.8512291659911473, 1.8512291659911473, 1.8512291659911473, 1.8512291659911473, 1.8512291659911473, 1.8512291659911473, 1.8512291659911473, 1.8512291659911473, 1.8512291659911473, 1.8512291659911473, 1.8512291659911473, 1.8512291659911473, 1.8512291659911473, 1.8512291659911473]",True,2,46850,0,28850,17472,48,88.85899996757507,0.0007853162956205118,0.0007853162956205118,2,2,,perfect_global_119,20,4,completed_and_certified_full_day_hard_opf,formal/selected_119_operable_20.json,operable_perfect_global_and_rolling_mpc3_subset,4,perfect_global_certified_and_rolling_mpc3_completed,perfect_global,,,,,,,,,,,,,,
119,MPC-3,804,test_id,id_actual,id_reliable,3,,3254.1967382302864,,,,1965.9920003414154,40.95816667377949,300.5840001106262,0,0,True,,200804,pure_mpc_clean,4,48,True,,0.9999937464039099,0.9999937424183296,0.12500281436785263,0.12500279974546127,0.12500277368165283,0.12500279460311606,"[1.6710413808978273, 0.0, 2.466075995462433, 25.125124373981375, 7.398800009121825, 9.758267272144069, 14.13349293993768, 11.823281738553284, 12.288729692697853, 11.958295113874426, 44.02221626994594, 74.60973717432564, 38.050647525674194, 33.551337401920826, 11.629680967102033, 11.823177653069212, 9.356373279170286, 6.889760905271284, 4.4233405316401315, 1.9571121587408917, 0.0, 0.0, 0.0, 0.0, 0.0, 0.0, 0.0, 0.0, 0.0, 7.352872662090833, 52.483815372584104, 190.59536686784327, 194.95883954351973, 204.43919872887574, 261.8859483302718, 241.80771349469296, 129.13643766027818, 141.8246011411998, 163.99857987076797, 163.82167257937948, 152.77913445085807, 155.02661767116123, 145.72231075815336, 136.94507846293607, 138.34811473446945, 153.7730101210896, 121.69166729387263, 164.66926610271054]","[144.5880000591278, 118.66400003433228, 33.75099992752075, 62.924999952316284, 2.5889999866485596, 34.912999868392944, 30.230000019073486, 28.318000078201294, 34.098999977111816, 29.102999925613403, 31.789000034332275, 30.067999839782715, 95.37899994850159, 300.5840001106262, 9.388000011444092, 31.812000036239624, 2.191999912261963, 2.179999828338623, 2.309999942779541, 2.196000099182129, 2.2880001068115234, 1.8400001525878906, 1.8840000629425049, 1.9200000762939453, 1.8890001773834229, 2.3610000610351562, 2.615000009536743, 2.615999937057495, 2.312999963760376, 300.31900000572205, 300.3270001411438, 38.86899995803833, 29.73099994659424, 2.3330001831054688, 2.302999973297119, 30.348000049591064, 26.610000133514404, 25.848000049591064, 25.197999954223633, 26.973000049591064, 28.42799997329712, 31.628000020980835, 2.3529999256134033, 18.454999923706055, 26.134999990463257, 0.5970001220703125, 2.566999912261963, 0.1659998893737793]",,,2883.6875,0.0,1767.375,1068.25,2.9375,40.95816667377949,0.0005397199312393511,0.006183886322406113,2.4375,2.0,,,,,,formal/selected_119_operable_20.json,operable_perfect_global_and_rolling_mpc3_subset,4,perfect_global_certified_and_rolling_mpc3_completed,rolling_mpc3,,"[2, 2, 2, 2, 2, 2, 2, 2, 2, 2, 2, 2, 2, 9, 2, 2, 2, 2, 2, 2, 2, 2, 2, 2, 2, 2, 2, 2, 2, 9, 9, 2, 2, 2, 2, 2, 2, 2, 2, 2, 2, 2, 2, 2, 2, 2, 2, 2]","[5, 6, 4, 4, 2, 2, 2, 4, 2, 4, 2, 2, 2, 6, 4, 3, 2, 2, 2, 2, 2, 2, 2, 2, 3, 2, 3, 2, 2, 4, 7, 3, 3, 2, 2, 2, 2, 2, 2, 2, 2, 2, 2, 3, 2, 2, 2, 2]",False,0,[],"[0, 0, 0, 0, 0, 0, 0, 0, 0, 0, 0, 0, 0, 0, 0, 0, 0, 0, 0, 0, 0, 0, 0, 0, 0, 0, 0, 0, 0, 0, 0, 0, 0, 0, 0, 0, 0, 0, 0, 0, 0, 0, 0, 0, 0, 0, 0, 0]",False,0,0.0,"[0, 0, 0, 0, 0, 0, 0, 0, 0, 0, 0, 0, 0, 0, 0, 0, 0, 0, 0, 0, 0, 0, 0, 0, 0, 0, 0, 0, 0, 0, 0, 0, 0, 0, 0, 0, 0, 0, 0, 0, 0, 0, 0, 0, 0, 0, 0, 0]","[0.0, 0.0, 0.0, 0.0, 0.0, 0.0, 0.0, 0.0, 0.0, 0.0, 0.0, 0.0, 0.0, 0.0, 0.0, 0.0, 0.0, 0.0, 0.0, 0.0, 0.0, 0.0, 0.0, 0.0, 0.0, 0.0, 0.0, 0.0, 0.0, 0.0, 0.0, 0.0, 0.0, 0.0, 0.0, 0.0, 0.0, 0.0, 0.0, 0.0, 0.0, 0.0, 0.0, 0.0, 0.0, 0.0, 0.0, 0.0]",45,3
119,Perfect-Global,805,test_id,id_actual,perfect_full_horizon,48,,1906.937670920186,1906.937670920186,0.0,,122.9909999370575,2.562312498688698,122.9909999370575,0,0,True,,200805,perfect_global_clean,48,48,True,full_day_optimization_objective,0.9999997417298391,0.9999997415912549,0.12500011871244335,0.12500011811292164,0.12500011731470304,0.12500011785780993,"[2.4660688026348723, 4.9323252389685655, 7.3987737939396165, 9.865411117326122, 12.332228912979096, 12.332280853305704, 12.33227951839017, 12.332279501442915, 12.332279505371677, 12.332280855055718, 12.332279520805624, 12.332280845663021, 45.202440417997906, 12.332280889951972, 10.371587829128847, 7.904915526156779, 5.43842566927521, 2.972132579865033, 0.5060457956968124, 2.8609640583358002e-05, 2.8606518861157514e-05, 2.8606385649191265e-05, 2.860636088045314e-05, 2.8606555070998893e-05, 2.860659339168621e-05, 2.861396163698226e-05, 2.3014609486693822, 4.7676875320142, 7.2341204111316895, 9.700750055367514, 12.167574082159554, 12.33231828421802, 12.332318647660795, 86.62748213762038, 111.0242131911503, 168.427720084792, 117.48806620960566, 109.16394459159088, 102.64021697152714, 103.44484906153258, 98.43817457113215, 112.21744884590053, 110.9210782993832, 101.26733387075389, 101.48088857356636, 110.29119721586109, 101.11624011455342, 103.5037897900238]","[2.562312498688698, 2.562312498688698, 2.562312498688698, 2.562312498688698, 2.562312498688698, 2.562312498688698, 2.562312498688698, 2.562312498688698, 2.562312498688698, 2.562312498688698, 2.562312498688698, 2.562312498688698, 2.562312498688698, 2.562312498688698, 2.562312498688698, 2.562312498688698, 2.562312498688698, 2.562312498688698, 2.562312498688698, 2.562312498688698, 2.562312498688698, 2.562312498688698, 2.562312498688698, 2.562312498688698, 2.562312498688698, 2.562312498688698, 2.562312498688698, 2.562312498688698, 2.562312498688698, 2.562312498688698, 2.562312498688698, 2.562312498688698, 2.562312498688698, 2.562312498688698, 2.562312498688698, 2.562312498688698, 2.562312498688698, 2.562312498688698, 2.562312498688698, 2.562312498688698, 2.562312498688698, 2.562312498688698, 2.562312498688698, 2.562312498688698, 2.562312498688698, 2.562312498688698, 2.562312498688698, 2.562312498688698]",True,2,46850,0,28850,17472,48,122.9909999370575,0.000699560411374715,0.000699560411374715,2,2,,perfect_global_119,20,5,completed_and_certified_full_day_hard_opf,,operable_screening_candidate,5,perfect_global_certified_and_rolling_mpc3_completed,perfect_global,,,,,,,,,,,,,,
119,MPC-3,805,test_id,id_actual,id_reliable,3,,362.30081369718465,,,,1643.4039995670319,56.669103433345924,300.7479999065399,1,0,False,solver_failure,200805,pure_mpc_clean,4,29,True,,0.0,0.0,0.7197512278476441,0.5500060288279379,0.40911288326496353,0.3072609766727214,"[0.0, 0.000873520963680669, 1.7080298528845166, 4.174203997179218, 19.496389730680605, 12.858102029231448, 11.128264781253574, 10.281849281228563, 10.527073305886143, 20.54745880753496, 38.99576706199167, 81.34531520235045, 58.16117867899275, 25.365461911502, 25.01001744792714, 18.038148087577948, 9.865456000000002, 7.398804, 4.9323440000000005, 2.466076, 0.0, 0.0, 0.0, 0.0, 0.0, 0.0, 0.0, 0.0, 0.0]","[2.0, 2.444999933242798, 300.42899990081787, 47.53099989891052, 300.7479999065399, 266.720999956131, 35.859999895095825, 26.892000198364258, 31.924000024795532, 28.25, 26.310999870300293, 25.86899995803833, 26.378000020980835, 95.09500002861023, 38.787999868392944, 57.9449999332428, 2.615999937057495, 2.9010000228881836, 2.634999990463257, 2.128999948501587, 2.126999855041504, 2.069000005722046, 2.944000005722046, 2.318000078201294, 2.5309998989105225, 2.4760000705718994, 2.442000150680542, 2.5500001907348633, 300.4800000190735]",,,2930.0,0.0,1805.0,1092.0,3.0,56.669103433345924,0.00045740019917576123,0.0019963477942450177,2.7241379310344827,2.0,"method=MPC-3, scenario=805, forecast_case=id_reliable, actual_case=id_actual, horizon=3, t=29: Gurobi produced no solution: status=3, sol_count=0",,,,,,operable_screening_candidate,5,perfect_global_certified_and_rolling_mpc3_completed,rolling_mpc3,,"[2, 2, 9, 2, 9, 2, 2, 2, 2, 2, 2, 2, 2, 2, 2, 2, 2, 2, 2, 2, 2, 2, 2, 2, 2, 2, 2, 2, 9]","[2, 2, 5, 3, 4, 4, 2, 2, 3, 2, 2, 2, 2, 6, 2, 4, 2, 2, 2, 2, 2, 2, 2, 2, 2, 3, 2, 2, 3]",False,0,[],"[0, 0, 0, 0, 0, 0, 0, 0, 0, 0, 0, 0, 0, 0, 0, 0, 0, 0, 0, 0, 0, 0, 0, 0, 0, 0, 0, 0, 0]",False,0,0.0,"[0, 0, 0, 0, 0, 0, 0, 0, 0, 0, 0, 0, 0, 0, 0, 0, 0, 0, 0, 0, 0, 0, 0, 0, 0, 0, 0, 0, 0]","[0.0, 0.0, 0.0, 0.0, 0.0, 0.0, 0.0, 0.0, 0.0, 0.0, 0.0, 0.0, 0.0, 0.0, 0.0, 0.0, 0.0, 0.0, 0.0, 0.0, 0.0, 0.0, 0.0, 0.0, 0.0, 0.0, 0.0, 0.0, 0.0]",26,3
119,Perfect-Global,806,test_id,id_actual,perfect_full_horizon,48,,1839.6540773537022,1839.6540773537022,0.0,,1097.2039999961853,22.858416666587193,1097.2039999961853,0,0,True,,200806,perfect_global_clean,48,48,True,full_day_optimization_objective,1.0,1.0,0.12500000000000214,0.1250000000000021,0.1250000000000021,0.1250000000000021,"[2.466076, 4.9323440000000005, 7.398804, 9.865456000000002, 12.332300000000002, 12.332300000000002, 12.332300000000002, 12.332300000000002, 12.332300000000002, 12.332300000000002, 12.332300000000002, 12.332300000000002, 21.326772627252414, 12.332300000000002, 10.788767638286027, 8.322043424818343, 5.855510862734748, 3.389169951714852, 0.9230215638519174, 0.0, 0.0, 0.0, 0.0, 0.0, 0.0, 0.0, 0.694178809134076, 3.1603093798861432, 5.626632473783836, 8.09314809103058, 10.55985623182995, 12.332300000000002, 12.332300000000002, 114.46399685972445, 93.1560384985993, 190.43064487956636, 94.16090963196685, 101.53560680555715, 111.59853649274416, 101.2762369545628, 98.79111378696814, 99.2131143850216, 109.81969889276438, 105.8307218470982, 94.71381169319301, 90.68846273766549, 91.79320940525943, 103.12458342868779]","[22.858416666587193, 22.858416666587193, 22.858416666587193, 22.858416666587193, 22.858416666587193, 22.858416666587193, 22.858416666587193, 22.858416666587193, 22.858416666587193, 22.858416666587193, 22.858416666587193, 22.858416666587193, 22.858416666587193, 22.858416666587193, 22.858416666587193, 22.858416666587193, 22.858416666587193, 22.858416666587193, 22.858416666587193, 22.858416666587193, 22.858416666587193, 22.858416666587193, 22.858416666587193, 22.858416666587193, 22.858416666587193, 22.858416666587193, 22.858416666587193, 22.858416666587193, 22.858416666587193, 22.858416666587193, 22.858416666587193, 22.858416666587193, 22.858416666587193, 22.858416666587193, 22.858416666587193, 22.858416666587193, 22.858416666587193, 22.858416666587193, 22.858416666587193, 22.858416666587193, 22.858416666587193, 22.858416666587193, 22.858416666587193, 22.858416666587193, 22.858416666587193, 22.858416666587193, 22.858416666587193, 22.858416666587193]",True,2,46850,0,28850,17472,48,1097.2039999961853,0.0006425764098860713,0.0006425764098860713,2,3,,perfect_global_119,20,6,completed_and_certified_full_day_hard_opf,formal/selected_119_operable_20.json,operable_perfect_global_and_rolling_mpc3_subset,6,perfect_global_certified_and_rolling_mpc3_completed,perfect_global,,,,,,,,,,,,,,
119,MPC-3,806,test_id,id_actual,id_reliable,3,,3274.161174676103,,,,2360.419999599457,49.175416658322014,300.6559998989105,0,0,True,,200806,pure_mpc_clean,4,48,True,,1.0,1.0,0.1249999998051112,0.12499999980618495,0.12499999980780804,0.12499999980655212,"[0.0, 0.0, 1.0532775275265567, 3.519421911176717, 5.985767115080415, 8.429492713306734, 10.877894650675428, 24.721977648834475, 12.820135162795754, 11.986356442791864, 51.958006087964826, 76.22676777332573, 29.232518869677655, 27.481136235962573, 49.766058616144136, 11.460700232421575, 8.993924070711476, 6.527339909001335, 4.0609477474251205, 1.5947475862148628, 0.0, 0.0, 0.0, 0.0, 0.0, 0.0, 0.0, 0.0, 0.0, 18.11798085719801, 76.17866528190906, 150.22446871730688, 208.45218598832844, 268.91016964914513, 194.23754110712963, 254.06983147300983, 117.6592683475616, 128.31063210852085, 169.29685588875083, 155.11226659555052, 143.65211120610914, 150.44043643375343, 163.28966621536625, 160.0870539536593, 145.82021632935405, 136.75696974850803, 132.692963264946, 154.155421208959]","[300.6559998989105, 2.565999984741211, 300.2920000553131, 57.668999910354614, 39.603999853134155, 30.506999969482422, 29.4060001373291, 28.121000051498413, 26.304999828338623, 2.439000129699707, 30.534000158309937, 25.5939998626709, 300.41699981689453, 300.335000038147, 38.388999938964844, 23.01199984550476, 2.375, 2.2239999771118164, 2.3480000495910645, 2.1050000190734863, 2.199000120162964, 2.359999895095825, 2.315000057220459, 12.253000020980835, 2.247999906539917, 2.1619999408721924, 2.364000082015991, 2.69599986076355, 2.2740001678466797, 300.52699995040894, 51.253000020980835, 32.625, 32.89800000190735, 40.331000089645386, 34.19500017166138, 26.23099994659424, 26.842999935150146, 27.933000087738037, 27.105000019073486, 26.47699999809265, 18.707000017166138, 27.66100001335144, 30.008999824523926, 47.62100005149841, 29.045000076293945, 3.816999912261963, 0.34999990463256836, 1.0230000019073486]",,,2883.6875,0.0,1767.375,1068.25,2.9375,49.175416658322014,0.0007212328082754071,0.011695214545052296,2.7291666666666665,2.0,,,,,,formal/selected_119_operable_20.json,operable_perfect_global_and_rolling_mpc3_subset,6,perfect_global_certified_and_rolling_mpc3_completed,rolling_mpc3,,"[9, 2, 9, 2, 2, 2, 2, 2, 2, 2, 2, 2, 9, 9, 2, 2, 2, 2, 2, 2, 2, 2, 2, 2, 2, 2, 2, 2, 2, 9, 2, 2, 2, 2, 2, 2, 2, 2, 2, 2, 2, 2, 2, 2, 2, 2, 2, 2]","[3, 2, 4, 3, 3, 3, 2, 2, 2, 2, 2, 4, 9, 10, 2, 2, 2, 2, 2, 3, 2, 2, 2, 4, 3, 3, 2, 2, 2, 5, 3, 2, 2, 10, 2, 2, 2, 2, 2, 2, 3, 2, 2, 10, 2, 2, 2, 2]",False,0,[],"[0, 0, 0, 0, 0, 0, 0, 0, 0, 0, 0, 0, 0, 0, 0, 0, 0, 0, 0, 0, 0, 0, 0, 0, 0, 0, 0, 0, 0, 0, 0, 0, 0, 0, 0, 0, 0, 0, 0, 0, 0, 0, 0, 0, 0, 0, 0, 0]",False,0,0.0,"[0, 0, 0, 0, 0, 0, 0, 0, 0, 0, 0, 0, 0, 0, 0, 0, 0, 0, 0, 0, 0, 0, 0, 0, 0, 0, 0, 0, 0, 0, 0, 0, 0, 0, 0, 0, 0, 0, 0, 0, 0, 0, 0, 0, 0, 0, 0, 0]","[0.0, 0.0, 0.0, 0.0, 0.0, 0.0, 0.0, 0.0, 0.0, 0.0, 0.0, 0.0, 0.0, 0.0, 0.0, 0.0, 0.0, 0.0, 0.0, 0.0, 0.0, 0.0, 0.0, 0.0, 0.0, 0.0, 0.0, 0.0, 0.0, 0.0, 0.0, 0.0, 0.0, 0.0, 0.0, 0.0, 0.0, 0.0, 0.0, 0.0, 0.0, 0.0, 0.0, 0.0, 0.0, 0.0, 0.0, 0.0]",43,5
119,Perfect-Global,807,test_id,id_actual,perfect_full_horizon,48,,,,,,3600.7170000076294,3600.7170000076294,3600.7170000076294,1,1,False,solver_failure,200807,perfect_global_clean,48,0,True,full_day_optimization_objective,nan,nan,nan,nan,nan,nan,[],[],False,9,46850,0,28850,17472,48,3600.7170000076294,nan,nan,9,0,"method=Perfect-Global, scenario=807, actual_case=id_actual: Gurobi produced no solution: status=9, sol_count=0",perfect_global_119,20,7,completed_and_certified_full_day_hard_opf,,operable_screening_candidate,7,perfect_global_certified_and_rolling_mpc3_completed,perfect_global,,,,,,,,,,,,,,
119,Perfect-Global,808,test_id,id_actual,perfect_full_horizon,48,,1832.071861037102,1832.071861037102,0.0,,1055.7750000953674,21.99531250198682,1055.7750000953674,0,0,True,,200808,perfect_global_clean,48,48,True,full_day_optimization_objective,1.0,1.0,0.1250000000000062,0.12500000000000616,0.1250000000000061,0.12500000000000616,"[2.466076, 4.9323440000000005, 7.398804, 9.865456000000002, 12.332300000000002, 12.332300000000002, 12.332300000000002, 12.332300000000002, 12.332300000000002, 12.332300000000002, 12.332300000000002, 12.332300000000002, 12.332300000000002, 12.332300000000002, 12.332300000000002, 11.93757989171545, 9.470764626348256, 7.004141857947011, 4.537711586318567, 2.0714738112701743, 0.0, 0.0, 0.0, 0.0, 0.0, 0.0, 2.466071035570075, 4.932339531586721, 7.398800524201973, 9.865454013608584, 12.332300000000002, 12.332300000000002, 12.332300000000002, 76.6413155363656, 126.59991932386883, 148.31939285490913, 86.80282417043364, 105.88506117364668, 100.81631363547493, 105.84507014498513, 99.49364382059093, 104.66169860781584, 106.25480727161118, 114.48386361606661, 93.3056209877284, 104.27913237347495, 105.90107214968272, 95.78290849188046]","[21.99531250198682, 21.99531250198682, 21.99531250198682, 21.99531250198682, 21.99531250198682, 21.99531250198682, 21.99531250198682, 21.99531250198682, 21.99531250198682, 21.99531250198682, 21.99531250198682, 21.99531250198682, 21.99531250198682, 21.99531250198682, 21.99531250198682, 21.99531250198682, 21.99531250198682, 21.99531250198682, 21.99531250198682, 21.99531250198682, 21.99531250198682, 21.99531250198682, 21.99531250198682, 21.99531250198682, 21.99531250198682, 21.99531250198682, 21.99531250198682, 21.99531250198682, 21.99531250198682, 21.99531250198682, 21.99531250198682, 21.99531250198682, 21.99531250198682, 21.99531250198682, 21.99531250198682, 21.99531250198682, 21.99531250198682, 21.99531250198682, 21.99531250198682, 21.99531250198682, 21.99531250198682, 21.99531250198682, 21.99531250198682, 21.99531250198682, 21.99531250198682, 21.99531250198682, 21.99531250198682, 21.99531250198682]",True,2,46850,0,28850,17472,48,1055.7750000953674,0.0007754835731377058,0.0007754835731377058,2,3,,perfect_global_119,20,8,completed_and_certified_full_day_hard_opf,formal/selected_119_operable_20.json,operable_perfect_global_and_rolling_mpc3_subset,8,perfect_global_certified_and_rolling_mpc3_completed,perfect_global,,,,,,,,,,,,,,
119,MPC-3,808,test_id,id_actual,id_reliable,3,,3250.245206766129,,,,2469.0959992408752,51.4394999841849,300.6840000152588,0,0,True,,200808,pure_mpc_clean,4,48,True,,1.0,1.0,0.12499999980510207,0.12499999980615588,0.1249999998078052,0.12499999980653011,"[0.5878316941071396, 0.033022819536495635, 2.4806661601528246, 19.511045030275525, 7.366083675286159, 7.950347635466957, 15.932228223862083, 17.59597946774109, 21.0644316274088, 11.651598909294234, 46.343772387892294, 74.196161189345, 19.074594953515046, 21.546293061798803, 29.642296556510985, 17.066263612016712, 9.865456000000002, 7.398804, 4.9326904590695255, 2.4664224333665787, 0.0003464083955458328, 0.0, 0.0, 0.0, 0.0, 0.0, 0.0, 0.0, 0.0, 0.862755229045902, 70.34994356045344, 146.1241369286389, 206.37011578994563, 250.03532132528156, 230.62745251988392, 218.02980977083428, 91.75305107843892, 136.00772069532087, 147.96798557844502, 165.46572951981054, 149.42135551801303, 160.654120014781, 156.59926169066793, 177.28358536572884, 147.21863584459925, 158.13474598865403, 158.99579621868935, 141.63734782385492]","[300.22899985313416, 123.74900007247925, 29.307999849319458, 300.2920000553131, 37.09299993515015, 32.4300000667572, 44.75600004196167, 29.949000120162964, 30.107999801635742, 31.248000144958496, 30.37999987602234, 45.22099995613098, 300.36500000953674, 300.35199999809265, 34.14800000190735, 27.198999881744385, 2.2699999809265137, 2.133999824523926, 2.878000020980835, 2.1680002212524414, 2.1030001640319824, 12.176999807357788, 2.171999931335449, 2.5369999408721924, 2.426999807357788, 2.067000150680542, 2.9630000591278076, 2.503000020980835, 300.6840000152588, 73.28999996185303, 34.28099989891052, 1.946000099182129, 1.8409998416900635, 26.325000047683716, 34.09500002861023, 28.01099991798401, 28.74500012397766, 25.163000106811523, 22.386000156402588, 24.499000072479248, 27.35099983215332, 26.052000045776367, 26.322999954223633, 24.35099983215332, 26.33400011062622, 0.6069998741149902, 0.4159998893737793, 1.1699998378753662]",,,2883.6875,0.0,1767.375,1068.25,2.9375,51.4394999841849,0.0005535035840188845,0.002486364014606118,2.7291666666666665,2.0,,,,,,formal/selected_119_operable_20.json,operable_perfect_global_and_rolling_mpc3_subset,8,perfect_global_certified_and_rolling_mpc3_completed,rolling_mpc3,,"[9, 2, 2, 9, 2, 2, 2, 2, 2, 2, 2, 2, 9, 9, 2, 2, 2, 2, 2, 2, 2, 2, 2, 2, 2, 2, 2, 2, 9, 2, 2, 2, 2, 2, 2, 2, 2, 2, 2, 2, 2, 2, 2, 2, 2, 2, 2, 2]","[5, 10, 2, 3, 2, 2, 3, 2, 2, 2, 2, 10, 3, 4, 2, 2, 2, 2, 2, 2, 2, 3, 2, 2, 2, 2, 2, 2, 8, 10, 8, 2, 2, 2, 3, 2, 3, 2, 2, 2, 2, 2, 2, 2, 2, 2, 2, 2]",False,0,[],"[0, 0, 0, 0, 0, 0, 0, 0, 0, 0, 0, 0, 0, 0, 0, 0, 0, 0, 0, 0, 0, 0, 0, 0, 0, 0, 0, 0, 0, 0, 0, 0, 0, 0, 0, 0, 0, 0, 0, 0, 0, 0, 0, 0, 0, 0, 0, 0]",False,0,0.0,"[0, 0, 0, 0, 0, 0, 0, 0, 0, 0, 0, 0, 0, 0, 0, 0, 0, 0, 0, 0, 0, 0, 0, 0, 0, 0, 0, 0, 0, 0, 0, 0, 0, 0, 0, 0, 0, 0, 0, 0, 0, 0, 0, 0, 0, 0, 0, 0]","[0.0, 0.0, 0.0, 0.0, 0.0, 0.0, 0.0, 0.0, 0.0, 0.0, 0.0, 0.0, 0.0, 0.0, 0.0, 0.0, 0.0, 0.0, 0.0, 0.0, 0.0, 0.0, 0.0, 0.0, 0.0, 0.0, 0.0, 0.0, 0.0, 0.0, 0.0, 0.0, 0.0, 0.0, 0.0, 0.0, 0.0, 0.0, 0.0, 0.0, 0.0, 0.0, 0.0, 0.0, 0.0, 0.0, 0.0, 0.0]",43,5
119,Perfect-Global,809,test_id,id_actual,perfect_full_horizon,48,,1826.8332539579656,1826.8332539579656,0.0,,73.38499999046326,1.5288541664679844,73.38499999046326,0,0,True,,200809,perfect_global_clean,48,48,True,full_day_optimization_objective,0.9999997417125724,0.9999997415868791,0.12500011873929992,0.1250001181487824,0.12500011730084393,0.12500011785606865,"[2.528607297817376, 6.142623154086997, 7.417083199648074, 9.8770749436627, 12.337763829866326, 12.34111014400527, 12.339603598987821, 12.332627159496834, 12.340351152303889, 12.340848189973364, 12.340929280374299, 12.339487787105531, 39.40424451408474, 12.33229317012678, 12.332293161367884, 11.964509814525845, 9.497701592232195, 7.031087752830902, 4.564670679592606, 2.09845990362581, 2.8610639517362768e-05, 2.8606059047448107e-05, 2.8606129468099073e-05, 2.860619226464496e-05, 2.8606151857210184e-05, 2.8606184564901628e-05, 8.017341822463246e-05, 2.4661117007859854, 4.932362291844721, 7.398811468357778, 9.865456000000002, 12.3323149770505, 12.332318527374808, 79.85683492833556, 155.78101488773817, 158.78791759122254, 90.14191860287409, 92.15746756391465, 93.4989615781595, 107.40388086224411, 91.62447289006747, 95.40615648361411, 95.79348768695651, 102.19247263363964, 90.57646479430994, 98.9567812998295, 101.48505109865775, 99.93937395049805]","[1.5288541664679844, 1.5288541664679844, 1.5288541664679844, 1.5288541664679844, 1.5288541664679844, 1.5288541664679844, 1.5288541664679844, 1.5288541664679844, 1.5288541664679844, 1.5288541664679844, 1.5288541664679844, 1.5288541664679844, 1.5288541664679844, 1.5288541664679844, 1.5288541664679844, 1.5288541664679844, 1.5288541664679844, 1.5288541664679844, 1.5288541664679844, 1.5288541664679844, 1.5288541664679844, 1.5288541664679844, 1.5288541664679844, 1.5288541664679844, 1.5288541664679844, 1.5288541664679844, 1.5288541664679844, 1.5288541664679844, 1.5288541664679844, 1.5288541664679844, 1.5288541664679844, 1.5288541664679844, 1.5288541664679844, 1.5288541664679844, 1.5288541664679844, 1.5288541664679844, 1.5288541664679844, 1.5288541664679844, 1.5288541664679844, 1.5288541664679844, 1.5288541664679844, 1.5288541664679844, 1.5288541664679844, 1.5288541664679844, 1.5288541664679844, 1.5288541664679844, 1.5288541664679844, 1.5288541664679844]",True,2,46850,0,28850,17472,48,73.38499999046326,0.0008128149872638488,0.0008128149872638488,2,2,,perfect_global_119,20,9,completed_and_certified_full_day_hard_opf,formal/selected_119_operable_20.json,operable_perfect_global_and_rolling_mpc3_subset,9,perfect_global_certified_and_rolling_mpc3_completed,perfect_global,,,,,,,,,,,,,,
119,MPC-3,809,test_id,id_actual,id_reliable,3,,3316.583537359479,,,,1655.7630009651184,34.495062520106636,300.46600008010864,0,0,True,,200809,pure_mpc_clean,4,48,True,,1.0,1.0,0.12499999980510323,0.12499999980626819,0.12499999980773062,0.12499999980653831,"[0.0, 2.287331202046752, 1.1731472976449988, 7.237369260144643, 11.599021993175814, 21.818064559013436, 11.006953531798079, 10.891347574256958, 16.182705506549404, 19.38394316911864, 46.42919128598959, 79.52960027782461, 48.967335640052084, 49.74954714232891, 23.396766156184682, 11.964904384798858, 9.49808897974211, 7.031465574685323, 4.565034169762461, 2.0987947652055543, 0.0, 0.0, 0.0, 0.0, 0.0, 0.0, 0.0, 0.0, 0.0, 0.0, 82.98315650182454, 157.7117292588926, 226.69908106894354, 261.00675637956545, 250.39327062791438, 218.5302522441925, 103.82499386331205, 122.10741165497596, 139.82332764132173, 170.04056265148176, 143.16816247446212, 142.96076097116682, 148.02288655689384, 154.82721127715973, 142.85996996653466, 154.80784132009273, 160.6552921788569, 151.35025825156478]","[1.8350000381469727, 2.3310000896453857, 300.33700013160706, 300.4170000553131, 300.46600008010864, 48.0239999294281, 32.50600004196167, 25.73800015449524, 26.91100001335144, 30.525999784469604, 30.496999979019165, 29.158999919891357, 32.472999811172485, 41.77300000190735, 2.695000171661377, 22.830000162124634, 2.3989999294281006, 2.052999973297119, 1.7030000686645508, 1.688999891281128, 2.140000104904175, 2.2290000915527344, 2.509999990463257, 2.265000104904175, 2.934999942779541, 2.2839999198913574, 2.7679998874664307, 2.5, 2.2280001640319824, 31.77500009536743, 42.32599997520447, 2.2139999866485596, 42.37700009346008, 2.1670000553131104, 27.901999950408936, 17.819999933242798, 26.686000108718872, 25.74500012397766, 25.322999954223633, 22.960000038146973, 24.610000133514404, 25.931999921798706, 30.31599998474121, 22.592000007629395, 24.789999961853027, 0.5659999847412109, 0.36300015449523926, 1.0780000686645508]",,,2883.6875,0.0,1767.375,1068.25,2.9375,34.495062520106636,0.0004750682706591898,0.0020806749699909506,2.4375,2.0,,,,,,formal/selected_119_operable_20.json,operable_perfect_global_and_rolling_mpc3_subset,9,perfect_global_certified_and_rolling_mpc3_completed,rolling_mpc3,,"[2, 2, 9, 9, 9, 2, 2, 2, 2, 2, 2, 2, 2, 2, 2, 2, 2, 2, 2, 2, 2, 2, 2, 2, 2, 2, 2, 2, 2, 2, 2, 2, 2, 2, 2, 2, 2, 2, 2, 2, 2, 2, 2, 2, 2, 2, 2, 2]","[2, 2, 10, 6, 3, 4, 2, 2, 2, 2, 2, 2, 4, 9, 2, 3, 2, 2, 2, 3, 2, 2, 2, 2, 2, 2, 2, 3, 2, 3, 5, 2, 7, 2, 2, 3, 2, 3, 2, 2, 2, 2, 2, 2, 2, 2, 2, 2]",False,0,[],"[0, 0, 0, 0, 0, 0, 0, 0, 0, 0, 0, 0, 0, 0, 0, 0, 0, 0, 0, 0, 0, 0, 0, 0, 0, 0, 0, 0, 0, 0, 0, 0, 0, 0, 0, 0, 0, 0, 0, 0, 0, 0, 0, 0, 0, 0, 0, 0]",False,0,0.0,"[0, 0, 0, 0, 0, 0, 0, 0, 0, 0, 0, 0, 0, 0, 0, 0, 0, 0, 0, 0, 0, 0, 0, 0, 0, 0, 0, 0, 0, 0, 0, 0, 0, 0, 0, 0, 0, 0, 0, 0, 0, 0, 0, 0, 0, 0, 0, 0]","[0.0, 0.0, 0.0, 0.0, 0.0, 0.0, 0.0, 0.0, 0.0, 0.0, 0.0, 0.0, 0.0, 0.0, 0.0, 0.0, 0.0, 0.0, 0.0, 0.0, 0.0, 0.0, 0.0, 0.0, 0.0, 0.0, 0.0, 0.0, 0.0, 0.0, 0.0, 0.0, 0.0, 0.0, 0.0, 0.0, 0.0, 0.0, 0.0, 0.0, 0.0, 0.0, 0.0, 0.0, 0.0, 0.0, 0.0, 0.0]",45,3
119,Perfect-Global,810,test_id,id_actual,perfect_full_horizon,48,,1826.7765362105915,1826.7765362105915,0.0,,77.32500004768372,1.6109375009934108,77.32500004768372,0,0,True,,200810,perfect_global_clean,48,48,True,full_day_optimization_objective,0.9999937443210114,0.9999937410222075,0.1250028756238495,0.12500286224549137,0.12500284067084858,0.12500285497975547,"[2.4649830454566692, 4.9294599144356885, 7.394103731472033, 9.858312611401686, 12.320097506433681, 12.329053998004593, 12.329432904250359, 12.329364769858968, 12.32884062048075, 12.328800320706916, 12.328762567030955, 12.32941186080437, 37.366695601964004, 11.302943942399436, 8.838983576890731, 6.373814302988935, 3.9083713756521234, 1.442886295651791, 0.0007005628885800719, 0.0006942139639882738, 0.000693830284842208, 0.0006938576745902059, 0.0006938476122995728, 0.0006938498695073671, 0.000697167300405491, 0.0019485788213539823, 2.4669473228515213, 4.932791733909282, 7.39898812551719, 9.86544866093037, 12.33266107244623, 12.332743992357237, 18.922320656484896, 21.340736039726572, 101.96573178365946, 169.86221549060028, 94.19671917082806, 103.35536313324766, 109.59784810352481, 126.74031094612944, 119.78703165871103, 96.06991183276284, 97.2190999500742, 114.29664458135557, 101.05396522384389, 108.01795984357977, 102.08969664931529, 100.42026538443659]","[1.6109375009934108, 1.6109375009934108, 1.6109375009934108, 1.6109375009934108, 1.6109375009934108, 1.6109375009934108, 1.6109375009934108, 1.6109375009934108, 1.6109375009934108, 1.6109375009934108, 1.6109375009934108, 1.6109375009934108, 1.6109375009934108, 1.6109375009934108, 1.6109375009934108, 1.6109375009934108, 1.6109375009934108, 1.6109375009934108, 1.6109375009934108, 1.6109375009934108, 1.6109375009934108, 1.6109375009934108, 1.6109375009934108, 1.6109375009934108, 1.6109375009934108, 1.6109375009934108, 1.6109375009934108, 1.6109375009934108, 1.6109375009934108, 1.6109375009934108, 1.6109375009934108, 1.6109375009934108, 1.6109375009934108, 1.6109375009934108, 1.6109375009934108, 1.6109375009934108, 1.6109375009934108, 1.6109375009934108, 1.6109375009934108, 1.6109375009934108, 1.6109375009934108, 1.6109375009934108, 1.6109375009934108, 1.6109375009934108, 1.6109375009934108, 1.6109375009934108, 1.6109375009934108, 1.6109375009934108]",True,2,46850,0,28850,17472,48,77.32500004768372,0.0009135032649482961,0.0009135032649482961,2,2,,perfect_global_119,20,10,completed_and_certified_full_day_hard_opf,formal/selected_119_operable_20.json,operable_perfect_global_and_rolling_mpc3_subset,10,perfect_global_certified_and_rolling_mpc3_completed,perfect_global,,,,,,,,,,,,,,
119,MPC-3,810,test_id,id_actual,id_reliable,3,,3342.3257098713916,,,,1238.8530008792877,25.809437518318493,300.5569999217987,0,0,True,,200810,pure_mpc_clean,4,48,True,,1.0,1.0,0.12499999980510686,0.12499999980642285,0.12499999980774461,0.124999999806538,"[0.0, 0.0, 1.8218417497492034, 4.288053910617162, 4.6443503035113824, 7.106688640691729, 21.556403170813198, 11.292676769384586, 11.704262335918337, 11.862813337125232, 39.03492311710239, 80.62225393823798, 48.01361462116011, 29.52087400481257, 50.0745192787557, 9.865456000000002, 7.398804, 4.9323440000000005, 2.466076, 0.0, 0.0, 0.0, 0.0, 0.0, 0.0, 0.0, 0.0, 0.0, 0.0, 74.5376264719597, 115.92890680893086, 146.0805565476993, 221.90118391609127, 185.18997664223173, 202.47115744949284, 230.2518993228114, 105.46126550250229, 130.67046658845783, 160.85348598221455, 191.21483248770565, 176.52636449434402, 140.87688487188987, 146.58849696485072, 164.25037049776, 139.18479942031726, 158.40720922238575, 154.54008923604962, 151.18418226581767]","[1.819000005722046, 1.9189999103546143, 2.2059998512268066, 31.705999851226807, 2.5180001258850098, 33.67700004577637, 30.546000003814697, 13.877000093460083, 30.723999977111816, 27.949000120162964, 30.049999952316284, 32.66199994087219, 41.22000002861023, 300.5569999217987, 45.1489999294281, 2.6130001544952393, 1.9090001583099365, 2.7109999656677246, 4.315999984741211, 2.1100001335144043, 3.00600004196167, 2.9769999980926514, 2.7350001335144043, 2.3930001258850098, 2.565000057220459, 3.4070000648498535, 2.368000030517578, 2.620000123977661, 70.14100003242493, 64.25399994850159, 24.980000019073486, 32.41700005531311, 34.92199993133545, 32.60599994659424, 32.98799991607666, 31.812000036239624, 31.075999975204468, 33.26100015640259, 31.349000215530396, 0.630000114440918, 30.07099986076355, 34.371999979019165, 31.751999855041504, 30.3510000705719, 27.901999950408936, 0.4760000705718994, 0.27500009536743164, 0.9089999198913574]",,,2883.6875,0.0,1767.375,1068.25,2.9375,25.809437518318493,0.00040134710001238464,0.0011379283384422361,2.1458333333333335,2.0,,,,,,formal/selected_119_operable_20.json,operable_perfect_global_and_rolling_mpc3_subset,10,perfect_global_certified_and_rolling_mpc3_completed,rolling_mpc3,,"[2, 2, 2, 2, 2, 2, 2, 2, 2, 2, 2, 2, 2, 9, 2, 2, 2, 2, 2, 2, 2, 2, 2, 2, 2, 2, 2, 2, 2, 2, 2, 2, 2, 2, 2, 2, 2, 2, 2, 2, 2, 2, 2, 2, 2, 2, 2, 2]","[2, 2, 2, 3, 2, 4, 2, 2, 2, 2, 2, 2, 3, 9, 2, 2, 2, 2, 3, 3, 2, 2, 2, 2, 2, 2, 2, 2, 4, 10, 3, 3, 2, 2, 2, 3, 2, 2, 2, 2, 2, 2, 2, 2, 2, 2, 2, 2]",False,0,[],"[0, 0, 0, 0, 0, 0, 0, 0, 0, 0, 0, 0, 0, 0, 0, 0, 0, 0, 0, 0, 0, 0, 0, 0, 0, 0, 0, 0, 0, 0, 0, 0, 0, 0, 0, 0, 0, 0, 0, 0, 0, 0, 0, 0, 0, 0, 0, 0]",False,0,0.0,"[0, 0, 0, 0, 0, 0, 0, 0, 0, 0, 0, 0, 0, 0, 0, 0, 0, 0, 0, 0, 0, 0, 0, 0, 0, 0, 0, 0, 0, 0, 0, 0, 0, 0, 0, 0, 0, 0, 0, 0, 0, 0, 0, 0, 0, 0, 0, 0]","[0.0, 0.0, 0.0, 0.0, 0.0, 0.0, 0.0, 0.0, 0.0, 0.0, 0.0, 0.0, 0.0, 0.0, 0.0, 0.0, 0.0, 0.0, 0.0, 0.0, 0.0, 0.0, 0.0, 0.0, 0.0, 0.0, 0.0, 0.0, 0.0, 0.0, 0.0, 0.0, 0.0, 0.0, 0.0, 0.0, 0.0, 0.0, 0.0, 0.0, 0.0, 0.0, 0.0, 0.0, 0.0, 0.0, 0.0, 0.0]",47,1
119,Perfect-Global,811,test_id,id_actual,perfect_full_horizon,48,,,,,,3600.3580000400543,3600.3580000400543,3600.3580000400543,1,1,False,solver_failure,200811,perfect_global_clean,48,0,True,full_day_optimization_objective,nan,nan,nan,nan,nan,nan,[],[],False,9,46850,0,28850,17472,48,3600.3580000400543,nan,nan,9,0,"method=Perfect-Global, scenario=811, actual_case=id_actual: Gurobi produced no solution: status=9, sol_count=0",perfect_global_119,20,11,completed_and_certified_full_day_hard_opf,,operable_screening_candidate,11,perfect_global_certified_and_rolling_mpc3_completed,perfect_global,,,,,,,,,,,,,,
119,Perfect-Global,812,test_id,id_actual,perfect_full_horizon,48,,1955.1021469096056,1955.1021469096056,0.0,,57.31699991226196,1.194104164838791,57.31699991226196,0,0,True,,200812,perfect_global_clean,48,48,True,full_day_optimization_objective,0.9999997417475713,0.999999741592807,0.12500011870974229,0.1250001181153668,0.12500011725284224,0.1250001178450655,"[2.4660688156091695, 4.932325260264419, 7.398773824623909, 9.865411160943534, 12.332228963136034, 12.332279521502036, 12.332280850897275, 12.33227952481953, 12.332280842819776, 12.33227951270613, 12.332279524524544, 12.332279531132224, 39.41688590047894, 17.260394235451987, 12.034905429104544, 9.568103661927964, 7.101484344614215, 4.635061793233706, 2.1688455410439835, 2.8612114100589867e-05, 2.860632315382323e-05, 2.860621252036317e-05, 2.8606236945187707e-05, 2.8605929582008094e-05, 2.860619930254362e-05, 8.016182450660349e-05, 2.4661116861315477, 4.932362277660897, 7.398811454767027, 9.865455601658896, 12.332314903175675, 12.332318500360126, 12.332318511683155, 72.29316981161008, 142.58643660193314, 171.09792810726037, 108.80913326705398, 105.15895282095299, 120.35938317043914, 103.05514050747168, 106.01276466133227, 107.13800507129453, 115.25809228506543, 111.85882214679796, 95.7264437805041, 110.14391382578626, 94.50445586389421, 113.93311200909804]","[1.194104164838791, 1.194104164838791, 1.194104164838791, 1.194104164838791, 1.194104164838791, 1.194104164838791, 1.194104164838791, 1.194104164838791, 1.194104164838791, 1.194104164838791, 1.194104164838791, 1.194104164838791, 1.194104164838791, 1.194104164838791, 1.194104164838791, 1.194104164838791, 1.194104164838791, 1.194104164838791, 1.194104164838791, 1.194104164838791, 1.194104164838791, 1.194104164838791, 1.194104164838791, 1.194104164838791, 1.194104164838791, 1.194104164838791, 1.194104164838791, 1.194104164838791, 1.194104164838791, 1.194104164838791, 1.194104164838791, 1.194104164838791, 1.194104164838791, 1.194104164838791, 1.194104164838791, 1.194104164838791, 1.194104164838791, 1.194104164838791, 1.194104164838791, 1.194104164838791, 1.194104164838791, 1.194104164838791, 1.194104164838791, 1.194104164838791, 1.194104164838791, 1.194104164838791, 1.194104164838791, 1.194104164838791]",True,2,46850,0,28850,17472,48,57.31699991226196,0.0007016954857386663,0.0007016954857386663,2,2,,perfect_global_119,20,12,completed_and_certified_full_day_hard_opf,formal/selected_119_operable_20.json,operable_perfect_global_and_rolling_mpc3_subset,12,perfect_global_certified_and_rolling_mpc3_completed,perfect_global,,,,,,,,,,,,,,
119,MPC-3,812,test_id,id_actual,id_reliable,3,,3374.326257018943,,,,1602.3440001010895,33.3821666687727,300.52499985694885,0,0,True,,200812,pure_mpc_clean,4,48,True,,1.0,1.0,0.12499999980511821,0.12499999980647668,0.12499999980794615,0.12499999980654666,"[1.5721208542456249, 0.5655286706931757, 2.4911185752226244, 4.917382254506355, 7.383837540289876, 8.886960236904642, 11.000369025005135, 10.879975256031635, 12.642327070582654, 9.865449223152817, 35.37103417906355, 76.36990213900901, 50.79928043124771, 71.42093059599732, 42.029160791896366, 12.196680168749486, 9.729846724963581, 7.263205281177596, 4.796755837659463, 2.330498394873242, 0.0, 0.0, 0.0, 0.0, 0.0, 0.0, 0.0, 0.0, 0.0, 2.4660691540165356, 109.79173888932965, 170.19807256536004, 124.62030069787849, 236.9035875399154, 239.0548759204459, 275.1828565211617, 129.8639351898024, 132.22780335401848, 178.6722008906704, 146.7064985056089, 160.9052805872804, 159.34410465373693, 162.99642292481465, 163.63935436750913, 139.50022478844153, 155.4095327217082, 134.16074613149212, 170.1702883644802]","[181.44200015068054, 300.26900005340576, 300.52499985694885, 30.788000106811523, 26.99399995803833, 27.768999814987183, 28.682000160217285, 39.68400001525879, 29.782000064849854, 1.930999994277954, 28.66100001335144, 25.302000045776367, 38.19199991226196, 28.76099991798401, 48.556999921798706, 10.096999883651733, 1.7840001583099365, 1.6790001392364502, 1.9259998798370361, 1.498000144958496, 1.6029999256134033, 1.6059999465942383, 1.7390000820159912, 1.6759998798370361, 12.242000102996826, 1.813000202178955, 1.9149999618530273, 2.2920000553131104, 2.044999837875366, 57.16100001335144, 34.21399998664856, 29.01200008392334, 31.65399980545044, 13.51799988746643, 8.042999982833862, 26.58299994468689, 25.493000030517578, 25.119999885559082, 23.88700008392334, 25.384999990463257, 6.99399995803833, 23.890000104904175, 22.126999855041504, 40.21300005912781, 26.14900016784668, 0.4890000820159912, 0.2999999523162842, 0.8580000400543213]",,,2883.6875,0.0,1767.375,1068.25,2.9375,33.3821666687727,0.0004809374611172502,0.004059086327674879,2.2916666666666665,2.0,,,,,,formal/selected_119_operable_20.json,operable_perfect_global_and_rolling_mpc3_subset,12,perfect_global_certified_and_rolling_mpc3_completed,rolling_mpc3,,"[2, 9, 9, 2, 2, 2, 2, 2, 2, 2, 2, 2, 2, 2, 2, 2, 2, 2, 2, 2, 2, 2, 2, 2, 2, 2, 2, 2, 2, 2, 2, 2, 2, 2, 2, 2, 2, 2, 2, 2, 2, 2, 2, 2, 2, 2, 2, 2]","[7, 10, 10, 3, 2, 2, 10, 10, 2, 2, 2, 2, 6, 2, 10, 5, 2, 2, 2, 2, 2, 3, 2, 2, 4, 3, 2, 2, 2, 10, 7, 2, 5, 6, 2, 2, 2, 2, 2, 2, 2, 2, 2, 4, 2, 2, 2, 2]",False,0,[],"[0, 0, 0, 0, 0, 0, 0, 0, 0, 0, 0, 0, 0, 0, 0, 0, 0, 0, 0, 0, 0, 0, 0, 0, 0, 0, 0, 0, 0, 0, 0, 0, 0, 0, 0, 0, 0, 0, 0, 0, 0, 0, 0, 0, 0, 0, 0, 0]",False,0,0.0,"[0, 0, 0, 0, 0, 0, 0, 0, 0, 0, 0, 0, 0, 0, 0, 0, 0, 0, 0, 0, 0, 0, 0, 0, 0, 0, 0, 0, 0, 0, 0, 0, 0, 0, 0, 0, 0, 0, 0, 0, 0, 0, 0, 0, 0, 0, 0, 0]","[0.0, 0.0, 0.0, 0.0, 0.0, 0.0, 0.0, 0.0, 0.0, 0.0, 0.0, 0.0, 0.0, 0.0, 0.0, 0.0, 0.0, 0.0, 0.0, 0.0, 0.0, 0.0, 0.0, 0.0, 0.0, 0.0, 0.0, 0.0, 0.0, 0.0, 0.0, 0.0, 0.0, 0.0, 0.0, 0.0, 0.0, 0.0, 0.0, 0.0, 0.0, 0.0, 0.0, 0.0, 0.0, 0.0, 0.0, 0.0]",46,2
119,Perfect-Global,813,test_id,id_actual,perfect_full_horizon,48,,,,,,19.188999891281128,19.188999891281128,19.188999891281128,1,0,False,solver_failure,200813,perfect_global_clean,48,0,True,full_day_optimization_objective,nan,nan,nan,nan,nan,nan,[],[],False,3,46850,0,28850,17472,48,19.188999891281128,nan,nan,3,0,"method=Perfect-Global, scenario=813, actual_case=id_actual: Gurobi produced no solution: status=3, sol_count=0",perfect_global_119,20,13,completed_and_certified_full_day_hard_opf,,operable_screening_candidate,13,perfect_global_certified_and_rolling_mpc3_completed,perfect_global,,,,,,,,,,,,,,
119,Perfect-Global,814,test_id,id_actual,perfect_full_horizon,48,,1941.330944606665,1941.330944606665,0.0,,93.17300009727478,1.9411041686932247,93.17300009727478,0,0,True,,200814,perfect_global_clean,48,48,True,full_day_optimization_objective,0.9999937441290184,0.9999937413678675,0.1250028757515345,0.12500286170805575,0.12500284133699321,0.12500285465912528,"[2.4752096432485287, 4.940740862748036, 7.407023560407697, 9.873332478063391, 12.339838694100251, 12.340333369257571, 12.336195241014403, 12.340137786820836, 12.340047447256737, 12.340195793907114, 12.339481762727367, 12.33619871990534, 38.32201458909831, 12.332126370700387, 12.332125986343163, 10.557791085378387, 8.091258935089886, 5.624976550574733, 3.1590017183484544, 0.6935654696630725, 0.0006934211842011619, 0.0006932293354686548, 0.0006932630784161241, 0.0006933172479682371, 0.0006933114396254141, 0.001943481052502293, 2.466942158971543, 4.932788355684988, 7.398986026550511, 9.865447582297236, 12.332662125051524, 12.332746958852692, 20.87136856072689, 76.76287453080067, 149.52322851585333, 157.07355846601016, 102.67780042557072, 110.51900288264073, 99.93029486994496, 95.7052323949585, 112.80567737670951, 102.25321167601629, 109.60857608933024, 119.31289500704352, 101.0370378264216, 109.88709859784214, 100.82984578943501, 108.67666230196056]","[1.9411041686932247, 1.9411041686932247, 1.9411041686932247, 1.9411041686932247, 1.9411041686932247, 1.9411041686932247, 1.9411041686932247, 1.9411041686932247, 1.9411041686932247, 1.9411041686932247, 1.9411041686932247, 1.9411041686932247, 1.9411041686932247, 1.9411041686932247, 1.9411041686932247, 1.9411041686932247, 1.9411041686932247, 1.9411041686932247, 1.9411041686932247, 1.9411041686932247, 1.9411041686932247, 1.9411041686932247, 1.9411041686932247, 1.9411041686932247, 1.9411041686932247, 1.9411041686932247, 1.9411041686932247, 1.9411041686932247, 1.9411041686932247, 1.9411041686932247, 1.9411041686932247, 1.9411041686932247, 1.9411041686932247, 1.9411041686932247, 1.9411041686932247, 1.9411041686932247, 1.9411041686932247, 1.9411041686932247, 1.9411041686932247, 1.9411041686932247, 1.9411041686932247, 1.9411041686932247, 1.9411041686932247, 1.9411041686932247, 1.9411041686932247, 1.9411041686932247, 1.9411041686932247, 1.9411041686932247]",True,2,46850,0,28850,17472,48,93.17300009727478,0.0009261341087224189,0.0009261341087224189,2,2,,perfect_global_119,20,14,completed_and_certified_full_day_hard_opf,formal/selected_119_operable_20.json,operable_perfect_global_and_rolling_mpc3_subset,14,perfect_global_certified_and_rolling_mpc3_completed,perfect_global,,,,,,,,,,,,,,
119,MPC-3,814,test_id,id_actual,id_reliable,3,,3449.8304917991827,,,,929.2189989089966,19.358729143937428,119.00599980354309,0,0,True,,200814,pure_mpc_clean,4,48,True,,0.9999997418716172,0.9999997416298048,0.12500011848584638,0.12500011774304973,0.12500011680378695,0.12500011766574004,"[0.6926453766218698, 0.0, 2.4660567602964094, 4.932300360388276, 7.3821007023610745, 15.658908356354582, 10.30130358565149, 11.761889473705084, 12.281287850516838, 12.280043646068957, 45.529712953277354, 74.8759894354165, 46.69539555851893, 42.60470222853501, 24.2101225041173, 24.389087326779723, 9.865456000000002, 7.398804, 4.9323440000000005, 2.466076, 0.0, 0.0, 0.0, 0.0, 0.0, 0.0, 0.0, 0.0, 0.0, 72.98040149872608, 133.65801899790097, 163.91811577231758, 216.44531944593663, 230.4379461844217, 252.73366641299694, 219.25121058115633, 121.20422481917734, 143.51219346767743, 142.26921302385486, 137.53715905548563, 155.2180676714188, 144.45963996518952, 160.34661449196398, 178.70476476497882, 148.03853784828604, 156.75209326380295, 143.8621404578151, 167.77693795746652]","[1.758000135421753, 1.8229999542236328, 96.88699984550476, 16.889999866485596, 27.073999881744385, 119.00599980354309, 1.7669999599456787, 2.053999900817871, 29.09999990463257, 29.49500012397766, 27.319999933242798, 29.147000074386597, 35.07800006866455, 26.60199999809265, 31.03500008583069, 20.968000173568726, 2.009000062942505, 2.177999973297119, 1.7209999561309814, 1.6539998054504395, 1.4760000705718994, 1.4739999771118164, 1.7650001049041748, 1.871999979019165, 1.49399995803833, 1.9129998683929443, 1.9930000305175781, 1.8959999084472656, 1.8299999237060547, 36.680999994277954, 27.47699999809265, 1.682999849319458, 1.7049999237060547, 33.33699989318848, 35.14100003242493, 28.98200011253357, 44.875, 26.549000024795532, 23.44099998474121, 23.621000051498413, 28.027999877929688, 26.48099994659424, 24.824000120162964, 24.264999866485596, 21.943000078201294, 0.4679999351501465, 0.32200002670288086, 0.11699986457824707]",,,2883.6875,0.0,1767.375,1068.25,2.9375,19.358729143937428,0.0003892789197544543,0.0009997243306552298,2.0,2.0,,,,,,formal/selected_119_operable_20.json,operable_perfect_global_and_rolling_mpc3_subset,14,perfect_global_certified_and_rolling_mpc3_completed,rolling_mpc3,,"[2, 2, 2, 2, 2, 2, 2, 2, 2, 2, 2, 2, 2, 2, 2, 2, 2, 2, 2, 2, 2, 2, 2, 2, 2, 2, 2, 2, 2, 2, 2, 2, 2, 2, 2, 2, 2, 2, 2, 2, 2, 2, 2, 2, 2, 2, 2, 2]","[2, 2, 3, 3, 2, 3, 3, 2, 2, 2, 2, 2, 3, 2, 2, 2, 2, 2, 3, 2, 2, 3, 2, 2, 2, 2, 2, 2, 2, 5, 2, 2, 2, 10, 2, 2, 6, 2, 2, 3, 2, 2, 2, 2, 2, 2, 2, 2]",False,0,[],"[0, 0, 0, 0, 0, 0, 0, 0, 0, 0, 0, 0, 0, 0, 0, 0, 0, 0, 0, 0, 0, 0, 0, 0, 0, 0, 0, 0, 0, 0, 0, 0, 0, 0, 0, 0, 0, 0, 0, 0, 0, 0, 0, 0, 0, 0, 0, 0]",False,0,0.0,"[0, 0, 0, 0, 0, 0, 0, 0, 0, 0, 0, 0, 0, 0, 0, 0, 0, 0, 0, 0, 0, 0, 0, 0, 0, 0, 0, 0, 0, 0, 0, 0, 0, 0, 0, 0, 0, 0, 0, 0, 0, 0, 0, 0, 0, 0, 0, 0]","[0.0, 0.0, 0.0, 0.0, 0.0, 0.0, 0.0, 0.0, 0.0, 0.0, 0.0, 0.0, 0.0, 0.0, 0.0, 0.0, 0.0, 0.0, 0.0, 0.0, 0.0, 0.0, 0.0, 0.0, 0.0, 0.0, 0.0, 0.0, 0.0, 0.0, 0.0, 0.0, 0.0, 0.0, 0.0, 0.0, 0.0, 0.0, 0.0, 0.0, 0.0, 0.0, 0.0, 0.0, 0.0, 0.0, 0.0, 0.0]",48,0
119,Perfect-Global,815,test_id,id_actual,perfect_full_horizon,48,,,,,,22.97499990463257,22.97499990463257,22.97499990463257,1,0,False,solver_failure,200815,perfect_global_clean,48,0,True,full_day_optimization_objective,nan,nan,nan,nan,nan,nan,[],[],False,3,46850,0,28850,17472,48,22.97499990463257,nan,nan,3,0,"method=Perfect-Global, scenario=815, actual_case=id_actual: Gurobi produced no solution: status=3, sol_count=0",perfect_global_119,20,15,completed_and_certified_full_day_hard_opf,,operable_screening_candidate,15,perfect_global_certified_and_rolling_mpc3_completed,perfect_global,,,,,,,,,,,,,,
119,Perfect-Global,816,test_id,id_actual,perfect_full_horizon,48,,,,,,27.59500002861023,27.59500002861023,27.59500002861023,1,0,False,solver_failure,200816,perfect_global_clean,48,0,True,full_day_optimization_objective,nan,nan,nan,nan,nan,nan,[],[],False,3,46850,0,28850,17472,48,27.59500002861023,nan,nan,3,0,"method=Perfect-Global, scenario=816, actual_case=id_actual: Gurobi produced no solution: status=3, sol_count=0",perfect_global_119,20,16,completed_and_certified_full_day_hard_opf,,operable_screening_candidate,16,perfect_global_certified_and_rolling_mpc3_completed,perfect_global,,,,,,,,,,,,,,
119,Perfect-Global,817,test_id,id_actual,perfect_full_horizon,48,,,,,,3600.3759999275208,3600.3759999275208,3600.3759999275208,1,1,False,solver_failure,200817,perfect_global_clean,48,0,True,full_day_optimization_objective,nan,nan,nan,nan,nan,nan,[],[],False,9,46850,0,28850,17472,48,3600.3759999275208,nan,nan,9,0,"method=Perfect-Global, scenario=817, actual_case=id_actual: Gurobi produced no solution: status=9, sol_count=0",perfect_global_119,20,17,completed_and_certified_full_day_hard_opf,,operable_screening_candidate,17,perfect_global_certified_and_rolling_mpc3_completed,perfect_global,,,,,,,,,,,,,,
119,Perfect-Global,818,test_id,id_actual,perfect_full_horizon,48,,,,,,22.822999954223633,22.822999954223633,22.822999954223633,1,0,False,solver_failure,200818,perfect_global_clean,48,0,True,full_day_optimization_objective,nan,nan,nan,nan,nan,nan,[],[],False,3,46850,0,28850,17472,48,22.822999954223633,nan,nan,3,0,"method=Perfect-Global, scenario=818, actual_case=id_actual: Gurobi produced no solution: status=3, sol_count=0",perfect_global_119,20,18,completed_and_certified_full_day_hard_opf,,operable_screening_candidate,18,perfect_global_certified_and_rolling_mpc3_completed,perfect_global,,,,,,,,,,,,,,
119,Perfect-Global,819,test_id,id_actual,perfect_full_horizon,48,,,,,,3600.411999940872,3600.411999940872,3600.411999940872,1,1,False,solver_failure,200819,perfect_global_clean,48,0,True,full_day_optimization_objective,nan,nan,nan,nan,nan,nan,[],[],False,9,46850,0,28850,17472,48,3600.411999940872,nan,nan,9,0,"method=Perfect-Global, scenario=819, actual_case=id_actual: Gurobi produced no solution: status=9, sol_count=0",perfect_global_119,20,19,completed_and_certified_full_day_hard_opf,,operable_screening_candidate,19,perfect_global_certified_and_rolling_mpc3_completed,perfect_global,,,,,,,,,,,,,,
119,Perfect-Global,820,test_id,id_actual,perfect_full_horizon,48,,1846.0874662897763,1846.0874662897763,0.0,,44.378000020980835,0.9245416671037674,44.378000020980835,0,0,True,,200820,perfect_global_clean,48,48,True,full_day_optimization_objective,0.9999937434259315,0.9999937411254756,0.1250028759283098,0.1250028617310717,0.12500284131697606,0.12500285514262582,"[2.465677822071178, 4.93130131120598, 7.397115469714486, 9.86292072604259, 12.328150077941249, 12.331142666257412, 12.33125039910291, 12.331248518943518, 12.331247386980184, 12.331137967920954, 12.331248878876366, 12.331141842355427, 22.38495139645825, 12.331258529498152, 11.33368640023972, 8.86796446154845, 6.401913759505345, 3.9358799570413683, 1.4703859140451478, 0.0006957861700235691, 0.0006934649332780427, 0.0006933986441058421, 0.0006934604491110829, 0.0006935027270999167, 0.0006934177730419054, 0.0019438825099627047, 2.4669422524047864, 4.9327884037455005, 7.398985876916205, 9.865447211218862, 12.332660753966763, 12.332742749251288, 12.332757202656387, 57.95838634292236, 147.769216673186, 170.899835734229, 84.92145057231386, 94.89156385924886, 108.97227203037374, 102.9436693702797, 106.76154243758751, 100.23319129362653, 89.26382645503263, 111.47415602212271, 119.41462773605191, 106.25251200724121, 101.19263819692063, 91.44052270952477]","[0.9245416671037674, 0.9245416671037674, 0.9245416671037674, 0.9245416671037674, 0.9245416671037674, 0.9245416671037674, 0.9245416671037674, 0.9245416671037674, 0.9245416671037674, 0.9245416671037674, 0.9245416671037674, 0.9245416671037674, 0.9245416671037674, 0.9245416671037674, 0.9245416671037674, 0.9245416671037674, 0.9245416671037674, 0.9245416671037674, 0.9245416671037674, 0.9245416671037674, 0.9245416671037674, 0.9245416671037674, 0.9245416671037674, 0.9245416671037674, 0.9245416671037674, 0.9245416671037674, 0.9245416671037674, 0.9245416671037674, 0.9245416671037674, 0.9245416671037674, 0.9245416671037674, 0.9245416671037674, 0.9245416671037674, 0.9245416671037674, 0.9245416671037674, 0.9245416671037674, 0.9245416671037674, 0.9245416671037674, 0.9245416671037674, 0.9245416671037674, 0.9245416671037674, 0.9245416671037674, 0.9245416671037674, 0.9245416671037674, 0.9245416671037674, 0.9245416671037674, 0.9245416671037674, 0.9245416671037674]",True,2,46850,0,28850,17472,48,44.378000020980835,0.0009281547192306964,0.0009281547192306964,2,2,,perfect_global_119,20,20,completed_and_certified_full_day_hard_opf,formal/selected_119_operable_20.json,operable_perfect_global_and_rolling_mpc3_subset,20,perfect_global_certified_and_rolling_mpc3_completed,perfect_global,,,,,,,,,,,,,,
119,MPC-3,820,test_id,id_actual,id_reliable,3,,3272.735021838144,,,,1352.8709995746613,28.184812491138775,300.4760000705719,0,0,True,,200820,pure_mpc_clean,4,48,True,,0.9999937459968129,0.9999937419214413,0.12500283977843327,0.1250028005892649,0.12500277810073462,0.12500279634094413,"[0.0, 1.1108674306001933, 2.423904189959806, 4.865577927057855, 6.141096678247926, 8.459735889344762, 10.925878314023322, 12.280886996408464, 12.326057286891066, 10.818980845239642, 43.907109881331934, 75.48138835449456, 34.95066160458085, 36.196619886266994, 55.12550221005534, 9.865456000000002, 8.848963836715928, 6.382390958287509, 3.9160100801269415, 1.4498212026982868, 0.0, 0.0, 0.0, 0.0, 0.0, 0.0, 0.0, 0.0, 0.0, 2.392789604119036, 117.34434280810234, 121.34048796464636, 207.9601401539152, 212.2983204709088, 255.05407446458, 232.4711080374232, 95.94878841574449, 121.82512359650025, 168.78139323755664, 156.20757026003568, 154.05206155885293, 149.73815986335484, 135.32454752671643, 171.30423008482663, 178.27949257410157, 155.1396036400238, 156.0868778843734, 135.70900012003185]","[1.3849999904632568, 1.7130000591278076, 51.050999879837036, 30.691999912261963, 27.77900004386902, 29.852999925613403, 22.539999961853027, 27.621000051498413, 1.940000057220459, 27.605000019073486, 30.188000202178955, 26.603999853134155, 300.21399998664856, 59.53399991989136, 29.62999987602234, 1.7860000133514404, 1.9920001029968262, 1.871000051498413, 1.7619998455047607, 2.2309999465942383, 1.5290000438690186, 1.753000020980835, 1.9290001392364502, 2.0190000534057617, 1.746999979019165, 1.9179999828338623, 1.9249999523162842, 2.003999948501587, 300.4760000705719, 30.700999975204468, 1.753999948501587, 1.687999963760376, 1.8569998741149902, 29.81500005722046, 28.586999893188477, 16.615000009536743, 24.36299991607666, 25.83299994468689, 23.897000074386597, 50.27500009536743, 26.632999897003174, 40.53800010681152, 0.4289999008178711, 27.719000101089478, 25.746999979019165, 2.7090001106262207, 0.29199981689453125, 0.12800002098083496]",,,2883.6875,0.0,1767.375,1068.25,2.9375,28.184812491138775,0.00041933628911806296,0.001181459111436856,2.2916666666666665,2.0,,,,,,formal/selected_119_operable_20.json,operable_perfect_global_and_rolling_mpc3_subset,20,perfect_global_certified_and_rolling_mpc3_completed,rolling_mpc3,,"[2, 2, 2, 2, 2, 2, 2, 2, 2, 2, 2, 2, 9, 2, 2, 2, 2, 2, 2, 2, 2, 2, 2, 2, 2, 2, 2, 2, 9, 2, 2, 2, 2, 2, 2, 2, 2, 2, 2, 2, 2, 2, 2, 2, 2, 2, 2, 2]","[2, 2, 10, 2, 2, 2, 4, 2, 2, 2, 2, 2, 2, 7, 3, 2, 2, 2, 2, 2, 2, 2, 2, 2, 2, 3, 2, 2, 10, 3, 2, 2, 2, 2, 2, 6, 2, 2, 2, 5, 2, 5, 2, 2, 2, 2, 2, 2]",False,0,[],"[0, 0, 0, 0, 0, 0, 0, 0, 0, 0, 0, 0, 0, 0, 0, 0, 0, 0, 0, 0, 0, 0, 0, 0, 0, 0, 0, 0, 0, 0, 0, 0, 0, 0, 0, 0, 0, 0, 0, 0, 0, 0, 0, 0, 0, 0, 0, 0]",False,0,0.0,"[0, 0, 0, 0, 0, 0, 0, 0, 0, 0, 0, 0, 0, 0, 0, 0, 0, 0, 0, 0, 0, 0, 0, 0, 0, 0, 0, 0, 0, 0, 0, 0, 0, 0, 0, 0, 0, 0, 0, 0, 0, 0, 0, 0, 0, 0, 0, 0]","[0.0, 0.0, 0.0, 0.0, 0.0, 0.0, 0.0, 0.0, 0.0, 0.0, 0.0, 0.0, 0.0, 0.0, 0.0, 0.0, 0.0, 0.0, 0.0, 0.0, 0.0, 0.0, 0.0, 0.0, 0.0, 0.0, 0.0, 0.0, 0.0, 0.0, 0.0, 0.0, 0.0, 0.0, 0.0, 0.0, 0.0, 0.0, 0.0, 0.0, 0.0, 0.0, 0.0, 0.0, 0.0, 0.0, 0.0, 0.0]",46,2
119,Perfect-Global,821,test_id,id_actual,perfect_full_horizon,48,,1902.7555951646532,1902.7555951646532,0.0,,875.5769999027252,18.241187497973442,875.5769999027252,0,0,True,,200821,perfect_global_clean,48,48,True,full_day_optimization_objective,1.0,1.0,0.12500000000000672,0.1250000000000067,0.12500000000000663,0.12500000000000666,"[17.797956833937498, 7.743413579197206, 7.398804, 9.865456000000002, 12.332300000000002, 12.332300000000002, 12.332300000000002, 12.332300000000002, 12.332300000000002, 12.332300000000002, 12.332300000000002, 12.332300000000002, 28.397365673860087, 18.150279464867715, 12.332300000000002, 11.54207299528151, 9.075288587330958, 6.608696657618691, 4.142297205958847, 1.6760902321660034, 0.0, 0.0, 0.0, 0.0, 0.0, 0.0, 2.346660015270004, 4.812919195997452, 7.279370854622241, 9.746014991329803, 12.212851608336884, 12.332300000000002, 12.332300000000002, 77.20303790830678, 163.1810413120791, 160.85675548271712, 104.14002989320954, 102.84352465788787, 92.67587679657115, 107.62001079799366, 109.72667724954387, 97.0188715827749, 108.2225453314341, 92.73291896200804, 94.45410350730538, 98.85359535111111, 104.76014672352383, 94.01562171241181]","[18.241187497973442, 18.241187497973442, 18.241187497973442, 18.241187497973442, 18.241187497973442, 18.241187497973442, 18.241187497973442, 18.241187497973442, 18.241187497973442, 18.241187497973442, 18.241187497973442, 18.241187497973442, 18.241187497973442, 18.241187497973442, 18.241187497973442, 18.241187497973442, 18.241187497973442, 18.241187497973442, 18.241187497973442, 18.241187497973442, 18.241187497973442, 18.241187497973442, 18.241187497973442, 18.241187497973442, 18.241187497973442, 18.241187497973442, 18.241187497973442, 18.241187497973442, 18.241187497973442, 18.241187497973442, 18.241187497973442, 18.241187497973442, 18.241187497973442, 18.241187497973442, 18.241187497973442, 18.241187497973442, 18.241187497973442, 18.241187497973442, 18.241187497973442, 18.241187497973442, 18.241187497973442, 18.241187497973442, 18.241187497973442, 18.241187497973442, 18.241187497973442, 18.241187497973442, 18.241187497973442, 18.241187497973442]",True,2,46850,0,28850,17472,48,875.5769999027252,0.0007392121728701638,0.0007392121728701638,2,3,,perfect_global_119,20,21,completed_and_certified_full_day_hard_opf,formal/selected_119_operable_20.json,operable_perfect_global_and_rolling_mpc3_subset,21,perfect_global_certified_and_rolling_mpc3_completed,perfect_global,,,,,,,,,,,,,,
119,MPC-3,821,test_id,id_actual,id_reliable,3,,3334.7400736036793,,,,1902.3999991416931,39.63333331545194,300.60400009155273,0,0,True,,200821,pure_mpc_clean,4,48,True,,0.9999937470637799,0.9999937418889147,0.125002852254178,0.12500283618535674,0.12500281406907499,0.12500283246259206,"[3.6757439407069468, 1.7144717685878534, 4.1333588931734235, 5.894412327131968, 7.810851250097415, 6.580932923024579, 17.803331890588197, 14.76084808096319, 12.134265961605593, 12.331619024760519, 39.30255137198007, 71.33259601919836, 37.059480332245315, 74.56198765537572, 47.01937194666116, 11.542212597993341, 9.075430091642511, 6.608839585291602, 4.142441079208544, 1.6762345738573996, 0.0, 0.0, 0.0, 0.0, 0.0, 0.0, 0.0, 0.0, 0.0, 7.58624376532687, 98.15648032557242, 158.05735045804704, 198.74721427083443, 230.42107853954974, 268.23545090952535, 225.92002584871096, 128.44443032024247, 124.79643319119413, 135.7573948136611, 168.30085400983847, 174.96619503664135, 143.69652245337005, 166.7363456054533, 131.22269912618907, 139.1332093329745, 146.77075076937732, 154.49386626318116, 144.13654724989652]","[92.85399985313416, 300.60400009155273, 29.894999980926514, 31.861999988555908, 27.252000093460083, 30.162999868392944, 96.47200012207031, 51.98400020599365, 10.405999898910522, 27.475000143051147, 31.829999923706055, 27.164000034332275, 126.17599987983704, 31.04100012779236, 48.41599988937378, 2.0490000247955322, 1.696000099182129, 1.621999979019165, 1.628999948501587, 1.5290000438690186, 1.8259999752044678, 1.5709998607635498, 1.8020000457763672, 1.7549998760223389, 1.7599999904632568, 1.7149999141693115, 2.256999969482422, 1.8809998035430908, 300.2330000400543, 300.3220000267029, 2.0439999103546143, 44.98799991607666, 2.179999828338623, 28.24399995803833, 26.334999799728394, 32.050999879837036, 25.98199987411499, 27.686000108718872, 0.4309999942779541, 23.288000106811523, 25.651000022888184, 26.93400001525879, 47.598000049591064, 0.4200000762939453, 0.49199986457824707, 0.45799994468688965, 0.26200008392333984, 0.11500000953674316]",,,2883.6875,0.0,1767.375,1068.25,2.9375,39.63333331545194,0.0005992055434842186,0.005582250527154023,2.4375,1.0,,,,,,formal/selected_119_operable_20.json,operable_perfect_global_and_rolling_mpc3_subset,21,perfect_global_certified_and_rolling_mpc3_completed,rolling_mpc3,,"[2, 9, 2, 2, 2, 2, 2, 2, 2, 2, 2, 2, 2, 2, 2, 2, 2, 2, 2, 2, 2, 2, 2, 2, 2, 2, 2, 2, 9, 9, 2, 2, 2, 2, 2, 2, 2, 2, 2, 2, 2, 2, 2, 2, 2, 2, 2, 2]","[4, 3, 2, 3, 2, 2, 7, 4, 3, 2, 2, 2, 4, 2, 10, 2, 3, 2, 2, 2, 2, 2, 2, 2, 1, 2, 2, 2, 10, 5, 2, 10, 2, 2, 3, 2, 2, 2, 2, 2, 2, 2, 3, 2, 2, 2, 2, 2]",False,0,[],"[0, 0, 0, 0, 0, 0, 0, 0, 0, 0, 0, 0, 0, 0, 0, 0, 0, 0, 0, 0, 0, 0, 0, 0, 0, 0, 0, 0, 0, 0, 0, 0, 0, 0, 0, 0, 0, 0, 0, 0, 0, 0, 0, 0, 0, 0, 0, 0]",False,0,0.0,"[0, 0, 0, 0, 0, 0, 0, 0, 0, 0, 0, 0, 0, 0, 0, 0, 0, 0, 0, 0, 0, 0, 0, 0, 0, 0, 0, 0, 0, 0, 0, 0, 0, 0, 0, 0, 0, 0, 0, 0, 0, 0, 0, 0, 0, 0, 0, 0]","[0.0, 0.0, 0.0, 0.0, 0.0, 0.0, 0.0, 0.0, 0.0, 0.0, 0.0, 0.0, 0.0, 0.0, 0.0, 0.0, 0.0, 0.0, 0.0, 0.0, 0.0, 0.0, 0.0, 0.0, 0.0, 0.0, 0.0, 0.0, 0.0, 0.0, 0.0, 0.0, 0.0, 0.0, 0.0, 0.0, 0.0, 0.0, 0.0, 0.0, 0.0, 0.0, 0.0, 0.0, 0.0, 0.0, 0.0, 0.0]",45,3
119,Perfect-Global,822,test_id,id_actual,perfect_full_horizon,48,,1855.2290852227022,1855.2290852227022,0.0,,82.74799990653992,1.7239166647195816,82.74799990653992,0,0,True,,200822,perfect_global_clean,48,48,True,full_day_optimization_objective,0.9999997417520637,0.9999997415786442,0.12500011871982974,0.12500011810015887,0.12500011730139154,0.12500011785416898,"[2.466059778810779, 4.93230170740351, 7.398735905987599, 9.865354786282968, 12.332139590550934, 12.332256832395483, 12.332252111385028, 12.332256782832193, 12.332252157698226, 12.332256849802292, 12.332256772412276, 12.332252076681982, 19.341556274259155, 12.332256981557515, 10.260278636696528, 7.7936388700845605, 5.327169615608712, 2.8608851878677117, 0.3948070666998372, 2.8610422327452116e-05, 2.860656284907921e-05, 2.8606341189187902e-05, 2.8606532184875185e-05, 2.860651479520086e-05, 2.860659638107288e-05, 2.8619883753372967e-05, 2.2889137530645702, 4.755139363452177, 7.221571265560014, 9.688199932747548, 12.155022982656076, 12.33231834462155, 12.332318529105157, 65.11206538002739, 118.73964360950384, 179.47231707684222, 106.37973971150262, 92.48443299354778, 109.43048458967351, 98.34936434743057, 112.90657742161626, 100.66158527917689, 116.27786810748276, 100.11357368672167, 99.41610580325386, 111.5263454215941, 112.91848040045059, 89.03584897480026]","[1.7239166647195816, 1.7239166647195816, 1.7239166647195816, 1.7239166647195816, 1.7239166647195816, 1.7239166647195816, 1.7239166647195816, 1.7239166647195816, 1.7239166647195816, 1.7239166647195816, 1.7239166647195816, 1.7239166647195816, 1.7239166647195816, 1.7239166647195816, 1.7239166647195816, 1.7239166647195816, 1.7239166647195816, 1.7239166647195816, 1.7239166647195816, 1.7239166647195816, 1.7239166647195816, 1.7239166647195816, 1.7239166647195816, 1.7239166647195816, 1.7239166647195816, 1.7239166647195816, 1.7239166647195816, 1.7239166647195816, 1.7239166647195816, 1.7239166647195816, 1.7239166647195816, 1.7239166647195816, 1.7239166647195816, 1.7239166647195816, 1.7239166647195816, 1.7239166647195816, 1.7239166647195816, 1.7239166647195816, 1.7239166647195816, 1.7239166647195816, 1.7239166647195816, 1.7239166647195816, 1.7239166647195816, 1.7239166647195816, 1.7239166647195816, 1.7239166647195816, 1.7239166647195816, 1.7239166647195816]",True,2,46850,0,28850,17472,48,82.74799990653992,0.0006921166240696008,0.0006921166240696008,2,2,,perfect_global_119,20,22,completed_and_certified_full_day_hard_opf,formal/selected_119_operable_20.json,operable_perfect_global_and_rolling_mpc3_subset,22,perfect_global_certified_and_rolling_mpc3_completed,perfect_global,,,,,,,,,,,,,,
119,MPC-3,822,test_id,id_actual,id_reliable,3,,3297.1360142847016,,,,1736.3340003490448,36.17362500727177,300.46200013160706,0,0,True,,200822,pure_mpc_clean,4,48,True,,0.9999937480036556,0.9999937415210052,0.12500284896035047,0.1250027954508262,0.12500281209505548,0.12500282841413454,"[0.0, 0.0, 2.721880430584929, 2.66879722217008, 5.110590401387561, 23.9525089184518, 9.948768407139138, 13.677025487763151, 11.93336813624143, 25.03187887195721, 44.12947436092684, 70.56324837451335, 26.658392675171797, 44.26529665062366, 29.50605725177025, 10.872587857870144, 8.405857469737436, 5.939319081604648, 3.472972693739711, 1.0068183066066871, 0.0, 0.0, 0.0, 0.0, 0.0, 0.0, 0.0, 0.0, 0.0, 2.072563373593253, 100.69734668931657, 142.23810012817378, 198.80269627103635, 227.25698340003754, 227.86682752065417, 239.94529515527358, 124.5647479822612, 116.14737405324394, 161.77805161066738, 143.2658034957519, 177.0640289812771, 147.9367352670271, 180.86219926148118, 149.87783309541047, 136.75939164431853, 170.92917928392924, 174.47402117981986, 134.7319932931688]","[1.4849998950958252, 1.316999912261963, 300.3670001029968, 300.3670001029968, 30.17799997329712, 29.736999988555908, 24.651000022888184, 29.283999919891357, 26.340999841690063, 26.921000003814697, 1.7760000228881836, 29.674999952316284, 103.64400005340576, 36.52300000190735, 27.02999997138977, 2.365999937057495, 1.7049999237060547, 2.0889999866485596, 1.7369999885559082, 1.6370000839233398, 1.569000005722046, 1.9119999408721924, 1.6380000114440918, 2.2880001068115234, 2.2839999198913574, 2.0279998779296875, 1.8619999885559082, 2.0490000247955322, 300.46200013160706, 34.65399980545044, 19.76200008392334, 36.58899998664856, 28.77500009536743, 33.50100016593933, 27.782999992370605, 28.86299991607666, 23.907000064849854, 26.008000135421753, 23.901999950408936, 26.128000020980835, 27.167999982833862, 24.703999996185303, 24.881999969482422, 24.58400011062622, 27.949000120162964, 0.4590001106262207, 1.6760001182556152, 0.11800003051757812]",,,2883.6875,0.0,1767.375,1068.25,2.9375,36.17362500727177,0.0005685251177431706,0.007871952651079,2.4375,2.0,,,,,,formal/selected_119_operable_20.json,operable_perfect_global_and_rolling_mpc3_subset,22,perfect_global_certified_and_rolling_mpc3_completed,rolling_mpc3,,"[2, 2, 9, 9, 2, 2, 2, 2, 2, 2, 2, 2, 2, 2, 2, 2, 2, 2, 2, 2, 2, 2, 2, 2, 2, 2, 2, 2, 9, 2, 2, 2, 2, 2, 2, 2, 2, 2, 2, 2, 2, 2, 2, 2, 2, 2, 2, 2]","[2, 2, 5, 7, 2, 2, 2, 4, 2, 2, 2, 2, 10, 7, 2, 2, 2, 2, 2, 2, 2, 2, 3, 2, 3, 2, 2, 2, 10, 3, 4, 8, 2, 2, 2, 2, 2, 2, 2, 2, 3, 2, 2, 2, 2, 2, 2, 2]",False,0,[],"[0, 0, 0, 0, 0, 0, 0, 0, 0, 0, 0, 0, 0, 0, 0, 0, 0, 0, 0, 0, 0, 0, 0, 0, 0, 0, 0, 0, 0, 0, 0, 0, 0, 0, 0, 0, 0, 0, 0, 0, 0, 0, 0, 0, 0, 0, 0, 0]",False,0,0.0,"[0, 0, 0, 0, 0, 0, 0, 0, 0, 0, 0, 0, 0, 0, 0, 0, 0, 0, 0, 0, 0, 0, 0, 0, 0, 0, 0, 0, 0, 0, 0, 0, 0, 0, 0, 0, 0, 0, 0, 0, 0, 0, 0, 0, 0, 0, 0, 0]","[0.0, 0.0, 0.0, 0.0, 0.0, 0.0, 0.0, 0.0, 0.0, 0.0, 0.0, 0.0, 0.0, 0.0, 0.0, 0.0, 0.0, 0.0, 0.0, 0.0, 0.0, 0.0, 0.0, 0.0, 0.0, 0.0, 0.0, 0.0, 0.0, 0.0, 0.0, 0.0, 0.0, 0.0, 0.0, 0.0, 0.0, 0.0, 0.0, 0.0, 0.0, 0.0, 0.0, 0.0, 0.0, 0.0, 0.0, 0.0]",45,3
119,Perfect-Global,823,test_id,id_actual,perfect_full_horizon,48,,1909.215649046306,1909.215649046306,0.0,,1550.582999944687,32.30381249884764,1550.582999944687,0,0,True,,200823,perfect_global_clean,48,48,True,full_day_optimization_objective,0.999998194181301,0.9999981932104886,0.12500083003573872,0.12500082609805588,0.12500082001713905,0.12500082401107993,"[2.4659525725140052, 4.932021996657951, 7.398284902075458, 9.864683612884141, 12.3310719932691, 12.3319356354139, 12.331934356507952, 12.331971189726934, 12.331932871010238, 12.331970537878485, 12.331970187629864, 12.331971106621886, 45.30118357079071, 12.331972167848955, 10.647605539585234, 8.181219933894361, 5.714862475649383, 3.2486424567846197, 0.7827098036293794, 0.0002006293413519013, 0.00022040262090196604, 0.00020098038526753051, 0.0002008110045023303, 0.0002005515637676635, 0.00020053403896269108, 0.000200667768623736, 0.5556689231466911, 3.0215802290194014, 5.487785391912327, 7.954218785153585, 10.420860247905189, 12.332428472428548, 12.33243004649544, 96.4980340797727, 125.49278974864592, 172.11610544052505, 97.98598696937995, 103.55740017879016, 103.0988079084765, 101.57458096080109, 104.80501621374499, 113.14599927095053, 113.42012807392311, 108.80772146739494, 103.16866401122161, 99.5921707485763, 109.08828577709147, 95.23366461385481]","[32.30381249884764, 32.30381249884764, 32.30381249884764, 32.30381249884764, 32.30381249884764, 32.30381249884764, 32.30381249884764, 32.30381249884764, 32.30381249884764, 32.30381249884764, 32.30381249884764, 32.30381249884764, 32.30381249884764, 32.30381249884764, 32.30381249884764, 32.30381249884764, 32.30381249884764, 32.30381249884764, 32.30381249884764, 32.30381249884764, 32.30381249884764, 32.30381249884764, 32.30381249884764, 32.30381249884764, 32.30381249884764, 32.30381249884764, 32.30381249884764, 32.30381249884764, 32.30381249884764, 32.30381249884764, 32.30381249884764, 32.30381249884764, 32.30381249884764, 32.30381249884764, 32.30381249884764, 32.30381249884764, 32.30381249884764, 32.30381249884764, 32.30381249884764, 32.30381249884764, 32.30381249884764, 32.30381249884764, 32.30381249884764, 32.30381249884764, 32.30381249884764, 32.30381249884764, 32.30381249884764, 32.30381249884764]",True,2,46850,0,28850,17472,48,1550.582999944687,0.0007132373540117346,0.0007132373540117346,2,2,,perfect_global_119,20,23,completed_and_certified_full_day_hard_opf,formal/selected_119_operable_20.json,operable_perfect_global_and_rolling_mpc3_subset,23,perfect_global_certified_and_rolling_mpc3_completed,perfect_global,,,,,,,,,,,,,,
119,MPC-3,823,test_id,id_actual,id_reliable,3,,3312.8835440328644,,,,2224.6510002613068,46.34689583877722,301.07099986076355,0,0,True,,200823,pure_mpc_clean,4,48,True,,1.0,1.0,0.12499999980505751,0.12499999980634915,0.12499999980780357,0.12499999980652803,"[0.0, 3.19518479512994, 0.6488816636214055, 13.94934528207923, 5.566656307425147, 8.011775571412748, 10.478471686510687, 20.330178561662734, 9.865449223252979, 13.494489614930098, 44.05210265247125, 84.99118390864685, 57.32948087773086, 12.332271498620113, 25.84869990668616, 20.268692537226606, 9.865452067022279, 7.398800068328463, 4.932340069902242, 2.4660723750342433, 0.0, 0.0, 0.0, 0.0, 0.0, 0.0, 0.0, 0.0, 0.0, 3.569635653886836, 73.67115169399717, 161.5922330568092, 182.27491877956612, 256.74375381415433, 225.90702857583594, 234.59962576254895, 119.26941792180621, 127.36097686824195, 151.20638972283723, 166.80552434539632, 150.96983469207743, 162.68594750550824, 168.3603045118618, 165.31105410832305, 156.49894990835196, 152.59755167776538, 157.3808746777025, 141.05284208850014]","[1.8459999561309814, 300.22900009155273, 300.2980000972748, 301.07099986076355, 31.378999948501587, 29.222000122070312, 1.7209999561309814, 27.754000186920166, 28.41600012779236, 30.52900004386902, 26.747999906539917, 22.22100019454956, 26.328999996185303, 26.33400011062622, 22.942999839782715, 32.617000102996826, 2.450000047683716, 2.0410001277923584, 1.6589999198913574, 2.134000062942505, 1.9060001373291016, 1.5900001525878906, 1.8199999332427979, 1.7719998359680176, 1.8540000915527344, 2.1469998359680176, 1.8270001411437988, 1.9539999961853027, 300.46200013160706, 300.3489999771118, 48.426000118255615, 29.06599998474121, 1.7619998455047607, 27.56599998474121, 28.042999982833862, 29.125, 39.633999824523926, 27.542999982833862, 25.75599980354309, 25.311000108718872, 28.860000133514404, 0.434999942779541, 50.34499979019165, 0.5099999904632568, 27.033999919891357, 0.48000001907348633, 0.29399991035461426, 0.8389999866485596]",,,2883.6875,0.0,1767.375,1068.25,2.9375,46.34689583877722,0.0007216207886891962,0.008687067967301067,2.7291666666666665,2.0,,,,,,formal/selected_119_operable_20.json,operable_perfect_global_and_rolling_mpc3_subset,23,perfect_global_certified_and_rolling_mpc3_completed,rolling_mpc3,,"[2, 9, 9, 9, 2, 2, 2, 2, 2, 2, 2, 2, 2, 2, 2, 2, 2, 2, 2, 2, 2, 2, 2, 2, 2, 2, 2, 2, 9, 9, 2, 2, 2, 2, 2, 2, 2, 2, 2, 2, 2, 2, 2, 2, 2, 2, 2, 2]","[2, 5, 10, 3, 2, 2, 2, 2, 6, 2, 2, 5, 5, 2, 2, 5, 2, 2, 2, 2, 2, 2, 3, 2, 2, 2, 2, 2, 6, 5, 5, 2, 2, 2, 2, 2, 4, 2, 2, 2, 2, 2, 6, 2, 2, 2, 2, 2]",False,0,[],"[0, 0, 0, 0, 0, 0, 0, 0, 0, 0, 0, 0, 0, 0, 0, 0, 0, 0, 0, 0, 0, 0, 0, 0, 0, 0, 0, 0, 0, 0, 0, 0, 0, 0, 0, 0, 0, 0, 0, 0, 0, 0, 0, 0, 0, 0, 0, 0]",False,0,0.0,"[0, 0, 0, 0, 0, 0, 0, 0, 0, 0, 0, 0, 0, 0, 0, 0, 0, 0, 0, 0, 0, 0, 0, 0, 0, 0, 0, 0, 0, 0, 0, 0, 0, 0, 0, 0, 0, 0, 0, 0, 0, 0, 0, 0, 0, 0, 0, 0]","[0.0, 0.0, 0.0, 0.0, 0.0, 0.0, 0.0, 0.0, 0.0, 0.0, 0.0, 0.0, 0.0, 0.0, 0.0, 0.0, 0.0, 0.0, 0.0, 0.0, 0.0, 0.0, 0.0, 0.0, 0.0, 0.0, 0.0, 0.0, 0.0, 0.0, 0.0, 0.0, 0.0, 0.0, 0.0, 0.0, 0.0, 0.0, 0.0, 0.0, 0.0, 0.0, 0.0, 0.0, 0.0, 0.0, 0.0, 0.0]",43,5
119,Perfect-Global,824,test_id,id_actual,perfect_full_horizon,48,,1911.5456560201242,1911.5456560201242,0.0,,53.15000009536743,1.1072916686534882,53.15000009536743,0,0,True,,200824,perfect_global_clean,48,48,True,full_day_optimization_objective,0.9999997417529726,0.9999997416003439,0.12500011871141953,0.12500011812217665,0.1250001172637512,0.12500011781417392,"[2.466032567916044, 4.932230713700069, 7.398621460089087, 9.865184507737382, 12.331869446407694, 12.332183686592062, 12.332183815746513, 12.332184084197221, 12.33218395298198, 12.332183775973158, 12.332184042053884, 12.332155127154305, 30.90121929840241, 12.244635653466753, 9.777913826212506, 7.3113262256917215, 4.84491137927402, 2.3786789083631463, 2.862225040895179e-05, 2.8609988239992707e-05, 2.860696371005969e-05, 2.8606863850902473e-05, 2.860670680112622e-05, 2.8606835436575432e-05, 2.8606636496935128e-05, 2.8606909657066995e-05, 0.46648919310922154, 2.9325729062748054, 5.398862920389207, 7.865349700402092, 10.332030863083562, 12.33231842951651, 12.332318555175277, 85.90573311480638, 100.49804858260491, 159.67111944043134, 97.69704675788952, 106.94336152809767, 117.12463991309463, 115.34287863459164, 110.23728928030553, 116.25753930512717, 103.42853500466424, 103.20261069938779, 118.70626176671203, 111.89580783096862, 97.22594704660149, 124.97078320177596]","[1.1072916686534882, 1.1072916686534882, 1.1072916686534882, 1.1072916686534882, 1.1072916686534882, 1.1072916686534882, 1.1072916686534882, 1.1072916686534882, 1.1072916686534882, 1.1072916686534882, 1.1072916686534882, 1.1072916686534882, 1.1072916686534882, 1.1072916686534882, 1.1072916686534882, 1.1072916686534882, 1.1072916686534882, 1.1072916686534882, 1.1072916686534882, 1.1072916686534882, 1.1072916686534882, 1.1072916686534882, 1.1072916686534882, 1.1072916686534882, 1.1072916686534882, 1.1072916686534882, 1.1072916686534882, 1.1072916686534882, 1.1072916686534882, 1.1072916686534882, 1.1072916686534882, 1.1072916686534882, 1.1072916686534882, 1.1072916686534882, 1.1072916686534882, 1.1072916686534882, 1.1072916686534882, 1.1072916686534882, 1.1072916686534882, 1.1072916686534882, 1.1072916686534882, 1.1072916686534882, 1.1072916686534882, 1.1072916686534882, 1.1072916686534882, 1.1072916686534882, 1.1072916686534882, 1.1072916686534882]",True,2,46850,0,28850,17472,48,53.15000009536743,0.0007087317244727797,0.0007087317244727797,2,2,,perfect_global_119,20,24,completed_and_certified_full_day_hard_opf,formal/selected_119_operable_20.json,operable_perfect_global_and_rolling_mpc3_subset,24,perfect_global_certified_and_rolling_mpc3_completed,perfect_global,,,,,,,,,,,,,,
119,MPC-3,824,test_id,id_actual,id_reliable,3,,3321.0508962680774,,,,1553.827999830246,32.37141666313013,300.47699999809265,0,0,True,,200824,pure_mpc_clean,4,48,True,,1.0,1.0,0.12499999980518194,0.12499999980637917,0.12499999980798704,0.12499999980656253,"[0.0, 0.6111325399586038, 2.0645103520611086, 3.9091151230052095, 6.34255732714069, 8.769890008130108, 11.042912078057453, 18.687689645357523, 17.495197621464904, 12.003412232461075, 50.121599117925335, 74.08307653113464, 40.74610961221689, 40.41849087465829, 21.099958534654355, 9.865456000000002, 7.398804, 4.9323440000000005, 2.466076, 0.0, 0.0, 0.0, 0.0, 0.0, 0.0, 0.0, 0.0, 0.0, 0.0, 20.322100715595774, 73.09664638001156, 170.6742689436279, 181.32944102598677, 246.64346306114587, 203.55160767618332, 221.69523117082915, 110.67276709660551, 133.21056951352963, 172.03032259546367, 166.6570212286932, 158.53793839506676, 164.9324752250849, 146.9821054732316, 148.33368793772243, 176.09935261858647, 165.85380758289244, 142.68355911885308, 185.68619891074107]","[1.4110000133514404, 1.6669998168945312, 59.38100004196167, 38.6729998588562, 28.44099998474121, 28.687000036239624, 43.479000091552734, 29.380000114440918, 30.16700005531311, 28.024999856948853, 28.430000066757202, 26.496999979019165, 60.59999990463257, 154.50999999046326, 35.45799994468689, 1.7150001525878906, 1.6480000019073486, 1.6519999504089355, 1.6779999732971191, 2.0239999294281006, 1.5550000667572021, 9.815000057220459, 2.120999813079834, 1.6850001811981201, 2.197000026702881, 1.7839999198913574, 2.256999969482422, 2.2750000953674316, 1.9260001182556152, 300.47699999809265, 265.63700008392334, 32.42500019073486, 30.853999853134155, 28.6489999294281, 44.84599995613098, 33.47099995613098, 28.765999794006348, 26.294000148773193, 1.628000020980835, 23.878999948501587, 23.783999919891357, 0.4440000057220459, 27.27300000190735, 28.006999969482422, 26.539000034332275, 0.49000000953674316, 0.3269999027252197, 0.9000000953674316]",,,2883.6875,0.0,1767.375,1068.25,2.9375,32.37141666313013,0.00047470055290088235,0.003722502650112857,2.1458333333333335,2.0,,,,,,formal/selected_119_operable_20.json,operable_perfect_global_and_rolling_mpc3_subset,24,perfect_global_certified_and_rolling_mpc3_completed,rolling_mpc3,,"[2, 2, 2, 2, 2, 2, 2, 2, 2, 2, 2, 2, 2, 2, 2, 2, 2, 2, 2, 2, 2, 2, 2, 2, 2, 2, 2, 2, 2, 9, 2, 2, 2, 2, 2, 2, 2, 2, 2, 2, 2, 2, 2, 2, 2, 2, 2, 2]","[2, 2, 4, 3, 2, 2, 6, 2, 2, 2, 2, 2, 3, 8, 2, 2, 2, 2, 2, 2, 2, 3, 2, 2, 2, 2, 3, 2, 2, 10, 10, 2, 3, 2, 10, 2, 2, 2, 2, 2, 2, 2, 3, 2, 2, 2, 2, 2]",False,0,[],"[0, 0, 0, 0, 0, 0, 0, 0, 0, 0, 0, 0, 0, 0, 0, 0, 0, 0, 0, 0, 0, 0, 0, 0, 0, 0, 0, 0, 0, 0, 0, 0, 0, 0, 0, 0, 0, 0, 0, 0, 0, 0, 0, 0, 0, 0, 0, 0]",False,0,0.0,"[0, 0, 0, 0, 0, 0, 0, 0, 0, 0, 0, 0, 0, 0, 0, 0, 0, 0, 0, 0, 0, 0, 0, 0, 0, 0, 0, 0, 0, 0, 0, 0, 0, 0, 0, 0, 0, 0, 0, 0, 0, 0, 0, 0, 0, 0, 0, 0]","[0.0, 0.0, 0.0, 0.0, 0.0, 0.0, 0.0, 0.0, 0.0, 0.0, 0.0, 0.0, 0.0, 0.0, 0.0, 0.0, 0.0, 0.0, 0.0, 0.0, 0.0, 0.0, 0.0, 0.0, 0.0, 0.0, 0.0, 0.0, 0.0, 0.0, 0.0, 0.0, 0.0, 0.0, 0.0, 0.0, 0.0, 0.0, 0.0, 0.0, 0.0, 0.0, 0.0, 0.0, 0.0, 0.0, 0.0, 0.0]",47,1
119,Perfect-Global,825,test_id,id_actual,perfect_full_horizon,48,,1835.2446873065378,1835.2446873065378,0.0,,49.72199988365173,1.0358749975760777,49.72199988365173,0,0,True,,200825,perfect_global_clean,48,48,True,full_day_optimization_objective,0.9999997417140805,0.9999997415966031,0.12500011871016362,0.1250001181450087,0.12500011725087545,0.12500011785099882,"[2.4660687559367305, 4.932325040549117, 7.398773366053258, 9.865410196205799, 12.332225928016019, 12.332280873080162, 12.33228088124196, 12.332280879865916, 12.332280880346746, 12.332280878483484, 12.332280878156274, 12.332279528115933, 23.662638492149284, 12.332280919221486, 11.255552194097362, 8.788811096583027, 6.322252438161352, 3.8558905473271463, 1.3897349606717793, 2.8609094951283113e-05, 2.8606515142868673e-05, 2.860656331511784e-05, 2.8606561527177936e-05, 2.8606502586982008e-05, 2.860652064541445e-05, 2.8607433186215918e-05, 1.2676074004636622, 3.7337534807440047, 6.20010586511806, 8.66665501627193, 11.133398550635235, 12.332318369634153, 30.273151053107114, 84.2332692318192, 102.36823693812134, 144.41620185901027, 85.9598822783693, 104.11690958947557, 109.01845151533266, 102.42309161576121, 107.28432273960601, 96.66571405243779, 111.59905756546355, 112.62051090366165, 112.26015511488608, 94.95483792706351, 100.90473669163207, 101.88419056446935]","[1.0358749975760777, 1.0358749975760777, 1.0358749975760777, 1.0358749975760777, 1.0358749975760777, 1.0358749975760777, 1.0358749975760777, 1.0358749975760777, 1.0358749975760777, 1.0358749975760777, 1.0358749975760777, 1.0358749975760777, 1.0358749975760777, 1.0358749975760777, 1.0358749975760777, 1.0358749975760777, 1.0358749975760777, 1.0358749975760777, 1.0358749975760777, 1.0358749975760777, 1.0358749975760777, 1.0358749975760777, 1.0358749975760777, 1.0358749975760777, 1.0358749975760777, 1.0358749975760777, 1.0358749975760777, 1.0358749975760777, 1.0358749975760777, 1.0358749975760777, 1.0358749975760777, 1.0358749975760777, 1.0358749975760777, 1.0358749975760777, 1.0358749975760777, 1.0358749975760777, 1.0358749975760777, 1.0358749975760777, 1.0358749975760777, 1.0358749975760777, 1.0358749975760777, 1.0358749975760777, 1.0358749975760777, 1.0358749975760777, 1.0358749975760777, 1.0358749975760777, 1.0358749975760777, 1.0358749975760777]",True,2,46850,0,28850,17472,48,49.72199988365173,0.000719945236687865,0.000719945236687865,2,2,,perfect_global_119,20,25,completed_and_certified_full_day_hard_opf,formal/selected_119_operable_20.json,operable_perfect_global_and_rolling_mpc3_subset,25,perfect_global_certified_and_rolling_mpc3_completed,perfect_global,,,,,,,,,,,,,,
119,MPC-3,825,test_id,id_actual,id_reliable,3,,3347.6236510994613,,,,1276.1780006885529,26.587041681011517,300.4069998264313,0,0,True,,200825,pure_mpc_clean,4,48,True,,1.0,1.0,0.12499999980506321,0.12499999980621641,0.12499999980795787,0.12499999980648079,"[0.47538907332900543, 0.0, 0.0, 24.26507452781536, 4.932342890823576, 15.26193643533269, 21.60677281207664, 19.02129775760619, 21.12136614909633, 21.056538687031974, 49.31503538622815, 68.83163813161285, 35.00125987682195, 42.53664370299402, 12.093798596504367, 11.122166193875513, 8.655416381167296, 6.188858732506756, 3.7224931280514277, 1.2563193163139317, 0.0, 0.0, 0.0, 0.0, 0.0, 0.0, 0.0, 0.0, 0.0, 42.002676804238355, 93.69033182377586, 159.0802902368171, 230.87638788870882, 227.11380036916893, 220.4154866078666, 219.33495385584763, 96.47594615304438, 130.9401163623037, 158.74908177375917, 155.07791293476643, 165.43579334919923, 145.1253745752958, 161.24166619112452, 174.11132372832856, 168.55173106377933, 141.88610519773727, 147.2322733770084, 143.8180510275037]","[1.7660000324249268, 1.4890000820159912, 2.1549999713897705, 98.98600006103516, 2.0810000896453857, 46.507999897003174, 33.25399994850159, 29.408999919891357, 26.575999975204468, 26.183000087738037, 27.103000164031982, 29.96500015258789, 173.93099999427795, 32.265000104904175, 23.899999856948853, 8.666999816894531, 2.0959999561309814, 2.065000057220459, 2.4609999656677246, 1.693000078201294, 1.6449999809265137, 1.7869999408721924, 2.501000165939331, 2.0380001068115234, 1.7740001678466797, 1.7370002269744873, 1.9449999332427979, 1.9489998817443848, 1.813000202178955, 300.4069998264313, 1.556999921798706, 34.199000120162964, 27.21999979019165, 0.5460000038146973, 26.93400001525879, 28.76900005340576, 26.111000061035156, 27.204999923706055, 40.62100005149841, 29.418999910354614, 24.236000061035156, 23.45799994468689, 24.48099994659424, 41.04200005531311, 27.171000003814697, 0.45800018310546875, 1.7569999694824219, 0.8450000286102295]",,,2883.6875,0.0,1767.375,1068.25,2.9375,26.587041681011517,0.0004311236056202165,0.001725518666054052,2.1458333333333335,1.0,,,,,,formal/selected_119_operable_20.json,operable_perfect_global_and_rolling_mpc3_subset,25,perfect_global_certified_and_rolling_mpc3_completed,rolling_mpc3,,"[2, 2, 2, 2, 2, 2, 2, 2, 2, 2, 2, 2, 2, 2, 2, 2, 2, 2, 2, 2, 2, 2, 2, 2, 2, 2, 2, 2, 2, 9, 2, 2, 2, 2, 2, 2, 2, 2, 2, 2, 2, 2, 2, 2, 2, 2, 2, 2]","[2, 2, 2, 7, 1, 4, 1, 2, 2, 2, 2, 3, 3, 2, 2, 3, 2, 2, 2, 2, 2, 2, 2, 2, 3, 3, 3, 2, 2, 4, 3, 2, 3, 2, 2, 2, 3, 2, 4, 2, 2, 2, 2, 4, 2, 2, 2, 2]",False,0,[],"[0, 0, 0, 0, 0, 0, 0, 0, 0, 0, 0, 0, 0, 0, 0, 0, 0, 0, 0, 0, 0, 0, 0, 0, 0, 0, 0, 0, 0, 0, 0, 0, 0, 0, 0, 0, 0, 0, 0, 0, 0, 0, 0, 0, 0, 0, 0, 0]",False,0,0.0,"[0, 0, 0, 0, 0, 0, 0, 0, 0, 0, 0, 0, 0, 0, 0, 0, 0, 0, 0, 0, 0, 0, 0, 0, 0, 0, 0, 0, 0, 0, 0, 0, 0, 0, 0, 0, 0, 0, 0, 0, 0, 0, 0, 0, 0, 0, 0, 0]","[0.0, 0.0, 0.0, 0.0, 0.0, 0.0, 0.0, 0.0, 0.0, 0.0, 0.0, 0.0, 0.0, 0.0, 0.0, 0.0, 0.0, 0.0, 0.0, 0.0, 0.0, 0.0, 0.0, 0.0, 0.0, 0.0, 0.0, 0.0, 0.0, 0.0, 0.0, 0.0, 0.0, 0.0, 0.0, 0.0, 0.0, 0.0, 0.0, 0.0, 0.0, 0.0, 0.0, 0.0, 0.0, 0.0, 0.0, 0.0]",47,1
119,Perfect-Global,826,test_id,id_actual,perfect_full_horizon,48,,1874.9325446217338,1874.9325446217338,0.0,,1259.8099999427795,26.246041665474575,1259.8099999427795,0,0,True,,200826,perfect_global_clean,48,48,True,full_day_optimization_objective,0.9999999999999978,0.9999999999999978,0.12500000000000103,0.12500000000000103,0.12500000000000103,0.12500000000000103,"[2.4660759999948474, 4.932343999994464, 7.3988039999942705, 9.865455999994067, 12.179318909856287, 12.33229999999409, 12.33229999658038, 12.33229999999415, 12.33229999999411, 12.332299999994143, 12.098337942354787, 12.332299999994147, 26.69653681759884, 11.178964101872413, 8.71220984505188, 6.245647566055767, 3.7792772643817854, 1.3130989397554365, 2.4732672159382417e-13, 2.4732672159368775e-13, 2.473267215933714e-13, 2.4732672159336776e-13, 2.4732672159336807e-13, 2.473267215933657e-13, 2.473267215933678e-13, 2.4732673358336246e-13, 2.466070897806809, 4.932339407588994, 7.398800427749545, 9.865453958486992, 12.332300000000323, 12.332300000000346, 12.332300000000348, 88.6420495493376, 164.8344539829331, 164.76036999477927, 97.95805549153577, 102.47199415063534, 99.73815281142501, 105.56374582698673, 102.36397911599533, 99.44681682770211, 94.1046472169783, 98.73450564401662, 106.15893178854019, 105.48924715923478, 101.65221602824779, 100.49394295829481]","[26.246041665474575, 26.246041665474575, 26.246041665474575, 26.246041665474575, 26.246041665474575, 26.246041665474575, 26.246041665474575, 26.246041665474575, 26.246041665474575, 26.246041665474575, 26.246041665474575, 26.246041665474575, 26.246041665474575, 26.246041665474575, 26.246041665474575, 26.246041665474575, 26.246041665474575, 26.246041665474575, 26.246041665474575, 26.246041665474575, 26.246041665474575, 26.246041665474575, 26.246041665474575, 26.246041665474575, 26.246041665474575, 26.246041665474575, 26.246041665474575, 26.246041665474575, 26.246041665474575, 26.246041665474575, 26.246041665474575, 26.246041665474575, 26.246041665474575, 26.246041665474575, 26.246041665474575, 26.246041665474575, 26.246041665474575, 26.246041665474575, 26.246041665474575, 26.246041665474575, 26.246041665474575, 26.246041665474575, 26.246041665474575, 26.246041665474575, 26.246041665474575, 26.246041665474575, 26.246041665474575, 26.246041665474575]",True,2,46850,0,28850,17472,48,1259.8099999427795,0.0006089846977082299,0.0006089846977082299,2,2,,perfect_global_119,20,26,completed_and_certified_full_day_hard_opf,formal/selected_119_operable_20.json,operable_perfect_global_and_rolling_mpc3_subset,26,perfect_global_certified_and_rolling_mpc3_completed,perfect_global,,,,,,,,,,,,,,
119,MPC-3,826,test_id,id_actual,id_reliable,3,,3306.6957975161376,,,,2640.738000392914,55.01537500818571,301.021999835968,0,0,True,,200826,pure_mpc_clean,4,48,True,,1.0,1.0,0.12499999980512427,0.12499999980652536,0.12499999980774158,0.12499999980652352,"[0.38086455214833936, 0.34097715608864565, 0.6347669666453328, 11.218315870796033, 5.5672004151305865, 12.161582061207433, 9.516749993580765, 13.707743764193573, 12.148866849330865, 12.304515395294104, 30.017086548433426, 84.94673694702745, 38.81881527835191, 38.47745031662485, 21.034303782462494, 10.564282450652765, 8.097576223214306, 5.631061831716202, 3.164739440485945, 0.698609049987603, 0.0, 0.0, 0.0, 0.0, 0.0, 0.0, 0.0, 0.0, 0.0, 22.7563963939858, 131.95113422814694, 147.73714187245795, 190.0412477307522, 248.72385532975943, 262.4485247245281, 219.97337831610116, 115.64684491178872, 126.7320834950932, 150.3039168939639, 160.5344644913395, 156.04316208523178, 145.97240638668168, 135.6686652493423, 147.6551975835572, 156.52851058038755, 161.41202926390363, 150.45319143067653, 156.6814016550676]","[300.38499999046326, 300.4810001850128, 300.4760000705719, 300.3149998188019, 35.8970000743866, 300.31500005722046, 32.55800008773804, 30.015000104904175, 29.590999841690063, 28.65399980545044, 27.908999919891357, 29.17200016975403, 159.08500003814697, 26.936000108718872, 29.61300015449524, 2.365000009536743, 2.244999885559082, 1.684999942779541, 1.5850000381469727, 2.0209999084472656, 2.0409998893737793, 1.6410000324249268, 1.8819999694824219, 1.7840001583099365, 1.9070000648498535, 1.74399995803833, 1.875999927520752, 2.302999973297119, 1.7160000801086426, 301.021999835968, 1.8250000476837158, 32.013999938964844, 28.91700005531311, 28.102999925613403, 25.21399998664856, 25.814000129699707, 26.712000131607056, 25.600000143051147, 28.811000108718872, 0.45599985122680664, 26.194000005722046, 27.256999969482422, 24.758000135421753, 26.667999982833862, 49.08299994468689, 2.884000062942505, 0.2609999179840088, 0.9479999542236328]",,,2883.6875,0.0,1767.375,1068.25,2.9375,55.01537500818571,0.0006153515534892568,0.0033837839226972693,2.875,2.0,,,,,,formal/selected_119_operable_20.json,operable_perfect_global_and_rolling_mpc3_subset,26,perfect_global_certified_and_rolling_mpc3_completed,rolling_mpc3,,"[9, 9, 9, 9, 2, 9, 2, 2, 2, 2, 2, 2, 2, 2, 2, 2, 2, 2, 2, 2, 2, 2, 2, 2, 2, 2, 2, 2, 2, 9, 2, 2, 2, 2, 2, 2, 2, 2, 2, 2, 2, 2, 2, 2, 2, 2, 2, 2]","[9, 5, 3, 3, 3, 3, 2, 3, 2, 2, 2, 2, 5, 5, 3, 2, 2, 2, 2, 2, 3, 3, 3, 2, 2, 3, 2, 2, 2, 7, 2, 3, 3, 2, 2, 2, 2, 2, 2, 2, 2, 2, 2, 2, 3, 2, 2, 2]",False,0,[],"[0, 0, 0, 0, 0, 0, 0, 0, 0, 0, 0, 0, 0, 0, 0, 0, 0, 0, 0, 0, 0, 0, 0, 0, 0, 0, 0, 0, 0, 0, 0, 0, 0, 0, 0, 0, 0, 0, 0, 0, 0, 0, 0, 0, 0, 0, 0, 0]",False,0,0.0,"[0, 0, 0, 0, 0, 0, 0, 0, 0, 0, 0, 0, 0, 0, 0, 0, 0, 0, 0, 0, 0, 0, 0, 0, 0, 0, 0, 0, 0, 0, 0, 0, 0, 0, 0, 0, 0, 0, 0, 0, 0, 0, 0, 0, 0, 0, 0, 0]","[0.0, 0.0, 0.0, 0.0, 0.0, 0.0, 0.0, 0.0, 0.0, 0.0, 0.0, 0.0, 0.0, 0.0, 0.0, 0.0, 0.0, 0.0, 0.0, 0.0, 0.0, 0.0, 0.0, 0.0, 0.0, 0.0, 0.0, 0.0, 0.0, 0.0, 0.0, 0.0, 0.0, 0.0, 0.0, 0.0, 0.0, 0.0, 0.0, 0.0, 0.0, 0.0, 0.0, 0.0, 0.0, 0.0, 0.0, 0.0]",42,6
119,Perfect-Global,827,test_id,id_actual,perfect_full_horizon,48,,1880.753072618199,1880.753072618199,0.0,,50.15899991989136,1.0449791649977367,50.15899991989136,0,0,True,,200827,perfect_global_clean,48,48,True,full_day_optimization_objective,0.9999997417457188,0.9999997415972092,0.12500011872984496,0.12500011810418285,0.12500011727768717,0.12500011785831705,"[11.626983893660539, 4.939781893990161, 7.404837154997108, 9.870350314813464, 12.332593318808847, 12.336036058399284, 12.336357618125964, 12.332612357449964, 12.336438135485558, 12.336657609130079, 12.33636503686608, 12.336606927828727, 20.432303975618368, 12.332293155752282, 12.332293152892927, 11.302954615055901, 8.836197882919661, 6.369635533963911, 3.9032699520010827, 1.4371106714482178, 2.8606883813494528e-05, 2.860593193615376e-05, 2.860632275850577e-05, 2.8606201216422095e-05, 2.860627763983698e-05, 2.861468328547285e-05, 1.8163020705463084, 4.282490881836167, 6.748885987787485, 9.215477859497573, 11.6822641141055, 12.33231830397906, 26.742983553091868, 90.18007855197166, 124.54564478906771, 157.12280938986672, 86.09741258934196, 100.54720997279085, 104.46892976137018, 102.80257840129711, 100.984116947355, 92.6045628906771, 98.8491473037159, 103.13667144463683, 106.87543651214439, 112.07848002081857, 109.16640908438738, 109.00101128240485]","[1.0449791649977367, 1.0449791649977367, 1.0449791649977367, 1.0449791649977367, 1.0449791649977367, 1.0449791649977367, 1.0449791649977367, 1.0449791649977367, 1.0449791649977367, 1.0449791649977367, 1.0449791649977367, 1.0449791649977367, 1.0449791649977367, 1.0449791649977367, 1.0449791649977367, 1.0449791649977367, 1.0449791649977367, 1.0449791649977367, 1.0449791649977367, 1.0449791649977367, 1.0449791649977367, 1.0449791649977367, 1.0449791649977367, 1.0449791649977367, 1.0449791649977367, 1.0449791649977367, 1.0449791649977367, 1.0449791649977367, 1.0449791649977367, 1.0449791649977367, 1.0449791649977367, 1.0449791649977367, 1.0449791649977367, 1.0449791649977367, 1.0449791649977367, 1.0449791649977367, 1.0449791649977367, 1.0449791649977367, 1.0449791649977367, 1.0449791649977367, 1.0449791649977367, 1.0449791649977367, 1.0449791649977367, 1.0449791649977367, 1.0449791649977367, 1.0449791649977367, 1.0449791649977367, 1.0449791649977367]",True,2,46850,0,28850,17472,48,50.15899991989136,0.0007898046824414184,0.0007898046824414184,2,2,,perfect_global_119,20,27,completed_and_certified_full_day_hard_opf,formal/selected_119_operable_20.json,operable_perfect_global_and_rolling_mpc3_subset,27,perfect_global_certified_and_rolling_mpc3_completed,perfect_global,,,,,,,,,,,,,,
119,MPC-3,827,test_id,id_actual,id_reliable,3,,3321.214652268563,,,,1189.8390002250671,24.7883125046889,300.33200001716614,0,0,True,,200827,pure_mpc_clean,4,48,True,,0.9999997418683269,0.9999997416290193,0.12500011854317644,0.12500011776185224,0.12500011682065218,0.12500011769228866,"[4.960417418158132, 0.0, 2.4660759859302814, 4.881223516909594, 7.132025508637589, 9.495907680179071, 11.324036378058901, 10.119782142512586, 12.004868882920855, 17.328188607502838, 47.15837441682075, 84.39354457897561, 31.542395698830646, 47.19710686865171, 37.30408069822422, 11.232519171736277, 8.765760769425214, 6.299194530878744, 3.8328201288227044, 1.3666377274985775, 0.0, 0.0, 0.0, 0.0, 0.0, 0.0, 0.0, 0.0, 0.0, 2.0161137085161114, 103.48750827350034, 138.9609286414187, 229.06441610940192, 252.30479261627593, 225.04803160778405, 216.73341601287905, 94.57353646180273, 132.1211156463001, 157.39402065611864, 155.98006162950034, 148.75266774379162, 142.6730783818918, 151.45711490185596, 153.4159354621485, 160.33646187588846, 169.22979985271712, 159.7922238367054, 169.06846813939234]","[46.05900001525879, 1.63100004196167, 33.426000118255615, 30.705000162124634, 54.288999795913696, 28.853999853134155, 25.76099991798401, 29.884999990463257, 26.858999967575073, 29.986999988555908, 27.241000175476074, 28.872999906539917, 300.33200001716614, 33.74499988555908, 28.664000034332275, 1.9810001850128174, 1.8370001316070557, 2.2899999618530273, 1.8610000610351562, 1.5490000247955322, 1.7630000114440918, 1.5530002117156982, 1.7939999103546143, 2.312000036239624, 1.6369998455047607, 1.7999999523162842, 1.878000020980835, 2.2220001220703125, 1.811000108718872, 6.3409998416900635, 31.247999906539917, 26.414999961853027, 28.840999841690063, 29.758000135421753, 30.07699990272522, 33.81100010871887, 27.170000076293945, 27.384999990463257, 26.368000030517578, 24.835999965667725, 31.639000177383423, 25.223000049591064, 35.056999921798706, 26.846999883651733, 25.32099986076355, 0.46900010108947754, 0.2999999523162842, 0.13400006294250488]",,,2883.6875,0.0,1767.375,1068.25,2.9375,24.7883125046889,0.0004047343499172149,0.0010982979977208233,2.1458333333333335,2.0,,,,,,formal/selected_119_operable_20.json,operable_perfect_global_and_rolling_mpc3_subset,27,perfect_global_certified_and_rolling_mpc3_completed,rolling_mpc3,,"[2, 2, 2, 2, 2, 2, 2, 2, 2, 2, 2, 2, 9, 2, 2, 2, 2, 2, 2, 2, 2, 2, 2, 2, 2, 2, 2, 2, 2, 2, 2, 2, 2, 2, 2, 2, 2, 2, 2, 2, 2, 2, 2, 2, 2, 2, 2, 2]","[4, 2, 4, 2, 7, 2, 2, 2, 2, 4, 2, 2, 9, 2, 2, 2, 2, 2, 2, 2, 2, 2, 2, 2, 3, 2, 2, 2, 2, 2, 4, 4, 2, 2, 3, 4, 2, 2, 2, 2, 3, 2, 4, 2, 2, 2, 2, 2]",False,0,[],"[0, 0, 0, 0, 0, 0, 0, 0, 0, 0, 0, 0, 0, 0, 0, 0, 0, 0, 0, 0, 0, 0, 0, 0, 0, 0, 0, 0, 0, 0, 0, 0, 0, 0, 0, 0, 0, 0, 0, 0, 0, 0, 0, 0, 0, 0, 0, 0]",False,0,0.0,"[0, 0, 0, 0, 0, 0, 0, 0, 0, 0, 0, 0, 0, 0, 0, 0, 0, 0, 0, 0, 0, 0, 0, 0, 0, 0, 0, 0, 0, 0, 0, 0, 0, 0, 0, 0, 0, 0, 0, 0, 0, 0, 0, 0, 0, 0, 0, 0]","[0.0, 0.0, 0.0, 0.0, 0.0, 0.0, 0.0, 0.0, 0.0, 0.0, 0.0, 0.0, 0.0, 0.0, 0.0, 0.0, 0.0, 0.0, 0.0, 0.0, 0.0, 0.0, 0.0, 0.0, 0.0, 0.0, 0.0, 0.0, 0.0, 0.0, 0.0, 0.0, 0.0, 0.0, 0.0, 0.0, 0.0, 0.0, 0.0, 0.0, 0.0, 0.0, 0.0, 0.0, 0.0, 0.0, 0.0, 0.0]",47,1
119,Perfect-Global,828,test_id,id_actual,perfect_full_horizon,48,,1920.1454752638358,1920.1454752638358,0.0,,78.47399997711182,1.6348749995231628,78.47399997711182,0,0,True,,200828,perfect_global_clean,48,48,True,full_day_optimization_objective,0.9999937443178717,0.9999937412663406,0.12500287537059673,0.12500286147617737,0.12500284137119885,0.1250028548389299,"[2.474823463901755, 4.940400029393536, 7.406725970189185, 9.873061453892408, 12.339607242791612, 12.339933922698227, 12.340107719163035, 12.337283611516309, 12.33987518874604, 12.3361178816557, 12.336479825361057, 12.340059827404176, 35.256813549297455, 12.33212596057914, 12.332125861337769, 10.35183274354456, 7.885316966313017, 5.419050931661475, 2.9530925545107367, 0.4876733177088824, 0.0006939092258637778, 0.0006934155059843889, 0.0006934415050253716, 0.0006934511812492848, 0.0006934244092966008, 0.0006936263679467654, 0.5590505251027544, 3.024475931995913, 5.490439984848718, 7.9567115066203495, 10.423232795924728, 12.332749616242669, 12.332871748803484, 95.8657272688511, 122.90781644087429, 149.63040648430498, 83.15430527270725, 102.51455796839736, 111.15024641778437, 115.60386827851973, 107.2375138528481, 101.61270504677198, 94.67653554352842, 122.3724263763637, 103.36687003429408, 129.22307145552503, 104.41607334187468, 113.86715008179065]","[1.6348749995231628, 1.6348749995231628, 1.6348749995231628, 1.6348749995231628, 1.6348749995231628, 1.6348749995231628, 1.6348749995231628, 1.6348749995231628, 1.6348749995231628, 1.6348749995231628, 1.6348749995231628, 1.6348749995231628, 1.6348749995231628, 1.6348749995231628, 1.6348749995231628, 1.6348749995231628, 1.6348749995231628, 1.6348749995231628, 1.6348749995231628, 1.6348749995231628, 1.6348749995231628, 1.6348749995231628, 1.6348749995231628, 1.6348749995231628, 1.6348749995231628, 1.6348749995231628, 1.6348749995231628, 1.6348749995231628, 1.6348749995231628, 1.6348749995231628, 1.6348749995231628, 1.6348749995231628, 1.6348749995231628, 1.6348749995231628, 1.6348749995231628, 1.6348749995231628, 1.6348749995231628, 1.6348749995231628, 1.6348749995231628, 1.6348749995231628, 1.6348749995231628, 1.6348749995231628, 1.6348749995231628, 1.6348749995231628, 1.6348749995231628, 1.6348749995231628, 1.6348749995231628, 1.6348749995231628]",True,2,46850,0,28850,17472,48,78.47399997711182,0.0009583814955174524,0.0009583814955174524,2,2,,perfect_global_119,20,28,completed_and_certified_full_day_hard_opf,formal/selected_119_operable_20.json,operable_perfect_global_and_rolling_mpc3_subset,28,perfect_global_certified_and_rolling_mpc3_completed,perfect_global,,,,,,,,,,,,,,
119,MPC-3,828,test_id,id_actual,id_reliable,3,,3366.4287058359077,,,,1747.1490004062653,36.39893750846386,300.42399978637695,0,0,True,,200828,pure_mpc_clean,4,48,True,,0.9999997418692904,0.9999997416160282,0.12500011420606946,0.1250001177232447,0.1250001169340527,0.1250001176835903,"[0.911754563933672, 0.0, 1.753819908542, 4.220020679578335, 6.686423917055879, 9.102914554674426, 21.13617955164802, 11.955708938072313, 12.512071434728082, 11.135770727096018, 41.92811876549177, 85.72276628838857, 44.09886934194933, 34.17782925022623, 47.19415229212499, 12.16173346626529, 9.694902742363752, 7.228264018462137, 4.761817294828372, 2.2955625719265185, 0.0, 0.0, 0.0, 0.0, 0.0, 0.0, 0.0, 0.0, 0.6531033502540932, 3.1192287846856104, 77.40624141283247, 175.350328894616, 205.6261613280089, 259.9710408414428, 230.8492216274854, 222.26843736656673, 95.13637019159684, 123.52557177851737, 160.05678843144042, 166.95492937357622, 158.06088447601059, 148.36521313049224, 134.00537560655934, 178.50233695136495, 151.33145387025948, 187.34785483420112, 153.35823863550098, 165.8612446431405]","[300.28200006484985, 1.3329999446868896, 300.42399978637695, 44.132999897003174, 33.33800005912781, 28.062000036239624, 34.40700006484985, 28.44099998474121, 28.266000032424927, 26.48300004005432, 28.960000038146973, 28.605000019073486, 34.912999868392944, 52.07100009918213, 33.473999977111816, 26.460000038146973, 2.316999912261963, 1.6380000114440918, 1.7049999237060547, 1.694000005722046, 1.816999912261963, 1.7430000305175781, 1.9549999237060547, 2.067000150680542, 2.052999973297119, 1.804999828338623, 1.8340001106262207, 2.1110000610351562, 300.40199995040894, 1.9470000267028809, 35.40999984741211, 1.7380001544952393, 28.528000116348267, 28.074000120162964, 32.48099994659424, 28.807000160217285, 26.733999967575073, 25.24399995803833, 27.08899998664856, 27.234999895095825, 25.646000146865845, 26.183000087738037, 27.453999996185303, 25.5770001411438, 25.35199999809265, 0.45399999618530273, 0.28600001335144043, 0.11700010299682617]",,,2883.6875,0.0,1767.375,1068.25,2.9375,36.39893750846386,0.000435042353352856,0.0013262338265683858,2.4375,2.0,,,,,,formal/selected_119_operable_20.json,operable_perfect_global_and_rolling_mpc3_subset,28,perfect_global_certified_and_rolling_mpc3_completed,rolling_mpc3,,"[9, 2, 9, 2, 2, 2, 2, 2, 2, 2, 2, 2, 2, 2, 2, 2, 2, 2, 2, 2, 2, 2, 2, 2, 2, 2, 2, 2, 9, 2, 2, 2, 2, 2, 2, 2, 2, 2, 2, 2, 2, 2, 2, 2, 2, 2, 2, 2]","[10, 2, 5, 3, 3, 2, 7, 2, 2, 2, 2, 2, 4, 7, 2, 3, 2, 2, 2, 2, 2, 2, 2, 2, 3, 2, 2, 2, 5, 2, 2, 2, 3, 2, 10, 2, 2, 5, 2, 2, 2, 2, 2, 2, 2, 2, 2, 2]",False,0,[],"[0, 0, 0, 0, 0, 0, 0, 0, 0, 0, 0, 0, 0, 0, 0, 0, 0, 0, 0, 0, 0, 0, 0, 0, 0, 0, 0, 0, 0, 0, 0, 0, 0, 0, 0, 0, 0, 0, 0, 0, 0, 0, 0, 0, 0, 0, 0, 0]",False,0,0.0,"[0, 0, 0, 0, 0, 0, 0, 0, 0, 0, 0, 0, 0, 0, 0, 0, 0, 0, 0, 0, 0, 0, 0, 0, 0, 0, 0, 0, 0, 0, 0, 0, 0, 0, 0, 0, 0, 0, 0, 0, 0, 0, 0, 0, 0, 0, 0, 0]","[0.0, 0.0, 0.0, 0.0, 0.0, 0.0, 0.0, 0.0, 0.0, 0.0, 0.0, 0.0, 0.0, 0.0, 0.0, 0.0, 0.0, 0.0, 0.0, 0.0, 0.0, 0.0, 0.0, 0.0, 0.0, 0.0, 0.0, 0.0, 0.0, 0.0, 0.0, 0.0, 0.0, 0.0, 0.0, 0.0, 0.0, 0.0, 0.0, 0.0, 0.0, 0.0, 0.0, 0.0, 0.0, 0.0, 0.0, 0.0]",45,3
119,Perfect-Global,829,test_id,id_actual,perfect_full_horizon,48,,,,,,7.349999904632568,7.349999904632568,7.349999904632568,1,0,False,solver_failure,200829,perfect_global_clean,48,0,True,full_day_optimization_objective,nan,nan,nan,nan,nan,nan,[],[],False,3,46850,0,28850,17472,48,7.349999904632568,nan,nan,3,0,"method=Perfect-Global, scenario=829, actual_case=id_actual: Gurobi produced no solution: status=3, sol_count=0",perfect_global_119,20,29,completed_and_certified_full_day_hard_opf,,operable_screening_candidate,29,perfect_global_certified_and_rolling_mpc3_completed,perfect_global,,,,,,,,,,,,,,
119,Perfect-Global,830,test_id,id_actual,perfect_full_horizon,48,,1948.318749567893,1948.318749567893,0.0,,56.41599988937378,1.1753333310286205,56.41599988937378,0,0,True,,200830,perfect_global_clean,48,48,True,full_day_optimization_objective,0.9999997417603351,0.9999997415888686,0.12500011871816616,0.12500011812807132,0.12500011730554914,0.12500011785626614,"[2.4660597811522176, 4.932301723149489, 7.398735920183358, 9.86535482823235, 12.33213971148307, 12.332252051905463, 12.332256807913936, 12.332256758784524, 12.332256809524427, 12.332252259245836, 12.332252134013723, 12.332252045282184, 50.36662943987783, 12.33225705004848, 10.92864664906686, 8.461954899367402, 5.995433620024927, 3.529097171311583, 1.0629670243109466, 2.8607466378858807e-05, 2.8606520005629987e-05, 2.8606522239214954e-05, 2.8606166352145106e-05, 2.8606537592130612e-05, 2.860663115356336e-05, 2.86071156643955e-05, 1.0825544643803513, 3.548686140405504, 6.015024117281873, 8.481558861051592, 10.948287988044338, 12.332318326964513, 12.332318482041465, 90.46245016044398, 177.58658379927166, 178.91840036336043, 101.13156138006738, 106.2852649043998, 110.77372712899941, 107.29704027038083, 100.89278054309173, 99.27896383273716, 103.7349812065847, 106.63863975239367, 93.29328872309283, 96.93032500249052, 93.82509911758838, 110.5313380709828]","[1.1753333310286205, 1.1753333310286205, 1.1753333310286205, 1.1753333310286205, 1.1753333310286205, 1.1753333310286205, 1.1753333310286205, 1.1753333310286205, 1.1753333310286205, 1.1753333310286205, 1.1753333310286205, 1.1753333310286205, 1.1753333310286205, 1.1753333310286205, 1.1753333310286205, 1.1753333310286205, 1.1753333310286205, 1.1753333310286205, 1.1753333310286205, 1.1753333310286205, 1.1753333310286205, 1.1753333310286205, 1.1753333310286205, 1.1753333310286205, 1.1753333310286205, 1.1753333310286205, 1.1753333310286205, 1.1753333310286205, 1.1753333310286205, 1.1753333310286205, 1.1753333310286205, 1.1753333310286205, 1.1753333310286205, 1.1753333310286205, 1.1753333310286205, 1.1753333310286205, 1.1753333310286205, 1.1753333310286205, 1.1753333310286205, 1.1753333310286205, 1.1753333310286205, 1.1753333310286205, 1.1753333310286205, 1.1753333310286205, 1.1753333310286205, 1.1753333310286205, 1.1753333310286205, 1.1753333310286205]",True,2,46850,0,28850,17472,48,56.41599988937378,0.0006737684088863224,0.0006737684088863224,2,2,,perfect_global_119,20,30,completed_and_certified_full_day_hard_opf,formal/selected_119_operable_20.json,operable_perfect_global_and_rolling_mpc3_subset,30,perfect_global_certified_and_rolling_mpc3_completed,perfect_global,,,,,,,,,,,,,,
119,MPC-3,830,test_id,id_actual,id_reliable,3,,3337.147911116213,,,,1852.3050003051758,38.589687506357826,300.50999999046326,0,0,True,,200830,pure_mpc_clean,4,48,True,,0.9999997418988812,0.9999997416167408,0.12500011851059153,0.12500011769566277,0.12500011687272505,0.125000117645675,"[0.0, 0.2567974169427557, 0.6870058434765078, 3.1531353321890743, 20.989029666021022, 7.992330055812235, 18.35621697187757, 11.50323096741284, 12.09653476867733, 12.026697002929623, 39.493687704211446, 65.52318525761979, 60.38817414048798, 54.71180115604241, 50.98256114702251, 15.548221932313657, 9.865456000000002, 7.398804, 4.9323440000000005, 2.466076, 0.0, 0.0, 0.0, 0.0, 0.0, 0.0, 0.0, 0.0, 0.0, 1.6518457627399104, 37.47600697902641, 132.43422410378452, 193.19443957332945, 253.54930967334028, 280.38520784174005, 236.08613727891753, 126.34325352692568, 134.424691795253, 176.00523052814677, 156.49197098975176, 144.41514240514607, 145.19576977083497, 157.16292448635957, 160.54986907349945, 139.00850897361298, 147.210864704015, 145.54715956423567, 171.64406472251696]","[1.4279999732971191, 300.50999999046326, 300.3329999446869, 37.23200011253357, 216.81500005722046, 35.598999977111816, 31.808000087738037, 32.30899977684021, 27.909000158309937, 28.288000106811523, 29.64900016784668, 23.45799994468689, 30.61899995803833, 30.246000051498413, 30.919000148773193, 27.503000020980835, 1.9559998512268066, 1.8529999256134033, 2.359999895095825, 1.7360000610351562, 1.7190001010894775, 1.4719998836517334, 1.7830002307891846, 2.0260000228881836, 2.431999921798706, 2.0860002040863037, 1.7619998455047607, 2.433000087738037, 23.88100004196167, 24.0239999294281, 236.5530002117157, 33.194000005722046, 2.0399999618530273, 30.586999893188477, 27.387999773025513, 29.49500012397766, 27.688999891281128, 28.46499991416931, 27.365999937057495, 27.830999851226807, 27.72000002861023, 24.5770001411438, 23.235000133514404, 24.490999937057495, 22.772000074386597, 2.3949999809265137, 0.25300002098083496, 0.10599994659423828]",,,2883.6875,0.0,1767.375,1068.25,2.9375,38.589687506357826,0.0005545119533359495,0.00379196226814049,2.2916666666666665,2.0,,,,,,formal/selected_119_operable_20.json,operable_perfect_global_and_rolling_mpc3_subset,30,perfect_global_certified_and_rolling_mpc3_completed,rolling_mpc3,,"[2, 9, 9, 2, 2, 2, 2, 2, 2, 2, 2, 2, 2, 2, 2, 2, 2, 2, 2, 2, 2, 2, 2, 2, 2, 2, 2, 2, 2, 2, 2, 2, 2, 2, 2, 2, 2, 2, 2, 2, 2, 2, 2, 2, 2, 2, 2, 2]","[2, 10, 3, 4, 3, 3, 2, 2, 2, 2, 2, 6, 5, 2, 3, 2, 2, 2, 3, 2, 2, 2, 2, 2, 2, 3, 2, 2, 3, 2, 4, 2, 2, 3, 2, 2, 2, 2, 3, 2, 2, 2, 3, 2, 2, 2, 2, 2]",False,0,[],"[0, 0, 0, 0, 0, 0, 0, 0, 0, 0, 0, 0, 0, 0, 0, 0, 0, 0, 0, 0, 0, 0, 0, 0, 0, 0, 0, 0, 0, 0, 0, 0, 0, 0, 0, 0, 0, 0, 0, 0, 0, 0, 0, 0, 0, 0, 0, 0]",False,0,0.0,"[0, 0, 0, 0, 0, 0, 0, 0, 0, 0, 0, 0, 0, 0, 0, 0, 0, 0, 0, 0, 0, 0, 0, 0, 0, 0, 0, 0, 0, 0, 0, 0, 0, 0, 0, 0, 0, 0, 0, 0, 0, 0, 0, 0, 0, 0, 0, 0]","[0.0, 0.0, 0.0, 0.0, 0.0, 0.0, 0.0, 0.0, 0.0, 0.0, 0.0, 0.0, 0.0, 0.0, 0.0, 0.0, 0.0, 0.0, 0.0, 0.0, 0.0, 0.0, 0.0, 0.0, 0.0, 0.0, 0.0, 0.0, 0.0, 0.0, 0.0, 0.0, 0.0, 0.0, 0.0, 0.0, 0.0, 0.0, 0.0, 0.0, 0.0, 0.0, 0.0, 0.0, 0.0, 0.0, 0.0, 0.0]",46,2
119,Perfect-Global,831,test_id,id_actual,perfect_full_horizon,48,,1924.847903670752,1924.847903670752,0.0,,1182.5060000419617,24.635541667540867,1182.5060000419617,0,0,True,,200831,perfect_global_clean,48,48,True,full_day_optimization_objective,1.0,1.0,0.12500000000000155,0.12500000000000155,0.12500000000000153,0.12500000000000155,"[15.000682227670051, 4.9323440000000005, 7.398804, 9.865456000000002, 12.332300000000002, 12.332300000000002, 12.332300000000002, 12.332300000000002, 12.332300000000002, 12.332300000000002, 12.332300000000002, 12.332300000000002, 52.266587048437785, 12.332300000000002, 12.332300000000002, 12.04586619127453, 9.579042521932674, 7.112411343567685, 4.645972655988656, 2.1797264590047942, 0.0, 0.0, 0.0, 0.0, 0.0, 0.0, 1.9684774731084715, 4.4347072231314835, 6.90112946373985, 9.367744195124361, 11.834551417666844, 12.332300000000002, 12.332300000000002, 77.09271806834381, 146.12551483837984, 154.80605849663388, 93.21356382246141, 99.63911260762696, 93.24981720268163, 96.69121217001185, 99.09795228733539, 110.45728859658587, 105.78378811627069, 111.9127693803193, 104.02019478865367, 99.22084839466305, 111.91281407898069, 114.10314860115666]","[24.635541667540867, 24.635541667540867, 24.635541667540867, 24.635541667540867, 24.635541667540867, 24.635541667540867, 24.635541667540867, 24.635541667540867, 24.635541667540867, 24.635541667540867, 24.635541667540867, 24.635541667540867, 24.635541667540867, 24.635541667540867, 24.635541667540867, 24.635541667540867, 24.635541667540867, 24.635541667540867, 24.635541667540867, 24.635541667540867, 24.635541667540867, 24.635541667540867, 24.635541667540867, 24.635541667540867, 24.635541667540867, 24.635541667540867, 24.635541667540867, 24.635541667540867, 24.635541667540867, 24.635541667540867, 24.635541667540867, 24.635541667540867, 24.635541667540867, 24.635541667540867, 24.635541667540867, 24.635541667540867, 24.635541667540867, 24.635541667540867, 24.635541667540867, 24.635541667540867, 24.635541667540867, 24.635541667540867, 24.635541667540867, 24.635541667540867, 24.635541667540867, 24.635541667540867, 24.635541667540867, 24.635541667540867]",True,2,46850,0,28850,17472,48,1182.5060000419617,0.0007258041618842715,0.0007258041618842715,2,3,,perfect_global_119,,,,formal/selected_119_operable_20.json,operable_perfect_global_and_rolling_mpc3_subset,31,perfect_global_certified_and_rolling_mpc3_completed,perfect_global,,,,,,,,,,,,,,
119,MPC-3,831,test_id,id_actual,id_reliable,3,,3374.111963884125,,,,1243.5839993953705,25.907999987403553,300.9650001525879,0,0,True,,200831,pure_mpc_clean,4,48,True,,0.999993748972759,0.9999937425411011,0.12500284828847585,0.12500283055629868,0.12500280621189963,0.12500282945707727,"[2.4148958237601454, 0.0, 2.1612699683431718, 4.627511237889758, 7.067765277968696, 9.518960368621658, 17.795786161573744, 9.846289660552388, 11.659444767926862, 15.465738731713934, 55.54268679822936, 72.44509714124398, 63.07101320031057, 63.21204158479864, 37.80340953180542, 12.046010081078789, 9.579188363932992, 7.112558646787116, 4.646120929909089, 2.179875213762977, 0.0, 0.0, 0.0, 0.0, 0.0, 0.0, 0.0, 0.0, 0.0, 57.007993755767224, 86.06644475027696, 141.4798881499692, 177.26658680098058, 227.61444170062518, 243.08694293899705, 212.91968757169482, 105.64178832355857, 123.51432504435147, 138.64840045265277, 146.23651083042913, 150.2322880806907, 161.42718453876375, 164.35488666673842, 170.7625294229116, 157.81104735347185, 145.66135913460624, 172.76128630969572, 183.42270856773501]","[52.9760000705719, 1.6389999389648438, 62.531999826431274, 2.07099986076355, 1.9019999504089355, 32.07800006866455, 30.674000024795532, 28.8989999294281, 22.02899980545044, 28.869999885559082, 31.090999841690063, 28.30399990081787, 25.319000005722046, 29.57200002670288, 39.11400008201599, 43.40400004386902, 2.065000057220459, 1.9300000667572021, 1.9609999656677246, 1.9830000400543213, 2.0189998149871826, 8.05299997329712, 1.815000057220459, 2.0329999923706055, 1.7679998874664307, 1.7470002174377441, 1.6740000247955322, 1.6990001201629639, 80.65599989891052, 300.9650001525879, 1.9859998226165771, 34.17699980735779, 52.698999881744385, 1.9140000343322754, 30.931999921798706, 32.67699980735779, 28.657000064849854, 28.198000192642212, 26.605000019073486, 0.44700002670288086, 28.38100004196167, 27.046000003814697, 25.85199999809265, 26.81000018119812, 25.375999927520752, 0.5590000152587891, 0.2820000648498535, 0.14400005340576172]",,,2883.6875,0.0,1767.375,1068.25,2.9375,25.907999987403553,0.0004380007619683155,0.0010078425946023057,2.1458333333333335,2.0,,,,,,formal/selected_119_operable_20.json,operable_perfect_global_and_rolling_mpc3_subset,31,perfect_global_certified_and_rolling_mpc3_completed,rolling_mpc3,,"[2, 2, 2, 2, 2, 2, 2, 2, 2, 2, 2, 2, 2, 2, 2, 2, 2, 2, 2, 2, 2, 2, 2, 2, 2, 2, 2, 2, 2, 9, 2, 2, 2, 2, 2, 2, 2, 2, 2, 2, 2, 2, 2, 2, 2, 2, 2, 2]","[10, 2, 4, 2, 2, 2, 2, 5, 7, 2, 2, 2, 6, 4, 2, 5, 2, 2, 2, 2, 3, 3, 2, 2, 2, 2, 2, 2, 4, 7, 2, 5, 4, 2, 2, 2, 2, 2, 2, 2, 2, 2, 2, 2, 2, 2, 2, 2]",False,0,[],"[0, 0, 0, 0, 0, 0, 0, 0, 0, 0, 0, 0, 0, 0, 0, 0, 0, 0, 0, 0, 0, 0, 0, 0, 0, 0, 0, 0, 0, 0, 0, 0, 0, 0, 0, 0, 0, 0, 0, 0, 0, 0, 0, 0, 0, 0, 0, 0]",False,0,0.0,"[0, 0, 0, 0, 0, 0, 0, 0, 0, 0, 0, 0, 0, 0, 0, 0, 0, 0, 0, 0, 0, 0, 0, 0, 0, 0, 0, 0, 0, 0, 0, 0, 0, 0, 0, 0, 0, 0, 0, 0, 0, 0, 0, 0, 0, 0, 0, 0]","[0.0, 0.0, 0.0, 0.0, 0.0, 0.0, 0.0, 0.0, 0.0, 0.0, 0.0, 0.0, 0.0, 0.0, 0.0, 0.0, 0.0, 0.0, 0.0, 0.0, 0.0, 0.0, 0.0, 0.0, 0.0, 0.0, 0.0, 0.0, 0.0, 0.0, 0.0, 0.0, 0.0, 0.0, 0.0, 0.0, 0.0, 0.0, 0.0, 0.0, 0.0, 0.0, 0.0, 0.0, 0.0, 0.0, 0.0, 0.0]",47,1
